ISO-10303-21;
HEADER;
/* Generated by software containing ST-Developer
 * from STEP Tools, Inc. (www.steptools.com) 
 */

FILE_DESCRIPTION(
/* description */ (''),
/* implementation_level */ '2;1');

FILE_NAME(
/* name */ 'Cover4.step',
/* time_stamp */ '2026-06-17T08:47:19+03:00',
/* author */ (''),
/* organization */ (''),
/* preprocessor_version */ 'ST-DEVELOPER v20.1',
/* originating_system */ 'Autodesk Translation Framework v15.8.0.0',
/* authorisation */ '');

FILE_SCHEMA (('AUTOMOTIVE_DESIGN { 1 0 10303 214 3 1 1 }'));
ENDSEC;

DATA;
#10=MECHANICAL_DESIGN_GEOMETRIC_PRESENTATION_REPRESENTATION('',(#25,#26,
#27,#28,#29,#30,#31,#32,#33,#34,#35,#36,#37,#38,#39,#40,#41,#42,#43,#44,
#45,#46,#47),#4553);
#11=ITEM_DEFINED_TRANSFORMATION($,$,#2680,#2830);
#12=ITEM_DEFINED_TRANSFORMATION($,$,#2679,#2979);
#13=(
REPRESENTATION_RELATIONSHIP($,$,#4568,#4567)
REPRESENTATION_RELATIONSHIP_WITH_TRANSFORMATION(#11)
SHAPE_REPRESENTATION_RELATIONSHIP()
);
#14=(
REPRESENTATION_RELATIONSHIP($,$,#4567,#4566)
REPRESENTATION_RELATIONSHIP_WITH_TRANSFORMATION(#12)
SHAPE_REPRESENTATION_RELATIONSHIP()
);
#15=CONTEXT_DEPENDENT_SHAPE_REPRESENTATION(#13,#4564);
#16=CONTEXT_DEPENDENT_SHAPE_REPRESENTATION(#14,#4565);
#17=NEXT_ASSEMBLY_USAGE_OCCURRENCE('Cover:1','Cover:1','Cover:1',#4571,
#4572,'Cover:1');
#18=NEXT_ASSEMBLY_USAGE_OCCURRENCE('Cover (1):1','Cover (1):1',
'Cover (1):1',#4570,#4571,'Cover (1):1');
#19=SHAPE_REPRESENTATION_RELATIONSHIP('SRR','None',#4568,#22);
#20=SHAPE_REPRESENTATION_RELATIONSHIP('SRR','None',#4567,#23);
#21=SHAPE_REPRESENTATION_RELATIONSHIP('SRR','None',#4566,#24);
#22=ADVANCED_BREP_SHAPE_REPRESENTATION('',(#48),#4552);
#23=ADVANCED_BREP_SHAPE_REPRESENTATION('',(#49,#50,#51,#52,#53,#54,#55,
#56,#57,#58),#4551);
#24=ADVANCED_BREP_SHAPE_REPRESENTATION('',(#59,#60,#61,#62,#63,#64,#65,
#66,#67,#68,#69,#70),#4550);
#25=STYLED_ITEM('',(#4586),#48);
#26=STYLED_ITEM('',(#4586),#49);
#27=STYLED_ITEM('',(#4586),#50);
#28=STYLED_ITEM('',(#4586),#51);
#29=STYLED_ITEM('',(#4586),#52);
#30=STYLED_ITEM('',(#4586),#53);
#31=STYLED_ITEM('',(#4586),#54);
#32=STYLED_ITEM('',(#4586),#55);
#33=STYLED_ITEM('',(#4586),#56);
#34=STYLED_ITEM('',(#4586),#57);
#35=STYLED_ITEM('',(#4586),#58);
#36=STYLED_ITEM('',(#4585),#59);
#37=STYLED_ITEM('',(#4585),#60);
#38=STYLED_ITEM('',(#4585),#61);
#39=STYLED_ITEM('',(#4585),#62);
#40=STYLED_ITEM('',(#4585),#63);
#41=STYLED_ITEM('',(#4585),#64);
#42=STYLED_ITEM('',(#4585),#65);
#43=STYLED_ITEM('',(#4585),#66);
#44=STYLED_ITEM('',(#4585),#67);
#45=STYLED_ITEM('',(#4585),#68);
#46=STYLED_ITEM('',(#4585),#69);
#47=STYLED_ITEM('',(#4585),#70);
#48=MANIFOLD_SOLID_BREP('Body1',#2643);
#49=MANIFOLD_SOLID_BREP('Body1',#2644);
#50=MANIFOLD_SOLID_BREP('Body2',#2645);
#51=MANIFOLD_SOLID_BREP('Body3',#2646);
#52=MANIFOLD_SOLID_BREP('Body4',#2647);
#53=MANIFOLD_SOLID_BREP('Body5',#2648);
#54=MANIFOLD_SOLID_BREP('Body6',#2649);
#55=MANIFOLD_SOLID_BREP('Body7',#2650);
#56=MANIFOLD_SOLID_BREP('Body8',#2651);
#57=MANIFOLD_SOLID_BREP('Body9',#2652);
#58=MANIFOLD_SOLID_BREP('Body10',#2653);
#59=MANIFOLD_SOLID_BREP('Body19',#2654);
#60=MANIFOLD_SOLID_BREP('Body20',#2655);
#61=MANIFOLD_SOLID_BREP('Body21',#2656);
#62=MANIFOLD_SOLID_BREP('Body22',#2657);
#63=MANIFOLD_SOLID_BREP('Body23',#2658);
#64=MANIFOLD_SOLID_BREP('Body24',#2659);
#65=MANIFOLD_SOLID_BREP('Body25',#2660);
#66=MANIFOLD_SOLID_BREP('Body26',#2661);
#67=MANIFOLD_SOLID_BREP('Body27',#2662);
#68=MANIFOLD_SOLID_BREP('Body28',#2663);
#69=MANIFOLD_SOLID_BREP('Body29',#2664);
#70=MANIFOLD_SOLID_BREP('Body30',#2665);
#71=CYLINDRICAL_SURFACE('',#2694,11.9999999999999);
#72=CYLINDRICAL_SURFACE('',#2697,12.0000000000001);
#73=CYLINDRICAL_SURFACE('',#2700,15.);
#74=CYLINDRICAL_SURFACE('',#2703,15.);
#75=CYLINDRICAL_SURFACE('',#2706,1.59999999999997);
#76=CYLINDRICAL_SURFACE('',#2708,1.6);
#77=CYLINDRICAL_SURFACE('',#2710,1.59999999999999);
#78=CYLINDRICAL_SURFACE('',#2712,1.59999999999997);
#79=CYLINDRICAL_SURFACE('',#2717,12.);
#80=CYLINDRICAL_SURFACE('',#2719,12.0000000000001);
#81=CYLINDRICAL_SURFACE('',#2722,15.);
#82=CYLINDRICAL_SURFACE('',#2725,15.);
#83=CYLINDRICAL_SURFACE('',#2728,1.6);
#84=CYLINDRICAL_SURFACE('',#2731,2.45);
#85=CYLINDRICAL_SURFACE('',#2736,1.60000000000004);
#86=CYLINDRICAL_SURFACE('',#2739,2.44999999999997);
#87=CYLINDRICAL_SURFACE('',#2744,1.6);
#88=CYLINDRICAL_SURFACE('',#2747,2.45000000000001);
#89=CYLINDRICAL_SURFACE('',#2752,1.60000000000004);
#90=CYLINDRICAL_SURFACE('',#2755,2.44999999999997);
#91=CYLINDRICAL_SURFACE('',#2760,1.58746200000003);
#92=CYLINDRICAL_SURFACE('',#2765,1.587462);
#93=CYLINDRICAL_SURFACE('',#2770,1.58746200000003);
#94=CYLINDRICAL_SURFACE('',#2775,1.587462);
#95=CYLINDRICAL_SURFACE('',#2787,2.45);
#96=CYLINDRICAL_SURFACE('',#2789,2.44999999999997);
#97=CYLINDRICAL_SURFACE('',#2792,5.49999999999997);
#98=CYLINDRICAL_SURFACE('',#2795,5.5);
#99=CYLINDRICAL_SURFACE('',#2799,12.);
#100=CYLINDRICAL_SURFACE('',#2802,12.0000000000001);
#101=CYLINDRICAL_SURFACE('',#2813,2.45000000000001);
#102=CYLINDRICAL_SURFACE('',#2815,2.44999999999997);
#103=CYLINDRICAL_SURFACE('',#2818,12.);
#104=CYLINDRICAL_SURFACE('',#2821,6.99999999999996);
#105=CYLINDRICAL_SURFACE('',#2824,6.99999999999996);
#106=CYLINDRICAL_SURFACE('',#2827,12.0000000000001);
#107=CYLINDRICAL_SURFACE('',#2831,1.6);
#108=CYLINDRICAL_SURFACE('',#2834,2.45);
#109=CYLINDRICAL_SURFACE('',#2839,1.60000000000004);
#110=CYLINDRICAL_SURFACE('',#2842,2.44999999999997);
#111=CYLINDRICAL_SURFACE('',#2847,1.6);
#112=CYLINDRICAL_SURFACE('',#2850,2.45000000000001);
#113=CYLINDRICAL_SURFACE('',#2855,1.60000000000004);
#114=CYLINDRICAL_SURFACE('',#2858,2.44999999999997);
#115=CYLINDRICAL_SURFACE('',#2863,1.58746200000003);
#116=CYLINDRICAL_SURFACE('',#2868,1.587462);
#117=CYLINDRICAL_SURFACE('',#2873,1.58746200000003);
#118=CYLINDRICAL_SURFACE('',#2878,1.587462);
#119=CYLINDRICAL_SURFACE('',#2883,2.44999999999997);
#120=CYLINDRICAL_SURFACE('',#2886,2.45);
#121=CYLINDRICAL_SURFACE('',#2890,5.49999999999997);
#122=CYLINDRICAL_SURFACE('',#2894,5.5);
#123=CYLINDRICAL_SURFACE('',#2899,12.);
#124=CYLINDRICAL_SURFACE('',#2903,12.0000000000001);
#125=CYLINDRICAL_SURFACE('',#2909,2.45000000000001);
#126=CYLINDRICAL_SURFACE('',#2912,2.44999999999997);
#127=CYLINDRICAL_SURFACE('',#2916,12.);
#128=CYLINDRICAL_SURFACE('',#2920,6.99999999999996);
#129=CYLINDRICAL_SURFACE('',#2924,6.99999999999996);
#130=CYLINDRICAL_SURFACE('',#2928,12.0000000000001);
#131=CYLINDRICAL_SURFACE('',#2936,1.24999999999999);
#132=CYLINDRICAL_SURFACE('',#2941,1.24999999999999);
#133=CYLINDRICAL_SURFACE('',#2945,1.24999999999999);
#134=CYLINDRICAL_SURFACE('',#2949,1.24999999999999);
#135=CYLINDRICAL_SURFACE('',#2959,1.24999999999998);
#136=CYLINDRICAL_SURFACE('',#2963,1.24999999999998);
#137=CYLINDRICAL_SURFACE('',#2967,1.24999999999998);
#138=FACE_BOUND('',#343,.T.);
#139=FACE_BOUND('',#344,.T.);
#140=FACE_BOUND('',#345,.T.);
#141=FACE_BOUND('',#346,.T.);
#142=FACE_BOUND('',#347,.T.);
#143=FACE_BOUND('',#370,.T.);
#144=FACE_BOUND('',#371,.T.);
#145=FACE_BOUND('',#372,.T.);
#146=FACE_BOUND('',#373,.T.);
#147=FACE_BOUND('',#377,.T.);
#148=FACE_BOUND('',#379,.T.);
#149=FACE_BOUND('',#383,.T.);
#150=FACE_BOUND('',#385,.T.);
#151=FACE_BOUND('',#389,.T.);
#152=FACE_BOUND('',#391,.T.);
#153=FACE_BOUND('',#395,.T.);
#154=FACE_BOUND('',#397,.T.);
#155=FACE_BOUND('',#411,.T.);
#156=FACE_BOUND('',#412,.T.);
#157=FACE_BOUND('',#426,.T.);
#158=FACE_BOUND('',#427,.T.);
#159=FACE_BOUND('',#429,.T.);
#160=FACE_BOUND('',#430,.T.);
#161=FACE_BOUND('',#442,.T.);
#162=FACE_BOUND('',#443,.T.);
#163=FACE_BOUND('',#447,.T.);
#164=FACE_BOUND('',#449,.T.);
#165=FACE_BOUND('',#453,.T.);
#166=FACE_BOUND('',#455,.T.);
#167=FACE_BOUND('',#459,.T.);
#168=FACE_BOUND('',#461,.T.);
#169=FACE_BOUND('',#465,.T.);
#170=FACE_BOUND('',#467,.T.);
#171=FACE_BOUND('',#493,.T.);
#172=FACE_BOUND('',#494,.T.);
#173=FACE_BOUND('',#496,.T.);
#174=FACE_BOUND('',#497,.T.);
#175=FACE_BOUND('',#509,.T.);
#176=FACE_BOUND('',#510,.T.);
#177=FACE_BOUND('',#512,.T.);
#178=FACE_BOUND('',#513,.T.);
#179=FACE_OUTER_BOUND('',#342,.T.);
#180=FACE_OUTER_BOUND('',#348,.T.);
#181=FACE_OUTER_BOUND('',#349,.T.);
#182=FACE_OUTER_BOUND('',#350,.T.);
#183=FACE_OUTER_BOUND('',#351,.T.);
#184=FACE_OUTER_BOUND('',#352,.T.);
#185=FACE_OUTER_BOUND('',#353,.T.);
#186=FACE_OUTER_BOUND('',#354,.T.);
#187=FACE_OUTER_BOUND('',#355,.T.);
#188=FACE_OUTER_BOUND('',#356,.T.);
#189=FACE_OUTER_BOUND('',#357,.T.);
#190=FACE_OUTER_BOUND('',#358,.T.);
#191=FACE_OUTER_BOUND('',#359,.T.);
#192=FACE_OUTER_BOUND('',#360,.T.);
#193=FACE_OUTER_BOUND('',#361,.T.);
#194=FACE_OUTER_BOUND('',#362,.T.);
#195=FACE_OUTER_BOUND('',#363,.T.);
#196=FACE_OUTER_BOUND('',#364,.T.);
#197=FACE_OUTER_BOUND('',#365,.T.);
#198=FACE_OUTER_BOUND('',#366,.T.);
#199=FACE_OUTER_BOUND('',#367,.T.);
#200=FACE_OUTER_BOUND('',#368,.T.);
#201=FACE_OUTER_BOUND('',#369,.T.);
#202=FACE_OUTER_BOUND('',#374,.T.);
#203=FACE_OUTER_BOUND('',#375,.T.);
#204=FACE_OUTER_BOUND('',#376,.T.);
#205=FACE_OUTER_BOUND('',#378,.T.);
#206=FACE_OUTER_BOUND('',#380,.T.);
#207=FACE_OUTER_BOUND('',#381,.T.);
#208=FACE_OUTER_BOUND('',#382,.T.);
#209=FACE_OUTER_BOUND('',#384,.T.);
#210=FACE_OUTER_BOUND('',#386,.T.);
#211=FACE_OUTER_BOUND('',#387,.T.);
#212=FACE_OUTER_BOUND('',#388,.T.);
#213=FACE_OUTER_BOUND('',#390,.T.);
#214=FACE_OUTER_BOUND('',#392,.T.);
#215=FACE_OUTER_BOUND('',#393,.T.);
#216=FACE_OUTER_BOUND('',#394,.T.);
#217=FACE_OUTER_BOUND('',#396,.T.);
#218=FACE_OUTER_BOUND('',#398,.T.);
#219=FACE_OUTER_BOUND('',#399,.T.);
#220=FACE_OUTER_BOUND('',#400,.T.);
#221=FACE_OUTER_BOUND('',#401,.T.);
#222=FACE_OUTER_BOUND('',#402,.T.);
#223=FACE_OUTER_BOUND('',#403,.T.);
#224=FACE_OUTER_BOUND('',#404,.T.);
#225=FACE_OUTER_BOUND('',#405,.T.);
#226=FACE_OUTER_BOUND('',#406,.T.);
#227=FACE_OUTER_BOUND('',#407,.T.);
#228=FACE_OUTER_BOUND('',#408,.T.);
#229=FACE_OUTER_BOUND('',#409,.T.);
#230=FACE_OUTER_BOUND('',#410,.T.);
#231=FACE_OUTER_BOUND('',#413,.T.);
#232=FACE_OUTER_BOUND('',#414,.T.);
#233=FACE_OUTER_BOUND('',#415,.T.);
#234=FACE_OUTER_BOUND('',#416,.T.);
#235=FACE_OUTER_BOUND('',#417,.T.);
#236=FACE_OUTER_BOUND('',#418,.T.);
#237=FACE_OUTER_BOUND('',#419,.T.);
#238=FACE_OUTER_BOUND('',#420,.T.);
#239=FACE_OUTER_BOUND('',#421,.T.);
#240=FACE_OUTER_BOUND('',#422,.T.);
#241=FACE_OUTER_BOUND('',#423,.T.);
#242=FACE_OUTER_BOUND('',#424,.T.);
#243=FACE_OUTER_BOUND('',#425,.T.);
#244=FACE_OUTER_BOUND('',#428,.T.);
#245=FACE_OUTER_BOUND('',#431,.T.);
#246=FACE_OUTER_BOUND('',#432,.T.);
#247=FACE_OUTER_BOUND('',#433,.T.);
#248=FACE_OUTER_BOUND('',#434,.T.);
#249=FACE_OUTER_BOUND('',#435,.T.);
#250=FACE_OUTER_BOUND('',#436,.T.);
#251=FACE_OUTER_BOUND('',#437,.T.);
#252=FACE_OUTER_BOUND('',#438,.T.);
#253=FACE_OUTER_BOUND('',#439,.T.);
#254=FACE_OUTER_BOUND('',#440,.T.);
#255=FACE_OUTER_BOUND('',#441,.T.);
#256=FACE_OUTER_BOUND('',#444,.T.);
#257=FACE_OUTER_BOUND('',#445,.T.);
#258=FACE_OUTER_BOUND('',#446,.T.);
#259=FACE_OUTER_BOUND('',#448,.T.);
#260=FACE_OUTER_BOUND('',#450,.T.);
#261=FACE_OUTER_BOUND('',#451,.T.);
#262=FACE_OUTER_BOUND('',#452,.T.);
#263=FACE_OUTER_BOUND('',#454,.T.);
#264=FACE_OUTER_BOUND('',#456,.T.);
#265=FACE_OUTER_BOUND('',#457,.T.);
#266=FACE_OUTER_BOUND('',#458,.T.);
#267=FACE_OUTER_BOUND('',#460,.T.);
#268=FACE_OUTER_BOUND('',#462,.T.);
#269=FACE_OUTER_BOUND('',#463,.T.);
#270=FACE_OUTER_BOUND('',#464,.T.);
#271=FACE_OUTER_BOUND('',#466,.T.);
#272=FACE_OUTER_BOUND('',#468,.T.);
#273=FACE_OUTER_BOUND('',#469,.T.);
#274=FACE_OUTER_BOUND('',#470,.T.);
#275=FACE_OUTER_BOUND('',#471,.T.);
#276=FACE_OUTER_BOUND('',#472,.T.);
#277=FACE_OUTER_BOUND('',#473,.T.);
#278=FACE_OUTER_BOUND('',#474,.T.);
#279=FACE_OUTER_BOUND('',#475,.T.);
#280=FACE_OUTER_BOUND('',#476,.T.);
#281=FACE_OUTER_BOUND('',#477,.T.);
#282=FACE_OUTER_BOUND('',#478,.T.);
#283=FACE_OUTER_BOUND('',#479,.T.);
#284=FACE_OUTER_BOUND('',#480,.T.);
#285=FACE_OUTER_BOUND('',#481,.T.);
#286=FACE_OUTER_BOUND('',#482,.T.);
#287=FACE_OUTER_BOUND('',#483,.T.);
#288=FACE_OUTER_BOUND('',#484,.T.);
#289=FACE_OUTER_BOUND('',#485,.T.);
#290=FACE_OUTER_BOUND('',#486,.T.);
#291=FACE_OUTER_BOUND('',#487,.T.);
#292=FACE_OUTER_BOUND('',#488,.T.);
#293=FACE_OUTER_BOUND('',#489,.T.);
#294=FACE_OUTER_BOUND('',#490,.T.);
#295=FACE_OUTER_BOUND('',#491,.T.);
#296=FACE_OUTER_BOUND('',#492,.T.);
#297=FACE_OUTER_BOUND('',#495,.T.);
#298=FACE_OUTER_BOUND('',#498,.T.);
#299=FACE_OUTER_BOUND('',#499,.T.);
#300=FACE_OUTER_BOUND('',#500,.T.);
#301=FACE_OUTER_BOUND('',#501,.T.);
#302=FACE_OUTER_BOUND('',#502,.T.);
#303=FACE_OUTER_BOUND('',#503,.T.);
#304=FACE_OUTER_BOUND('',#504,.T.);
#305=FACE_OUTER_BOUND('',#505,.T.);
#306=FACE_OUTER_BOUND('',#506,.T.);
#307=FACE_OUTER_BOUND('',#507,.T.);
#308=FACE_OUTER_BOUND('',#508,.T.);
#309=FACE_OUTER_BOUND('',#511,.T.);
#310=FACE_OUTER_BOUND('',#514,.T.);
#311=FACE_OUTER_BOUND('',#515,.T.);
#312=FACE_OUTER_BOUND('',#516,.T.);
#313=FACE_OUTER_BOUND('',#517,.T.);
#314=FACE_OUTER_BOUND('',#518,.T.);
#315=FACE_OUTER_BOUND('',#519,.T.);
#316=FACE_OUTER_BOUND('',#520,.T.);
#317=FACE_OUTER_BOUND('',#521,.T.);
#318=FACE_OUTER_BOUND('',#522,.T.);
#319=FACE_OUTER_BOUND('',#523,.T.);
#320=FACE_OUTER_BOUND('',#524,.T.);
#321=FACE_OUTER_BOUND('',#525,.T.);
#322=FACE_OUTER_BOUND('',#526,.T.);
#323=FACE_OUTER_BOUND('',#527,.T.);
#324=FACE_OUTER_BOUND('',#528,.T.);
#325=FACE_OUTER_BOUND('',#529,.T.);
#326=FACE_OUTER_BOUND('',#530,.T.);
#327=FACE_OUTER_BOUND('',#531,.T.);
#328=FACE_OUTER_BOUND('',#532,.T.);
#329=FACE_OUTER_BOUND('',#533,.T.);
#330=FACE_OUTER_BOUND('',#534,.T.);
#331=FACE_OUTER_BOUND('',#535,.T.);
#332=FACE_OUTER_BOUND('',#536,.T.);
#333=FACE_OUTER_BOUND('',#537,.T.);
#334=FACE_OUTER_BOUND('',#538,.T.);
#335=FACE_OUTER_BOUND('',#539,.T.);
#336=FACE_OUTER_BOUND('',#540,.T.);
#337=FACE_OUTER_BOUND('',#541,.T.);
#338=FACE_OUTER_BOUND('',#542,.T.);
#339=FACE_OUTER_BOUND('',#543,.T.);
#340=FACE_OUTER_BOUND('',#544,.T.);
#341=FACE_OUTER_BOUND('',#545,.T.);
#342=EDGE_LOOP('',(#1688,#1689,#1690,#1691,#1692,#1693,#1694,#1695));
#343=EDGE_LOOP('',(#1696,#1697,#1698,#1699,#1700,#1701,#1702,#1703));
#344=EDGE_LOOP('',(#1704));
#345=EDGE_LOOP('',(#1705));
#346=EDGE_LOOP('',(#1706));
#347=EDGE_LOOP('',(#1707));
#348=EDGE_LOOP('',(#1708,#1709,#1710,#1711));
#349=EDGE_LOOP('',(#1712,#1713,#1714,#1715));
#350=EDGE_LOOP('',(#1716,#1717,#1718,#1719));
#351=EDGE_LOOP('',(#1720,#1721,#1722,#1723));
#352=EDGE_LOOP('',(#1724,#1725,#1726,#1727));
#353=EDGE_LOOP('',(#1728,#1729,#1730,#1731));
#354=EDGE_LOOP('',(#1732,#1733,#1734,#1735));
#355=EDGE_LOOP('',(#1736,#1737,#1738,#1739));
#356=EDGE_LOOP('',(#1740,#1741,#1742,#1743));
#357=EDGE_LOOP('',(#1744,#1745,#1746,#1747));
#358=EDGE_LOOP('',(#1748,#1749,#1750,#1751));
#359=EDGE_LOOP('',(#1752,#1753,#1754,#1755));
#360=EDGE_LOOP('',(#1756,#1757,#1758,#1759,#1760,#1761,#1762,#1763));
#361=EDGE_LOOP('',(#1764,#1765,#1766,#1767));
#362=EDGE_LOOP('',(#1768,#1769,#1770,#1771));
#363=EDGE_LOOP('',(#1772,#1773,#1774,#1775));
#364=EDGE_LOOP('',(#1776,#1777,#1778,#1779));
#365=EDGE_LOOP('',(#1780,#1781,#1782,#1783));
#366=EDGE_LOOP('',(#1784,#1785,#1786,#1787));
#367=EDGE_LOOP('',(#1788,#1789,#1790,#1791));
#368=EDGE_LOOP('',(#1792,#1793,#1794,#1795));
#369=EDGE_LOOP('',(#1796,#1797,#1798,#1799,#1800,#1801,#1802,#1803));
#370=EDGE_LOOP('',(#1804));
#371=EDGE_LOOP('',(#1805));
#372=EDGE_LOOP('',(#1806));
#373=EDGE_LOOP('',(#1807));
#374=EDGE_LOOP('',(#1808,#1809,#1810,#1811));
#375=EDGE_LOOP('',(#1812,#1813,#1814,#1815));
#376=EDGE_LOOP('',(#1816));
#377=EDGE_LOOP('',(#1817));
#378=EDGE_LOOP('',(#1818));
#379=EDGE_LOOP('',(#1819));
#380=EDGE_LOOP('',(#1820,#1821,#1822,#1823));
#381=EDGE_LOOP('',(#1824,#1825,#1826,#1827));
#382=EDGE_LOOP('',(#1828));
#383=EDGE_LOOP('',(#1829));
#384=EDGE_LOOP('',(#1830));
#385=EDGE_LOOP('',(#1831));
#386=EDGE_LOOP('',(#1832,#1833,#1834,#1835));
#387=EDGE_LOOP('',(#1836,#1837,#1838,#1839));
#388=EDGE_LOOP('',(#1840));
#389=EDGE_LOOP('',(#1841));
#390=EDGE_LOOP('',(#1842));
#391=EDGE_LOOP('',(#1843));
#392=EDGE_LOOP('',(#1844,#1845,#1846,#1847));
#393=EDGE_LOOP('',(#1848,#1849,#1850,#1851));
#394=EDGE_LOOP('',(#1852));
#395=EDGE_LOOP('',(#1853));
#396=EDGE_LOOP('',(#1854));
#397=EDGE_LOOP('',(#1855));
#398=EDGE_LOOP('',(#1856,#1857,#1858,#1859));
#399=EDGE_LOOP('',(#1860));
#400=EDGE_LOOP('',(#1861));
#401=EDGE_LOOP('',(#1862,#1863,#1864,#1865));
#402=EDGE_LOOP('',(#1866));
#403=EDGE_LOOP('',(#1867));
#404=EDGE_LOOP('',(#1868,#1869,#1870,#1871));
#405=EDGE_LOOP('',(#1872));
#406=EDGE_LOOP('',(#1873));
#407=EDGE_LOOP('',(#1874,#1875,#1876,#1877));
#408=EDGE_LOOP('',(#1878));
#409=EDGE_LOOP('',(#1879));
#410=EDGE_LOOP('',(#1880,#1881,#1882,#1883,#1884,#1885,#1886,#1887,#1888,
#1889));
#411=EDGE_LOOP('',(#1890));
#412=EDGE_LOOP('',(#1891));
#413=EDGE_LOOP('',(#1892,#1893,#1894,#1895));
#414=EDGE_LOOP('',(#1896,#1897,#1898,#1899));
#415=EDGE_LOOP('',(#1900,#1901,#1902,#1903));
#416=EDGE_LOOP('',(#1904,#1905,#1906,#1907));
#417=EDGE_LOOP('',(#1908,#1909,#1910,#1911));
#418=EDGE_LOOP('',(#1912,#1913,#1914,#1915));
#419=EDGE_LOOP('',(#1916,#1917,#1918,#1919));
#420=EDGE_LOOP('',(#1920,#1921,#1922,#1923));
#421=EDGE_LOOP('',(#1924,#1925,#1926,#1927));
#422=EDGE_LOOP('',(#1928,#1929,#1930,#1931));
#423=EDGE_LOOP('',(#1932,#1933,#1934,#1935));
#424=EDGE_LOOP('',(#1936,#1937,#1938,#1939));
#425=EDGE_LOOP('',(#1940,#1941,#1942,#1943,#1944,#1945,#1946,#1947,#1948,
#1949));
#426=EDGE_LOOP('',(#1950));
#427=EDGE_LOOP('',(#1951));
#428=EDGE_LOOP('',(#1952,#1953,#1954,#1955,#1956,#1957,#1958,#1959));
#429=EDGE_LOOP('',(#1960));
#430=EDGE_LOOP('',(#1961));
#431=EDGE_LOOP('',(#1962,#1963,#1964,#1965));
#432=EDGE_LOOP('',(#1966,#1967,#1968,#1969));
#433=EDGE_LOOP('',(#1970,#1971,#1972,#1973));
#434=EDGE_LOOP('',(#1974,#1975,#1976,#1977));
#435=EDGE_LOOP('',(#1978,#1979,#1980,#1981));
#436=EDGE_LOOP('',(#1982,#1983,#1984,#1985));
#437=EDGE_LOOP('',(#1986,#1987,#1988,#1989));
#438=EDGE_LOOP('',(#1990,#1991,#1992,#1993));
#439=EDGE_LOOP('',(#1994,#1995,#1996,#1997));
#440=EDGE_LOOP('',(#1998,#1999,#2000,#2001));
#441=EDGE_LOOP('',(#2002,#2003,#2004,#2005,#2006,#2007,#2008,#2009));
#442=EDGE_LOOP('',(#2010));
#443=EDGE_LOOP('',(#2011));
#444=EDGE_LOOP('',(#2012,#2013,#2014,#2015));
#445=EDGE_LOOP('',(#2016,#2017,#2018,#2019));
#446=EDGE_LOOP('',(#2020));
#447=EDGE_LOOP('',(#2021));
#448=EDGE_LOOP('',(#2022));
#449=EDGE_LOOP('',(#2023));
#450=EDGE_LOOP('',(#2024,#2025,#2026,#2027));
#451=EDGE_LOOP('',(#2028,#2029,#2030,#2031));
#452=EDGE_LOOP('',(#2032));
#453=EDGE_LOOP('',(#2033));
#454=EDGE_LOOP('',(#2034));
#455=EDGE_LOOP('',(#2035));
#456=EDGE_LOOP('',(#2036,#2037,#2038,#2039));
#457=EDGE_LOOP('',(#2040,#2041,#2042,#2043));
#458=EDGE_LOOP('',(#2044));
#459=EDGE_LOOP('',(#2045));
#460=EDGE_LOOP('',(#2046));
#461=EDGE_LOOP('',(#2047));
#462=EDGE_LOOP('',(#2048,#2049,#2050,#2051));
#463=EDGE_LOOP('',(#2052,#2053,#2054,#2055));
#464=EDGE_LOOP('',(#2056));
#465=EDGE_LOOP('',(#2057));
#466=EDGE_LOOP('',(#2058));
#467=EDGE_LOOP('',(#2059));
#468=EDGE_LOOP('',(#2060,#2061,#2062,#2063));
#469=EDGE_LOOP('',(#2064));
#470=EDGE_LOOP('',(#2065));
#471=EDGE_LOOP('',(#2066,#2067,#2068,#2069));
#472=EDGE_LOOP('',(#2070));
#473=EDGE_LOOP('',(#2071));
#474=EDGE_LOOP('',(#2072,#2073,#2074,#2075));
#475=EDGE_LOOP('',(#2076));
#476=EDGE_LOOP('',(#2077));
#477=EDGE_LOOP('',(#2078,#2079,#2080,#2081));
#478=EDGE_LOOP('',(#2082));
#479=EDGE_LOOP('',(#2083));
#480=EDGE_LOOP('',(#2084,#2085,#2086,#2087));
#481=EDGE_LOOP('',(#2088,#2089,#2090,#2091));
#482=EDGE_LOOP('',(#2092,#2093,#2094,#2095));
#483=EDGE_LOOP('',(#2096,#2097,#2098,#2099));
#484=EDGE_LOOP('',(#2100,#2101,#2102,#2103));
#485=EDGE_LOOP('',(#2104,#2105,#2106,#2107));
#486=EDGE_LOOP('',(#2108,#2109,#2110,#2111));
#487=EDGE_LOOP('',(#2112,#2113,#2114,#2115));
#488=EDGE_LOOP('',(#2116,#2117,#2118,#2119));
#489=EDGE_LOOP('',(#2120,#2121,#2122,#2123));
#490=EDGE_LOOP('',(#2124,#2125,#2126,#2127));
#491=EDGE_LOOP('',(#2128,#2129,#2130,#2131));
#492=EDGE_LOOP('',(#2132,#2133,#2134,#2135,#2136,#2137,#2138,#2139,#2140,
#2141));
#493=EDGE_LOOP('',(#2142));
#494=EDGE_LOOP('',(#2143));
#495=EDGE_LOOP('',(#2144,#2145,#2146,#2147,#2148,#2149,#2150,#2151,#2152,
#2153));
#496=EDGE_LOOP('',(#2154));
#497=EDGE_LOOP('',(#2155));
#498=EDGE_LOOP('',(#2156,#2157,#2158,#2159));
#499=EDGE_LOOP('',(#2160,#2161,#2162,#2163));
#500=EDGE_LOOP('',(#2164,#2165,#2166,#2167));
#501=EDGE_LOOP('',(#2168,#2169,#2170,#2171));
#502=EDGE_LOOP('',(#2172,#2173,#2174,#2175));
#503=EDGE_LOOP('',(#2176,#2177,#2178,#2179));
#504=EDGE_LOOP('',(#2180,#2181,#2182,#2183));
#505=EDGE_LOOP('',(#2184,#2185,#2186,#2187));
#506=EDGE_LOOP('',(#2188,#2189,#2190,#2191));
#507=EDGE_LOOP('',(#2192,#2193,#2194,#2195));
#508=EDGE_LOOP('',(#2196,#2197,#2198,#2199,#2200,#2201,#2202,#2203));
#509=EDGE_LOOP('',(#2204));
#510=EDGE_LOOP('',(#2205));
#511=EDGE_LOOP('',(#2206,#2207,#2208,#2209,#2210,#2211,#2212,#2213));
#512=EDGE_LOOP('',(#2214));
#513=EDGE_LOOP('',(#2215));
#514=EDGE_LOOP('',(#2216,#2217,#2218,#2219));
#515=EDGE_LOOP('',(#2220,#2221,#2222,#2223));
#516=EDGE_LOOP('',(#2224,#2225,#2226,#2227));
#517=EDGE_LOOP('',(#2228,#2229,#2230,#2231));
#518=EDGE_LOOP('',(#2232,#2233,#2234,#2235));
#519=EDGE_LOOP('',(#2236,#2237,#2238,#2239));
#520=EDGE_LOOP('',(#2240,#2241,#2242,#2243));
#521=EDGE_LOOP('',(#2244,#2245,#2246,#2247));
#522=EDGE_LOOP('',(#2248,#2249,#2250,#2251));
#523=EDGE_LOOP('',(#2252,#2253,#2254,#2255));
#524=EDGE_LOOP('',(#2256,#2257,#2258,#2259));
#525=EDGE_LOOP('',(#2260,#2261,#2262,#2263));
#526=EDGE_LOOP('',(#2264,#2265,#2266,#2267));
#527=EDGE_LOOP('',(#2268,#2269,#2270,#2271));
#528=EDGE_LOOP('',(#2272,#2273,#2274,#2275));
#529=EDGE_LOOP('',(#2276,#2277,#2278,#2279));
#530=EDGE_LOOP('',(#2280,#2281,#2282,#2283));
#531=EDGE_LOOP('',(#2284,#2285,#2286,#2287));
#532=EDGE_LOOP('',(#2288,#2289,#2290,#2291));
#533=EDGE_LOOP('',(#2292,#2293,#2294,#2295));
#534=EDGE_LOOP('',(#2296,#2297,#2298,#2299));
#535=EDGE_LOOP('',(#2300,#2301,#2302,#2303));
#536=EDGE_LOOP('',(#2304,#2305,#2306,#2307));
#537=EDGE_LOOP('',(#2308,#2309,#2310,#2311));
#538=EDGE_LOOP('',(#2312,#2313,#2314,#2315,#2316,#2317,#2318,#2319,#2320,
#2321,#2322,#2323,#2324,#2325,#2326,#2327,#2328,#2329,#2330,#2331,#2332,
#2333,#2334,#2335));
#539=EDGE_LOOP('',(#2336,#2337,#2338,#2339,#2340,#2341,#2342,#2343,#2344,
#2345,#2346,#2347,#2348,#2349,#2350,#2351,#2352,#2353,#2354,#2355,#2356,
#2357,#2358,#2359));
#540=EDGE_LOOP('',(#2360,#2361,#2362,#2363));
#541=EDGE_LOOP('',(#2364,#2365,#2366,#2367));
#542=EDGE_LOOP('',(#2368,#2369,#2370,#2371));
#543=EDGE_LOOP('',(#2372,#2373,#2374,#2375));
#544=EDGE_LOOP('',(#2376,#2377,#2378,#2379));
#545=EDGE_LOOP('',(#2380,#2381,#2382,#2383));
#546=LINE('',#3806,#760);
#547=LINE('',#3810,#761);
#548=LINE('',#3814,#762);
#549=LINE('',#3817,#763);
#550=LINE('',#3822,#764);
#551=LINE('',#3826,#765);
#552=LINE('',#3830,#766);
#553=LINE('',#3833,#767);
#554=LINE('',#3844,#768);
#555=LINE('',#3847,#769);
#556=LINE('',#3850,#770);
#557=LINE('',#3851,#771);
#558=LINE('',#3854,#772);
#559=LINE('',#3858,#773);
#560=LINE('',#3859,#774);
#561=LINE('',#3862,#775);
#562=LINE('',#3865,#776);
#563=LINE('',#3868,#777);
#564=LINE('',#3869,#778);
#565=LINE('',#3872,#779);
#566=LINE('',#3876,#780);
#567=LINE('',#3877,#781);
#568=LINE('',#3881,#782);
#569=LINE('',#3885,#783);
#570=LINE('',#3889,#784);
#571=LINE('',#3893,#785);
#572=LINE('',#3898,#786);
#573=LINE('',#3901,#787);
#574=LINE('',#3903,#788);
#575=LINE('',#3904,#789);
#576=LINE('',#3906,#790);
#577=LINE('',#3911,#791);
#578=LINE('',#3913,#792);
#579=LINE('',#3914,#793);
#580=LINE('',#3917,#794);
#581=LINE('',#3920,#795);
#582=LINE('',#3928,#796);
#583=LINE('',#3934,#797);
#584=LINE('',#3942,#798);
#585=LINE('',#3948,#799);
#586=LINE('',#3956,#800);
#587=LINE('',#3962,#801);
#588=LINE('',#3970,#802);
#589=LINE('',#3976,#803);
#590=LINE('',#3984,#804);
#591=LINE('',#3992,#805);
#592=LINE('',#4000,#806);
#593=LINE('',#4008,#807);
#594=LINE('',#4015,#808);
#595=LINE('',#4019,#809);
#596=LINE('',#4023,#810);
#597=LINE('',#4025,#811);
#598=LINE('',#4029,#812);
#599=LINE('',#4032,#813);
#600=LINE('',#4040,#814);
#601=LINE('',#4044,#815);
#602=LINE('',#4048,#816);
#603=LINE('',#4049,#817);
#604=LINE('',#4050,#818);
#605=LINE('',#4054,#819);
#606=LINE('',#4057,#820);
#607=LINE('',#4058,#821);
#608=LINE('',#4062,#822);
#609=LINE('',#4065,#823);
#610=LINE('',#4066,#824);
#611=LINE('',#4069,#825);
#612=LINE('',#4070,#826);
#613=LINE('',#4074,#827);
#614=LINE('',#4077,#828);
#615=LINE('',#4078,#829);
#616=LINE('',#4082,#830);
#617=LINE('',#4084,#831);
#618=LINE('',#4091,#832);
#619=LINE('',#4095,#833);
#620=LINE('',#4099,#834);
#621=LINE('',#4102,#835);
#622=LINE('',#4110,#836);
#623=LINE('',#4114,#837);
#624=LINE('',#4118,#838);
#625=LINE('',#4119,#839);
#626=LINE('',#4120,#840);
#627=LINE('',#4124,#841);
#628=LINE('',#4127,#842);
#629=LINE('',#4128,#843);
#630=LINE('',#4132,#844);
#631=LINE('',#4135,#845);
#632=LINE('',#4136,#846);
#633=LINE('',#4140,#847);
#634=LINE('',#4143,#848);
#635=LINE('',#4144,#849);
#636=LINE('',#4153,#850);
#637=LINE('',#4159,#851);
#638=LINE('',#4167,#852);
#639=LINE('',#4173,#853);
#640=LINE('',#4181,#854);
#641=LINE('',#4187,#855);
#642=LINE('',#4195,#856);
#643=LINE('',#4201,#857);
#644=LINE('',#4209,#858);
#645=LINE('',#4217,#859);
#646=LINE('',#4225,#860);
#647=LINE('',#4233,#861);
#648=LINE('',#4241,#862);
#649=LINE('',#4247,#863);
#650=LINE('',#4252,#864);
#651=LINE('',#4254,#865);
#652=LINE('',#4256,#866);
#653=LINE('',#4257,#867);
#654=LINE('',#4263,#868);
#655=LINE('',#4266,#869);
#656=LINE('',#4268,#870);
#657=LINE('',#4269,#871);
#658=LINE('',#4275,#872);
#659=LINE('',#4278,#873);
#660=LINE('',#4280,#874);
#661=LINE('',#4281,#875);
#662=LINE('',#4284,#876);
#663=LINE('',#4286,#877);
#664=LINE('',#4287,#878);
#665=LINE('',#4293,#879);
#666=LINE('',#4296,#880);
#667=LINE('',#4298,#881);
#668=LINE('',#4299,#882);
#669=LINE('',#4305,#883);
#670=LINE('',#4307,#884);
#671=LINE('',#4308,#885);
#672=LINE('',#4315,#886);
#673=LINE('',#4321,#887);
#674=LINE('',#4326,#888);
#675=LINE('',#4328,#889);
#676=LINE('',#4330,#890);
#677=LINE('',#4331,#891);
#678=LINE('',#4337,#892);
#679=LINE('',#4340,#893);
#680=LINE('',#4342,#894);
#681=LINE('',#4343,#895);
#682=LINE('',#4349,#896);
#683=LINE('',#4352,#897);
#684=LINE('',#4354,#898);
#685=LINE('',#4355,#899);
#686=LINE('',#4361,#900);
#687=LINE('',#4364,#901);
#688=LINE('',#4366,#902);
#689=LINE('',#4367,#903);
#690=LINE('',#4376,#904);
#691=LINE('',#4378,#905);
#692=LINE('',#4380,#906);
#693=LINE('',#4381,#907);
#694=LINE('',#4384,#908);
#695=LINE('',#4386,#909);
#696=LINE('',#4387,#910);
#697=LINE('',#4390,#911);
#698=LINE('',#4392,#912);
#699=LINE('',#4393,#913);
#700=LINE('',#4399,#914);
#701=LINE('',#4402,#915);
#702=LINE('',#4404,#916);
#703=LINE('',#4405,#917);
#704=LINE('',#4408,#918);
#705=LINE('',#4410,#919);
#706=LINE('',#4411,#920);
#707=LINE('',#4417,#921);
#708=LINE('',#4420,#922);
#709=LINE('',#4422,#923);
#710=LINE('',#4423,#924);
#711=LINE('',#4429,#925);
#712=LINE('',#4432,#926);
#713=LINE('',#4434,#927);
#714=LINE('',#4435,#928);
#715=LINE('',#4441,#929);
#716=LINE('',#4444,#930);
#717=LINE('',#4446,#931);
#718=LINE('',#4447,#932);
#719=LINE('',#4450,#933);
#720=LINE('',#4452,#934);
#721=LINE('',#4453,#935);
#722=LINE('',#4456,#936);
#723=LINE('',#4458,#937);
#724=LINE('',#4459,#938);
#725=LINE('',#4462,#939);
#726=LINE('',#4464,#940);
#727=LINE('',#4465,#941);
#728=LINE('',#4468,#942);
#729=LINE('',#4470,#943);
#730=LINE('',#4471,#944);
#731=LINE('',#4474,#945);
#732=LINE('',#4476,#946);
#733=LINE('',#4477,#947);
#734=LINE('',#4480,#948);
#735=LINE('',#4482,#949);
#736=LINE('',#4483,#950);
#737=LINE('',#4489,#951);
#738=LINE('',#4492,#952);
#739=LINE('',#4494,#953);
#740=LINE('',#4495,#954);
#741=LINE('',#4501,#955);
#742=LINE('',#4504,#956);
#743=LINE('',#4506,#957);
#744=LINE('',#4507,#958);
#745=LINE('',#4513,#959);
#746=LINE('',#4515,#960);
#747=LINE('',#4516,#961);
#748=LINE('',#4522,#962);
#749=LINE('',#4524,#963);
#750=LINE('',#4526,#964);
#751=LINE('',#4527,#965);
#752=LINE('',#4530,#966);
#753=LINE('',#4532,#967);
#754=LINE('',#4533,#968);
#755=LINE('',#4536,#969);
#756=LINE('',#4538,#970);
#757=LINE('',#4539,#971);
#758=LINE('',#4541,#972);
#759=LINE('',#4542,#973);
#760=VECTOR('',#2990,10.);
#761=VECTOR('',#2993,10.);
#762=VECTOR('',#2996,10.);
#763=VECTOR('',#2999,10.);
#764=VECTOR('',#3002,10.);
#765=VECTOR('',#3005,10.);
#766=VECTOR('',#3008,10.);
#767=VECTOR('',#3011,10.);
#768=VECTOR('',#3022,10.);
#769=VECTOR('',#3025,10.);
#770=VECTOR('',#3028,10.);
#771=VECTOR('',#3029,10.);
#772=VECTOR('',#3032,10.);
#773=VECTOR('',#3037,10.);
#774=VECTOR('',#3038,10.);
#775=VECTOR('',#3041,10.);
#776=VECTOR('',#3044,10.);
#777=VECTOR('',#3047,10.);
#778=VECTOR('',#3048,10.);
#779=VECTOR('',#3051,10.);
#780=VECTOR('',#3056,10.);
#781=VECTOR('',#3057,10.);
#782=VECTOR('',#3062,1.59999999999997);
#783=VECTOR('',#3067,1.6);
#784=VECTOR('',#3072,1.59999999999999);
#785=VECTOR('',#3077,1.59999999999997);
#786=VECTOR('',#3082,10.);
#787=VECTOR('',#3085,10.);
#788=VECTOR('',#3088,10.);
#789=VECTOR('',#3089,10.);
#790=VECTOR('',#3092,10.);
#791=VECTOR('',#3099,10.);
#792=VECTOR('',#3100,10.);
#793=VECTOR('',#3101,10.);
#794=VECTOR('',#3104,10.);
#795=VECTOR('',#3109,10.);
#796=VECTOR('',#3120,1.6);
#797=VECTOR('',#3127,2.45);
#798=VECTOR('',#3138,1.60000000000004);
#799=VECTOR('',#3145,2.44999999999997);
#800=VECTOR('',#3156,1.6);
#801=VECTOR('',#3163,2.45000000000001);
#802=VECTOR('',#3174,1.60000000000004);
#803=VECTOR('',#3181,2.44999999999997);
#804=VECTOR('',#3192,1.58746200000003);
#805=VECTOR('',#3203,1.587462);
#806=VECTOR('',#3214,1.58746200000003);
#807=VECTOR('',#3225,1.587462);
#808=VECTOR('',#3234,10.);
#809=VECTOR('',#3237,10.);
#810=VECTOR('',#3240,10.);
#811=VECTOR('',#3241,10.);
#812=VECTOR('',#3244,10.);
#813=VECTOR('',#3247,10.);
#814=VECTOR('',#3256,2.45);
#815=VECTOR('',#3261,2.44999999999997);
#816=VECTOR('',#3264,10.);
#817=VECTOR('',#3265,10.);
#818=VECTOR('',#3266,10.);
#819=VECTOR('',#3271,10.);
#820=VECTOR('',#3274,10.);
#821=VECTOR('',#3275,10.);
#822=VECTOR('',#3280,10.);
#823=VECTOR('',#3283,10.);
#824=VECTOR('',#3284,10.);
#825=VECTOR('',#3287,10.);
#826=VECTOR('',#3288,10.);
#827=VECTOR('',#3293,10.);
#828=VECTOR('',#3296,10.);
#829=VECTOR('',#3297,10.);
#830=VECTOR('',#3302,10.);
#831=VECTOR('',#3305,10.);
#832=VECTOR('',#3312,10.);
#833=VECTOR('',#3315,10.);
#834=VECTOR('',#3318,10.);
#835=VECTOR('',#3321,10.);
#836=VECTOR('',#3330,2.45000000000001);
#837=VECTOR('',#3335,2.44999999999997);
#838=VECTOR('',#3338,10.);
#839=VECTOR('',#3339,10.);
#840=VECTOR('',#3340,10.);
#841=VECTOR('',#3345,10.);
#842=VECTOR('',#3348,10.);
#843=VECTOR('',#3349,10.);
#844=VECTOR('',#3354,10.);
#845=VECTOR('',#3357,10.);
#846=VECTOR('',#3358,10.);
#847=VECTOR('',#3363,10.);
#848=VECTOR('',#3366,10.);
#849=VECTOR('',#3367,10.);
#850=VECTOR('',#3380,1.6);
#851=VECTOR('',#3387,2.45);
#852=VECTOR('',#3398,1.60000000000004);
#853=VECTOR('',#3405,2.44999999999997);
#854=VECTOR('',#3416,1.6);
#855=VECTOR('',#3423,2.45000000000001);
#856=VECTOR('',#3434,1.60000000000004);
#857=VECTOR('',#3441,2.44999999999997);
#858=VECTOR('',#3452,1.58746200000003);
#859=VECTOR('',#3463,1.587462);
#860=VECTOR('',#3474,1.58746200000003);
#861=VECTOR('',#3485,1.587462);
#862=VECTOR('',#3496,2.44999999999997);
#863=VECTOR('',#3503,2.45);
#864=VECTOR('',#3508,10.);
#865=VECTOR('',#3509,10.);
#866=VECTOR('',#3510,10.);
#867=VECTOR('',#3511,10.);
#868=VECTOR('',#3518,10.);
#869=VECTOR('',#3521,10.);
#870=VECTOR('',#3522,10.);
#871=VECTOR('',#3523,10.);
#872=VECTOR('',#3530,10.);
#873=VECTOR('',#3533,10.);
#874=VECTOR('',#3534,10.);
#875=VECTOR('',#3535,10.);
#876=VECTOR('',#3538,10.);
#877=VECTOR('',#3539,10.);
#878=VECTOR('',#3540,10.);
#879=VECTOR('',#3547,10.);
#880=VECTOR('',#3550,10.);
#881=VECTOR('',#3551,10.);
#882=VECTOR('',#3552,10.);
#883=VECTOR('',#3559,10.);
#884=VECTOR('',#3562,10.);
#885=VECTOR('',#3563,10.);
#886=VECTOR('',#3572,2.45000000000001);
#887=VECTOR('',#3579,2.44999999999997);
#888=VECTOR('',#3584,10.);
#889=VECTOR('',#3585,10.);
#890=VECTOR('',#3586,10.);
#891=VECTOR('',#3587,10.);
#892=VECTOR('',#3594,10.);
#893=VECTOR('',#3597,10.);
#894=VECTOR('',#3598,10.);
#895=VECTOR('',#3599,10.);
#896=VECTOR('',#3606,10.);
#897=VECTOR('',#3609,10.);
#898=VECTOR('',#3610,10.);
#899=VECTOR('',#3611,10.);
#900=VECTOR('',#3618,10.);
#901=VECTOR('',#3621,10.);
#902=VECTOR('',#3622,10.);
#903=VECTOR('',#3623,10.);
#904=VECTOR('',#3636,10.);
#905=VECTOR('',#3637,10.);
#906=VECTOR('',#3638,10.);
#907=VECTOR('',#3639,10.);
#908=VECTOR('',#3642,10.);
#909=VECTOR('',#3643,10.);
#910=VECTOR('',#3644,10.);
#911=VECTOR('',#3647,10.);
#912=VECTOR('',#3648,10.);
#913=VECTOR('',#3649,10.);
#914=VECTOR('',#3656,10.);
#915=VECTOR('',#3659,10.);
#916=VECTOR('',#3660,10.);
#917=VECTOR('',#3661,10.);
#918=VECTOR('',#3664,10.);
#919=VECTOR('',#3665,10.);
#920=VECTOR('',#3666,10.);
#921=VECTOR('',#3673,10.);
#922=VECTOR('',#3676,10.);
#923=VECTOR('',#3677,10.);
#924=VECTOR('',#3678,10.);
#925=VECTOR('',#3685,10.);
#926=VECTOR('',#3688,10.);
#927=VECTOR('',#3689,10.);
#928=VECTOR('',#3690,10.);
#929=VECTOR('',#3697,10.);
#930=VECTOR('',#3700,10.);
#931=VECTOR('',#3701,10.);
#932=VECTOR('',#3702,10.);
#933=VECTOR('',#3705,10.);
#934=VECTOR('',#3706,10.);
#935=VECTOR('',#3707,10.);
#936=VECTOR('',#3710,10.);
#937=VECTOR('',#3711,10.);
#938=VECTOR('',#3712,10.);
#939=VECTOR('',#3715,10.);
#940=VECTOR('',#3716,10.);
#941=VECTOR('',#3717,10.);
#942=VECTOR('',#3720,10.);
#943=VECTOR('',#3721,10.);
#944=VECTOR('',#3722,10.);
#945=VECTOR('',#3725,10.);
#946=VECTOR('',#3726,10.);
#947=VECTOR('',#3727,10.);
#948=VECTOR('',#3730,10.);
#949=VECTOR('',#3731,10.);
#950=VECTOR('',#3732,10.);
#951=VECTOR('',#3739,10.);
#952=VECTOR('',#3742,10.);
#953=VECTOR('',#3743,10.);
#954=VECTOR('',#3744,10.);
#955=VECTOR('',#3751,10.);
#956=VECTOR('',#3754,10.);
#957=VECTOR('',#3755,10.);
#958=VECTOR('',#3756,10.);
#959=VECTOR('',#3763,10.);
#960=VECTOR('',#3766,10.);
#961=VECTOR('',#3767,10.);
#962=VECTOR('',#3774,10.);
#963=VECTOR('',#3775,10.);
#964=VECTOR('',#3776,10.);
#965=VECTOR('',#3777,10.);
#966=VECTOR('',#3780,10.);
#967=VECTOR('',#3781,10.);
#968=VECTOR('',#3782,10.);
#969=VECTOR('',#3785,10.);
#970=VECTOR('',#3786,10.);
#971=VECTOR('',#3787,10.);
#972=VECTOR('',#3790,10.);
#973=VECTOR('',#3791,10.);
#974=CIRCLE('',#2682,15.);
#975=CIRCLE('',#2683,15.);
#976=CIRCLE('',#2684,15.);
#977=CIRCLE('',#2685,15.);
#978=CIRCLE('',#2686,12.0000000000001);
#979=CIRCLE('',#2687,11.9999999999999);
#980=CIRCLE('',#2688,12.);
#981=CIRCLE('',#2689,12.0000000000001);
#982=CIRCLE('',#2690,1.59999999999997);
#983=CIRCLE('',#2691,1.59999999999999);
#984=CIRCLE('',#2692,1.6);
#985=CIRCLE('',#2693,1.59999999999997);
#986=CIRCLE('',#2695,11.9999999999999);
#987=CIRCLE('',#2698,12.0000000000001);
#988=CIRCLE('',#2701,15.);
#989=CIRCLE('',#2704,15.);
#990=CIRCLE('',#2707,1.59999999999997);
#991=CIRCLE('',#2709,1.6);
#992=CIRCLE('',#2711,1.59999999999999);
#993=CIRCLE('',#2713,1.59999999999997);
#994=CIRCLE('',#2715,12.0000000000001);
#995=CIRCLE('',#2716,12.);
#996=CIRCLE('',#2723,15.);
#997=CIRCLE('',#2726,15.);
#998=CIRCLE('',#2729,1.6);
#999=CIRCLE('',#2730,1.6);
#1000=CIRCLE('',#2732,2.45);
#1001=CIRCLE('',#2733,2.45);
#1002=CIRCLE('',#2737,1.60000000000004);
#1003=CIRCLE('',#2738,1.60000000000004);
#1004=CIRCLE('',#2740,2.44999999999997);
#1005=CIRCLE('',#2741,2.44999999999997);
#1006=CIRCLE('',#2745,1.6);
#1007=CIRCLE('',#2746,1.6);
#1008=CIRCLE('',#2748,2.45000000000001);
#1009=CIRCLE('',#2749,2.45000000000001);
#1010=CIRCLE('',#2753,1.60000000000004);
#1011=CIRCLE('',#2754,1.60000000000004);
#1012=CIRCLE('',#2756,2.44999999999997);
#1013=CIRCLE('',#2757,2.44999999999997);
#1014=CIRCLE('',#2761,1.58746200000003);
#1015=CIRCLE('',#2762,1.58746200000003);
#1016=CIRCLE('',#2766,1.587462);
#1017=CIRCLE('',#2767,1.587462);
#1018=CIRCLE('',#2771,1.58746200000003);
#1019=CIRCLE('',#2772,1.58746200000003);
#1020=CIRCLE('',#2776,1.587462);
#1021=CIRCLE('',#2777,1.587462);
#1022=CIRCLE('',#2781,12.0000000000001);
#1023=CIRCLE('',#2782,12.);
#1024=CIRCLE('',#2783,5.5);
#1025=CIRCLE('',#2784,5.49999999999997);
#1026=CIRCLE('',#2785,2.44999999999997);
#1027=CIRCLE('',#2786,2.45);
#1028=CIRCLE('',#2788,2.45);
#1029=CIRCLE('',#2790,2.44999999999997);
#1030=CIRCLE('',#2793,5.49999999999997);
#1031=CIRCLE('',#2796,5.5);
#1032=CIRCLE('',#2800,12.);
#1033=CIRCLE('',#2803,12.0000000000001);
#1034=CIRCLE('',#2807,12.0000000000001);
#1035=CIRCLE('',#2808,6.99999999999996);
#1036=CIRCLE('',#2809,6.99999999999996);
#1037=CIRCLE('',#2810,12.);
#1038=CIRCLE('',#2811,2.44999999999997);
#1039=CIRCLE('',#2812,2.45000000000001);
#1040=CIRCLE('',#2814,2.45000000000001);
#1041=CIRCLE('',#2816,2.44999999999997);
#1042=CIRCLE('',#2819,12.);
#1043=CIRCLE('',#2822,6.99999999999996);
#1044=CIRCLE('',#2825,6.99999999999996);
#1045=CIRCLE('',#2828,12.0000000000001);
#1046=CIRCLE('',#2832,1.6);
#1047=CIRCLE('',#2833,1.6);
#1048=CIRCLE('',#2835,2.45);
#1049=CIRCLE('',#2836,2.45);
#1050=CIRCLE('',#2840,1.60000000000004);
#1051=CIRCLE('',#2841,1.60000000000004);
#1052=CIRCLE('',#2843,2.44999999999997);
#1053=CIRCLE('',#2844,2.44999999999997);
#1054=CIRCLE('',#2848,1.6);
#1055=CIRCLE('',#2849,1.6);
#1056=CIRCLE('',#2851,2.45000000000001);
#1057=CIRCLE('',#2852,2.45000000000001);
#1058=CIRCLE('',#2856,1.60000000000004);
#1059=CIRCLE('',#2857,1.60000000000004);
#1060=CIRCLE('',#2859,2.44999999999997);
#1061=CIRCLE('',#2860,2.44999999999997);
#1062=CIRCLE('',#2864,1.58746200000003);
#1063=CIRCLE('',#2865,1.58746200000003);
#1064=CIRCLE('',#2869,1.587462);
#1065=CIRCLE('',#2870,1.587462);
#1066=CIRCLE('',#2874,1.58746200000003);
#1067=CIRCLE('',#2875,1.58746200000003);
#1068=CIRCLE('',#2879,1.587462);
#1069=CIRCLE('',#2880,1.587462);
#1070=CIRCLE('',#2884,2.44999999999997);
#1071=CIRCLE('',#2885,2.44999999999997);
#1072=CIRCLE('',#2887,2.45);
#1073=CIRCLE('',#2888,2.45);
#1074=CIRCLE('',#2891,5.49999999999997);
#1075=CIRCLE('',#2892,5.49999999999997);
#1076=CIRCLE('',#2895,5.5);
#1077=CIRCLE('',#2896,5.5);
#1078=CIRCLE('',#2900,12.);
#1079=CIRCLE('',#2901,12.);
#1080=CIRCLE('',#2904,12.0000000000001);
#1081=CIRCLE('',#2905,12.0000000000001);
#1082=CIRCLE('',#2910,2.45000000000001);
#1083=CIRCLE('',#2911,2.45000000000001);
#1084=CIRCLE('',#2913,2.44999999999997);
#1085=CIRCLE('',#2914,2.44999999999997);
#1086=CIRCLE('',#2917,12.);
#1087=CIRCLE('',#2918,12.);
#1088=CIRCLE('',#2921,6.99999999999996);
#1089=CIRCLE('',#2922,6.99999999999996);
#1090=CIRCLE('',#2925,6.99999999999996);
#1091=CIRCLE('',#2926,6.99999999999996);
#1092=CIRCLE('',#2929,12.0000000000001);
#1093=CIRCLE('',#2930,12.0000000000001);
#1094=CIRCLE('',#2937,1.24999999999999);
#1095=CIRCLE('',#2938,1.24999999999999);
#1096=CIRCLE('',#2942,1.24999999999999);
#1097=CIRCLE('',#2943,1.24999999999999);
#1098=CIRCLE('',#2946,1.24999999999999);
#1099=CIRCLE('',#2947,1.24999999999999);
#1100=CIRCLE('',#2950,1.24999999999999);
#1101=CIRCLE('',#2951,1.24999999999999);
#1102=CIRCLE('',#2960,1.24999999999998);
#1103=CIRCLE('',#2961,1.24999999999998);
#1104=CIRCLE('',#2964,1.24999999999998);
#1105=CIRCLE('',#2965,1.24999999999998);
#1106=CIRCLE('',#2968,1.24999999999998);
#1107=CIRCLE('',#2969,1.24999999999998);
#1108=VERTEX_POINT('',#3802);
#1109=VERTEX_POINT('',#3803);
#1110=VERTEX_POINT('',#3805);
#1111=VERTEX_POINT('',#3807);
#1112=VERTEX_POINT('',#3809);
#1113=VERTEX_POINT('',#3811);
#1114=VERTEX_POINT('',#3813);
#1115=VERTEX_POINT('',#3815);
#1116=VERTEX_POINT('',#3818);
#1117=VERTEX_POINT('',#3819);
#1118=VERTEX_POINT('',#3821);
#1119=VERTEX_POINT('',#3823);
#1120=VERTEX_POINT('',#3825);
#1121=VERTEX_POINT('',#3827);
#1122=VERTEX_POINT('',#3829);
#1123=VERTEX_POINT('',#3831);
#1124=VERTEX_POINT('',#3834);
#1125=VERTEX_POINT('',#3836);
#1126=VERTEX_POINT('',#3838);
#1127=VERTEX_POINT('',#3840);
#1128=VERTEX_POINT('',#3843);
#1129=VERTEX_POINT('',#3845);
#1130=VERTEX_POINT('',#3849);
#1131=VERTEX_POINT('',#3853);
#1132=VERTEX_POINT('',#3857);
#1133=VERTEX_POINT('',#3861);
#1134=VERTEX_POINT('',#3863);
#1135=VERTEX_POINT('',#3867);
#1136=VERTEX_POINT('',#3871);
#1137=VERTEX_POINT('',#3875);
#1138=VERTEX_POINT('',#3879);
#1139=VERTEX_POINT('',#3883);
#1140=VERTEX_POINT('',#3887);
#1141=VERTEX_POINT('',#3891);
#1142=VERTEX_POINT('',#3895);
#1143=VERTEX_POINT('',#3897);
#1144=VERTEX_POINT('',#3899);
#1145=VERTEX_POINT('',#3910);
#1146=VERTEX_POINT('',#3912);
#1147=VERTEX_POINT('',#3916);
#1148=VERTEX_POINT('',#3925);
#1149=VERTEX_POINT('',#3927);
#1150=VERTEX_POINT('',#3931);
#1151=VERTEX_POINT('',#3933);
#1152=VERTEX_POINT('',#3939);
#1153=VERTEX_POINT('',#3941);
#1154=VERTEX_POINT('',#3945);
#1155=VERTEX_POINT('',#3947);
#1156=VERTEX_POINT('',#3953);
#1157=VERTEX_POINT('',#3955);
#1158=VERTEX_POINT('',#3959);
#1159=VERTEX_POINT('',#3961);
#1160=VERTEX_POINT('',#3967);
#1161=VERTEX_POINT('',#3969);
#1162=VERTEX_POINT('',#3973);
#1163=VERTEX_POINT('',#3975);
#1164=VERTEX_POINT('',#3981);
#1165=VERTEX_POINT('',#3983);
#1166=VERTEX_POINT('',#3989);
#1167=VERTEX_POINT('',#3991);
#1168=VERTEX_POINT('',#3997);
#1169=VERTEX_POINT('',#3999);
#1170=VERTEX_POINT('',#4005);
#1171=VERTEX_POINT('',#4007);
#1172=VERTEX_POINT('',#4013);
#1173=VERTEX_POINT('',#4014);
#1174=VERTEX_POINT('',#4016);
#1175=VERTEX_POINT('',#4018);
#1176=VERTEX_POINT('',#4020);
#1177=VERTEX_POINT('',#4022);
#1178=VERTEX_POINT('',#4024);
#1179=VERTEX_POINT('',#4026);
#1180=VERTEX_POINT('',#4028);
#1181=VERTEX_POINT('',#4030);
#1182=VERTEX_POINT('',#4033);
#1183=VERTEX_POINT('',#4035);
#1184=VERTEX_POINT('',#4038);
#1185=VERTEX_POINT('',#4042);
#1186=VERTEX_POINT('',#4046);
#1187=VERTEX_POINT('',#4047);
#1188=VERTEX_POINT('',#4052);
#1189=VERTEX_POINT('',#4056);
#1190=VERTEX_POINT('',#4060);
#1191=VERTEX_POINT('',#4064);
#1192=VERTEX_POINT('',#4068);
#1193=VERTEX_POINT('',#4072);
#1194=VERTEX_POINT('',#4076);
#1195=VERTEX_POINT('',#4080);
#1196=VERTEX_POINT('',#4087);
#1197=VERTEX_POINT('',#4088);
#1198=VERTEX_POINT('',#4090);
#1199=VERTEX_POINT('',#4092);
#1200=VERTEX_POINT('',#4094);
#1201=VERTEX_POINT('',#4096);
#1202=VERTEX_POINT('',#4098);
#1203=VERTEX_POINT('',#4100);
#1204=VERTEX_POINT('',#4103);
#1205=VERTEX_POINT('',#4105);
#1206=VERTEX_POINT('',#4108);
#1207=VERTEX_POINT('',#4112);
#1208=VERTEX_POINT('',#4116);
#1209=VERTEX_POINT('',#4117);
#1210=VERTEX_POINT('',#4122);
#1211=VERTEX_POINT('',#4126);
#1212=VERTEX_POINT('',#4130);
#1213=VERTEX_POINT('',#4134);
#1214=VERTEX_POINT('',#4138);
#1215=VERTEX_POINT('',#4142);
#1216=VERTEX_POINT('',#4150);
#1217=VERTEX_POINT('',#4152);
#1218=VERTEX_POINT('',#4156);
#1219=VERTEX_POINT('',#4158);
#1220=VERTEX_POINT('',#4164);
#1221=VERTEX_POINT('',#4166);
#1222=VERTEX_POINT('',#4170);
#1223=VERTEX_POINT('',#4172);
#1224=VERTEX_POINT('',#4178);
#1225=VERTEX_POINT('',#4180);
#1226=VERTEX_POINT('',#4184);
#1227=VERTEX_POINT('',#4186);
#1228=VERTEX_POINT('',#4192);
#1229=VERTEX_POINT('',#4194);
#1230=VERTEX_POINT('',#4198);
#1231=VERTEX_POINT('',#4200);
#1232=VERTEX_POINT('',#4206);
#1233=VERTEX_POINT('',#4208);
#1234=VERTEX_POINT('',#4214);
#1235=VERTEX_POINT('',#4216);
#1236=VERTEX_POINT('',#4222);
#1237=VERTEX_POINT('',#4224);
#1238=VERTEX_POINT('',#4230);
#1239=VERTEX_POINT('',#4232);
#1240=VERTEX_POINT('',#4238);
#1241=VERTEX_POINT('',#4240);
#1242=VERTEX_POINT('',#4244);
#1243=VERTEX_POINT('',#4246);
#1244=VERTEX_POINT('',#4250);
#1245=VERTEX_POINT('',#4251);
#1246=VERTEX_POINT('',#4253);
#1247=VERTEX_POINT('',#4255);
#1248=VERTEX_POINT('',#4259);
#1249=VERTEX_POINT('',#4261);
#1250=VERTEX_POINT('',#4265);
#1251=VERTEX_POINT('',#4267);
#1252=VERTEX_POINT('',#4271);
#1253=VERTEX_POINT('',#4273);
#1254=VERTEX_POINT('',#4277);
#1255=VERTEX_POINT('',#4279);
#1256=VERTEX_POINT('',#4283);
#1257=VERTEX_POINT('',#4285);
#1258=VERTEX_POINT('',#4289);
#1259=VERTEX_POINT('',#4291);
#1260=VERTEX_POINT('',#4295);
#1261=VERTEX_POINT('',#4297);
#1262=VERTEX_POINT('',#4301);
#1263=VERTEX_POINT('',#4303);
#1264=VERTEX_POINT('',#4312);
#1265=VERTEX_POINT('',#4314);
#1266=VERTEX_POINT('',#4318);
#1267=VERTEX_POINT('',#4320);
#1268=VERTEX_POINT('',#4324);
#1269=VERTEX_POINT('',#4325);
#1270=VERTEX_POINT('',#4327);
#1271=VERTEX_POINT('',#4329);
#1272=VERTEX_POINT('',#4333);
#1273=VERTEX_POINT('',#4335);
#1274=VERTEX_POINT('',#4339);
#1275=VERTEX_POINT('',#4341);
#1276=VERTEX_POINT('',#4345);
#1277=VERTEX_POINT('',#4347);
#1278=VERTEX_POINT('',#4351);
#1279=VERTEX_POINT('',#4353);
#1280=VERTEX_POINT('',#4357);
#1281=VERTEX_POINT('',#4359);
#1282=VERTEX_POINT('',#4363);
#1283=VERTEX_POINT('',#4365);
#1284=VERTEX_POINT('',#4374);
#1285=VERTEX_POINT('',#4375);
#1286=VERTEX_POINT('',#4377);
#1287=VERTEX_POINT('',#4379);
#1288=VERTEX_POINT('',#4383);
#1289=VERTEX_POINT('',#4385);
#1290=VERTEX_POINT('',#4389);
#1291=VERTEX_POINT('',#4391);
#1292=VERTEX_POINT('',#4395);
#1293=VERTEX_POINT('',#4397);
#1294=VERTEX_POINT('',#4401);
#1295=VERTEX_POINT('',#4403);
#1296=VERTEX_POINT('',#4407);
#1297=VERTEX_POINT('',#4409);
#1298=VERTEX_POINT('',#4413);
#1299=VERTEX_POINT('',#4415);
#1300=VERTEX_POINT('',#4419);
#1301=VERTEX_POINT('',#4421);
#1302=VERTEX_POINT('',#4425);
#1303=VERTEX_POINT('',#4427);
#1304=VERTEX_POINT('',#4431);
#1305=VERTEX_POINT('',#4433);
#1306=VERTEX_POINT('',#4437);
#1307=VERTEX_POINT('',#4439);
#1308=VERTEX_POINT('',#4443);
#1309=VERTEX_POINT('',#4445);
#1310=VERTEX_POINT('',#4449);
#1311=VERTEX_POINT('',#4451);
#1312=VERTEX_POINT('',#4455);
#1313=VERTEX_POINT('',#4457);
#1314=VERTEX_POINT('',#4461);
#1315=VERTEX_POINT('',#4463);
#1316=VERTEX_POINT('',#4467);
#1317=VERTEX_POINT('',#4469);
#1318=VERTEX_POINT('',#4473);
#1319=VERTEX_POINT('',#4475);
#1320=VERTEX_POINT('',#4479);
#1321=VERTEX_POINT('',#4481);
#1322=VERTEX_POINT('',#4485);
#1323=VERTEX_POINT('',#4487);
#1324=VERTEX_POINT('',#4491);
#1325=VERTEX_POINT('',#4493);
#1326=VERTEX_POINT('',#4497);
#1327=VERTEX_POINT('',#4499);
#1328=VERTEX_POINT('',#4503);
#1329=VERTEX_POINT('',#4505);
#1330=VERTEX_POINT('',#4509);
#1331=VERTEX_POINT('',#4511);
#1332=VERTEX_POINT('',#4520);
#1333=VERTEX_POINT('',#4521);
#1334=VERTEX_POINT('',#4523);
#1335=VERTEX_POINT('',#4525);
#1336=VERTEX_POINT('',#4529);
#1337=VERTEX_POINT('',#4531);
#1338=VERTEX_POINT('',#4535);
#1339=VERTEX_POINT('',#4537);
#1340=EDGE_CURVE('',#1108,#1109,#974,.T.);
#1341=EDGE_CURVE('',#1110,#1108,#546,.T.);
#1342=EDGE_CURVE('',#1111,#1110,#975,.T.);
#1343=EDGE_CURVE('',#1112,#1111,#547,.T.);
#1344=EDGE_CURVE('',#1113,#1112,#976,.T.);
#1345=EDGE_CURVE('',#1114,#1113,#548,.T.);
#1346=EDGE_CURVE('',#1115,#1114,#977,.T.);
#1347=EDGE_CURVE('',#1109,#1115,#549,.T.);
#1348=EDGE_CURVE('',#1116,#1117,#978,.T.);
#1349=EDGE_CURVE('',#1118,#1116,#550,.T.);
#1350=EDGE_CURVE('',#1119,#1118,#979,.T.);
#1351=EDGE_CURVE('',#1120,#1119,#551,.T.);
#1352=EDGE_CURVE('',#1121,#1120,#980,.T.);
#1353=EDGE_CURVE('',#1122,#1121,#552,.T.);
#1354=EDGE_CURVE('',#1123,#1122,#981,.T.);
#1355=EDGE_CURVE('',#1117,#1123,#553,.T.);
#1356=EDGE_CURVE('',#1124,#1124,#982,.T.);
#1357=EDGE_CURVE('',#1125,#1125,#983,.T.);
#1358=EDGE_CURVE('',#1126,#1126,#984,.T.);
#1359=EDGE_CURVE('',#1127,#1127,#985,.T.);
#1360=EDGE_CURVE('',#1128,#1118,#554,.T.);
#1361=EDGE_CURVE('',#1128,#1129,#986,.T.);
#1362=EDGE_CURVE('',#1129,#1119,#555,.T.);
#1363=EDGE_CURVE('',#1130,#1116,#556,.T.);
#1364=EDGE_CURVE('',#1130,#1128,#557,.T.);
#1365=EDGE_CURVE('',#1131,#1117,#558,.T.);
#1366=EDGE_CURVE('',#1131,#1130,#987,.T.);
#1367=EDGE_CURVE('',#1132,#1123,#559,.T.);
#1368=EDGE_CURVE('',#1132,#1131,#560,.T.);
#1369=EDGE_CURVE('',#1133,#1112,#561,.T.);
#1370=EDGE_CURVE('',#1133,#1134,#988,.T.);
#1371=EDGE_CURVE('',#1134,#1113,#562,.T.);
#1372=EDGE_CURVE('',#1135,#1111,#563,.T.);
#1373=EDGE_CURVE('',#1135,#1133,#564,.T.);
#1374=EDGE_CURVE('',#1136,#1110,#565,.T.);
#1375=EDGE_CURVE('',#1136,#1135,#989,.T.);
#1376=EDGE_CURVE('',#1137,#1108,#566,.T.);
#1377=EDGE_CURVE('',#1137,#1136,#567,.T.);
#1378=EDGE_CURVE('',#1138,#1138,#990,.T.);
#1379=EDGE_CURVE('',#1138,#1127,#568,.T.);
#1380=EDGE_CURVE('',#1139,#1139,#991,.T.);
#1381=EDGE_CURVE('',#1139,#1126,#569,.T.);
#1382=EDGE_CURVE('',#1140,#1140,#992,.T.);
#1383=EDGE_CURVE('',#1140,#1125,#570,.T.);
#1384=EDGE_CURVE('',#1141,#1141,#993,.T.);
#1385=EDGE_CURVE('',#1141,#1124,#571,.T.);
#1386=EDGE_CURVE('',#1142,#1132,#994,.T.);
#1387=EDGE_CURVE('',#1143,#1142,#572,.T.);
#1388=EDGE_CURVE('',#1144,#1143,#995,.T.);
#1389=EDGE_CURVE('',#1129,#1144,#573,.T.);
#1390=EDGE_CURVE('',#1144,#1120,#574,.T.);
#1391=EDGE_CURVE('',#1143,#1121,#575,.T.);
#1392=EDGE_CURVE('',#1142,#1122,#576,.T.);
#1393=EDGE_CURVE('',#1145,#1115,#577,.T.);
#1394=EDGE_CURVE('',#1145,#1146,#578,.T.);
#1395=EDGE_CURVE('',#1146,#1109,#579,.T.);
#1396=EDGE_CURVE('',#1147,#1114,#580,.T.);
#1397=EDGE_CURVE('',#1147,#1145,#996,.T.);
#1398=EDGE_CURVE('',#1134,#1147,#581,.T.);
#1399=EDGE_CURVE('',#1146,#1137,#997,.T.);
#1400=EDGE_CURVE('',#1148,#1148,#998,.T.);
#1401=EDGE_CURVE('',#1148,#1149,#582,.T.);
#1402=EDGE_CURVE('',#1149,#1149,#999,.T.);
#1403=EDGE_CURVE('',#1150,#1150,#1000,.T.);
#1404=EDGE_CURVE('',#1150,#1151,#583,.T.);
#1405=EDGE_CURVE('',#1151,#1151,#1001,.T.);
#1406=EDGE_CURVE('',#1152,#1152,#1002,.T.);
#1407=EDGE_CURVE('',#1152,#1153,#584,.T.);
#1408=EDGE_CURVE('',#1153,#1153,#1003,.T.);
#1409=EDGE_CURVE('',#1154,#1154,#1004,.T.);
#1410=EDGE_CURVE('',#1154,#1155,#585,.T.);
#1411=EDGE_CURVE('',#1155,#1155,#1005,.T.);
#1412=EDGE_CURVE('',#1156,#1156,#1006,.T.);
#1413=EDGE_CURVE('',#1156,#1157,#586,.T.);
#1414=EDGE_CURVE('',#1157,#1157,#1007,.T.);
#1415=EDGE_CURVE('',#1158,#1158,#1008,.T.);
#1416=EDGE_CURVE('',#1158,#1159,#587,.T.);
#1417=EDGE_CURVE('',#1159,#1159,#1009,.T.);
#1418=EDGE_CURVE('',#1160,#1160,#1010,.T.);
#1419=EDGE_CURVE('',#1160,#1161,#588,.T.);
#1420=EDGE_CURVE('',#1161,#1161,#1011,.T.);
#1421=EDGE_CURVE('',#1162,#1162,#1012,.T.);
#1422=EDGE_CURVE('',#1162,#1163,#589,.T.);
#1423=EDGE_CURVE('',#1163,#1163,#1013,.T.);
#1424=EDGE_CURVE('',#1164,#1164,#1014,.T.);
#1425=EDGE_CURVE('',#1164,#1165,#590,.T.);
#1426=EDGE_CURVE('',#1165,#1165,#1015,.T.);
#1427=EDGE_CURVE('',#1166,#1166,#1016,.T.);
#1428=EDGE_CURVE('',#1166,#1167,#591,.T.);
#1429=EDGE_CURVE('',#1167,#1167,#1017,.T.);
#1430=EDGE_CURVE('',#1168,#1168,#1018,.T.);
#1431=EDGE_CURVE('',#1168,#1169,#592,.T.);
#1432=EDGE_CURVE('',#1169,#1169,#1019,.T.);
#1433=EDGE_CURVE('',#1170,#1170,#1020,.T.);
#1434=EDGE_CURVE('',#1170,#1171,#593,.T.);
#1435=EDGE_CURVE('',#1171,#1171,#1021,.T.);
#1436=EDGE_CURVE('',#1172,#1173,#594,.T.);
#1437=EDGE_CURVE('',#1173,#1174,#1022,.T.);
#1438=EDGE_CURVE('',#1174,#1175,#595,.T.);
#1439=EDGE_CURVE('',#1175,#1176,#1023,.T.);
#1440=EDGE_CURVE('',#1176,#1177,#596,.T.);
#1441=EDGE_CURVE('',#1177,#1178,#597,.T.);
#1442=EDGE_CURVE('',#1178,#1179,#1024,.T.);
#1443=EDGE_CURVE('',#1179,#1180,#598,.T.);
#1444=EDGE_CURVE('',#1180,#1181,#1025,.T.);
#1445=EDGE_CURVE('',#1181,#1172,#599,.T.);
#1446=EDGE_CURVE('',#1182,#1182,#1026,.T.);
#1447=EDGE_CURVE('',#1183,#1183,#1027,.T.);
#1448=EDGE_CURVE('',#1184,#1184,#1028,.T.);
#1449=EDGE_CURVE('',#1184,#1183,#600,.T.);
#1450=EDGE_CURVE('',#1185,#1185,#1029,.T.);
#1451=EDGE_CURVE('',#1185,#1182,#601,.T.);
#1452=EDGE_CURVE('',#1186,#1187,#602,.T.);
#1453=EDGE_CURVE('',#1187,#1172,#603,.T.);
#1454=EDGE_CURVE('',#1186,#1181,#604,.T.);
#1455=EDGE_CURVE('',#1186,#1188,#1030,.T.);
#1456=EDGE_CURVE('',#1188,#1180,#605,.T.);
#1457=EDGE_CURVE('',#1189,#1188,#606,.T.);
#1458=EDGE_CURVE('',#1189,#1179,#607,.T.);
#1459=EDGE_CURVE('',#1189,#1190,#1031,.T.);
#1460=EDGE_CURVE('',#1190,#1178,#608,.T.);
#1461=EDGE_CURVE('',#1191,#1190,#609,.T.);
#1462=EDGE_CURVE('',#1191,#1177,#610,.T.);
#1463=EDGE_CURVE('',#1192,#1191,#611,.T.);
#1464=EDGE_CURVE('',#1192,#1176,#612,.T.);
#1465=EDGE_CURVE('',#1193,#1192,#1032,.T.);
#1466=EDGE_CURVE('',#1193,#1175,#613,.T.);
#1467=EDGE_CURVE('',#1194,#1193,#614,.T.);
#1468=EDGE_CURVE('',#1194,#1174,#615,.T.);
#1469=EDGE_CURVE('',#1195,#1194,#1033,.T.);
#1470=EDGE_CURVE('',#1195,#1173,#616,.T.);
#1471=EDGE_CURVE('',#1187,#1195,#617,.T.);
#1472=EDGE_CURVE('',#1196,#1197,#1034,.T.);
#1473=EDGE_CURVE('',#1197,#1198,#618,.T.);
#1474=EDGE_CURVE('',#1198,#1199,#1035,.T.);
#1475=EDGE_CURVE('',#1199,#1200,#619,.T.);
#1476=EDGE_CURVE('',#1200,#1201,#1036,.T.);
#1477=EDGE_CURVE('',#1201,#1202,#620,.T.);
#1478=EDGE_CURVE('',#1202,#1203,#1037,.T.);
#1479=EDGE_CURVE('',#1203,#1196,#621,.T.);
#1480=EDGE_CURVE('',#1204,#1204,#1038,.T.);
#1481=EDGE_CURVE('',#1205,#1205,#1039,.T.);
#1482=EDGE_CURVE('',#1206,#1206,#1040,.T.);
#1483=EDGE_CURVE('',#1206,#1205,#622,.T.);
#1484=EDGE_CURVE('',#1207,#1207,#1041,.T.);
#1485=EDGE_CURVE('',#1207,#1204,#623,.T.);
#1486=EDGE_CURVE('',#1208,#1209,#624,.T.);
#1487=EDGE_CURVE('',#1208,#1196,#625,.T.);
#1488=EDGE_CURVE('',#1209,#1203,#626,.T.);
#1489=EDGE_CURVE('',#1210,#1209,#1042,.T.);
#1490=EDGE_CURVE('',#1210,#1202,#627,.T.);
#1491=EDGE_CURVE('',#1210,#1211,#628,.T.);
#1492=EDGE_CURVE('',#1211,#1201,#629,.T.);
#1493=EDGE_CURVE('',#1211,#1212,#1043,.T.);
#1494=EDGE_CURVE('',#1212,#1200,#630,.T.);
#1495=EDGE_CURVE('',#1212,#1213,#631,.T.);
#1496=EDGE_CURVE('',#1213,#1199,#632,.T.);
#1497=EDGE_CURVE('',#1213,#1214,#1044,.T.);
#1498=EDGE_CURVE('',#1214,#1198,#633,.T.);
#1499=EDGE_CURVE('',#1214,#1215,#634,.T.);
#1500=EDGE_CURVE('',#1215,#1197,#635,.T.);
#1501=EDGE_CURVE('',#1208,#1215,#1045,.T.);
#1502=EDGE_CURVE('',#1216,#1216,#1046,.T.);
#1503=EDGE_CURVE('',#1216,#1217,#636,.T.);
#1504=EDGE_CURVE('',#1217,#1217,#1047,.T.);
#1505=EDGE_CURVE('',#1218,#1218,#1048,.T.);
#1506=EDGE_CURVE('',#1218,#1219,#637,.T.);
#1507=EDGE_CURVE('',#1219,#1219,#1049,.T.);
#1508=EDGE_CURVE('',#1220,#1220,#1050,.T.);
#1509=EDGE_CURVE('',#1220,#1221,#638,.T.);
#1510=EDGE_CURVE('',#1221,#1221,#1051,.T.);
#1511=EDGE_CURVE('',#1222,#1222,#1052,.T.);
#1512=EDGE_CURVE('',#1222,#1223,#639,.T.);
#1513=EDGE_CURVE('',#1223,#1223,#1053,.T.);
#1514=EDGE_CURVE('',#1224,#1224,#1054,.T.);
#1515=EDGE_CURVE('',#1224,#1225,#640,.T.);
#1516=EDGE_CURVE('',#1225,#1225,#1055,.T.);
#1517=EDGE_CURVE('',#1226,#1226,#1056,.T.);
#1518=EDGE_CURVE('',#1226,#1227,#641,.T.);
#1519=EDGE_CURVE('',#1227,#1227,#1057,.T.);
#1520=EDGE_CURVE('',#1228,#1228,#1058,.T.);
#1521=EDGE_CURVE('',#1228,#1229,#642,.T.);
#1522=EDGE_CURVE('',#1229,#1229,#1059,.T.);
#1523=EDGE_CURVE('',#1230,#1230,#1060,.T.);
#1524=EDGE_CURVE('',#1230,#1231,#643,.T.);
#1525=EDGE_CURVE('',#1231,#1231,#1061,.T.);
#1526=EDGE_CURVE('',#1232,#1232,#1062,.T.);
#1527=EDGE_CURVE('',#1232,#1233,#644,.T.);
#1528=EDGE_CURVE('',#1233,#1233,#1063,.T.);
#1529=EDGE_CURVE('',#1234,#1234,#1064,.T.);
#1530=EDGE_CURVE('',#1234,#1235,#645,.T.);
#1531=EDGE_CURVE('',#1235,#1235,#1065,.T.);
#1532=EDGE_CURVE('',#1236,#1236,#1066,.T.);
#1533=EDGE_CURVE('',#1236,#1237,#646,.T.);
#1534=EDGE_CURVE('',#1237,#1237,#1067,.T.);
#1535=EDGE_CURVE('',#1238,#1238,#1068,.T.);
#1536=EDGE_CURVE('',#1238,#1239,#647,.T.);
#1537=EDGE_CURVE('',#1239,#1239,#1069,.T.);
#1538=EDGE_CURVE('',#1240,#1240,#1070,.T.);
#1539=EDGE_CURVE('',#1240,#1241,#648,.T.);
#1540=EDGE_CURVE('',#1241,#1241,#1071,.T.);
#1541=EDGE_CURVE('',#1242,#1242,#1072,.T.);
#1542=EDGE_CURVE('',#1242,#1243,#649,.T.);
#1543=EDGE_CURVE('',#1243,#1243,#1073,.T.);
#1544=EDGE_CURVE('',#1244,#1245,#650,.T.);
#1545=EDGE_CURVE('',#1245,#1246,#651,.T.);
#1546=EDGE_CURVE('',#1247,#1246,#652,.T.);
#1547=EDGE_CURVE('',#1244,#1247,#653,.T.);
#1548=EDGE_CURVE('',#1244,#1248,#1074,.T.);
#1549=EDGE_CURVE('',#1249,#1247,#1075,.T.);
#1550=EDGE_CURVE('',#1248,#1249,#654,.T.);
#1551=EDGE_CURVE('',#1250,#1248,#655,.T.);
#1552=EDGE_CURVE('',#1251,#1249,#656,.T.);
#1553=EDGE_CURVE('',#1250,#1251,#657,.T.);
#1554=EDGE_CURVE('',#1250,#1252,#1076,.T.);
#1555=EDGE_CURVE('',#1253,#1251,#1077,.T.);
#1556=EDGE_CURVE('',#1252,#1253,#658,.T.);
#1557=EDGE_CURVE('',#1254,#1252,#659,.T.);
#1558=EDGE_CURVE('',#1255,#1253,#660,.T.);
#1559=EDGE_CURVE('',#1254,#1255,#661,.T.);
#1560=EDGE_CURVE('',#1256,#1254,#662,.T.);
#1561=EDGE_CURVE('',#1257,#1255,#663,.T.);
#1562=EDGE_CURVE('',#1256,#1257,#664,.T.);
#1563=EDGE_CURVE('',#1258,#1256,#1078,.T.);
#1564=EDGE_CURVE('',#1259,#1257,#1079,.T.);
#1565=EDGE_CURVE('',#1258,#1259,#665,.T.);
#1566=EDGE_CURVE('',#1260,#1258,#666,.T.);
#1567=EDGE_CURVE('',#1261,#1259,#667,.T.);
#1568=EDGE_CURVE('',#1260,#1261,#668,.T.);
#1569=EDGE_CURVE('',#1262,#1260,#1080,.T.);
#1570=EDGE_CURVE('',#1263,#1261,#1081,.T.);
#1571=EDGE_CURVE('',#1262,#1263,#669,.T.);
#1572=EDGE_CURVE('',#1245,#1262,#670,.T.);
#1573=EDGE_CURVE('',#1246,#1263,#671,.T.);
#1574=EDGE_CURVE('',#1264,#1264,#1082,.T.);
#1575=EDGE_CURVE('',#1264,#1265,#672,.T.);
#1576=EDGE_CURVE('',#1265,#1265,#1083,.T.);
#1577=EDGE_CURVE('',#1266,#1266,#1084,.T.);
#1578=EDGE_CURVE('',#1266,#1267,#673,.T.);
#1579=EDGE_CURVE('',#1267,#1267,#1085,.T.);
#1580=EDGE_CURVE('',#1268,#1269,#674,.T.);
#1581=EDGE_CURVE('',#1268,#1270,#675,.T.);
#1582=EDGE_CURVE('',#1271,#1270,#676,.T.);
#1583=EDGE_CURVE('',#1269,#1271,#677,.T.);
#1584=EDGE_CURVE('',#1272,#1269,#1086,.T.);
#1585=EDGE_CURVE('',#1273,#1271,#1087,.T.);
#1586=EDGE_CURVE('',#1272,#1273,#678,.T.);
#1587=EDGE_CURVE('',#1272,#1274,#679,.T.);
#1588=EDGE_CURVE('',#1275,#1273,#680,.T.);
#1589=EDGE_CURVE('',#1274,#1275,#681,.T.);
#1590=EDGE_CURVE('',#1274,#1276,#1088,.T.);
#1591=EDGE_CURVE('',#1277,#1275,#1089,.T.);
#1592=EDGE_CURVE('',#1276,#1277,#682,.T.);
#1593=EDGE_CURVE('',#1276,#1278,#683,.T.);
#1594=EDGE_CURVE('',#1279,#1277,#684,.T.);
#1595=EDGE_CURVE('',#1278,#1279,#685,.T.);
#1596=EDGE_CURVE('',#1278,#1280,#1090,.T.);
#1597=EDGE_CURVE('',#1281,#1279,#1091,.T.);
#1598=EDGE_CURVE('',#1280,#1281,#686,.T.);
#1599=EDGE_CURVE('',#1280,#1282,#687,.T.);
#1600=EDGE_CURVE('',#1283,#1281,#688,.T.);
#1601=EDGE_CURVE('',#1282,#1283,#689,.T.);
#1602=EDGE_CURVE('',#1268,#1282,#1092,.T.);
#1603=EDGE_CURVE('',#1270,#1283,#1093,.T.);
#1604=EDGE_CURVE('',#1284,#1285,#690,.T.);
#1605=EDGE_CURVE('',#1284,#1286,#691,.T.);
#1606=EDGE_CURVE('',#1287,#1286,#692,.T.);
#1607=EDGE_CURVE('',#1285,#1287,#693,.T.);
#1608=EDGE_CURVE('',#1285,#1288,#694,.T.);
#1609=EDGE_CURVE('',#1289,#1287,#695,.T.);
#1610=EDGE_CURVE('',#1288,#1289,#696,.T.);
#1611=EDGE_CURVE('',#1288,#1290,#697,.T.);
#1612=EDGE_CURVE('',#1291,#1289,#698,.T.);
#1613=EDGE_CURVE('',#1290,#1291,#699,.T.);
#1614=EDGE_CURVE('',#1292,#1290,#1094,.T.);
#1615=EDGE_CURVE('',#1293,#1291,#1095,.T.);
#1616=EDGE_CURVE('',#1292,#1293,#700,.T.);
#1617=EDGE_CURVE('',#1292,#1294,#701,.T.);
#1618=EDGE_CURVE('',#1295,#1293,#702,.T.);
#1619=EDGE_CURVE('',#1294,#1295,#703,.T.);
#1620=EDGE_CURVE('',#1294,#1296,#704,.T.);
#1621=EDGE_CURVE('',#1297,#1295,#705,.T.);
#1622=EDGE_CURVE('',#1296,#1297,#706,.T.);
#1623=EDGE_CURVE('',#1298,#1296,#1096,.T.);
#1624=EDGE_CURVE('',#1299,#1297,#1097,.T.);
#1625=EDGE_CURVE('',#1298,#1299,#707,.T.);
#1626=EDGE_CURVE('',#1298,#1300,#708,.T.);
#1627=EDGE_CURVE('',#1301,#1299,#709,.T.);
#1628=EDGE_CURVE('',#1300,#1301,#710,.T.);
#1629=EDGE_CURVE('',#1302,#1300,#1098,.T.);
#1630=EDGE_CURVE('',#1303,#1301,#1099,.T.);
#1631=EDGE_CURVE('',#1302,#1303,#711,.T.);
#1632=EDGE_CURVE('',#1302,#1304,#712,.T.);
#1633=EDGE_CURVE('',#1305,#1303,#713,.T.);
#1634=EDGE_CURVE('',#1304,#1305,#714,.T.);
#1635=EDGE_CURVE('',#1306,#1304,#1100,.T.);
#1636=EDGE_CURVE('',#1307,#1305,#1101,.T.);
#1637=EDGE_CURVE('',#1306,#1307,#715,.T.);
#1638=EDGE_CURVE('',#1306,#1308,#716,.T.);
#1639=EDGE_CURVE('',#1309,#1307,#717,.T.);
#1640=EDGE_CURVE('',#1308,#1309,#718,.T.);
#1641=EDGE_CURVE('',#1308,#1310,#719,.T.);
#1642=EDGE_CURVE('',#1311,#1309,#720,.T.);
#1643=EDGE_CURVE('',#1310,#1311,#721,.T.);
#1644=EDGE_CURVE('',#1310,#1312,#722,.T.);
#1645=EDGE_CURVE('',#1313,#1311,#723,.T.);
#1646=EDGE_CURVE('',#1312,#1313,#724,.T.);
#1647=EDGE_CURVE('',#1312,#1314,#725,.T.);
#1648=EDGE_CURVE('',#1315,#1313,#726,.T.);
#1649=EDGE_CURVE('',#1314,#1315,#727,.T.);
#1650=EDGE_CURVE('',#1314,#1316,#728,.T.);
#1651=EDGE_CURVE('',#1317,#1315,#729,.T.);
#1652=EDGE_CURVE('',#1316,#1317,#730,.T.);
#1653=EDGE_CURVE('',#1316,#1318,#731,.T.);
#1654=EDGE_CURVE('',#1319,#1317,#732,.T.);
#1655=EDGE_CURVE('',#1318,#1319,#733,.T.);
#1656=EDGE_CURVE('',#1318,#1320,#734,.T.);
#1657=EDGE_CURVE('',#1321,#1319,#735,.T.);
#1658=EDGE_CURVE('',#1320,#1321,#736,.T.);
#1659=EDGE_CURVE('',#1322,#1320,#1102,.T.);
#1660=EDGE_CURVE('',#1323,#1321,#1103,.T.);
#1661=EDGE_CURVE('',#1322,#1323,#737,.T.);
#1662=EDGE_CURVE('',#1322,#1324,#738,.T.);
#1663=EDGE_CURVE('',#1325,#1323,#739,.T.);
#1664=EDGE_CURVE('',#1324,#1325,#740,.T.);
#1665=EDGE_CURVE('',#1326,#1324,#1104,.T.);
#1666=EDGE_CURVE('',#1327,#1325,#1105,.T.);
#1667=EDGE_CURVE('',#1326,#1327,#741,.T.);
#1668=EDGE_CURVE('',#1326,#1328,#742,.T.);
#1669=EDGE_CURVE('',#1329,#1327,#743,.T.);
#1670=EDGE_CURVE('',#1328,#1329,#744,.T.);
#1671=EDGE_CURVE('',#1330,#1328,#1106,.T.);
#1672=EDGE_CURVE('',#1331,#1329,#1107,.T.);
#1673=EDGE_CURVE('',#1330,#1331,#745,.T.);
#1674=EDGE_CURVE('',#1330,#1284,#746,.T.);
#1675=EDGE_CURVE('',#1286,#1331,#747,.T.);
#1676=EDGE_CURVE('',#1332,#1333,#748,.T.);
#1677=EDGE_CURVE('',#1333,#1334,#749,.T.);
#1678=EDGE_CURVE('',#1335,#1334,#750,.T.);
#1679=EDGE_CURVE('',#1332,#1335,#751,.T.);
#1680=EDGE_CURVE('',#1336,#1332,#752,.T.);
#1681=EDGE_CURVE('',#1337,#1335,#753,.T.);
#1682=EDGE_CURVE('',#1336,#1337,#754,.T.);
#1683=EDGE_CURVE('',#1338,#1336,#755,.T.);
#1684=EDGE_CURVE('',#1339,#1337,#756,.T.);
#1685=EDGE_CURVE('',#1338,#1339,#757,.T.);
#1686=EDGE_CURVE('',#1333,#1338,#758,.T.);
#1687=EDGE_CURVE('',#1334,#1339,#759,.T.);
#1688=ORIENTED_EDGE('',*,*,#1340,.F.);
#1689=ORIENTED_EDGE('',*,*,#1341,.F.);
#1690=ORIENTED_EDGE('',*,*,#1342,.F.);
#1691=ORIENTED_EDGE('',*,*,#1343,.F.);
#1692=ORIENTED_EDGE('',*,*,#1344,.F.);
#1693=ORIENTED_EDGE('',*,*,#1345,.F.);
#1694=ORIENTED_EDGE('',*,*,#1346,.F.);
#1695=ORIENTED_EDGE('',*,*,#1347,.F.);
#1696=ORIENTED_EDGE('',*,*,#1348,.F.);
#1697=ORIENTED_EDGE('',*,*,#1349,.F.);
#1698=ORIENTED_EDGE('',*,*,#1350,.F.);
#1699=ORIENTED_EDGE('',*,*,#1351,.F.);
#1700=ORIENTED_EDGE('',*,*,#1352,.F.);
#1701=ORIENTED_EDGE('',*,*,#1353,.F.);
#1702=ORIENTED_EDGE('',*,*,#1354,.F.);
#1703=ORIENTED_EDGE('',*,*,#1355,.F.);
#1704=ORIENTED_EDGE('',*,*,#1356,.F.);
#1705=ORIENTED_EDGE('',*,*,#1357,.F.);
#1706=ORIENTED_EDGE('',*,*,#1358,.F.);
#1707=ORIENTED_EDGE('',*,*,#1359,.F.);
#1708=ORIENTED_EDGE('',*,*,#1350,.T.);
#1709=ORIENTED_EDGE('',*,*,#1360,.F.);
#1710=ORIENTED_EDGE('',*,*,#1361,.T.);
#1711=ORIENTED_EDGE('',*,*,#1362,.T.);
#1712=ORIENTED_EDGE('',*,*,#1349,.T.);
#1713=ORIENTED_EDGE('',*,*,#1363,.F.);
#1714=ORIENTED_EDGE('',*,*,#1364,.T.);
#1715=ORIENTED_EDGE('',*,*,#1360,.T.);
#1716=ORIENTED_EDGE('',*,*,#1348,.T.);
#1717=ORIENTED_EDGE('',*,*,#1365,.F.);
#1718=ORIENTED_EDGE('',*,*,#1366,.T.);
#1719=ORIENTED_EDGE('',*,*,#1363,.T.);
#1720=ORIENTED_EDGE('',*,*,#1355,.T.);
#1721=ORIENTED_EDGE('',*,*,#1367,.F.);
#1722=ORIENTED_EDGE('',*,*,#1368,.T.);
#1723=ORIENTED_EDGE('',*,*,#1365,.T.);
#1724=ORIENTED_EDGE('',*,*,#1344,.T.);
#1725=ORIENTED_EDGE('',*,*,#1369,.F.);
#1726=ORIENTED_EDGE('',*,*,#1370,.T.);
#1727=ORIENTED_EDGE('',*,*,#1371,.T.);
#1728=ORIENTED_EDGE('',*,*,#1343,.T.);
#1729=ORIENTED_EDGE('',*,*,#1372,.F.);
#1730=ORIENTED_EDGE('',*,*,#1373,.T.);
#1731=ORIENTED_EDGE('',*,*,#1369,.T.);
#1732=ORIENTED_EDGE('',*,*,#1342,.T.);
#1733=ORIENTED_EDGE('',*,*,#1374,.F.);
#1734=ORIENTED_EDGE('',*,*,#1375,.T.);
#1735=ORIENTED_EDGE('',*,*,#1372,.T.);
#1736=ORIENTED_EDGE('',*,*,#1341,.T.);
#1737=ORIENTED_EDGE('',*,*,#1376,.F.);
#1738=ORIENTED_EDGE('',*,*,#1377,.T.);
#1739=ORIENTED_EDGE('',*,*,#1374,.T.);
#1740=ORIENTED_EDGE('',*,*,#1378,.F.);
#1741=ORIENTED_EDGE('',*,*,#1379,.T.);
#1742=ORIENTED_EDGE('',*,*,#1359,.T.);
#1743=ORIENTED_EDGE('',*,*,#1379,.F.);
#1744=ORIENTED_EDGE('',*,*,#1380,.F.);
#1745=ORIENTED_EDGE('',*,*,#1381,.T.);
#1746=ORIENTED_EDGE('',*,*,#1358,.T.);
#1747=ORIENTED_EDGE('',*,*,#1381,.F.);
#1748=ORIENTED_EDGE('',*,*,#1382,.F.);
#1749=ORIENTED_EDGE('',*,*,#1383,.T.);
#1750=ORIENTED_EDGE('',*,*,#1357,.T.);
#1751=ORIENTED_EDGE('',*,*,#1383,.F.);
#1752=ORIENTED_EDGE('',*,*,#1384,.F.);
#1753=ORIENTED_EDGE('',*,*,#1385,.T.);
#1754=ORIENTED_EDGE('',*,*,#1356,.T.);
#1755=ORIENTED_EDGE('',*,*,#1385,.F.);
#1756=ORIENTED_EDGE('',*,*,#1366,.F.);
#1757=ORIENTED_EDGE('',*,*,#1368,.F.);
#1758=ORIENTED_EDGE('',*,*,#1386,.F.);
#1759=ORIENTED_EDGE('',*,*,#1387,.F.);
#1760=ORIENTED_EDGE('',*,*,#1388,.F.);
#1761=ORIENTED_EDGE('',*,*,#1389,.F.);
#1762=ORIENTED_EDGE('',*,*,#1361,.F.);
#1763=ORIENTED_EDGE('',*,*,#1364,.F.);
#1764=ORIENTED_EDGE('',*,*,#1352,.T.);
#1765=ORIENTED_EDGE('',*,*,#1390,.F.);
#1766=ORIENTED_EDGE('',*,*,#1388,.T.);
#1767=ORIENTED_EDGE('',*,*,#1391,.T.);
#1768=ORIENTED_EDGE('',*,*,#1353,.T.);
#1769=ORIENTED_EDGE('',*,*,#1391,.F.);
#1770=ORIENTED_EDGE('',*,*,#1387,.T.);
#1771=ORIENTED_EDGE('',*,*,#1392,.T.);
#1772=ORIENTED_EDGE('',*,*,#1354,.T.);
#1773=ORIENTED_EDGE('',*,*,#1392,.F.);
#1774=ORIENTED_EDGE('',*,*,#1386,.T.);
#1775=ORIENTED_EDGE('',*,*,#1367,.T.);
#1776=ORIENTED_EDGE('',*,*,#1351,.T.);
#1777=ORIENTED_EDGE('',*,*,#1362,.F.);
#1778=ORIENTED_EDGE('',*,*,#1389,.T.);
#1779=ORIENTED_EDGE('',*,*,#1390,.T.);
#1780=ORIENTED_EDGE('',*,*,#1347,.T.);
#1781=ORIENTED_EDGE('',*,*,#1393,.F.);
#1782=ORIENTED_EDGE('',*,*,#1394,.T.);
#1783=ORIENTED_EDGE('',*,*,#1395,.T.);
#1784=ORIENTED_EDGE('',*,*,#1346,.T.);
#1785=ORIENTED_EDGE('',*,*,#1396,.F.);
#1786=ORIENTED_EDGE('',*,*,#1397,.T.);
#1787=ORIENTED_EDGE('',*,*,#1393,.T.);
#1788=ORIENTED_EDGE('',*,*,#1345,.T.);
#1789=ORIENTED_EDGE('',*,*,#1371,.F.);
#1790=ORIENTED_EDGE('',*,*,#1398,.T.);
#1791=ORIENTED_EDGE('',*,*,#1396,.T.);
#1792=ORIENTED_EDGE('',*,*,#1340,.T.);
#1793=ORIENTED_EDGE('',*,*,#1395,.F.);
#1794=ORIENTED_EDGE('',*,*,#1399,.T.);
#1795=ORIENTED_EDGE('',*,*,#1376,.T.);
#1796=ORIENTED_EDGE('',*,*,#1399,.F.);
#1797=ORIENTED_EDGE('',*,*,#1394,.F.);
#1798=ORIENTED_EDGE('',*,*,#1397,.F.);
#1799=ORIENTED_EDGE('',*,*,#1398,.F.);
#1800=ORIENTED_EDGE('',*,*,#1370,.F.);
#1801=ORIENTED_EDGE('',*,*,#1373,.F.);
#1802=ORIENTED_EDGE('',*,*,#1375,.F.);
#1803=ORIENTED_EDGE('',*,*,#1377,.F.);
#1804=ORIENTED_EDGE('',*,*,#1378,.T.);
#1805=ORIENTED_EDGE('',*,*,#1380,.T.);
#1806=ORIENTED_EDGE('',*,*,#1382,.T.);
#1807=ORIENTED_EDGE('',*,*,#1384,.T.);
#1808=ORIENTED_EDGE('',*,*,#1400,.T.);
#1809=ORIENTED_EDGE('',*,*,#1401,.T.);
#1810=ORIENTED_EDGE('',*,*,#1402,.F.);
#1811=ORIENTED_EDGE('',*,*,#1401,.F.);
#1812=ORIENTED_EDGE('',*,*,#1403,.F.);
#1813=ORIENTED_EDGE('',*,*,#1404,.T.);
#1814=ORIENTED_EDGE('',*,*,#1405,.T.);
#1815=ORIENTED_EDGE('',*,*,#1404,.F.);
#1816=ORIENTED_EDGE('',*,*,#1403,.T.);
#1817=ORIENTED_EDGE('',*,*,#1402,.T.);
#1818=ORIENTED_EDGE('',*,*,#1405,.F.);
#1819=ORIENTED_EDGE('',*,*,#1400,.F.);
#1820=ORIENTED_EDGE('',*,*,#1406,.T.);
#1821=ORIENTED_EDGE('',*,*,#1407,.T.);
#1822=ORIENTED_EDGE('',*,*,#1408,.F.);
#1823=ORIENTED_EDGE('',*,*,#1407,.F.);
#1824=ORIENTED_EDGE('',*,*,#1409,.F.);
#1825=ORIENTED_EDGE('',*,*,#1410,.T.);
#1826=ORIENTED_EDGE('',*,*,#1411,.T.);
#1827=ORIENTED_EDGE('',*,*,#1410,.F.);
#1828=ORIENTED_EDGE('',*,*,#1409,.T.);
#1829=ORIENTED_EDGE('',*,*,#1408,.T.);
#1830=ORIENTED_EDGE('',*,*,#1411,.F.);
#1831=ORIENTED_EDGE('',*,*,#1406,.F.);
#1832=ORIENTED_EDGE('',*,*,#1412,.T.);
#1833=ORIENTED_EDGE('',*,*,#1413,.T.);
#1834=ORIENTED_EDGE('',*,*,#1414,.F.);
#1835=ORIENTED_EDGE('',*,*,#1413,.F.);
#1836=ORIENTED_EDGE('',*,*,#1415,.F.);
#1837=ORIENTED_EDGE('',*,*,#1416,.T.);
#1838=ORIENTED_EDGE('',*,*,#1417,.T.);
#1839=ORIENTED_EDGE('',*,*,#1416,.F.);
#1840=ORIENTED_EDGE('',*,*,#1415,.T.);
#1841=ORIENTED_EDGE('',*,*,#1414,.T.);
#1842=ORIENTED_EDGE('',*,*,#1417,.F.);
#1843=ORIENTED_EDGE('',*,*,#1412,.F.);
#1844=ORIENTED_EDGE('',*,*,#1418,.T.);
#1845=ORIENTED_EDGE('',*,*,#1419,.T.);
#1846=ORIENTED_EDGE('',*,*,#1420,.F.);
#1847=ORIENTED_EDGE('',*,*,#1419,.F.);
#1848=ORIENTED_EDGE('',*,*,#1421,.F.);
#1849=ORIENTED_EDGE('',*,*,#1422,.T.);
#1850=ORIENTED_EDGE('',*,*,#1423,.T.);
#1851=ORIENTED_EDGE('',*,*,#1422,.F.);
#1852=ORIENTED_EDGE('',*,*,#1421,.T.);
#1853=ORIENTED_EDGE('',*,*,#1420,.T.);
#1854=ORIENTED_EDGE('',*,*,#1423,.F.);
#1855=ORIENTED_EDGE('',*,*,#1418,.F.);
#1856=ORIENTED_EDGE('',*,*,#1424,.F.);
#1857=ORIENTED_EDGE('',*,*,#1425,.T.);
#1858=ORIENTED_EDGE('',*,*,#1426,.T.);
#1859=ORIENTED_EDGE('',*,*,#1425,.F.);
#1860=ORIENTED_EDGE('',*,*,#1424,.T.);
#1861=ORIENTED_EDGE('',*,*,#1426,.F.);
#1862=ORIENTED_EDGE('',*,*,#1427,.F.);
#1863=ORIENTED_EDGE('',*,*,#1428,.T.);
#1864=ORIENTED_EDGE('',*,*,#1429,.T.);
#1865=ORIENTED_EDGE('',*,*,#1428,.F.);
#1866=ORIENTED_EDGE('',*,*,#1427,.T.);
#1867=ORIENTED_EDGE('',*,*,#1429,.F.);
#1868=ORIENTED_EDGE('',*,*,#1430,.F.);
#1869=ORIENTED_EDGE('',*,*,#1431,.T.);
#1870=ORIENTED_EDGE('',*,*,#1432,.T.);
#1871=ORIENTED_EDGE('',*,*,#1431,.F.);
#1872=ORIENTED_EDGE('',*,*,#1430,.T.);
#1873=ORIENTED_EDGE('',*,*,#1432,.F.);
#1874=ORIENTED_EDGE('',*,*,#1433,.F.);
#1875=ORIENTED_EDGE('',*,*,#1434,.T.);
#1876=ORIENTED_EDGE('',*,*,#1435,.T.);
#1877=ORIENTED_EDGE('',*,*,#1434,.F.);
#1878=ORIENTED_EDGE('',*,*,#1433,.T.);
#1879=ORIENTED_EDGE('',*,*,#1435,.F.);
#1880=ORIENTED_EDGE('',*,*,#1436,.T.);
#1881=ORIENTED_EDGE('',*,*,#1437,.T.);
#1882=ORIENTED_EDGE('',*,*,#1438,.T.);
#1883=ORIENTED_EDGE('',*,*,#1439,.T.);
#1884=ORIENTED_EDGE('',*,*,#1440,.T.);
#1885=ORIENTED_EDGE('',*,*,#1441,.T.);
#1886=ORIENTED_EDGE('',*,*,#1442,.T.);
#1887=ORIENTED_EDGE('',*,*,#1443,.T.);
#1888=ORIENTED_EDGE('',*,*,#1444,.T.);
#1889=ORIENTED_EDGE('',*,*,#1445,.T.);
#1890=ORIENTED_EDGE('',*,*,#1446,.T.);
#1891=ORIENTED_EDGE('',*,*,#1447,.T.);
#1892=ORIENTED_EDGE('',*,*,#1448,.T.);
#1893=ORIENTED_EDGE('',*,*,#1449,.T.);
#1894=ORIENTED_EDGE('',*,*,#1447,.F.);
#1895=ORIENTED_EDGE('',*,*,#1449,.F.);
#1896=ORIENTED_EDGE('',*,*,#1450,.T.);
#1897=ORIENTED_EDGE('',*,*,#1451,.T.);
#1898=ORIENTED_EDGE('',*,*,#1446,.F.);
#1899=ORIENTED_EDGE('',*,*,#1451,.F.);
#1900=ORIENTED_EDGE('',*,*,#1452,.T.);
#1901=ORIENTED_EDGE('',*,*,#1453,.T.);
#1902=ORIENTED_EDGE('',*,*,#1445,.F.);
#1903=ORIENTED_EDGE('',*,*,#1454,.F.);
#1904=ORIENTED_EDGE('',*,*,#1455,.F.);
#1905=ORIENTED_EDGE('',*,*,#1454,.T.);
#1906=ORIENTED_EDGE('',*,*,#1444,.F.);
#1907=ORIENTED_EDGE('',*,*,#1456,.F.);
#1908=ORIENTED_EDGE('',*,*,#1457,.T.);
#1909=ORIENTED_EDGE('',*,*,#1456,.T.);
#1910=ORIENTED_EDGE('',*,*,#1443,.F.);
#1911=ORIENTED_EDGE('',*,*,#1458,.F.);
#1912=ORIENTED_EDGE('',*,*,#1459,.F.);
#1913=ORIENTED_EDGE('',*,*,#1458,.T.);
#1914=ORIENTED_EDGE('',*,*,#1442,.F.);
#1915=ORIENTED_EDGE('',*,*,#1460,.F.);
#1916=ORIENTED_EDGE('',*,*,#1461,.T.);
#1917=ORIENTED_EDGE('',*,*,#1460,.T.);
#1918=ORIENTED_EDGE('',*,*,#1441,.F.);
#1919=ORIENTED_EDGE('',*,*,#1462,.F.);
#1920=ORIENTED_EDGE('',*,*,#1463,.T.);
#1921=ORIENTED_EDGE('',*,*,#1462,.T.);
#1922=ORIENTED_EDGE('',*,*,#1440,.F.);
#1923=ORIENTED_EDGE('',*,*,#1464,.F.);
#1924=ORIENTED_EDGE('',*,*,#1465,.T.);
#1925=ORIENTED_EDGE('',*,*,#1464,.T.);
#1926=ORIENTED_EDGE('',*,*,#1439,.F.);
#1927=ORIENTED_EDGE('',*,*,#1466,.F.);
#1928=ORIENTED_EDGE('',*,*,#1467,.T.);
#1929=ORIENTED_EDGE('',*,*,#1466,.T.);
#1930=ORIENTED_EDGE('',*,*,#1438,.F.);
#1931=ORIENTED_EDGE('',*,*,#1468,.F.);
#1932=ORIENTED_EDGE('',*,*,#1469,.T.);
#1933=ORIENTED_EDGE('',*,*,#1468,.T.);
#1934=ORIENTED_EDGE('',*,*,#1437,.F.);
#1935=ORIENTED_EDGE('',*,*,#1470,.F.);
#1936=ORIENTED_EDGE('',*,*,#1471,.T.);
#1937=ORIENTED_EDGE('',*,*,#1470,.T.);
#1938=ORIENTED_EDGE('',*,*,#1436,.F.);
#1939=ORIENTED_EDGE('',*,*,#1453,.F.);
#1940=ORIENTED_EDGE('',*,*,#1471,.F.);
#1941=ORIENTED_EDGE('',*,*,#1452,.F.);
#1942=ORIENTED_EDGE('',*,*,#1455,.T.);
#1943=ORIENTED_EDGE('',*,*,#1457,.F.);
#1944=ORIENTED_EDGE('',*,*,#1459,.T.);
#1945=ORIENTED_EDGE('',*,*,#1461,.F.);
#1946=ORIENTED_EDGE('',*,*,#1463,.F.);
#1947=ORIENTED_EDGE('',*,*,#1465,.F.);
#1948=ORIENTED_EDGE('',*,*,#1467,.F.);
#1949=ORIENTED_EDGE('',*,*,#1469,.F.);
#1950=ORIENTED_EDGE('',*,*,#1450,.F.);
#1951=ORIENTED_EDGE('',*,*,#1448,.F.);
#1952=ORIENTED_EDGE('',*,*,#1472,.T.);
#1953=ORIENTED_EDGE('',*,*,#1473,.T.);
#1954=ORIENTED_EDGE('',*,*,#1474,.T.);
#1955=ORIENTED_EDGE('',*,*,#1475,.T.);
#1956=ORIENTED_EDGE('',*,*,#1476,.T.);
#1957=ORIENTED_EDGE('',*,*,#1477,.T.);
#1958=ORIENTED_EDGE('',*,*,#1478,.T.);
#1959=ORIENTED_EDGE('',*,*,#1479,.T.);
#1960=ORIENTED_EDGE('',*,*,#1480,.T.);
#1961=ORIENTED_EDGE('',*,*,#1481,.T.);
#1962=ORIENTED_EDGE('',*,*,#1482,.T.);
#1963=ORIENTED_EDGE('',*,*,#1483,.T.);
#1964=ORIENTED_EDGE('',*,*,#1481,.F.);
#1965=ORIENTED_EDGE('',*,*,#1483,.F.);
#1966=ORIENTED_EDGE('',*,*,#1484,.T.);
#1967=ORIENTED_EDGE('',*,*,#1485,.T.);
#1968=ORIENTED_EDGE('',*,*,#1480,.F.);
#1969=ORIENTED_EDGE('',*,*,#1485,.F.);
#1970=ORIENTED_EDGE('',*,*,#1486,.F.);
#1971=ORIENTED_EDGE('',*,*,#1487,.T.);
#1972=ORIENTED_EDGE('',*,*,#1479,.F.);
#1973=ORIENTED_EDGE('',*,*,#1488,.F.);
#1974=ORIENTED_EDGE('',*,*,#1489,.T.);
#1975=ORIENTED_EDGE('',*,*,#1488,.T.);
#1976=ORIENTED_EDGE('',*,*,#1478,.F.);
#1977=ORIENTED_EDGE('',*,*,#1490,.F.);
#1978=ORIENTED_EDGE('',*,*,#1491,.F.);
#1979=ORIENTED_EDGE('',*,*,#1490,.T.);
#1980=ORIENTED_EDGE('',*,*,#1477,.F.);
#1981=ORIENTED_EDGE('',*,*,#1492,.F.);
#1982=ORIENTED_EDGE('',*,*,#1493,.F.);
#1983=ORIENTED_EDGE('',*,*,#1492,.T.);
#1984=ORIENTED_EDGE('',*,*,#1476,.F.);
#1985=ORIENTED_EDGE('',*,*,#1494,.F.);
#1986=ORIENTED_EDGE('',*,*,#1495,.F.);
#1987=ORIENTED_EDGE('',*,*,#1494,.T.);
#1988=ORIENTED_EDGE('',*,*,#1475,.F.);
#1989=ORIENTED_EDGE('',*,*,#1496,.F.);
#1990=ORIENTED_EDGE('',*,*,#1497,.F.);
#1991=ORIENTED_EDGE('',*,*,#1496,.T.);
#1992=ORIENTED_EDGE('',*,*,#1474,.F.);
#1993=ORIENTED_EDGE('',*,*,#1498,.F.);
#1994=ORIENTED_EDGE('',*,*,#1499,.F.);
#1995=ORIENTED_EDGE('',*,*,#1498,.T.);
#1996=ORIENTED_EDGE('',*,*,#1473,.F.);
#1997=ORIENTED_EDGE('',*,*,#1500,.F.);
#1998=ORIENTED_EDGE('',*,*,#1501,.T.);
#1999=ORIENTED_EDGE('',*,*,#1500,.T.);
#2000=ORIENTED_EDGE('',*,*,#1472,.F.);
#2001=ORIENTED_EDGE('',*,*,#1487,.F.);
#2002=ORIENTED_EDGE('',*,*,#1501,.F.);
#2003=ORIENTED_EDGE('',*,*,#1486,.T.);
#2004=ORIENTED_EDGE('',*,*,#1489,.F.);
#2005=ORIENTED_EDGE('',*,*,#1491,.T.);
#2006=ORIENTED_EDGE('',*,*,#1493,.T.);
#2007=ORIENTED_EDGE('',*,*,#1495,.T.);
#2008=ORIENTED_EDGE('',*,*,#1497,.T.);
#2009=ORIENTED_EDGE('',*,*,#1499,.T.);
#2010=ORIENTED_EDGE('',*,*,#1484,.F.);
#2011=ORIENTED_EDGE('',*,*,#1482,.F.);
#2012=ORIENTED_EDGE('',*,*,#1502,.F.);
#2013=ORIENTED_EDGE('',*,*,#1503,.T.);
#2014=ORIENTED_EDGE('',*,*,#1504,.T.);
#2015=ORIENTED_EDGE('',*,*,#1503,.F.);
#2016=ORIENTED_EDGE('',*,*,#1505,.F.);
#2017=ORIENTED_EDGE('',*,*,#1506,.T.);
#2018=ORIENTED_EDGE('',*,*,#1507,.T.);
#2019=ORIENTED_EDGE('',*,*,#1506,.F.);
#2020=ORIENTED_EDGE('',*,*,#1505,.T.);
#2021=ORIENTED_EDGE('',*,*,#1502,.T.);
#2022=ORIENTED_EDGE('',*,*,#1507,.F.);
#2023=ORIENTED_EDGE('',*,*,#1504,.F.);
#2024=ORIENTED_EDGE('',*,*,#1508,.F.);
#2025=ORIENTED_EDGE('',*,*,#1509,.T.);
#2026=ORIENTED_EDGE('',*,*,#1510,.T.);
#2027=ORIENTED_EDGE('',*,*,#1509,.F.);
#2028=ORIENTED_EDGE('',*,*,#1511,.F.);
#2029=ORIENTED_EDGE('',*,*,#1512,.T.);
#2030=ORIENTED_EDGE('',*,*,#1513,.T.);
#2031=ORIENTED_EDGE('',*,*,#1512,.F.);
#2032=ORIENTED_EDGE('',*,*,#1511,.T.);
#2033=ORIENTED_EDGE('',*,*,#1508,.T.);
#2034=ORIENTED_EDGE('',*,*,#1513,.F.);
#2035=ORIENTED_EDGE('',*,*,#1510,.F.);
#2036=ORIENTED_EDGE('',*,*,#1514,.F.);
#2037=ORIENTED_EDGE('',*,*,#1515,.T.);
#2038=ORIENTED_EDGE('',*,*,#1516,.T.);
#2039=ORIENTED_EDGE('',*,*,#1515,.F.);
#2040=ORIENTED_EDGE('',*,*,#1517,.F.);
#2041=ORIENTED_EDGE('',*,*,#1518,.T.);
#2042=ORIENTED_EDGE('',*,*,#1519,.T.);
#2043=ORIENTED_EDGE('',*,*,#1518,.F.);
#2044=ORIENTED_EDGE('',*,*,#1517,.T.);
#2045=ORIENTED_EDGE('',*,*,#1514,.T.);
#2046=ORIENTED_EDGE('',*,*,#1519,.F.);
#2047=ORIENTED_EDGE('',*,*,#1516,.F.);
#2048=ORIENTED_EDGE('',*,*,#1520,.F.);
#2049=ORIENTED_EDGE('',*,*,#1521,.T.);
#2050=ORIENTED_EDGE('',*,*,#1522,.T.);
#2051=ORIENTED_EDGE('',*,*,#1521,.F.);
#2052=ORIENTED_EDGE('',*,*,#1523,.F.);
#2053=ORIENTED_EDGE('',*,*,#1524,.T.);
#2054=ORIENTED_EDGE('',*,*,#1525,.T.);
#2055=ORIENTED_EDGE('',*,*,#1524,.F.);
#2056=ORIENTED_EDGE('',*,*,#1523,.T.);
#2057=ORIENTED_EDGE('',*,*,#1520,.T.);
#2058=ORIENTED_EDGE('',*,*,#1525,.F.);
#2059=ORIENTED_EDGE('',*,*,#1522,.F.);
#2060=ORIENTED_EDGE('',*,*,#1526,.F.);
#2061=ORIENTED_EDGE('',*,*,#1527,.T.);
#2062=ORIENTED_EDGE('',*,*,#1528,.T.);
#2063=ORIENTED_EDGE('',*,*,#1527,.F.);
#2064=ORIENTED_EDGE('',*,*,#1526,.T.);
#2065=ORIENTED_EDGE('',*,*,#1528,.F.);
#2066=ORIENTED_EDGE('',*,*,#1529,.F.);
#2067=ORIENTED_EDGE('',*,*,#1530,.T.);
#2068=ORIENTED_EDGE('',*,*,#1531,.T.);
#2069=ORIENTED_EDGE('',*,*,#1530,.F.);
#2070=ORIENTED_EDGE('',*,*,#1529,.T.);
#2071=ORIENTED_EDGE('',*,*,#1531,.F.);
#2072=ORIENTED_EDGE('',*,*,#1532,.F.);
#2073=ORIENTED_EDGE('',*,*,#1533,.T.);
#2074=ORIENTED_EDGE('',*,*,#1534,.T.);
#2075=ORIENTED_EDGE('',*,*,#1533,.F.);
#2076=ORIENTED_EDGE('',*,*,#1532,.T.);
#2077=ORIENTED_EDGE('',*,*,#1534,.F.);
#2078=ORIENTED_EDGE('',*,*,#1535,.F.);
#2079=ORIENTED_EDGE('',*,*,#1536,.T.);
#2080=ORIENTED_EDGE('',*,*,#1537,.T.);
#2081=ORIENTED_EDGE('',*,*,#1536,.F.);
#2082=ORIENTED_EDGE('',*,*,#1535,.T.);
#2083=ORIENTED_EDGE('',*,*,#1537,.F.);
#2084=ORIENTED_EDGE('',*,*,#1538,.F.);
#2085=ORIENTED_EDGE('',*,*,#1539,.T.);
#2086=ORIENTED_EDGE('',*,*,#1540,.T.);
#2087=ORIENTED_EDGE('',*,*,#1539,.F.);
#2088=ORIENTED_EDGE('',*,*,#1541,.F.);
#2089=ORIENTED_EDGE('',*,*,#1542,.T.);
#2090=ORIENTED_EDGE('',*,*,#1543,.T.);
#2091=ORIENTED_EDGE('',*,*,#1542,.F.);
#2092=ORIENTED_EDGE('',*,*,#1544,.T.);
#2093=ORIENTED_EDGE('',*,*,#1545,.T.);
#2094=ORIENTED_EDGE('',*,*,#1546,.F.);
#2095=ORIENTED_EDGE('',*,*,#1547,.F.);
#2096=ORIENTED_EDGE('',*,*,#1548,.F.);
#2097=ORIENTED_EDGE('',*,*,#1547,.T.);
#2098=ORIENTED_EDGE('',*,*,#1549,.F.);
#2099=ORIENTED_EDGE('',*,*,#1550,.F.);
#2100=ORIENTED_EDGE('',*,*,#1551,.T.);
#2101=ORIENTED_EDGE('',*,*,#1550,.T.);
#2102=ORIENTED_EDGE('',*,*,#1552,.F.);
#2103=ORIENTED_EDGE('',*,*,#1553,.F.);
#2104=ORIENTED_EDGE('',*,*,#1554,.F.);
#2105=ORIENTED_EDGE('',*,*,#1553,.T.);
#2106=ORIENTED_EDGE('',*,*,#1555,.F.);
#2107=ORIENTED_EDGE('',*,*,#1556,.F.);
#2108=ORIENTED_EDGE('',*,*,#1557,.T.);
#2109=ORIENTED_EDGE('',*,*,#1556,.T.);
#2110=ORIENTED_EDGE('',*,*,#1558,.F.);
#2111=ORIENTED_EDGE('',*,*,#1559,.F.);
#2112=ORIENTED_EDGE('',*,*,#1560,.T.);
#2113=ORIENTED_EDGE('',*,*,#1559,.T.);
#2114=ORIENTED_EDGE('',*,*,#1561,.F.);
#2115=ORIENTED_EDGE('',*,*,#1562,.F.);
#2116=ORIENTED_EDGE('',*,*,#1563,.T.);
#2117=ORIENTED_EDGE('',*,*,#1562,.T.);
#2118=ORIENTED_EDGE('',*,*,#1564,.F.);
#2119=ORIENTED_EDGE('',*,*,#1565,.F.);
#2120=ORIENTED_EDGE('',*,*,#1566,.T.);
#2121=ORIENTED_EDGE('',*,*,#1565,.T.);
#2122=ORIENTED_EDGE('',*,*,#1567,.F.);
#2123=ORIENTED_EDGE('',*,*,#1568,.F.);
#2124=ORIENTED_EDGE('',*,*,#1569,.T.);
#2125=ORIENTED_EDGE('',*,*,#1568,.T.);
#2126=ORIENTED_EDGE('',*,*,#1570,.F.);
#2127=ORIENTED_EDGE('',*,*,#1571,.F.);
#2128=ORIENTED_EDGE('',*,*,#1572,.T.);
#2129=ORIENTED_EDGE('',*,*,#1571,.T.);
#2130=ORIENTED_EDGE('',*,*,#1573,.F.);
#2131=ORIENTED_EDGE('',*,*,#1545,.F.);
#2132=ORIENTED_EDGE('',*,*,#1573,.T.);
#2133=ORIENTED_EDGE('',*,*,#1570,.T.);
#2134=ORIENTED_EDGE('',*,*,#1567,.T.);
#2135=ORIENTED_EDGE('',*,*,#1564,.T.);
#2136=ORIENTED_EDGE('',*,*,#1561,.T.);
#2137=ORIENTED_EDGE('',*,*,#1558,.T.);
#2138=ORIENTED_EDGE('',*,*,#1555,.T.);
#2139=ORIENTED_EDGE('',*,*,#1552,.T.);
#2140=ORIENTED_EDGE('',*,*,#1549,.T.);
#2141=ORIENTED_EDGE('',*,*,#1546,.T.);
#2142=ORIENTED_EDGE('',*,*,#1541,.T.);
#2143=ORIENTED_EDGE('',*,*,#1538,.T.);
#2144=ORIENTED_EDGE('',*,*,#1572,.F.);
#2145=ORIENTED_EDGE('',*,*,#1544,.F.);
#2146=ORIENTED_EDGE('',*,*,#1548,.T.);
#2147=ORIENTED_EDGE('',*,*,#1551,.F.);
#2148=ORIENTED_EDGE('',*,*,#1554,.T.);
#2149=ORIENTED_EDGE('',*,*,#1557,.F.);
#2150=ORIENTED_EDGE('',*,*,#1560,.F.);
#2151=ORIENTED_EDGE('',*,*,#1563,.F.);
#2152=ORIENTED_EDGE('',*,*,#1566,.F.);
#2153=ORIENTED_EDGE('',*,*,#1569,.F.);
#2154=ORIENTED_EDGE('',*,*,#1543,.F.);
#2155=ORIENTED_EDGE('',*,*,#1540,.F.);
#2156=ORIENTED_EDGE('',*,*,#1574,.F.);
#2157=ORIENTED_EDGE('',*,*,#1575,.T.);
#2158=ORIENTED_EDGE('',*,*,#1576,.T.);
#2159=ORIENTED_EDGE('',*,*,#1575,.F.);
#2160=ORIENTED_EDGE('',*,*,#1577,.F.);
#2161=ORIENTED_EDGE('',*,*,#1578,.T.);
#2162=ORIENTED_EDGE('',*,*,#1579,.T.);
#2163=ORIENTED_EDGE('',*,*,#1578,.F.);
#2164=ORIENTED_EDGE('',*,*,#1580,.F.);
#2165=ORIENTED_EDGE('',*,*,#1581,.T.);
#2166=ORIENTED_EDGE('',*,*,#1582,.F.);
#2167=ORIENTED_EDGE('',*,*,#1583,.F.);
#2168=ORIENTED_EDGE('',*,*,#1584,.T.);
#2169=ORIENTED_EDGE('',*,*,#1583,.T.);
#2170=ORIENTED_EDGE('',*,*,#1585,.F.);
#2171=ORIENTED_EDGE('',*,*,#1586,.F.);
#2172=ORIENTED_EDGE('',*,*,#1587,.F.);
#2173=ORIENTED_EDGE('',*,*,#1586,.T.);
#2174=ORIENTED_EDGE('',*,*,#1588,.F.);
#2175=ORIENTED_EDGE('',*,*,#1589,.F.);
#2176=ORIENTED_EDGE('',*,*,#1590,.F.);
#2177=ORIENTED_EDGE('',*,*,#1589,.T.);
#2178=ORIENTED_EDGE('',*,*,#1591,.F.);
#2179=ORIENTED_EDGE('',*,*,#1592,.F.);
#2180=ORIENTED_EDGE('',*,*,#1593,.F.);
#2181=ORIENTED_EDGE('',*,*,#1592,.T.);
#2182=ORIENTED_EDGE('',*,*,#1594,.F.);
#2183=ORIENTED_EDGE('',*,*,#1595,.F.);
#2184=ORIENTED_EDGE('',*,*,#1596,.F.);
#2185=ORIENTED_EDGE('',*,*,#1595,.T.);
#2186=ORIENTED_EDGE('',*,*,#1597,.F.);
#2187=ORIENTED_EDGE('',*,*,#1598,.F.);
#2188=ORIENTED_EDGE('',*,*,#1599,.F.);
#2189=ORIENTED_EDGE('',*,*,#1598,.T.);
#2190=ORIENTED_EDGE('',*,*,#1600,.F.);
#2191=ORIENTED_EDGE('',*,*,#1601,.F.);
#2192=ORIENTED_EDGE('',*,*,#1602,.T.);
#2193=ORIENTED_EDGE('',*,*,#1601,.T.);
#2194=ORIENTED_EDGE('',*,*,#1603,.F.);
#2195=ORIENTED_EDGE('',*,*,#1581,.F.);
#2196=ORIENTED_EDGE('',*,*,#1603,.T.);
#2197=ORIENTED_EDGE('',*,*,#1600,.T.);
#2198=ORIENTED_EDGE('',*,*,#1597,.T.);
#2199=ORIENTED_EDGE('',*,*,#1594,.T.);
#2200=ORIENTED_EDGE('',*,*,#1591,.T.);
#2201=ORIENTED_EDGE('',*,*,#1588,.T.);
#2202=ORIENTED_EDGE('',*,*,#1585,.T.);
#2203=ORIENTED_EDGE('',*,*,#1582,.T.);
#2204=ORIENTED_EDGE('',*,*,#1577,.T.);
#2205=ORIENTED_EDGE('',*,*,#1574,.T.);
#2206=ORIENTED_EDGE('',*,*,#1602,.F.);
#2207=ORIENTED_EDGE('',*,*,#1580,.T.);
#2208=ORIENTED_EDGE('',*,*,#1584,.F.);
#2209=ORIENTED_EDGE('',*,*,#1587,.T.);
#2210=ORIENTED_EDGE('',*,*,#1590,.T.);
#2211=ORIENTED_EDGE('',*,*,#1593,.T.);
#2212=ORIENTED_EDGE('',*,*,#1596,.T.);
#2213=ORIENTED_EDGE('',*,*,#1599,.T.);
#2214=ORIENTED_EDGE('',*,*,#1579,.F.);
#2215=ORIENTED_EDGE('',*,*,#1576,.F.);
#2216=ORIENTED_EDGE('',*,*,#1604,.F.);
#2217=ORIENTED_EDGE('',*,*,#1605,.T.);
#2218=ORIENTED_EDGE('',*,*,#1606,.F.);
#2219=ORIENTED_EDGE('',*,*,#1607,.F.);
#2220=ORIENTED_EDGE('',*,*,#1608,.F.);
#2221=ORIENTED_EDGE('',*,*,#1607,.T.);
#2222=ORIENTED_EDGE('',*,*,#1609,.F.);
#2223=ORIENTED_EDGE('',*,*,#1610,.F.);
#2224=ORIENTED_EDGE('',*,*,#1611,.F.);
#2225=ORIENTED_EDGE('',*,*,#1610,.T.);
#2226=ORIENTED_EDGE('',*,*,#1612,.F.);
#2227=ORIENTED_EDGE('',*,*,#1613,.F.);
#2228=ORIENTED_EDGE('',*,*,#1614,.T.);
#2229=ORIENTED_EDGE('',*,*,#1613,.T.);
#2230=ORIENTED_EDGE('',*,*,#1615,.F.);
#2231=ORIENTED_EDGE('',*,*,#1616,.F.);
#2232=ORIENTED_EDGE('',*,*,#1617,.F.);
#2233=ORIENTED_EDGE('',*,*,#1616,.T.);
#2234=ORIENTED_EDGE('',*,*,#1618,.F.);
#2235=ORIENTED_EDGE('',*,*,#1619,.F.);
#2236=ORIENTED_EDGE('',*,*,#1620,.F.);
#2237=ORIENTED_EDGE('',*,*,#1619,.T.);
#2238=ORIENTED_EDGE('',*,*,#1621,.F.);
#2239=ORIENTED_EDGE('',*,*,#1622,.F.);
#2240=ORIENTED_EDGE('',*,*,#1623,.T.);
#2241=ORIENTED_EDGE('',*,*,#1622,.T.);
#2242=ORIENTED_EDGE('',*,*,#1624,.F.);
#2243=ORIENTED_EDGE('',*,*,#1625,.F.);
#2244=ORIENTED_EDGE('',*,*,#1626,.F.);
#2245=ORIENTED_EDGE('',*,*,#1625,.T.);
#2246=ORIENTED_EDGE('',*,*,#1627,.F.);
#2247=ORIENTED_EDGE('',*,*,#1628,.F.);
#2248=ORIENTED_EDGE('',*,*,#1629,.T.);
#2249=ORIENTED_EDGE('',*,*,#1628,.T.);
#2250=ORIENTED_EDGE('',*,*,#1630,.F.);
#2251=ORIENTED_EDGE('',*,*,#1631,.F.);
#2252=ORIENTED_EDGE('',*,*,#1632,.F.);
#2253=ORIENTED_EDGE('',*,*,#1631,.T.);
#2254=ORIENTED_EDGE('',*,*,#1633,.F.);
#2255=ORIENTED_EDGE('',*,*,#1634,.F.);
#2256=ORIENTED_EDGE('',*,*,#1635,.T.);
#2257=ORIENTED_EDGE('',*,*,#1634,.T.);
#2258=ORIENTED_EDGE('',*,*,#1636,.F.);
#2259=ORIENTED_EDGE('',*,*,#1637,.F.);
#2260=ORIENTED_EDGE('',*,*,#1638,.F.);
#2261=ORIENTED_EDGE('',*,*,#1637,.T.);
#2262=ORIENTED_EDGE('',*,*,#1639,.F.);
#2263=ORIENTED_EDGE('',*,*,#1640,.F.);
#2264=ORIENTED_EDGE('',*,*,#1641,.F.);
#2265=ORIENTED_EDGE('',*,*,#1640,.T.);
#2266=ORIENTED_EDGE('',*,*,#1642,.F.);
#2267=ORIENTED_EDGE('',*,*,#1643,.F.);
#2268=ORIENTED_EDGE('',*,*,#1644,.F.);
#2269=ORIENTED_EDGE('',*,*,#1643,.T.);
#2270=ORIENTED_EDGE('',*,*,#1645,.F.);
#2271=ORIENTED_EDGE('',*,*,#1646,.F.);
#2272=ORIENTED_EDGE('',*,*,#1647,.F.);
#2273=ORIENTED_EDGE('',*,*,#1646,.T.);
#2274=ORIENTED_EDGE('',*,*,#1648,.F.);
#2275=ORIENTED_EDGE('',*,*,#1649,.F.);
#2276=ORIENTED_EDGE('',*,*,#1650,.F.);
#2277=ORIENTED_EDGE('',*,*,#1649,.T.);
#2278=ORIENTED_EDGE('',*,*,#1651,.F.);
#2279=ORIENTED_EDGE('',*,*,#1652,.F.);
#2280=ORIENTED_EDGE('',*,*,#1653,.F.);
#2281=ORIENTED_EDGE('',*,*,#1652,.T.);
#2282=ORIENTED_EDGE('',*,*,#1654,.F.);
#2283=ORIENTED_EDGE('',*,*,#1655,.F.);
#2284=ORIENTED_EDGE('',*,*,#1656,.F.);
#2285=ORIENTED_EDGE('',*,*,#1655,.T.);
#2286=ORIENTED_EDGE('',*,*,#1657,.F.);
#2287=ORIENTED_EDGE('',*,*,#1658,.F.);
#2288=ORIENTED_EDGE('',*,*,#1659,.T.);
#2289=ORIENTED_EDGE('',*,*,#1658,.T.);
#2290=ORIENTED_EDGE('',*,*,#1660,.F.);
#2291=ORIENTED_EDGE('',*,*,#1661,.F.);
#2292=ORIENTED_EDGE('',*,*,#1662,.F.);
#2293=ORIENTED_EDGE('',*,*,#1661,.T.);
#2294=ORIENTED_EDGE('',*,*,#1663,.F.);
#2295=ORIENTED_EDGE('',*,*,#1664,.F.);
#2296=ORIENTED_EDGE('',*,*,#1665,.T.);
#2297=ORIENTED_EDGE('',*,*,#1664,.T.);
#2298=ORIENTED_EDGE('',*,*,#1666,.F.);
#2299=ORIENTED_EDGE('',*,*,#1667,.F.);
#2300=ORIENTED_EDGE('',*,*,#1668,.F.);
#2301=ORIENTED_EDGE('',*,*,#1667,.T.);
#2302=ORIENTED_EDGE('',*,*,#1669,.F.);
#2303=ORIENTED_EDGE('',*,*,#1670,.F.);
#2304=ORIENTED_EDGE('',*,*,#1671,.T.);
#2305=ORIENTED_EDGE('',*,*,#1670,.T.);
#2306=ORIENTED_EDGE('',*,*,#1672,.F.);
#2307=ORIENTED_EDGE('',*,*,#1673,.F.);
#2308=ORIENTED_EDGE('',*,*,#1674,.F.);
#2309=ORIENTED_EDGE('',*,*,#1673,.T.);
#2310=ORIENTED_EDGE('',*,*,#1675,.F.);
#2311=ORIENTED_EDGE('',*,*,#1605,.F.);
#2312=ORIENTED_EDGE('',*,*,#1675,.T.);
#2313=ORIENTED_EDGE('',*,*,#1672,.T.);
#2314=ORIENTED_EDGE('',*,*,#1669,.T.);
#2315=ORIENTED_EDGE('',*,*,#1666,.T.);
#2316=ORIENTED_EDGE('',*,*,#1663,.T.);
#2317=ORIENTED_EDGE('',*,*,#1660,.T.);
#2318=ORIENTED_EDGE('',*,*,#1657,.T.);
#2319=ORIENTED_EDGE('',*,*,#1654,.T.);
#2320=ORIENTED_EDGE('',*,*,#1651,.T.);
#2321=ORIENTED_EDGE('',*,*,#1648,.T.);
#2322=ORIENTED_EDGE('',*,*,#1645,.T.);
#2323=ORIENTED_EDGE('',*,*,#1642,.T.);
#2324=ORIENTED_EDGE('',*,*,#1639,.T.);
#2325=ORIENTED_EDGE('',*,*,#1636,.T.);
#2326=ORIENTED_EDGE('',*,*,#1633,.T.);
#2327=ORIENTED_EDGE('',*,*,#1630,.T.);
#2328=ORIENTED_EDGE('',*,*,#1627,.T.);
#2329=ORIENTED_EDGE('',*,*,#1624,.T.);
#2330=ORIENTED_EDGE('',*,*,#1621,.T.);
#2331=ORIENTED_EDGE('',*,*,#1618,.T.);
#2332=ORIENTED_EDGE('',*,*,#1615,.T.);
#2333=ORIENTED_EDGE('',*,*,#1612,.T.);
#2334=ORIENTED_EDGE('',*,*,#1609,.T.);
#2335=ORIENTED_EDGE('',*,*,#1606,.T.);
#2336=ORIENTED_EDGE('',*,*,#1674,.T.);
#2337=ORIENTED_EDGE('',*,*,#1604,.T.);
#2338=ORIENTED_EDGE('',*,*,#1608,.T.);
#2339=ORIENTED_EDGE('',*,*,#1611,.T.);
#2340=ORIENTED_EDGE('',*,*,#1614,.F.);
#2341=ORIENTED_EDGE('',*,*,#1617,.T.);
#2342=ORIENTED_EDGE('',*,*,#1620,.T.);
#2343=ORIENTED_EDGE('',*,*,#1623,.F.);
#2344=ORIENTED_EDGE('',*,*,#1626,.T.);
#2345=ORIENTED_EDGE('',*,*,#1629,.F.);
#2346=ORIENTED_EDGE('',*,*,#1632,.T.);
#2347=ORIENTED_EDGE('',*,*,#1635,.F.);
#2348=ORIENTED_EDGE('',*,*,#1638,.T.);
#2349=ORIENTED_EDGE('',*,*,#1641,.T.);
#2350=ORIENTED_EDGE('',*,*,#1644,.T.);
#2351=ORIENTED_EDGE('',*,*,#1647,.T.);
#2352=ORIENTED_EDGE('',*,*,#1650,.T.);
#2353=ORIENTED_EDGE('',*,*,#1653,.T.);
#2354=ORIENTED_EDGE('',*,*,#1656,.T.);
#2355=ORIENTED_EDGE('',*,*,#1659,.F.);
#2356=ORIENTED_EDGE('',*,*,#1662,.T.);
#2357=ORIENTED_EDGE('',*,*,#1665,.F.);
#2358=ORIENTED_EDGE('',*,*,#1668,.T.);
#2359=ORIENTED_EDGE('',*,*,#1671,.F.);
#2360=ORIENTED_EDGE('',*,*,#1676,.T.);
#2361=ORIENTED_EDGE('',*,*,#1677,.T.);
#2362=ORIENTED_EDGE('',*,*,#1678,.F.);
#2363=ORIENTED_EDGE('',*,*,#1679,.F.);
#2364=ORIENTED_EDGE('',*,*,#1680,.T.);
#2365=ORIENTED_EDGE('',*,*,#1679,.T.);
#2366=ORIENTED_EDGE('',*,*,#1681,.F.);
#2367=ORIENTED_EDGE('',*,*,#1682,.F.);
#2368=ORIENTED_EDGE('',*,*,#1683,.T.);
#2369=ORIENTED_EDGE('',*,*,#1682,.T.);
#2370=ORIENTED_EDGE('',*,*,#1684,.F.);
#2371=ORIENTED_EDGE('',*,*,#1685,.F.);
#2372=ORIENTED_EDGE('',*,*,#1686,.T.);
#2373=ORIENTED_EDGE('',*,*,#1685,.T.);
#2374=ORIENTED_EDGE('',*,*,#1687,.F.);
#2375=ORIENTED_EDGE('',*,*,#1677,.F.);
#2376=ORIENTED_EDGE('',*,*,#1687,.T.);
#2377=ORIENTED_EDGE('',*,*,#1684,.T.);
#2378=ORIENTED_EDGE('',*,*,#1681,.T.);
#2379=ORIENTED_EDGE('',*,*,#1678,.T.);
#2380=ORIENTED_EDGE('',*,*,#1686,.F.);
#2381=ORIENTED_EDGE('',*,*,#1676,.F.);
#2382=ORIENTED_EDGE('',*,*,#1680,.F.);
#2383=ORIENTED_EDGE('',*,*,#1683,.F.);
#2384=PLANE('',#2681);
#2385=PLANE('',#2696);
#2386=PLANE('',#2699);
#2387=PLANE('',#2702);
#2388=PLANE('',#2705);
#2389=PLANE('',#2714);
#2390=PLANE('',#2718);
#2391=PLANE('',#2720);
#2392=PLANE('',#2721);
#2393=PLANE('',#2724);
#2394=PLANE('',#2727);
#2395=PLANE('',#2734);
#2396=PLANE('',#2735);
#2397=PLANE('',#2742);
#2398=PLANE('',#2743);
#2399=PLANE('',#2750);
#2400=PLANE('',#2751);
#2401=PLANE('',#2758);
#2402=PLANE('',#2759);
#2403=PLANE('',#2763);
#2404=PLANE('',#2764);
#2405=PLANE('',#2768);
#2406=PLANE('',#2769);
#2407=PLANE('',#2773);
#2408=PLANE('',#2774);
#2409=PLANE('',#2778);
#2410=PLANE('',#2779);
#2411=PLANE('',#2780);
#2412=PLANE('',#2791);
#2413=PLANE('',#2794);
#2414=PLANE('',#2797);
#2415=PLANE('',#2798);
#2416=PLANE('',#2801);
#2417=PLANE('',#2804);
#2418=PLANE('',#2805);
#2419=PLANE('',#2806);
#2420=PLANE('',#2817);
#2421=PLANE('',#2820);
#2422=PLANE('',#2823);
#2423=PLANE('',#2826);
#2424=PLANE('',#2829);
#2425=PLANE('',#2837);
#2426=PLANE('',#2838);
#2427=PLANE('',#2845);
#2428=PLANE('',#2846);
#2429=PLANE('',#2853);
#2430=PLANE('',#2854);
#2431=PLANE('',#2861);
#2432=PLANE('',#2862);
#2433=PLANE('',#2866);
#2434=PLANE('',#2867);
#2435=PLANE('',#2871);
#2436=PLANE('',#2872);
#2437=PLANE('',#2876);
#2438=PLANE('',#2877);
#2439=PLANE('',#2881);
#2440=PLANE('',#2882);
#2441=PLANE('',#2889);
#2442=PLANE('',#2893);
#2443=PLANE('',#2897);
#2444=PLANE('',#2898);
#2445=PLANE('',#2902);
#2446=PLANE('',#2906);
#2447=PLANE('',#2907);
#2448=PLANE('',#2908);
#2449=PLANE('',#2915);
#2450=PLANE('',#2919);
#2451=PLANE('',#2923);
#2452=PLANE('',#2927);
#2453=PLANE('',#2931);
#2454=PLANE('',#2932);
#2455=PLANE('',#2933);
#2456=PLANE('',#2934);
#2457=PLANE('',#2935);
#2458=PLANE('',#2939);
#2459=PLANE('',#2940);
#2460=PLANE('',#2944);
#2461=PLANE('',#2948);
#2462=PLANE('',#2952);
#2463=PLANE('',#2953);
#2464=PLANE('',#2954);
#2465=PLANE('',#2955);
#2466=PLANE('',#2956);
#2467=PLANE('',#2957);
#2468=PLANE('',#2958);
#2469=PLANE('',#2962);
#2470=PLANE('',#2966);
#2471=PLANE('',#2970);
#2472=PLANE('',#2971);
#2473=PLANE('',#2972);
#2474=PLANE('',#2973);
#2475=PLANE('',#2974);
#2476=PLANE('',#2975);
#2477=PLANE('',#2976);
#2478=PLANE('',#2977);
#2479=PLANE('',#2978);
#2480=ADVANCED_FACE('',(#179,#138,#139,#140,#141,#142),#2384,.T.);
#2481=ADVANCED_FACE('',(#180),#71,.F.);
#2482=ADVANCED_FACE('',(#181),#2385,.T.);
#2483=ADVANCED_FACE('',(#182),#72,.F.);
#2484=ADVANCED_FACE('',(#183),#2386,.T.);
#2485=ADVANCED_FACE('',(#184),#73,.T.);
#2486=ADVANCED_FACE('',(#185),#2387,.T.);
#2487=ADVANCED_FACE('',(#186),#74,.T.);
#2488=ADVANCED_FACE('',(#187),#2388,.T.);
#2489=ADVANCED_FACE('',(#188),#75,.F.);
#2490=ADVANCED_FACE('',(#189),#76,.F.);
#2491=ADVANCED_FACE('',(#190),#77,.F.);
#2492=ADVANCED_FACE('',(#191),#78,.F.);
#2493=ADVANCED_FACE('',(#192),#2389,.T.);
#2494=ADVANCED_FACE('',(#193),#79,.F.);
#2495=ADVANCED_FACE('',(#194),#2390,.T.);
#2496=ADVANCED_FACE('',(#195),#80,.F.);
#2497=ADVANCED_FACE('',(#196),#2391,.T.);
#2498=ADVANCED_FACE('',(#197),#2392,.T.);
#2499=ADVANCED_FACE('',(#198),#81,.T.);
#2500=ADVANCED_FACE('',(#199),#2393,.T.);
#2501=ADVANCED_FACE('',(#200),#82,.T.);
#2502=ADVANCED_FACE('',(#201,#143,#144,#145,#146),#2394,.F.);
#2503=ADVANCED_FACE('',(#202),#83,.F.);
#2504=ADVANCED_FACE('',(#203),#84,.T.);
#2505=ADVANCED_FACE('',(#204,#147),#2395,.T.);
#2506=ADVANCED_FACE('',(#205,#148),#2396,.F.);
#2507=ADVANCED_FACE('',(#206),#85,.F.);
#2508=ADVANCED_FACE('',(#207),#86,.T.);
#2509=ADVANCED_FACE('',(#208,#149),#2397,.T.);
#2510=ADVANCED_FACE('',(#209,#150),#2398,.F.);
#2511=ADVANCED_FACE('',(#210),#87,.F.);
#2512=ADVANCED_FACE('',(#211),#88,.T.);
#2513=ADVANCED_FACE('',(#212,#151),#2399,.T.);
#2514=ADVANCED_FACE('',(#213,#152),#2400,.F.);
#2515=ADVANCED_FACE('',(#214),#89,.F.);
#2516=ADVANCED_FACE('',(#215),#90,.T.);
#2517=ADVANCED_FACE('',(#216,#153),#2401,.T.);
#2518=ADVANCED_FACE('',(#217,#154),#2402,.F.);
#2519=ADVANCED_FACE('',(#218),#91,.T.);
#2520=ADVANCED_FACE('',(#219),#2403,.T.);
#2521=ADVANCED_FACE('',(#220),#2404,.F.);
#2522=ADVANCED_FACE('',(#221),#92,.T.);
#2523=ADVANCED_FACE('',(#222),#2405,.T.);
#2524=ADVANCED_FACE('',(#223),#2406,.F.);
#2525=ADVANCED_FACE('',(#224),#93,.T.);
#2526=ADVANCED_FACE('',(#225),#2407,.T.);
#2527=ADVANCED_FACE('',(#226),#2408,.F.);
#2528=ADVANCED_FACE('',(#227),#94,.T.);
#2529=ADVANCED_FACE('',(#228),#2409,.T.);
#2530=ADVANCED_FACE('',(#229),#2410,.F.);
#2531=ADVANCED_FACE('',(#230,#155,#156),#2411,.T.);
#2532=ADVANCED_FACE('',(#231),#95,.F.);
#2533=ADVANCED_FACE('',(#232),#96,.F.);
#2534=ADVANCED_FACE('',(#233),#2412,.T.);
#2535=ADVANCED_FACE('',(#234),#97,.F.);
#2536=ADVANCED_FACE('',(#235),#2413,.T.);
#2537=ADVANCED_FACE('',(#236),#98,.F.);
#2538=ADVANCED_FACE('',(#237),#2414,.T.);
#2539=ADVANCED_FACE('',(#238),#2415,.T.);
#2540=ADVANCED_FACE('',(#239),#99,.T.);
#2541=ADVANCED_FACE('',(#240),#2416,.T.);
#2542=ADVANCED_FACE('',(#241),#100,.T.);
#2543=ADVANCED_FACE('',(#242),#2417,.T.);
#2544=ADVANCED_FACE('',(#243,#157,#158),#2418,.F.);
#2545=ADVANCED_FACE('',(#244,#159,#160),#2419,.T.);
#2546=ADVANCED_FACE('',(#245),#101,.F.);
#2547=ADVANCED_FACE('',(#246),#102,.F.);
#2548=ADVANCED_FACE('',(#247),#2420,.T.);
#2549=ADVANCED_FACE('',(#248),#103,.T.);
#2550=ADVANCED_FACE('',(#249),#2421,.T.);
#2551=ADVANCED_FACE('',(#250),#104,.F.);
#2552=ADVANCED_FACE('',(#251),#2422,.T.);
#2553=ADVANCED_FACE('',(#252),#105,.F.);
#2554=ADVANCED_FACE('',(#253),#2423,.T.);
#2555=ADVANCED_FACE('',(#254),#106,.T.);
#2556=ADVANCED_FACE('',(#255,#161,#162),#2424,.F.);
#2557=ADVANCED_FACE('',(#256),#107,.F.);
#2558=ADVANCED_FACE('',(#257),#108,.T.);
#2559=ADVANCED_FACE('',(#258,#163),#2425,.T.);
#2560=ADVANCED_FACE('',(#259,#164),#2426,.F.);
#2561=ADVANCED_FACE('',(#260),#109,.F.);
#2562=ADVANCED_FACE('',(#261),#110,.T.);
#2563=ADVANCED_FACE('',(#262,#165),#2427,.T.);
#2564=ADVANCED_FACE('',(#263,#166),#2428,.F.);
#2565=ADVANCED_FACE('',(#264),#111,.F.);
#2566=ADVANCED_FACE('',(#265),#112,.T.);
#2567=ADVANCED_FACE('',(#266,#167),#2429,.T.);
#2568=ADVANCED_FACE('',(#267,#168),#2430,.F.);
#2569=ADVANCED_FACE('',(#268),#113,.F.);
#2570=ADVANCED_FACE('',(#269),#114,.T.);
#2571=ADVANCED_FACE('',(#270,#169),#2431,.T.);
#2572=ADVANCED_FACE('',(#271,#170),#2432,.F.);
#2573=ADVANCED_FACE('',(#272),#115,.T.);
#2574=ADVANCED_FACE('',(#273),#2433,.T.);
#2575=ADVANCED_FACE('',(#274),#2434,.F.);
#2576=ADVANCED_FACE('',(#275),#116,.T.);
#2577=ADVANCED_FACE('',(#276),#2435,.T.);
#2578=ADVANCED_FACE('',(#277),#2436,.F.);
#2579=ADVANCED_FACE('',(#278),#117,.T.);
#2580=ADVANCED_FACE('',(#279),#2437,.T.);
#2581=ADVANCED_FACE('',(#280),#2438,.F.);
#2582=ADVANCED_FACE('',(#281),#118,.T.);
#2583=ADVANCED_FACE('',(#282),#2439,.T.);
#2584=ADVANCED_FACE('',(#283),#2440,.F.);
#2585=ADVANCED_FACE('',(#284),#119,.F.);
#2586=ADVANCED_FACE('',(#285),#120,.F.);
#2587=ADVANCED_FACE('',(#286),#2441,.T.);
#2588=ADVANCED_FACE('',(#287),#121,.F.);
#2589=ADVANCED_FACE('',(#288),#2442,.T.);
#2590=ADVANCED_FACE('',(#289),#122,.F.);
#2591=ADVANCED_FACE('',(#290),#2443,.T.);
#2592=ADVANCED_FACE('',(#291),#2444,.T.);
#2593=ADVANCED_FACE('',(#292),#123,.T.);
#2594=ADVANCED_FACE('',(#293),#2445,.T.);
#2595=ADVANCED_FACE('',(#294),#124,.T.);
#2596=ADVANCED_FACE('',(#295),#2446,.T.);
#2597=ADVANCED_FACE('',(#296,#171,#172),#2447,.T.);
#2598=ADVANCED_FACE('',(#297,#173,#174),#2448,.F.);
#2599=ADVANCED_FACE('',(#298),#125,.F.);
#2600=ADVANCED_FACE('',(#299),#126,.F.);
#2601=ADVANCED_FACE('',(#300),#2449,.T.);
#2602=ADVANCED_FACE('',(#301),#127,.T.);
#2603=ADVANCED_FACE('',(#302),#2450,.T.);
#2604=ADVANCED_FACE('',(#303),#128,.F.);
#2605=ADVANCED_FACE('',(#304),#2451,.T.);
#2606=ADVANCED_FACE('',(#305),#129,.F.);
#2607=ADVANCED_FACE('',(#306),#2452,.T.);
#2608=ADVANCED_FACE('',(#307),#130,.T.);
#2609=ADVANCED_FACE('',(#308,#175,#176),#2453,.T.);
#2610=ADVANCED_FACE('',(#309,#177,#178),#2454,.F.);
#2611=ADVANCED_FACE('',(#310),#2455,.T.);
#2612=ADVANCED_FACE('',(#311),#2456,.T.);
#2613=ADVANCED_FACE('',(#312),#2457,.T.);
#2614=ADVANCED_FACE('',(#313),#131,.T.);
#2615=ADVANCED_FACE('',(#314),#2458,.T.);
#2616=ADVANCED_FACE('',(#315),#2459,.T.);
#2617=ADVANCED_FACE('',(#316),#132,.T.);
#2618=ADVANCED_FACE('',(#317),#2460,.T.);
#2619=ADVANCED_FACE('',(#318),#133,.T.);
#2620=ADVANCED_FACE('',(#319),#2461,.T.);
#2621=ADVANCED_FACE('',(#320),#134,.T.);
#2622=ADVANCED_FACE('',(#321),#2462,.T.);
#2623=ADVANCED_FACE('',(#322),#2463,.T.);
#2624=ADVANCED_FACE('',(#323),#2464,.T.);
#2625=ADVANCED_FACE('',(#324),#2465,.T.);
#2626=ADVANCED_FACE('',(#325),#2466,.T.);
#2627=ADVANCED_FACE('',(#326),#2467,.T.);
#2628=ADVANCED_FACE('',(#327),#2468,.T.);
#2629=ADVANCED_FACE('',(#328),#135,.T.);
#2630=ADVANCED_FACE('',(#329),#2469,.T.);
#2631=ADVANCED_FACE('',(#330),#136,.T.);
#2632=ADVANCED_FACE('',(#331),#2470,.T.);
#2633=ADVANCED_FACE('',(#332),#137,.T.);
#2634=ADVANCED_FACE('',(#333),#2471,.T.);
#2635=ADVANCED_FACE('',(#334),#2472,.T.);
#2636=ADVANCED_FACE('',(#335),#2473,.F.);
#2637=ADVANCED_FACE('',(#336),#2474,.T.);
#2638=ADVANCED_FACE('',(#337),#2475,.T.);
#2639=ADVANCED_FACE('',(#338),#2476,.T.);
#2640=ADVANCED_FACE('',(#339),#2477,.T.);
#2641=ADVANCED_FACE('',(#340),#2478,.T.);
#2642=ADVANCED_FACE('',(#341),#2479,.F.);
#2643=CLOSED_SHELL('',(#2480,#2481,#2482,#2483,#2484,#2485,#2486,#2487,
#2488,#2489,#2490,#2491,#2492,#2493,#2494,#2495,#2496,#2497,#2498,#2499,
#2500,#2501,#2502));
#2644=CLOSED_SHELL('',(#2503,#2504,#2505,#2506));
#2645=CLOSED_SHELL('',(#2507,#2508,#2509,#2510));
#2646=CLOSED_SHELL('',(#2511,#2512,#2513,#2514));
#2647=CLOSED_SHELL('',(#2515,#2516,#2517,#2518));
#2648=CLOSED_SHELL('',(#2519,#2520,#2521));
#2649=CLOSED_SHELL('',(#2522,#2523,#2524));
#2650=CLOSED_SHELL('',(#2525,#2526,#2527));
#2651=CLOSED_SHELL('',(#2528,#2529,#2530));
#2652=CLOSED_SHELL('',(#2531,#2532,#2533,#2534,#2535,#2536,#2537,#2538,
#2539,#2540,#2541,#2542,#2543,#2544));
#2653=CLOSED_SHELL('',(#2545,#2546,#2547,#2548,#2549,#2550,#2551,#2552,
#2553,#2554,#2555,#2556));
#2654=CLOSED_SHELL('',(#2557,#2558,#2559,#2560));
#2655=CLOSED_SHELL('',(#2561,#2562,#2563,#2564));
#2656=CLOSED_SHELL('',(#2565,#2566,#2567,#2568));
#2657=CLOSED_SHELL('',(#2569,#2570,#2571,#2572));
#2658=CLOSED_SHELL('',(#2573,#2574,#2575));
#2659=CLOSED_SHELL('',(#2576,#2577,#2578));
#2660=CLOSED_SHELL('',(#2579,#2580,#2581));
#2661=CLOSED_SHELL('',(#2582,#2583,#2584));
#2662=CLOSED_SHELL('',(#2585,#2586,#2587,#2588,#2589,#2590,#2591,#2592,
#2593,#2594,#2595,#2596,#2597,#2598));
#2663=CLOSED_SHELL('',(#2599,#2600,#2601,#2602,#2603,#2604,#2605,#2606,
#2607,#2608,#2609,#2610));
#2664=CLOSED_SHELL('',(#2611,#2612,#2613,#2614,#2615,#2616,#2617,#2618,
#2619,#2620,#2621,#2622,#2623,#2624,#2625,#2626,#2627,#2628,#2629,#2630,
#2631,#2632,#2633,#2634,#2635,#2636));
#2665=CLOSED_SHELL('',(#2637,#2638,#2639,#2640,#2641,#2642));
#2666=DERIVED_UNIT_ELEMENT(#2668,1.);
#2667=DERIVED_UNIT_ELEMENT(#4555,-3.);
#2668=(
MASS_UNIT()
NAMED_UNIT(*)
SI_UNIT(.KILO.,.GRAM.)
);
#2669=DERIVED_UNIT((#2666,#2667));
#2670=MEASURE_REPRESENTATION_ITEM('density measure',
POSITIVE_RATIO_MEASURE(7850.),#2669);
#2671=PROPERTY_DEFINITION_REPRESENTATION(#2676,#2673);
#2672=PROPERTY_DEFINITION_REPRESENTATION(#2677,#2674);
#2673=REPRESENTATION('material name',(#2675),#4552);
#2674=REPRESENTATION('density',(#2670),#4552);
#2675=DESCRIPTIVE_REPRESENTATION_ITEM('Steel','Steel');
#2676=PROPERTY_DEFINITION('material property','material name',#4572);
#2677=PROPERTY_DEFINITION('material property','density of part',#4572);
#2678=AXIS2_PLACEMENT_3D('',#3798,#2980,#2981);
#2679=AXIS2_PLACEMENT_3D('',#3799,#2982,#2983);
#2680=AXIS2_PLACEMENT_3D('',#3800,#2984,#2985);
#2681=AXIS2_PLACEMENT_3D('',#3801,#2986,#2987);
#2682=AXIS2_PLACEMENT_3D('',#3804,#2988,#2989);
#2683=AXIS2_PLACEMENT_3D('',#3808,#2991,#2992);
#2684=AXIS2_PLACEMENT_3D('',#3812,#2994,#2995);
#2685=AXIS2_PLACEMENT_3D('',#3816,#2997,#2998);
#2686=AXIS2_PLACEMENT_3D('',#3820,#3000,#3001);
#2687=AXIS2_PLACEMENT_3D('',#3824,#3003,#3004);
#2688=AXIS2_PLACEMENT_3D('',#3828,#3006,#3007);
#2689=AXIS2_PLACEMENT_3D('',#3832,#3009,#3010);
#2690=AXIS2_PLACEMENT_3D('',#3835,#3012,#3013);
#2691=AXIS2_PLACEMENT_3D('',#3837,#3014,#3015);
#2692=AXIS2_PLACEMENT_3D('',#3839,#3016,#3017);
#2693=AXIS2_PLACEMENT_3D('',#3841,#3018,#3019);
#2694=AXIS2_PLACEMENT_3D('',#3842,#3020,#3021);
#2695=AXIS2_PLACEMENT_3D('',#3846,#3023,#3024);
#2696=AXIS2_PLACEMENT_3D('',#3848,#3026,#3027);
#2697=AXIS2_PLACEMENT_3D('',#3852,#3030,#3031);
#2698=AXIS2_PLACEMENT_3D('',#3855,#3033,#3034);
#2699=AXIS2_PLACEMENT_3D('',#3856,#3035,#3036);
#2700=AXIS2_PLACEMENT_3D('',#3860,#3039,#3040);
#2701=AXIS2_PLACEMENT_3D('',#3864,#3042,#3043);
#2702=AXIS2_PLACEMENT_3D('',#3866,#3045,#3046);
#2703=AXIS2_PLACEMENT_3D('',#3870,#3049,#3050);
#2704=AXIS2_PLACEMENT_3D('',#3873,#3052,#3053);
#2705=AXIS2_PLACEMENT_3D('',#3874,#3054,#3055);
#2706=AXIS2_PLACEMENT_3D('',#3878,#3058,#3059);
#2707=AXIS2_PLACEMENT_3D('',#3880,#3060,#3061);
#2708=AXIS2_PLACEMENT_3D('',#3882,#3063,#3064);
#2709=AXIS2_PLACEMENT_3D('',#3884,#3065,#3066);
#2710=AXIS2_PLACEMENT_3D('',#3886,#3068,#3069);
#2711=AXIS2_PLACEMENT_3D('',#3888,#3070,#3071);
#2712=AXIS2_PLACEMENT_3D('',#3890,#3073,#3074);
#2713=AXIS2_PLACEMENT_3D('',#3892,#3075,#3076);
#2714=AXIS2_PLACEMENT_3D('',#3894,#3078,#3079);
#2715=AXIS2_PLACEMENT_3D('',#3896,#3080,#3081);
#2716=AXIS2_PLACEMENT_3D('',#3900,#3083,#3084);
#2717=AXIS2_PLACEMENT_3D('',#3902,#3086,#3087);
#2718=AXIS2_PLACEMENT_3D('',#3905,#3090,#3091);
#2719=AXIS2_PLACEMENT_3D('',#3907,#3093,#3094);
#2720=AXIS2_PLACEMENT_3D('',#3908,#3095,#3096);
#2721=AXIS2_PLACEMENT_3D('',#3909,#3097,#3098);
#2722=AXIS2_PLACEMENT_3D('',#3915,#3102,#3103);
#2723=AXIS2_PLACEMENT_3D('',#3918,#3105,#3106);
#2724=AXIS2_PLACEMENT_3D('',#3919,#3107,#3108);
#2725=AXIS2_PLACEMENT_3D('',#3921,#3110,#3111);
#2726=AXIS2_PLACEMENT_3D('',#3922,#3112,#3113);
#2727=AXIS2_PLACEMENT_3D('',#3923,#3114,#3115);
#2728=AXIS2_PLACEMENT_3D('',#3924,#3116,#3117);
#2729=AXIS2_PLACEMENT_3D('',#3926,#3118,#3119);
#2730=AXIS2_PLACEMENT_3D('',#3929,#3121,#3122);
#2731=AXIS2_PLACEMENT_3D('',#3930,#3123,#3124);
#2732=AXIS2_PLACEMENT_3D('',#3932,#3125,#3126);
#2733=AXIS2_PLACEMENT_3D('',#3935,#3128,#3129);
#2734=AXIS2_PLACEMENT_3D('',#3936,#3130,#3131);
#2735=AXIS2_PLACEMENT_3D('',#3937,#3132,#3133);
#2736=AXIS2_PLACEMENT_3D('',#3938,#3134,#3135);
#2737=AXIS2_PLACEMENT_3D('',#3940,#3136,#3137);
#2738=AXIS2_PLACEMENT_3D('',#3943,#3139,#3140);
#2739=AXIS2_PLACEMENT_3D('',#3944,#3141,#3142);
#2740=AXIS2_PLACEMENT_3D('',#3946,#3143,#3144);
#2741=AXIS2_PLACEMENT_3D('',#3949,#3146,#3147);
#2742=AXIS2_PLACEMENT_3D('',#3950,#3148,#3149);
#2743=AXIS2_PLACEMENT_3D('',#3951,#3150,#3151);
#2744=AXIS2_PLACEMENT_3D('',#3952,#3152,#3153);
#2745=AXIS2_PLACEMENT_3D('',#3954,#3154,#3155);
#2746=AXIS2_PLACEMENT_3D('',#3957,#3157,#3158);
#2747=AXIS2_PLACEMENT_3D('',#3958,#3159,#3160);
#2748=AXIS2_PLACEMENT_3D('',#3960,#3161,#3162);
#2749=AXIS2_PLACEMENT_3D('',#3963,#3164,#3165);
#2750=AXIS2_PLACEMENT_3D('',#3964,#3166,#3167);
#2751=AXIS2_PLACEMENT_3D('',#3965,#3168,#3169);
#2752=AXIS2_PLACEMENT_3D('',#3966,#3170,#3171);
#2753=AXIS2_PLACEMENT_3D('',#3968,#3172,#3173);
#2754=AXIS2_PLACEMENT_3D('',#3971,#3175,#3176);
#2755=AXIS2_PLACEMENT_3D('',#3972,#3177,#3178);
#2756=AXIS2_PLACEMENT_3D('',#3974,#3179,#3180);
#2757=AXIS2_PLACEMENT_3D('',#3977,#3182,#3183);
#2758=AXIS2_PLACEMENT_3D('',#3978,#3184,#3185);
#2759=AXIS2_PLACEMENT_3D('',#3979,#3186,#3187);
#2760=AXIS2_PLACEMENT_3D('',#3980,#3188,#3189);
#2761=AXIS2_PLACEMENT_3D('',#3982,#3190,#3191);
#2762=AXIS2_PLACEMENT_3D('',#3985,#3193,#3194);
#2763=AXIS2_PLACEMENT_3D('',#3986,#3195,#3196);
#2764=AXIS2_PLACEMENT_3D('',#3987,#3197,#3198);
#2765=AXIS2_PLACEMENT_3D('',#3988,#3199,#3200);
#2766=AXIS2_PLACEMENT_3D('',#3990,#3201,#3202);
#2767=AXIS2_PLACEMENT_3D('',#3993,#3204,#3205);
#2768=AXIS2_PLACEMENT_3D('',#3994,#3206,#3207);
#2769=AXIS2_PLACEMENT_3D('',#3995,#3208,#3209);
#2770=AXIS2_PLACEMENT_3D('',#3996,#3210,#3211);
#2771=AXIS2_PLACEMENT_3D('',#3998,#3212,#3213);
#2772=AXIS2_PLACEMENT_3D('',#4001,#3215,#3216);
#2773=AXIS2_PLACEMENT_3D('',#4002,#3217,#3218);
#2774=AXIS2_PLACEMENT_3D('',#4003,#3219,#3220);
#2775=AXIS2_PLACEMENT_3D('',#4004,#3221,#3222);
#2776=AXIS2_PLACEMENT_3D('',#4006,#3223,#3224);
#2777=AXIS2_PLACEMENT_3D('',#4009,#3226,#3227);
#2778=AXIS2_PLACEMENT_3D('',#4010,#3228,#3229);
#2779=AXIS2_PLACEMENT_3D('',#4011,#3230,#3231);
#2780=AXIS2_PLACEMENT_3D('',#4012,#3232,#3233);
#2781=AXIS2_PLACEMENT_3D('',#4017,#3235,#3236);
#2782=AXIS2_PLACEMENT_3D('',#4021,#3238,#3239);
#2783=AXIS2_PLACEMENT_3D('',#4027,#3242,#3243);
#2784=AXIS2_PLACEMENT_3D('',#4031,#3245,#3246);
#2785=AXIS2_PLACEMENT_3D('',#4034,#3248,#3249);
#2786=AXIS2_PLACEMENT_3D('',#4036,#3250,#3251);
#2787=AXIS2_PLACEMENT_3D('',#4037,#3252,#3253);
#2788=AXIS2_PLACEMENT_3D('',#4039,#3254,#3255);
#2789=AXIS2_PLACEMENT_3D('',#4041,#3257,#3258);
#2790=AXIS2_PLACEMENT_3D('',#4043,#3259,#3260);
#2791=AXIS2_PLACEMENT_3D('',#4045,#3262,#3263);
#2792=AXIS2_PLACEMENT_3D('',#4051,#3267,#3268);
#2793=AXIS2_PLACEMENT_3D('',#4053,#3269,#3270);
#2794=AXIS2_PLACEMENT_3D('',#4055,#3272,#3273);
#2795=AXIS2_PLACEMENT_3D('',#4059,#3276,#3277);
#2796=AXIS2_PLACEMENT_3D('',#4061,#3278,#3279);
#2797=AXIS2_PLACEMENT_3D('',#4063,#3281,#3282);
#2798=AXIS2_PLACEMENT_3D('',#4067,#3285,#3286);
#2799=AXIS2_PLACEMENT_3D('',#4071,#3289,#3290);
#2800=AXIS2_PLACEMENT_3D('',#4073,#3291,#3292);
#2801=AXIS2_PLACEMENT_3D('',#4075,#3294,#3295);
#2802=AXIS2_PLACEMENT_3D('',#4079,#3298,#3299);
#2803=AXIS2_PLACEMENT_3D('',#4081,#3300,#3301);
#2804=AXIS2_PLACEMENT_3D('',#4083,#3303,#3304);
#2805=AXIS2_PLACEMENT_3D('',#4085,#3306,#3307);
#2806=AXIS2_PLACEMENT_3D('',#4086,#3308,#3309);
#2807=AXIS2_PLACEMENT_3D('',#4089,#3310,#3311);
#2808=AXIS2_PLACEMENT_3D('',#4093,#3313,#3314);
#2809=AXIS2_PLACEMENT_3D('',#4097,#3316,#3317);
#2810=AXIS2_PLACEMENT_3D('',#4101,#3319,#3320);
#2811=AXIS2_PLACEMENT_3D('',#4104,#3322,#3323);
#2812=AXIS2_PLACEMENT_3D('',#4106,#3324,#3325);
#2813=AXIS2_PLACEMENT_3D('',#4107,#3326,#3327);
#2814=AXIS2_PLACEMENT_3D('',#4109,#3328,#3329);
#2815=AXIS2_PLACEMENT_3D('',#4111,#3331,#3332);
#2816=AXIS2_PLACEMENT_3D('',#4113,#3333,#3334);
#2817=AXIS2_PLACEMENT_3D('',#4115,#3336,#3337);
#2818=AXIS2_PLACEMENT_3D('',#4121,#3341,#3342);
#2819=AXIS2_PLACEMENT_3D('',#4123,#3343,#3344);
#2820=AXIS2_PLACEMENT_3D('',#4125,#3346,#3347);
#2821=AXIS2_PLACEMENT_3D('',#4129,#3350,#3351);
#2822=AXIS2_PLACEMENT_3D('',#4131,#3352,#3353);
#2823=AXIS2_PLACEMENT_3D('',#4133,#3355,#3356);
#2824=AXIS2_PLACEMENT_3D('',#4137,#3359,#3360);
#2825=AXIS2_PLACEMENT_3D('',#4139,#3361,#3362);
#2826=AXIS2_PLACEMENT_3D('',#4141,#3364,#3365);
#2827=AXIS2_PLACEMENT_3D('',#4145,#3368,#3369);
#2828=AXIS2_PLACEMENT_3D('',#4146,#3370,#3371);
#2829=AXIS2_PLACEMENT_3D('',#4147,#3372,#3373);
#2830=AXIS2_PLACEMENT_3D('',#4148,#3374,#3375);
#2831=AXIS2_PLACEMENT_3D('',#4149,#3376,#3377);
#2832=AXIS2_PLACEMENT_3D('',#4151,#3378,#3379);
#2833=AXIS2_PLACEMENT_3D('',#4154,#3381,#3382);
#2834=AXIS2_PLACEMENT_3D('',#4155,#3383,#3384);
#2835=AXIS2_PLACEMENT_3D('',#4157,#3385,#3386);
#2836=AXIS2_PLACEMENT_3D('',#4160,#3388,#3389);
#2837=AXIS2_PLACEMENT_3D('',#4161,#3390,#3391);
#2838=AXIS2_PLACEMENT_3D('',#4162,#3392,#3393);
#2839=AXIS2_PLACEMENT_3D('',#4163,#3394,#3395);
#2840=AXIS2_PLACEMENT_3D('',#4165,#3396,#3397);
#2841=AXIS2_PLACEMENT_3D('',#4168,#3399,#3400);
#2842=AXIS2_PLACEMENT_3D('',#4169,#3401,#3402);
#2843=AXIS2_PLACEMENT_3D('',#4171,#3403,#3404);
#2844=AXIS2_PLACEMENT_3D('',#4174,#3406,#3407);
#2845=AXIS2_PLACEMENT_3D('',#4175,#3408,#3409);
#2846=AXIS2_PLACEMENT_3D('',#4176,#3410,#3411);
#2847=AXIS2_PLACEMENT_3D('',#4177,#3412,#3413);
#2848=AXIS2_PLACEMENT_3D('',#4179,#3414,#3415);
#2849=AXIS2_PLACEMENT_3D('',#4182,#3417,#3418);
#2850=AXIS2_PLACEMENT_3D('',#4183,#3419,#3420);
#2851=AXIS2_PLACEMENT_3D('',#4185,#3421,#3422);
#2852=AXIS2_PLACEMENT_3D('',#4188,#3424,#3425);
#2853=AXIS2_PLACEMENT_3D('',#4189,#3426,#3427);
#2854=AXIS2_PLACEMENT_3D('',#4190,#3428,#3429);
#2855=AXIS2_PLACEMENT_3D('',#4191,#3430,#3431);
#2856=AXIS2_PLACEMENT_3D('',#4193,#3432,#3433);
#2857=AXIS2_PLACEMENT_3D('',#4196,#3435,#3436);
#2858=AXIS2_PLACEMENT_3D('',#4197,#3437,#3438);
#2859=AXIS2_PLACEMENT_3D('',#4199,#3439,#3440);
#2860=AXIS2_PLACEMENT_3D('',#4202,#3442,#3443);
#2861=AXIS2_PLACEMENT_3D('',#4203,#3444,#3445);
#2862=AXIS2_PLACEMENT_3D('',#4204,#3446,#3447);
#2863=AXIS2_PLACEMENT_3D('',#4205,#3448,#3449);
#2864=AXIS2_PLACEMENT_3D('',#4207,#3450,#3451);
#2865=AXIS2_PLACEMENT_3D('',#4210,#3453,#3454);
#2866=AXIS2_PLACEMENT_3D('',#4211,#3455,#3456);
#2867=AXIS2_PLACEMENT_3D('',#4212,#3457,#3458);
#2868=AXIS2_PLACEMENT_3D('',#4213,#3459,#3460);
#2869=AXIS2_PLACEMENT_3D('',#4215,#3461,#3462);
#2870=AXIS2_PLACEMENT_3D('',#4218,#3464,#3465);
#2871=AXIS2_PLACEMENT_3D('',#4219,#3466,#3467);
#2872=AXIS2_PLACEMENT_3D('',#4220,#3468,#3469);
#2873=AXIS2_PLACEMENT_3D('',#4221,#3470,#3471);
#2874=AXIS2_PLACEMENT_3D('',#4223,#3472,#3473);
#2875=AXIS2_PLACEMENT_3D('',#4226,#3475,#3476);
#2876=AXIS2_PLACEMENT_3D('',#4227,#3477,#3478);
#2877=AXIS2_PLACEMENT_3D('',#4228,#3479,#3480);
#2878=AXIS2_PLACEMENT_3D('',#4229,#3481,#3482);
#2879=AXIS2_PLACEMENT_3D('',#4231,#3483,#3484);
#2880=AXIS2_PLACEMENT_3D('',#4234,#3486,#3487);
#2881=AXIS2_PLACEMENT_3D('',#4235,#3488,#3489);
#2882=AXIS2_PLACEMENT_3D('',#4236,#3490,#3491);
#2883=AXIS2_PLACEMENT_3D('',#4237,#3492,#3493);
#2884=AXIS2_PLACEMENT_3D('',#4239,#3494,#3495);
#2885=AXIS2_PLACEMENT_3D('',#4242,#3497,#3498);
#2886=AXIS2_PLACEMENT_3D('',#4243,#3499,#3500);
#2887=AXIS2_PLACEMENT_3D('',#4245,#3501,#3502);
#2888=AXIS2_PLACEMENT_3D('',#4248,#3504,#3505);
#2889=AXIS2_PLACEMENT_3D('',#4249,#3506,#3507);
#2890=AXIS2_PLACEMENT_3D('',#4258,#3512,#3513);
#2891=AXIS2_PLACEMENT_3D('',#4260,#3514,#3515);
#2892=AXIS2_PLACEMENT_3D('',#4262,#3516,#3517);
#2893=AXIS2_PLACEMENT_3D('',#4264,#3519,#3520);
#2894=AXIS2_PLACEMENT_3D('',#4270,#3524,#3525);
#2895=AXIS2_PLACEMENT_3D('',#4272,#3526,#3527);
#2896=AXIS2_PLACEMENT_3D('',#4274,#3528,#3529);
#2897=AXIS2_PLACEMENT_3D('',#4276,#3531,#3532);
#2898=AXIS2_PLACEMENT_3D('',#4282,#3536,#3537);
#2899=AXIS2_PLACEMENT_3D('',#4288,#3541,#3542);
#2900=AXIS2_PLACEMENT_3D('',#4290,#3543,#3544);
#2901=AXIS2_PLACEMENT_3D('',#4292,#3545,#3546);
#2902=AXIS2_PLACEMENT_3D('',#4294,#3548,#3549);
#2903=AXIS2_PLACEMENT_3D('',#4300,#3553,#3554);
#2904=AXIS2_PLACEMENT_3D('',#4302,#3555,#3556);
#2905=AXIS2_PLACEMENT_3D('',#4304,#3557,#3558);
#2906=AXIS2_PLACEMENT_3D('',#4306,#3560,#3561);
#2907=AXIS2_PLACEMENT_3D('',#4309,#3564,#3565);
#2908=AXIS2_PLACEMENT_3D('',#4310,#3566,#3567);
#2909=AXIS2_PLACEMENT_3D('',#4311,#3568,#3569);
#2910=AXIS2_PLACEMENT_3D('',#4313,#3570,#3571);
#2911=AXIS2_PLACEMENT_3D('',#4316,#3573,#3574);
#2912=AXIS2_PLACEMENT_3D('',#4317,#3575,#3576);
#2913=AXIS2_PLACEMENT_3D('',#4319,#3577,#3578);
#2914=AXIS2_PLACEMENT_3D('',#4322,#3580,#3581);
#2915=AXIS2_PLACEMENT_3D('',#4323,#3582,#3583);
#2916=AXIS2_PLACEMENT_3D('',#4332,#3588,#3589);
#2917=AXIS2_PLACEMENT_3D('',#4334,#3590,#3591);
#2918=AXIS2_PLACEMENT_3D('',#4336,#3592,#3593);
#2919=AXIS2_PLACEMENT_3D('',#4338,#3595,#3596);
#2920=AXIS2_PLACEMENT_3D('',#4344,#3600,#3601);
#2921=AXIS2_PLACEMENT_3D('',#4346,#3602,#3603);
#2922=AXIS2_PLACEMENT_3D('',#4348,#3604,#3605);
#2923=AXIS2_PLACEMENT_3D('',#4350,#3607,#3608);
#2924=AXIS2_PLACEMENT_3D('',#4356,#3612,#3613);
#2925=AXIS2_PLACEMENT_3D('',#4358,#3614,#3615);
#2926=AXIS2_PLACEMENT_3D('',#4360,#3616,#3617);
#2927=AXIS2_PLACEMENT_3D('',#4362,#3619,#3620);
#2928=AXIS2_PLACEMENT_3D('',#4368,#3624,#3625);
#2929=AXIS2_PLACEMENT_3D('',#4369,#3626,#3627);
#2930=AXIS2_PLACEMENT_3D('',#4370,#3628,#3629);
#2931=AXIS2_PLACEMENT_3D('',#4371,#3630,#3631);
#2932=AXIS2_PLACEMENT_3D('',#4372,#3632,#3633);
#2933=AXIS2_PLACEMENT_3D('',#4373,#3634,#3635);
#2934=AXIS2_PLACEMENT_3D('',#4382,#3640,#3641);
#2935=AXIS2_PLACEMENT_3D('',#4388,#3645,#3646);
#2936=AXIS2_PLACEMENT_3D('',#4394,#3650,#3651);
#2937=AXIS2_PLACEMENT_3D('',#4396,#3652,#3653);
#2938=AXIS2_PLACEMENT_3D('',#4398,#3654,#3655);
#2939=AXIS2_PLACEMENT_3D('',#4400,#3657,#3658);
#2940=AXIS2_PLACEMENT_3D('',#4406,#3662,#3663);
#2941=AXIS2_PLACEMENT_3D('',#4412,#3667,#3668);
#2942=AXIS2_PLACEMENT_3D('',#4414,#3669,#3670);
#2943=AXIS2_PLACEMENT_3D('',#4416,#3671,#3672);
#2944=AXIS2_PLACEMENT_3D('',#4418,#3674,#3675);
#2945=AXIS2_PLACEMENT_3D('',#4424,#3679,#3680);
#2946=AXIS2_PLACEMENT_3D('',#4426,#3681,#3682);
#2947=AXIS2_PLACEMENT_3D('',#4428,#3683,#3684);
#2948=AXIS2_PLACEMENT_3D('',#4430,#3686,#3687);
#2949=AXIS2_PLACEMENT_3D('',#4436,#3691,#3692);
#2950=AXIS2_PLACEMENT_3D('',#4438,#3693,#3694);
#2951=AXIS2_PLACEMENT_3D('',#4440,#3695,#3696);
#2952=AXIS2_PLACEMENT_3D('',#4442,#3698,#3699);
#2953=AXIS2_PLACEMENT_3D('',#4448,#3703,#3704);
#2954=AXIS2_PLACEMENT_3D('',#4454,#3708,#3709);
#2955=AXIS2_PLACEMENT_3D('',#4460,#3713,#3714);
#2956=AXIS2_PLACEMENT_3D('',#4466,#3718,#3719);
#2957=AXIS2_PLACEMENT_3D('',#4472,#3723,#3724);
#2958=AXIS2_PLACEMENT_3D('',#4478,#3728,#3729);
#2959=AXIS2_PLACEMENT_3D('',#4484,#3733,#3734);
#2960=AXIS2_PLACEMENT_3D('',#4486,#3735,#3736);
#2961=AXIS2_PLACEMENT_3D('',#4488,#3737,#3738);
#2962=AXIS2_PLACEMENT_3D('',#4490,#3740,#3741);
#2963=AXIS2_PLACEMENT_3D('',#4496,#3745,#3746);
#2964=AXIS2_PLACEMENT_3D('',#4498,#3747,#3748);
#2965=AXIS2_PLACEMENT_3D('',#4500,#3749,#3750);
#2966=AXIS2_PLACEMENT_3D('',#4502,#3752,#3753);
#2967=AXIS2_PLACEMENT_3D('',#4508,#3757,#3758);
#2968=AXIS2_PLACEMENT_3D('',#4510,#3759,#3760);
#2969=AXIS2_PLACEMENT_3D('',#4512,#3761,#3762);
#2970=AXIS2_PLACEMENT_3D('',#4514,#3764,#3765);
#2971=AXIS2_PLACEMENT_3D('',#4517,#3768,#3769);
#2972=AXIS2_PLACEMENT_3D('',#4518,#3770,#3771);
#2973=AXIS2_PLACEMENT_3D('',#4519,#3772,#3773);
#2974=AXIS2_PLACEMENT_3D('',#4528,#3778,#3779);
#2975=AXIS2_PLACEMENT_3D('',#4534,#3783,#3784);
#2976=AXIS2_PLACEMENT_3D('',#4540,#3788,#3789);
#2977=AXIS2_PLACEMENT_3D('',#4543,#3792,#3793);
#2978=AXIS2_PLACEMENT_3D('',#4544,#3794,#3795);
#2979=AXIS2_PLACEMENT_3D('',#4545,#3796,#3797);
#2980=DIRECTION('axis',(0.,0.,1.));
#2981=DIRECTION('refdir',(1.,0.,0.));
#2982=DIRECTION('axis',(0.,0.,1.));
#2983=DIRECTION('refdir',(1.,0.,0.));
#2984=DIRECTION('axis',(0.,0.,1.));
#2985=DIRECTION('refdir',(1.,0.,0.));
#2986=DIRECTION('center_axis',(0.,0.,1.));
#2987=DIRECTION('ref_axis',(1.,0.,0.));
#2988=DIRECTION('center_axis',(0.,0.,-1.));
#2989=DIRECTION('ref_axis',(-1.,0.,0.));
#2990=DIRECTION('',(-1.,1.13280836820324E-16,0.));
#2991=DIRECTION('center_axis',(0.,0.,-1.));
#2992=DIRECTION('ref_axis',(-4.73695157173401E-15,-1.,0.));
#2993=DIRECTION('',(-4.94118750705643E-16,-1.,0.));
#2994=DIRECTION('center_axis',(0.,0.,-1.));
#2995=DIRECTION('ref_axis',(1.,-1.1842378929335E-15,0.));
#2996=DIRECTION('',(1.,0.,0.));
#2997=DIRECTION('center_axis',(0.,0.,-1.));
#2998=DIRECTION('ref_axis',(-5.9211894646675E-16,1.,0.));
#2999=DIRECTION('',(0.,1.,0.));
#3000=DIRECTION('center_axis',(0.,0.,1.));
#3001=DIRECTION('ref_axis',(5.92118946466745E-15,-1.,0.));
#3002=DIRECTION('',(1.,0.,0.));
#3003=DIRECTION('center_axis',(0.,0.,1.));
#3004=DIRECTION('ref_axis',(-1.,5.92118946466754E-15,0.));
#3005=DIRECTION('',(0.,-1.,0.));
#3006=DIRECTION('center_axis',(0.,0.,1.));
#3007=DIRECTION('ref_axis',(-7.40148683083438E-16,1.,0.));
#3008=DIRECTION('',(-1.,0.,0.));
#3009=DIRECTION('center_axis',(0.,0.,1.));
#3010=DIRECTION('ref_axis',(1.,8.14163551391775E-15,0.));
#3011=DIRECTION('',(0.,1.,0.));
#3012=DIRECTION('center_axis',(0.,0.,1.));
#3013=DIRECTION('ref_axis',(1.,0.,0.));
#3014=DIRECTION('center_axis',(0.,0.,1.));
#3015=DIRECTION('ref_axis',(1.,0.,0.));
#3016=DIRECTION('center_axis',(0.,0.,1.));
#3017=DIRECTION('ref_axis',(1.,0.,0.));
#3018=DIRECTION('center_axis',(0.,0.,1.));
#3019=DIRECTION('ref_axis',(1.,0.,0.));
#3020=DIRECTION('center_axis',(0.,0.,1.));
#3021=DIRECTION('ref_axis',(-1.,5.92118946466754E-15,0.));
#3022=DIRECTION('',(0.,0.,1.));
#3023=DIRECTION('center_axis',(0.,0.,-1.));
#3024=DIRECTION('ref_axis',(-1.,5.92118946466754E-15,0.));
#3025=DIRECTION('',(0.,0.,1.));
#3026=DIRECTION('center_axis',(0.,1.,0.));
#3027=DIRECTION('ref_axis',(-1.,0.,0.));
#3028=DIRECTION('',(0.,0.,1.));
#3029=DIRECTION('',(-1.,0.,0.));
#3030=DIRECTION('center_axis',(0.,0.,1.));
#3031=DIRECTION('ref_axis',(5.92118946466745E-15,-1.,0.));
#3032=DIRECTION('',(0.,0.,1.));
#3033=DIRECTION('center_axis',(0.,0.,-1.));
#3034=DIRECTION('ref_axis',(5.92118946466745E-15,-1.,0.));
#3035=DIRECTION('center_axis',(-1.,0.,0.));
#3036=DIRECTION('ref_axis',(0.,-1.,0.));
#3037=DIRECTION('',(0.,0.,1.));
#3038=DIRECTION('',(0.,-1.,0.));
#3039=DIRECTION('center_axis',(0.,0.,1.));
#3040=DIRECTION('ref_axis',(1.,-1.1842378929335E-15,0.));
#3041=DIRECTION('',(0.,0.,1.));
#3042=DIRECTION('center_axis',(0.,0.,1.));
#3043=DIRECTION('ref_axis',(1.,-1.1842378929335E-15,0.));
#3044=DIRECTION('',(0.,0.,1.));
#3045=DIRECTION('center_axis',(1.,-4.94118750705643E-16,0.));
#3046=DIRECTION('ref_axis',(4.94118750705643E-16,1.,0.));
#3047=DIRECTION('',(0.,0.,1.));
#3048=DIRECTION('',(4.94118750705643E-16,1.,0.));
#3049=DIRECTION('center_axis',(0.,0.,1.));
#3050=DIRECTION('ref_axis',(-4.73695157173401E-15,-1.,0.));
#3051=DIRECTION('',(0.,0.,1.));
#3052=DIRECTION('center_axis',(0.,0.,1.));
#3053=DIRECTION('ref_axis',(-4.73695157173401E-15,-1.,0.));
#3054=DIRECTION('center_axis',(-1.13280836820324E-16,-1.,0.));
#3055=DIRECTION('ref_axis',(1.,-1.13280836820324E-16,0.));
#3056=DIRECTION('',(0.,0.,1.));
#3057=DIRECTION('',(1.,-1.13280836820324E-16,0.));
#3058=DIRECTION('center_axis',(0.,0.,1.));
#3059=DIRECTION('ref_axis',(1.,0.,0.));
#3060=DIRECTION('center_axis',(0.,0.,1.));
#3061=DIRECTION('ref_axis',(1.,0.,0.));
#3062=DIRECTION('',(0.,0.,1.));
#3063=DIRECTION('center_axis',(0.,0.,1.));
#3064=DIRECTION('ref_axis',(1.,0.,0.));
#3065=DIRECTION('center_axis',(0.,0.,1.));
#3066=DIRECTION('ref_axis',(1.,0.,0.));
#3067=DIRECTION('',(0.,0.,1.));
#3068=DIRECTION('center_axis',(0.,0.,1.));
#3069=DIRECTION('ref_axis',(1.,0.,0.));
#3070=DIRECTION('center_axis',(0.,0.,1.));
#3071=DIRECTION('ref_axis',(1.,0.,0.));
#3072=DIRECTION('',(0.,0.,1.));
#3073=DIRECTION('center_axis',(0.,0.,1.));
#3074=DIRECTION('ref_axis',(1.,0.,0.));
#3075=DIRECTION('center_axis',(0.,0.,1.));
#3076=DIRECTION('ref_axis',(1.,0.,0.));
#3077=DIRECTION('',(0.,0.,1.));
#3078=DIRECTION('center_axis',(0.,0.,1.));
#3079=DIRECTION('ref_axis',(1.,0.,0.));
#3080=DIRECTION('center_axis',(0.,0.,-1.));
#3081=DIRECTION('ref_axis',(1.,8.14163551391775E-15,0.));
#3082=DIRECTION('',(1.,0.,0.));
#3083=DIRECTION('center_axis',(0.,0.,-1.));
#3084=DIRECTION('ref_axis',(-7.40148683083438E-16,1.,0.));
#3085=DIRECTION('',(0.,1.,0.));
#3086=DIRECTION('center_axis',(0.,0.,1.));
#3087=DIRECTION('ref_axis',(-7.40148683083438E-16,1.,0.));
#3088=DIRECTION('',(0.,0.,1.));
#3089=DIRECTION('',(0.,0.,1.));
#3090=DIRECTION('center_axis',(0.,-1.,0.));
#3091=DIRECTION('ref_axis',(1.,0.,0.));
#3092=DIRECTION('',(0.,0.,1.));
#3093=DIRECTION('center_axis',(0.,0.,1.));
#3094=DIRECTION('ref_axis',(1.,8.14163551391775E-15,0.));
#3095=DIRECTION('center_axis',(1.,0.,0.));
#3096=DIRECTION('ref_axis',(0.,1.,0.));
#3097=DIRECTION('center_axis',(-1.,0.,0.));
#3098=DIRECTION('ref_axis',(0.,-1.,0.));
#3099=DIRECTION('',(0.,0.,1.));
#3100=DIRECTION('',(0.,-1.,0.));
#3101=DIRECTION('',(0.,0.,1.));
#3102=DIRECTION('center_axis',(0.,0.,1.));
#3103=DIRECTION('ref_axis',(-5.9211894646675E-16,1.,0.));
#3104=DIRECTION('',(0.,0.,1.));
#3105=DIRECTION('center_axis',(0.,0.,1.));
#3106=DIRECTION('ref_axis',(-5.9211894646675E-16,1.,0.));
#3107=DIRECTION('center_axis',(0.,1.,0.));
#3108=DIRECTION('ref_axis',(-1.,0.,0.));
#3109=DIRECTION('',(-1.,0.,0.));
#3110=DIRECTION('center_axis',(0.,0.,1.));
#3111=DIRECTION('ref_axis',(-1.,0.,0.));
#3112=DIRECTION('center_axis',(0.,0.,1.));
#3113=DIRECTION('ref_axis',(-1.,0.,0.));
#3114=DIRECTION('center_axis',(0.,0.,1.));
#3115=DIRECTION('ref_axis',(1.,0.,0.));
#3116=DIRECTION('center_axis',(0.,0.,1.));
#3117=DIRECTION('ref_axis',(-1.,0.,0.));
#3118=DIRECTION('center_axis',(0.,0.,-1.));
#3119=DIRECTION('ref_axis',(-1.,0.,0.));
#3120=DIRECTION('',(0.,0.,1.));
#3121=DIRECTION('center_axis',(0.,0.,-1.));
#3122=DIRECTION('ref_axis',(-1.,0.,0.));
#3123=DIRECTION('center_axis',(0.,0.,1.));
#3124=DIRECTION('ref_axis',(-1.,0.,0.));
#3125=DIRECTION('center_axis',(0.,0.,1.));
#3126=DIRECTION('ref_axis',(-1.,0.,0.));
#3127=DIRECTION('',(0.,0.,-1.));
#3128=DIRECTION('center_axis',(0.,0.,1.));
#3129=DIRECTION('ref_axis',(-1.,0.,0.));
#3130=DIRECTION('center_axis',(0.,0.,1.));
#3131=DIRECTION('ref_axis',(-1.,0.,0.));
#3132=DIRECTION('center_axis',(0.,0.,1.));
#3133=DIRECTION('ref_axis',(-1.,0.,0.));
#3134=DIRECTION('center_axis',(0.,0.,1.));
#3135=DIRECTION('ref_axis',(-1.,0.,0.));
#3136=DIRECTION('center_axis',(0.,0.,-1.));
#3137=DIRECTION('ref_axis',(-1.,0.,0.));
#3138=DIRECTION('',(0.,0.,1.));
#3139=DIRECTION('center_axis',(0.,0.,-1.));
#3140=DIRECTION('ref_axis',(-1.,0.,0.));
#3141=DIRECTION('center_axis',(0.,0.,1.));
#3142=DIRECTION('ref_axis',(-1.,0.,0.));
#3143=DIRECTION('center_axis',(0.,0.,1.));
#3144=DIRECTION('ref_axis',(-1.,0.,0.));
#3145=DIRECTION('',(0.,0.,-1.));
#3146=DIRECTION('center_axis',(0.,0.,1.));
#3147=DIRECTION('ref_axis',(-1.,0.,0.));
#3148=DIRECTION('center_axis',(0.,0.,1.));
#3149=DIRECTION('ref_axis',(-1.,0.,0.));
#3150=DIRECTION('center_axis',(0.,0.,1.));
#3151=DIRECTION('ref_axis',(-1.,0.,0.));
#3152=DIRECTION('center_axis',(0.,0.,1.));
#3153=DIRECTION('ref_axis',(-1.,0.,0.));
#3154=DIRECTION('center_axis',(0.,0.,-1.));
#3155=DIRECTION('ref_axis',(-1.,0.,0.));
#3156=DIRECTION('',(0.,0.,1.));
#3157=DIRECTION('center_axis',(0.,0.,-1.));
#3158=DIRECTION('ref_axis',(-1.,0.,0.));
#3159=DIRECTION('center_axis',(0.,0.,1.));
#3160=DIRECTION('ref_axis',(-1.,0.,0.));
#3161=DIRECTION('center_axis',(0.,0.,1.));
#3162=DIRECTION('ref_axis',(-1.,0.,0.));
#3163=DIRECTION('',(0.,0.,-1.));
#3164=DIRECTION('center_axis',(0.,0.,1.));
#3165=DIRECTION('ref_axis',(-1.,0.,0.));
#3166=DIRECTION('center_axis',(0.,0.,1.));
#3167=DIRECTION('ref_axis',(-1.,0.,0.));
#3168=DIRECTION('center_axis',(0.,0.,1.));
#3169=DIRECTION('ref_axis',(-1.,0.,0.));
#3170=DIRECTION('center_axis',(0.,0.,1.));
#3171=DIRECTION('ref_axis',(-1.,0.,0.));
#3172=DIRECTION('center_axis',(0.,0.,-1.));
#3173=DIRECTION('ref_axis',(-1.,0.,0.));
#3174=DIRECTION('',(0.,0.,1.));
#3175=DIRECTION('center_axis',(0.,0.,-1.));
#3176=DIRECTION('ref_axis',(-1.,0.,0.));
#3177=DIRECTION('center_axis',(0.,0.,1.));
#3178=DIRECTION('ref_axis',(-1.,0.,0.));
#3179=DIRECTION('center_axis',(0.,0.,1.));
#3180=DIRECTION('ref_axis',(-1.,0.,0.));
#3181=DIRECTION('',(0.,0.,-1.));
#3182=DIRECTION('center_axis',(0.,0.,1.));
#3183=DIRECTION('ref_axis',(-1.,0.,0.));
#3184=DIRECTION('center_axis',(0.,0.,1.));
#3185=DIRECTION('ref_axis',(-1.,0.,0.));
#3186=DIRECTION('center_axis',(0.,0.,1.));
#3187=DIRECTION('ref_axis',(-1.,0.,0.));
#3188=DIRECTION('center_axis',(0.,0.,1.));
#3189=DIRECTION('ref_axis',(-1.,0.,0.));
#3190=DIRECTION('center_axis',(0.,0.,1.));
#3191=DIRECTION('ref_axis',(-1.,0.,0.));
#3192=DIRECTION('',(0.,0.,-1.));
#3193=DIRECTION('center_axis',(0.,0.,1.));
#3194=DIRECTION('ref_axis',(-1.,0.,0.));
#3195=DIRECTION('center_axis',(0.,0.,1.));
#3196=DIRECTION('ref_axis',(-1.,0.,0.));
#3197=DIRECTION('center_axis',(0.,0.,1.));
#3198=DIRECTION('ref_axis',(-1.,0.,0.));
#3199=DIRECTION('center_axis',(0.,0.,1.));
#3200=DIRECTION('ref_axis',(-1.,0.,0.));
#3201=DIRECTION('center_axis',(0.,0.,1.));
#3202=DIRECTION('ref_axis',(-1.,0.,0.));
#3203=DIRECTION('',(0.,0.,-1.));
#3204=DIRECTION('center_axis',(0.,0.,1.));
#3205=DIRECTION('ref_axis',(-1.,0.,0.));
#3206=DIRECTION('center_axis',(0.,0.,1.));
#3207=DIRECTION('ref_axis',(-1.,0.,0.));
#3208=DIRECTION('center_axis',(0.,0.,1.));
#3209=DIRECTION('ref_axis',(-1.,0.,0.));
#3210=DIRECTION('center_axis',(0.,0.,1.));
#3211=DIRECTION('ref_axis',(-1.,0.,0.));
#3212=DIRECTION('center_axis',(0.,0.,1.));
#3213=DIRECTION('ref_axis',(-1.,0.,0.));
#3214=DIRECTION('',(0.,0.,-1.));
#3215=DIRECTION('center_axis',(0.,0.,1.));
#3216=DIRECTION('ref_axis',(-1.,0.,0.));
#3217=DIRECTION('center_axis',(0.,0.,1.));
#3218=DIRECTION('ref_axis',(-1.,0.,0.));
#3219=DIRECTION('center_axis',(0.,0.,1.));
#3220=DIRECTION('ref_axis',(-1.,0.,0.));
#3221=DIRECTION('center_axis',(0.,0.,1.));
#3222=DIRECTION('ref_axis',(-1.,0.,0.));
#3223=DIRECTION('center_axis',(0.,0.,1.));
#3224=DIRECTION('ref_axis',(-1.,0.,0.));
#3225=DIRECTION('',(0.,0.,-1.));
#3226=DIRECTION('center_axis',(0.,0.,1.));
#3227=DIRECTION('ref_axis',(-1.,0.,0.));
#3228=DIRECTION('center_axis',(0.,0.,1.));
#3229=DIRECTION('ref_axis',(-1.,0.,0.));
#3230=DIRECTION('center_axis',(0.,0.,1.));
#3231=DIRECTION('ref_axis',(-1.,0.,0.));
#3232=DIRECTION('center_axis',(0.,0.,1.));
#3233=DIRECTION('ref_axis',(-1.,0.,0.));
#3234=DIRECTION('',(1.,0.,0.));
#3235=DIRECTION('center_axis',(0.,0.,1.));
#3236=DIRECTION('ref_axis',(1.,8.88178419700118E-15,0.));
#3237=DIRECTION('',(-1.,0.,0.));
#3238=DIRECTION('center_axis',(0.,0.,1.));
#3239=DIRECTION('ref_axis',(-1.48029736616687E-15,1.,0.));
#3240=DIRECTION('',(1.,0.,0.));
#3241=DIRECTION('',(0.,1.,0.));
#3242=DIRECTION('center_axis',(0.,0.,-1.));
#3243=DIRECTION('ref_axis',(0.,1.,0.));
#3244=DIRECTION('',(1.,0.,0.));
#3245=DIRECTION('center_axis',(0.,0.,-1.));
#3246=DIRECTION('ref_axis',(1.,-4.84460956200071E-15,0.));
#3247=DIRECTION('',(0.,-1.,0.));
#3248=DIRECTION('center_axis',(0.,0.,-1.));
#3249=DIRECTION('ref_axis',(-1.,0.,0.));
#3250=DIRECTION('center_axis',(0.,0.,-1.));
#3251=DIRECTION('ref_axis',(-1.,0.,0.));
#3252=DIRECTION('center_axis',(0.,0.,1.));
#3253=DIRECTION('ref_axis',(-1.,0.,0.));
#3254=DIRECTION('center_axis',(0.,0.,-1.));
#3255=DIRECTION('ref_axis',(-1.,0.,0.));
#3256=DIRECTION('',(0.,0.,1.));
#3257=DIRECTION('center_axis',(0.,0.,1.));
#3258=DIRECTION('ref_axis',(-1.,0.,0.));
#3259=DIRECTION('center_axis',(0.,0.,-1.));
#3260=DIRECTION('ref_axis',(-1.,0.,0.));
#3261=DIRECTION('',(0.,0.,1.));
#3262=DIRECTION('center_axis',(-1.,0.,0.));
#3263=DIRECTION('ref_axis',(0.,-1.,0.));
#3264=DIRECTION('',(0.,-1.,0.));
#3265=DIRECTION('',(0.,0.,1.));
#3266=DIRECTION('',(0.,0.,1.));
#3267=DIRECTION('center_axis',(0.,0.,1.));
#3268=DIRECTION('ref_axis',(1.,-4.84460956200071E-15,0.));
#3269=DIRECTION('center_axis',(0.,0.,1.));
#3270=DIRECTION('ref_axis',(1.,-4.84460956200071E-15,0.));
#3271=DIRECTION('',(0.,0.,1.));
#3272=DIRECTION('center_axis',(0.,-1.,0.));
#3273=DIRECTION('ref_axis',(1.,0.,0.));
#3274=DIRECTION('',(1.,0.,0.));
#3275=DIRECTION('',(0.,0.,1.));
#3276=DIRECTION('center_axis',(0.,0.,1.));
#3277=DIRECTION('ref_axis',(0.,1.,0.));
#3278=DIRECTION('center_axis',(0.,0.,1.));
#3279=DIRECTION('ref_axis',(0.,1.,0.));
#3280=DIRECTION('',(0.,0.,1.));
#3281=DIRECTION('center_axis',(1.,0.,0.));
#3282=DIRECTION('ref_axis',(0.,1.,0.));
#3283=DIRECTION('',(0.,1.,0.));
#3284=DIRECTION('',(0.,0.,1.));
#3285=DIRECTION('center_axis',(0.,-1.,0.));
#3286=DIRECTION('ref_axis',(1.,0.,0.));
#3287=DIRECTION('',(1.,0.,0.));
#3288=DIRECTION('',(0.,0.,1.));
#3289=DIRECTION('center_axis',(0.,0.,1.));
#3290=DIRECTION('ref_axis',(-1.48029736616687E-15,1.,0.));
#3291=DIRECTION('center_axis',(0.,0.,1.));
#3292=DIRECTION('ref_axis',(-1.48029736616687E-15,1.,0.));
#3293=DIRECTION('',(0.,0.,1.));
#3294=DIRECTION('center_axis',(0.,1.,0.));
#3295=DIRECTION('ref_axis',(-1.,0.,0.));
#3296=DIRECTION('',(-1.,0.,0.));
#3297=DIRECTION('',(0.,0.,1.));
#3298=DIRECTION('center_axis',(0.,0.,1.));
#3299=DIRECTION('ref_axis',(1.,8.88178419700118E-15,0.));
#3300=DIRECTION('center_axis',(0.,0.,1.));
#3301=DIRECTION('ref_axis',(1.,8.88178419700118E-15,0.));
#3302=DIRECTION('',(0.,0.,1.));
#3303=DIRECTION('center_axis',(0.,-1.,0.));
#3304=DIRECTION('ref_axis',(1.,0.,0.));
#3305=DIRECTION('',(1.,0.,0.));
#3306=DIRECTION('center_axis',(0.,0.,1.));
#3307=DIRECTION('ref_axis',(-1.,0.,0.));
#3308=DIRECTION('center_axis',(0.,0.,1.));
#3309=DIRECTION('ref_axis',(-1.,0.,0.));
#3310=DIRECTION('center_axis',(0.,0.,1.));
#3311=DIRECTION('ref_axis',(5.92118946466745E-15,-1.,0.));
#3312=DIRECTION('',(-1.,0.,0.));
#3313=DIRECTION('center_axis',(0.,0.,-1.));
#3314=DIRECTION('ref_axis',(-1.01506105108586E-14,-1.,0.));
#3315=DIRECTION('',(-1.,0.,0.));
#3316=DIRECTION('center_axis',(0.,0.,-1.));
#3317=DIRECTION('ref_axis',(-1.,1.01506105108586E-14,0.));
#3318=DIRECTION('',(-1.,0.,0.));
#3319=DIRECTION('center_axis',(0.,0.,1.));
#3320=DIRECTION('ref_axis',(-1.,-5.92118946466749E-15,0.));
#3321=DIRECTION('',(1.,0.,0.));
#3322=DIRECTION('center_axis',(0.,0.,-1.));
#3323=DIRECTION('ref_axis',(-1.,0.,0.));
#3324=DIRECTION('center_axis',(0.,0.,-1.));
#3325=DIRECTION('ref_axis',(-1.,0.,0.));
#3326=DIRECTION('center_axis',(0.,0.,1.));
#3327=DIRECTION('ref_axis',(-1.,0.,0.));
#3328=DIRECTION('center_axis',(0.,0.,-1.));
#3329=DIRECTION('ref_axis',(-1.,0.,0.));
#3330=DIRECTION('',(0.,0.,1.));
#3331=DIRECTION('center_axis',(0.,0.,1.));
#3332=DIRECTION('ref_axis',(-1.,0.,0.));
#3333=DIRECTION('center_axis',(0.,0.,-1.));
#3334=DIRECTION('ref_axis',(-1.,0.,0.));
#3335=DIRECTION('',(0.,0.,1.));
#3336=DIRECTION('center_axis',(0.,-1.,0.));
#3337=DIRECTION('ref_axis',(1.,0.,0.));
#3338=DIRECTION('',(-1.,0.,0.));
#3339=DIRECTION('',(0.,0.,1.));
#3340=DIRECTION('',(0.,0.,1.));
#3341=DIRECTION('center_axis',(0.,0.,1.));
#3342=DIRECTION('ref_axis',(-1.,-5.92118946466749E-15,0.));
#3343=DIRECTION('center_axis',(0.,0.,1.));
#3344=DIRECTION('ref_axis',(-1.,-5.92118946466749E-15,0.));
#3345=DIRECTION('',(0.,0.,1.));
#3346=DIRECTION('center_axis',(0.,1.,0.));
#3347=DIRECTION('ref_axis',(-1.,0.,0.));
#3348=DIRECTION('',(1.,0.,0.));
#3349=DIRECTION('',(0.,0.,1.));
#3350=DIRECTION('center_axis',(0.,0.,1.));
#3351=DIRECTION('ref_axis',(-1.,1.01506105108586E-14,0.));
#3352=DIRECTION('center_axis',(0.,0.,1.));
#3353=DIRECTION('ref_axis',(-1.,1.01506105108586E-14,0.));
#3354=DIRECTION('',(0.,0.,1.));
#3355=DIRECTION('center_axis',(0.,1.,0.));
#3356=DIRECTION('ref_axis',(-1.,0.,0.));
#3357=DIRECTION('',(1.,0.,0.));
#3358=DIRECTION('',(0.,0.,1.));
#3359=DIRECTION('center_axis',(0.,0.,1.));
#3360=DIRECTION('ref_axis',(-1.01506105108586E-14,-1.,0.));
#3361=DIRECTION('center_axis',(0.,0.,1.));
#3362=DIRECTION('ref_axis',(-1.01506105108586E-14,-1.,0.));
#3363=DIRECTION('',(0.,0.,1.));
#3364=DIRECTION('center_axis',(0.,1.,0.));
#3365=DIRECTION('ref_axis',(-1.,0.,0.));
#3366=DIRECTION('',(1.,0.,0.));
#3367=DIRECTION('',(0.,0.,1.));
#3368=DIRECTION('center_axis',(0.,0.,1.));
#3369=DIRECTION('ref_axis',(5.92118946466745E-15,-1.,0.));
#3370=DIRECTION('center_axis',(0.,0.,1.));
#3371=DIRECTION('ref_axis',(5.92118946466745E-15,-1.,0.));
#3372=DIRECTION('center_axis',(0.,0.,1.));
#3373=DIRECTION('ref_axis',(-1.,0.,0.));
#3374=DIRECTION('',(0.,0.,1.));
#3375=DIRECTION('',(1.,0.,0.));
#3376=DIRECTION('center_axis',(0.,0.,1.));
#3377=DIRECTION('ref_axis',(-1.,0.,0.));
#3378=DIRECTION('center_axis',(0.,0.,-1.));
#3379=DIRECTION('ref_axis',(-1.,0.,0.));
#3380=DIRECTION('',(0.,0.,-1.));
#3381=DIRECTION('center_axis',(0.,0.,-1.));
#3382=DIRECTION('ref_axis',(-1.,0.,0.));
#3383=DIRECTION('center_axis',(0.,0.,1.));
#3384=DIRECTION('ref_axis',(-1.,0.,0.));
#3385=DIRECTION('center_axis',(0.,0.,1.));
#3386=DIRECTION('ref_axis',(-1.,0.,0.));
#3387=DIRECTION('',(0.,0.,-1.));
#3388=DIRECTION('center_axis',(0.,0.,1.));
#3389=DIRECTION('ref_axis',(-1.,0.,0.));
#3390=DIRECTION('center_axis',(0.,0.,1.));
#3391=DIRECTION('ref_axis',(-1.,0.,0.));
#3392=DIRECTION('center_axis',(0.,0.,1.));
#3393=DIRECTION('ref_axis',(-1.,0.,0.));
#3394=DIRECTION('center_axis',(0.,0.,1.));
#3395=DIRECTION('ref_axis',(-1.,0.,0.));
#3396=DIRECTION('center_axis',(0.,0.,-1.));
#3397=DIRECTION('ref_axis',(-1.,0.,0.));
#3398=DIRECTION('',(0.,0.,-1.));
#3399=DIRECTION('center_axis',(0.,0.,-1.));
#3400=DIRECTION('ref_axis',(-1.,0.,0.));
#3401=DIRECTION('center_axis',(0.,0.,1.));
#3402=DIRECTION('ref_axis',(-1.,0.,0.));
#3403=DIRECTION('center_axis',(0.,0.,1.));
#3404=DIRECTION('ref_axis',(-1.,0.,0.));
#3405=DIRECTION('',(0.,0.,-1.));
#3406=DIRECTION('center_axis',(0.,0.,1.));
#3407=DIRECTION('ref_axis',(-1.,0.,0.));
#3408=DIRECTION('center_axis',(0.,0.,1.));
#3409=DIRECTION('ref_axis',(-1.,0.,0.));
#3410=DIRECTION('center_axis',(0.,0.,1.));
#3411=DIRECTION('ref_axis',(-1.,0.,0.));
#3412=DIRECTION('center_axis',(0.,0.,1.));
#3413=DIRECTION('ref_axis',(-1.,0.,0.));
#3414=DIRECTION('center_axis',(0.,0.,-1.));
#3415=DIRECTION('ref_axis',(-1.,0.,0.));
#3416=DIRECTION('',(0.,0.,-1.));
#3417=DIRECTION('center_axis',(0.,0.,-1.));
#3418=DIRECTION('ref_axis',(-1.,0.,0.));
#3419=DIRECTION('center_axis',(0.,0.,1.));
#3420=DIRECTION('ref_axis',(-1.,0.,0.));
#3421=DIRECTION('center_axis',(0.,0.,1.));
#3422=DIRECTION('ref_axis',(-1.,0.,0.));
#3423=DIRECTION('',(0.,0.,-1.));
#3424=DIRECTION('center_axis',(0.,0.,1.));
#3425=DIRECTION('ref_axis',(-1.,0.,0.));
#3426=DIRECTION('center_axis',(0.,0.,1.));
#3427=DIRECTION('ref_axis',(-1.,0.,0.));
#3428=DIRECTION('center_axis',(0.,0.,1.));
#3429=DIRECTION('ref_axis',(-1.,0.,0.));
#3430=DIRECTION('center_axis',(0.,0.,1.));
#3431=DIRECTION('ref_axis',(-1.,0.,0.));
#3432=DIRECTION('center_axis',(0.,0.,-1.));
#3433=DIRECTION('ref_axis',(-1.,0.,0.));
#3434=DIRECTION('',(0.,0.,-1.));
#3435=DIRECTION('center_axis',(0.,0.,-1.));
#3436=DIRECTION('ref_axis',(-1.,0.,0.));
#3437=DIRECTION('center_axis',(0.,0.,1.));
#3438=DIRECTION('ref_axis',(-1.,0.,0.));
#3439=DIRECTION('center_axis',(0.,0.,1.));
#3440=DIRECTION('ref_axis',(-1.,0.,0.));
#3441=DIRECTION('',(0.,0.,-1.));
#3442=DIRECTION('center_axis',(0.,0.,1.));
#3443=DIRECTION('ref_axis',(-1.,0.,0.));
#3444=DIRECTION('center_axis',(0.,0.,1.));
#3445=DIRECTION('ref_axis',(-1.,0.,0.));
#3446=DIRECTION('center_axis',(0.,0.,1.));
#3447=DIRECTION('ref_axis',(-1.,0.,0.));
#3448=DIRECTION('center_axis',(0.,0.,1.));
#3449=DIRECTION('ref_axis',(-1.,0.,0.));
#3450=DIRECTION('center_axis',(0.,0.,1.));
#3451=DIRECTION('ref_axis',(-1.,0.,0.));
#3452=DIRECTION('',(0.,0.,-1.));
#3453=DIRECTION('center_axis',(0.,0.,1.));
#3454=DIRECTION('ref_axis',(-1.,0.,0.));
#3455=DIRECTION('center_axis',(0.,0.,1.));
#3456=DIRECTION('ref_axis',(-1.,0.,0.));
#3457=DIRECTION('center_axis',(0.,0.,1.));
#3458=DIRECTION('ref_axis',(-1.,0.,0.));
#3459=DIRECTION('center_axis',(0.,0.,1.));
#3460=DIRECTION('ref_axis',(-1.,0.,0.));
#3461=DIRECTION('center_axis',(0.,0.,1.));
#3462=DIRECTION('ref_axis',(-1.,0.,0.));
#3463=DIRECTION('',(0.,0.,-1.));
#3464=DIRECTION('center_axis',(0.,0.,1.));
#3465=DIRECTION('ref_axis',(-1.,0.,0.));
#3466=DIRECTION('center_axis',(0.,0.,1.));
#3467=DIRECTION('ref_axis',(-1.,0.,0.));
#3468=DIRECTION('center_axis',(0.,0.,1.));
#3469=DIRECTION('ref_axis',(-1.,0.,0.));
#3470=DIRECTION('center_axis',(0.,0.,1.));
#3471=DIRECTION('ref_axis',(-1.,0.,0.));
#3472=DIRECTION('center_axis',(0.,0.,1.));
#3473=DIRECTION('ref_axis',(-1.,0.,0.));
#3474=DIRECTION('',(0.,0.,-1.));
#3475=DIRECTION('center_axis',(0.,0.,1.));
#3476=DIRECTION('ref_axis',(-1.,0.,0.));
#3477=DIRECTION('center_axis',(0.,0.,1.));
#3478=DIRECTION('ref_axis',(-1.,0.,0.));
#3479=DIRECTION('center_axis',(0.,0.,1.));
#3480=DIRECTION('ref_axis',(-1.,0.,0.));
#3481=DIRECTION('center_axis',(0.,0.,1.));
#3482=DIRECTION('ref_axis',(-1.,0.,0.));
#3483=DIRECTION('center_axis',(0.,0.,1.));
#3484=DIRECTION('ref_axis',(-1.,0.,0.));
#3485=DIRECTION('',(0.,0.,-1.));
#3486=DIRECTION('center_axis',(0.,0.,1.));
#3487=DIRECTION('ref_axis',(-1.,0.,0.));
#3488=DIRECTION('center_axis',(0.,0.,1.));
#3489=DIRECTION('ref_axis',(-1.,0.,0.));
#3490=DIRECTION('center_axis',(0.,0.,1.));
#3491=DIRECTION('ref_axis',(-1.,0.,0.));
#3492=DIRECTION('center_axis',(0.,0.,1.));
#3493=DIRECTION('ref_axis',(-1.,0.,0.));
#3494=DIRECTION('center_axis',(0.,0.,-1.));
#3495=DIRECTION('ref_axis',(-1.,0.,0.));
#3496=DIRECTION('',(0.,0.,-1.));
#3497=DIRECTION('center_axis',(0.,0.,-1.));
#3498=DIRECTION('ref_axis',(-1.,0.,0.));
#3499=DIRECTION('center_axis',(0.,0.,1.));
#3500=DIRECTION('ref_axis',(-1.,0.,0.));
#3501=DIRECTION('center_axis',(0.,0.,-1.));
#3502=DIRECTION('ref_axis',(-1.,0.,0.));
#3503=DIRECTION('',(0.,0.,-1.));
#3504=DIRECTION('center_axis',(0.,0.,-1.));
#3505=DIRECTION('ref_axis',(-1.,0.,0.));
#3506=DIRECTION('center_axis',(-1.,0.,0.));
#3507=DIRECTION('ref_axis',(0.,-1.,0.));
#3508=DIRECTION('',(0.,-1.,0.));
#3509=DIRECTION('',(0.,0.,1.));
#3510=DIRECTION('',(0.,-1.,0.));
#3511=DIRECTION('',(0.,0.,1.));
#3512=DIRECTION('center_axis',(0.,0.,1.));
#3513=DIRECTION('ref_axis',(1.,-4.84460956200071E-15,0.));
#3514=DIRECTION('center_axis',(0.,0.,1.));
#3515=DIRECTION('ref_axis',(1.,-4.84460956200071E-15,0.));
#3516=DIRECTION('center_axis',(0.,0.,-1.));
#3517=DIRECTION('ref_axis',(1.,-4.84460956200071E-15,0.));
#3518=DIRECTION('',(0.,0.,1.));
#3519=DIRECTION('center_axis',(0.,-1.,0.));
#3520=DIRECTION('ref_axis',(1.,0.,0.));
#3521=DIRECTION('',(1.,0.,0.));
#3522=DIRECTION('',(1.,0.,0.));
#3523=DIRECTION('',(0.,0.,1.));
#3524=DIRECTION('center_axis',(0.,0.,1.));
#3525=DIRECTION('ref_axis',(0.,1.,0.));
#3526=DIRECTION('center_axis',(0.,0.,1.));
#3527=DIRECTION('ref_axis',(0.,1.,0.));
#3528=DIRECTION('center_axis',(0.,0.,-1.));
#3529=DIRECTION('ref_axis',(0.,1.,0.));
#3530=DIRECTION('',(0.,0.,1.));
#3531=DIRECTION('center_axis',(1.,0.,0.));
#3532=DIRECTION('ref_axis',(0.,1.,0.));
#3533=DIRECTION('',(0.,1.,0.));
#3534=DIRECTION('',(0.,1.,0.));
#3535=DIRECTION('',(0.,0.,1.));
#3536=DIRECTION('center_axis',(0.,-1.,0.));
#3537=DIRECTION('ref_axis',(1.,0.,0.));
#3538=DIRECTION('',(1.,0.,0.));
#3539=DIRECTION('',(1.,0.,0.));
#3540=DIRECTION('',(0.,0.,1.));
#3541=DIRECTION('center_axis',(0.,0.,1.));
#3542=DIRECTION('ref_axis',(-1.48029736616687E-15,1.,0.));
#3543=DIRECTION('center_axis',(0.,0.,1.));
#3544=DIRECTION('ref_axis',(-1.48029736616687E-15,1.,0.));
#3545=DIRECTION('center_axis',(0.,0.,1.));
#3546=DIRECTION('ref_axis',(-1.48029736616687E-15,1.,0.));
#3547=DIRECTION('',(0.,0.,1.));
#3548=DIRECTION('center_axis',(0.,1.,0.));
#3549=DIRECTION('ref_axis',(-1.,0.,0.));
#3550=DIRECTION('',(-1.,0.,0.));
#3551=DIRECTION('',(-1.,0.,0.));
#3552=DIRECTION('',(0.,0.,1.));
#3553=DIRECTION('center_axis',(0.,0.,1.));
#3554=DIRECTION('ref_axis',(1.,8.88178419700118E-15,0.));
#3555=DIRECTION('center_axis',(0.,0.,1.));
#3556=DIRECTION('ref_axis',(1.,8.88178419700118E-15,0.));
#3557=DIRECTION('center_axis',(0.,0.,1.));
#3558=DIRECTION('ref_axis',(1.,8.88178419700118E-15,0.));
#3559=DIRECTION('',(0.,0.,1.));
#3560=DIRECTION('center_axis',(0.,-1.,0.));
#3561=DIRECTION('ref_axis',(1.,0.,0.));
#3562=DIRECTION('',(1.,0.,0.));
#3563=DIRECTION('',(1.,0.,0.));
#3564=DIRECTION('center_axis',(0.,0.,1.));
#3565=DIRECTION('ref_axis',(-1.,0.,0.));
#3566=DIRECTION('center_axis',(0.,0.,1.));
#3567=DIRECTION('ref_axis',(-1.,0.,0.));
#3568=DIRECTION('center_axis',(0.,0.,1.));
#3569=DIRECTION('ref_axis',(-1.,0.,0.));
#3570=DIRECTION('center_axis',(0.,0.,-1.));
#3571=DIRECTION('ref_axis',(-1.,0.,0.));
#3572=DIRECTION('',(0.,0.,-1.));
#3573=DIRECTION('center_axis',(0.,0.,-1.));
#3574=DIRECTION('ref_axis',(-1.,0.,0.));
#3575=DIRECTION('center_axis',(0.,0.,1.));
#3576=DIRECTION('ref_axis',(-1.,0.,0.));
#3577=DIRECTION('center_axis',(0.,0.,-1.));
#3578=DIRECTION('ref_axis',(-1.,0.,0.));
#3579=DIRECTION('',(0.,0.,-1.));
#3580=DIRECTION('center_axis',(0.,0.,-1.));
#3581=DIRECTION('ref_axis',(-1.,0.,0.));
#3582=DIRECTION('center_axis',(0.,-1.,0.));
#3583=DIRECTION('ref_axis',(1.,0.,0.));
#3584=DIRECTION('',(-1.,0.,0.));
#3585=DIRECTION('',(0.,0.,1.));
#3586=DIRECTION('',(1.,0.,0.));
#3587=DIRECTION('',(0.,0.,1.));
#3588=DIRECTION('center_axis',(0.,0.,1.));
#3589=DIRECTION('ref_axis',(-1.,-5.92118946466749E-15,0.));
#3590=DIRECTION('center_axis',(0.,0.,1.));
#3591=DIRECTION('ref_axis',(-1.,-5.92118946466749E-15,0.));
#3592=DIRECTION('center_axis',(0.,0.,1.));
#3593=DIRECTION('ref_axis',(-1.,-5.92118946466749E-15,0.));
#3594=DIRECTION('',(0.,0.,1.));
#3595=DIRECTION('center_axis',(0.,1.,0.));
#3596=DIRECTION('ref_axis',(-1.,0.,0.));
#3597=DIRECTION('',(1.,0.,0.));
#3598=DIRECTION('',(-1.,0.,0.));
#3599=DIRECTION('',(0.,0.,1.));
#3600=DIRECTION('center_axis',(0.,0.,1.));
#3601=DIRECTION('ref_axis',(-1.,1.01506105108586E-14,0.));
#3602=DIRECTION('center_axis',(0.,0.,1.));
#3603=DIRECTION('ref_axis',(-1.,1.01506105108586E-14,0.));
#3604=DIRECTION('center_axis',(0.,0.,-1.));
#3605=DIRECTION('ref_axis',(-1.,1.01506105108586E-14,0.));
#3606=DIRECTION('',(0.,0.,1.));
#3607=DIRECTION('center_axis',(0.,1.,0.));
#3608=DIRECTION('ref_axis',(-1.,0.,0.));
#3609=DIRECTION('',(1.,0.,0.));
#3610=DIRECTION('',(-1.,0.,0.));
#3611=DIRECTION('',(0.,0.,1.));
#3612=DIRECTION('center_axis',(0.,0.,1.));
#3613=DIRECTION('ref_axis',(-1.01506105108586E-14,-1.,0.));
#3614=DIRECTION('center_axis',(0.,0.,1.));
#3615=DIRECTION('ref_axis',(-1.01506105108586E-14,-1.,0.));
#3616=DIRECTION('center_axis',(0.,0.,-1.));
#3617=DIRECTION('ref_axis',(-1.01506105108586E-14,-1.,0.));
#3618=DIRECTION('',(0.,0.,1.));
#3619=DIRECTION('center_axis',(0.,1.,0.));
#3620=DIRECTION('ref_axis',(-1.,0.,0.));
#3621=DIRECTION('',(1.,0.,0.));
#3622=DIRECTION('',(-1.,0.,0.));
#3623=DIRECTION('',(0.,0.,1.));
#3624=DIRECTION('center_axis',(0.,0.,1.));
#3625=DIRECTION('ref_axis',(5.92118946466745E-15,-1.,0.));
#3626=DIRECTION('center_axis',(0.,0.,1.));
#3627=DIRECTION('ref_axis',(5.92118946466745E-15,-1.,0.));
#3628=DIRECTION('center_axis',(0.,0.,1.));
#3629=DIRECTION('ref_axis',(5.92118946466745E-15,-1.,0.));
#3630=DIRECTION('center_axis',(0.,0.,1.));
#3631=DIRECTION('ref_axis',(-1.,0.,0.));
#3632=DIRECTION('center_axis',(0.,0.,1.));
#3633=DIRECTION('ref_axis',(-1.,0.,0.));
#3634=DIRECTION('center_axis',(0.,0.,1.));
#3635=DIRECTION('ref_axis',(-2.11171432543214E-35,-1.,0.));
#3636=DIRECTION('',(2.11171432543214E-35,1.,0.));
#3637=DIRECTION('',(1.,0.,0.));
#3638=DIRECTION('',(-2.11171432543214E-35,-1.,0.));
#3639=DIRECTION('',(1.,0.,0.));
#3640=DIRECTION('center_axis',(0.,0.99556566146616,0.0940691963899331));
#3641=DIRECTION('ref_axis',(0.,-0.0940691963899331,0.99556566146616));
#3642=DIRECTION('',(0.,0.0940691963899331,-0.99556566146616));
#3643=DIRECTION('',(0.,-0.0940691963899331,0.99556566146616));
#3644=DIRECTION('',(1.,0.,0.));
#3645=DIRECTION('center_axis',(0.,1.,0.));
#3646=DIRECTION('ref_axis',(0.,0.,1.));
#3647=DIRECTION('',(0.,0.,-1.));
#3648=DIRECTION('',(0.,0.,1.));
#3649=DIRECTION('',(1.,0.,0.));
#3650=DIRECTION('center_axis',(1.,0.,0.));
#3651=DIRECTION('ref_axis',(0.,-1.42108547152021E-14,-1.));
#3652=DIRECTION('center_axis',(1.,0.,0.));
#3653=DIRECTION('ref_axis',(0.,-1.42108547152021E-14,-1.));
#3654=DIRECTION('center_axis',(1.,0.,0.));
#3655=DIRECTION('ref_axis',(0.,-1.42108547152021E-14,-1.));
#3656=DIRECTION('',(1.,0.,0.));
#3657=DIRECTION('center_axis',(0.,0.995118283962038,-0.0986894164763795));
#3658=DIRECTION('ref_axis',(2.69796290115427E-34,0.0986894164763795,0.995118283962038));
#3659=DIRECTION('',(-2.69796290115427E-34,-0.0986894164763795,-0.995118283962038));
#3660=DIRECTION('',(2.69796290115427E-34,0.0986894164763795,0.995118283962038));
#3661=DIRECTION('',(1.,0.,0.));
#3662=DIRECTION('center_axis',(0.,0.957763944820595,-0.287555605060468));
#3663=DIRECTION('ref_axis',(0.,0.287555605060468,0.957763944820595));
#3664=DIRECTION('',(0.,-0.287555605060468,-0.957763944820595));
#3665=DIRECTION('',(0.,0.287555605060468,0.957763944820595));
#3666=DIRECTION('',(1.,0.,0.));
#3667=DIRECTION('center_axis',(1.,0.,0.));
#3668=DIRECTION('ref_axis',(0.,-1.42108547152021E-14,-1.));
#3669=DIRECTION('center_axis',(1.,0.,0.));
#3670=DIRECTION('ref_axis',(0.,-1.42108547152021E-14,-1.));
#3671=DIRECTION('center_axis',(1.,0.,0.));
#3672=DIRECTION('ref_axis',(0.,-1.42108547152021E-14,-1.));
#3673=DIRECTION('',(1.,0.,0.));
#3674=DIRECTION('center_axis',(0.,0.884145597904847,-0.467211474287052));
#3675=DIRECTION('ref_axis',(0.,0.467211474287052,0.884145597904847));
#3676=DIRECTION('',(0.,-0.467211474287052,-0.884145597904847));
#3677=DIRECTION('',(0.,0.467211474287052,0.884145597904847));
#3678=DIRECTION('',(1.,0.,0.));
#3679=DIRECTION('center_axis',(1.,0.,0.));
#3680=DIRECTION('ref_axis',(0.,-1.42108547152021E-14,-1.));
#3681=DIRECTION('center_axis',(1.,0.,0.));
#3682=DIRECTION('ref_axis',(0.,-1.42108547152021E-14,-1.));
#3683=DIRECTION('center_axis',(1.,0.,0.));
#3684=DIRECTION('ref_axis',(0.,-1.42108547152021E-14,-1.));
#3685=DIRECTION('',(1.,0.,0.));
#3686=DIRECTION('center_axis',(0.,0.77614906670414,-0.630549463764971));
#3687=DIRECTION('ref_axis',(0.,0.630549463764971,0.77614906670414));
#3688=DIRECTION('',(0.,-0.630549463764971,-0.77614906670414));
#3689=DIRECTION('',(0.,0.630549463764971,0.77614906670414));
#3690=DIRECTION('',(1.,0.,0.));
#3691=DIRECTION('center_axis',(1.,0.,0.));
#3692=DIRECTION('ref_axis',(0.,-1.42108547152021E-14,-1.));
#3693=DIRECTION('center_axis',(1.,0.,0.));
#3694=DIRECTION('ref_axis',(0.,-1.42108547152021E-14,-1.));
#3695=DIRECTION('center_axis',(1.,0.,0.));
#3696=DIRECTION('ref_axis',(0.,-1.42108547152021E-14,-1.));
#3697=DIRECTION('',(1.,0.,0.));
#3698=DIRECTION('center_axis',(0.,0.624095578212698,-0.781348007775894));
#3699=DIRECTION('ref_axis',(0.,0.781348007775894,0.624095578212698));
#3700=DIRECTION('',(0.,-0.781348007775894,-0.624095578212698));
#3701=DIRECTION('',(0.,0.781348007775894,0.624095578212698));
#3702=DIRECTION('',(1.,0.,0.));
#3703=DIRECTION('center_axis',(0.,0.485350641107544,-0.874319595557881));
#3704=DIRECTION('ref_axis',(0.,0.874319595557881,0.485350641107544));
#3705=DIRECTION('',(0.,-0.874319595557881,-0.485350641107544));
#3706=DIRECTION('',(0.,0.874319595557881,0.485350641107544));
#3707=DIRECTION('',(1.,0.,0.));
#3708=DIRECTION('center_axis',(0.,0.301244889408781,-0.953546808817004));
#3709=DIRECTION('ref_axis',(0.,0.953546808817004,0.301244889408781));
#3710=DIRECTION('',(0.,-0.953546808817004,-0.301244889408781));
#3711=DIRECTION('',(0.,0.953546808817004,0.301244889408781));
#3712=DIRECTION('',(1.,0.,0.));
#3713=DIRECTION('center_axis',(0.,0.0951789794099702,-0.995460175937981));
#3714=DIRECTION('ref_axis',(-6.05382137789844E-32,0.995460175937981,0.0951789794099702));
#3715=DIRECTION('',(6.05382137789844E-32,-0.995460175937981,-0.0951789794099702));
#3716=DIRECTION('',(-6.05382137789844E-32,0.995460175937981,0.0951789794099702));
#3717=DIRECTION('',(1.,0.,0.));
#3718=DIRECTION('center_axis',(0.,5.1644719708015E-11,-1.));
#3719=DIRECTION('ref_axis',(2.38713849421092E-33,1.,5.1644719708015E-11));
#3720=DIRECTION('',(-2.38713849421092E-33,-1.,-5.1644719708015E-11));
#3721=DIRECTION('',(2.38713849421092E-33,1.,5.1644719708015E-11));
#3722=DIRECTION('',(1.,0.,0.));
#3723=DIRECTION('center_axis',(0.,-0.0951789810800923,-0.995460175778296));
#3724=DIRECTION('ref_axis',(0.,0.995460175778296,-0.0951789810800923));
#3725=DIRECTION('',(0.,-0.995460175778296,0.0951789810800923));
#3726=DIRECTION('',(0.,0.995460175778296,-0.0951789810800923));
#3727=DIRECTION('',(1.,0.,0.));
#3728=DIRECTION('center_axis',(0.,-0.300904572744975,-0.953654255011303));
#3729=DIRECTION('ref_axis',(0.,0.953654255011303,-0.300904572744975));
#3730=DIRECTION('',(0.,-0.953654255011303,0.300904572744975));
#3731=DIRECTION('',(0.,0.953654255011303,-0.300904572744975));
#3732=DIRECTION('',(1.,0.,0.));
#3733=DIRECTION('center_axis',(1.,0.,0.));
#3734=DIRECTION('ref_axis',(0.,-1.,1.06581410364017E-14));
#3735=DIRECTION('center_axis',(1.,-3.822909896781E-50,9.47158293308873E-35));
#3736=DIRECTION('ref_axis',(-1.04772376635616E-48,-1.,1.06581410364017E-14));
#3737=DIRECTION('center_axis',(1.,-3.822909896781E-50,9.47158293308873E-35));
#3738=DIRECTION('ref_axis',(-1.04772376635616E-48,-1.,1.06581410364017E-14));
#3739=DIRECTION('',(1.,0.,0.));
#3740=DIRECTION('center_axis',(0.,-0.485350641493716,-0.87431959534351));
#3741=DIRECTION('ref_axis',(0.,0.87431959534351,-0.485350641493716));
#3742=DIRECTION('',(0.,-0.87431959534351,0.485350641493716));
#3743=DIRECTION('',(0.,0.87431959534351,-0.485350641493716));
#3744=DIRECTION('',(1.,0.,0.));
#3745=DIRECTION('center_axis',(1.,0.,0.));
#3746=DIRECTION('ref_axis',(0.,-1.,1.06581410364017E-14));
#3747=DIRECTION('center_axis',(1.,-3.822909896781E-50,9.47158293308873E-35));
#3748=DIRECTION('ref_axis',(-1.04772376635616E-48,-1.,1.06581410364017E-14));
#3749=DIRECTION('center_axis',(1.,-3.822909896781E-50,9.47158293308873E-35));
#3750=DIRECTION('ref_axis',(-1.04772376635616E-48,-1.,1.06581410364017E-14));
#3751=DIRECTION('',(1.,0.,0.));
#3752=DIRECTION('center_axis',(0.,-0.624695048080633,-0.780868809022064));
#3753=DIRECTION('ref_axis',(0.,0.780868809022064,-0.624695048080633));
#3754=DIRECTION('',(0.,-0.780868809022064,0.624695048080633));
#3755=DIRECTION('',(0.,0.780868809022064,-0.624695048080633));
#3756=DIRECTION('',(1.,0.,0.));
#3757=DIRECTION('center_axis',(1.,0.,0.));
#3758=DIRECTION('ref_axis',(0.,-1.,1.06581410364017E-14));
#3759=DIRECTION('center_axis',(1.,-3.822909896781E-50,9.47158293308873E-35));
#3760=DIRECTION('ref_axis',(-1.04772376635616E-48,-1.,1.06581410364017E-14));
#3761=DIRECTION('center_axis',(1.,-3.822909896781E-50,9.47158293308873E-35));
#3762=DIRECTION('ref_axis',(-1.04772376635616E-48,-1.,1.06581410364017E-14));
#3763=DIRECTION('',(1.,0.,0.));
#3764=DIRECTION('center_axis',(0.,-1.,0.));
#3765=DIRECTION('ref_axis',(9.47158293308873E-35,0.,-1.));
#3766=DIRECTION('',(-9.47158293308873E-35,0.,1.));
#3767=DIRECTION('',(9.47158293308873E-35,0.,-1.));
#3768=DIRECTION('center_axis',(1.,0.,0.));
#3769=DIRECTION('ref_axis',(0.,1.,0.));
#3770=DIRECTION('center_axis',(1.,0.,0.));
#3771=DIRECTION('ref_axis',(0.,1.,0.));
#3772=DIRECTION('center_axis',(0.,-1.,0.));
#3773=DIRECTION('ref_axis',(2.45014736469E-14,0.,-1.));
#3774=DIRECTION('',(2.45014736469E-14,0.,-1.));
#3775=DIRECTION('',(1.,0.,2.44249065417531E-14));
#3776=DIRECTION('',(2.45014736469E-14,0.,-1.));
#3777=DIRECTION('',(1.,0.,2.44249065417531E-14));
#3778=DIRECTION('center_axis',(-2.44249065417531E-14,0.,1.));
#3779=DIRECTION('ref_axis',(0.,-1.,0.));
#3780=DIRECTION('',(0.,-1.,0.));
#3781=DIRECTION('',(0.,-1.,0.));
#3782=DIRECTION('',(1.,0.,2.44249065417531E-14));
#3783=DIRECTION('center_axis',(-1.8529390590135E-25,1.,7.58626877792142E-12));
#3784=DIRECTION('ref_axis',(0.,-7.58626877792142E-12,1.));
#3785=DIRECTION('',(0.,-7.58626877792142E-12,1.));
#3786=DIRECTION('',(0.,-7.58626877792142E-12,1.));
#3787=DIRECTION('',(1.,0.,2.44249065417531E-14));
#3788=DIRECTION('center_axis',(2.44249065417531E-14,1.64477485129653E-15,
-1.));
#3789=DIRECTION('ref_axis',(1.3632034408968E-33,1.,1.64477485129653E-15));
#3790=DIRECTION('',(1.3632034408968E-33,1.,1.64477485129653E-15));
#3791=DIRECTION('',(1.3632034408968E-33,1.,1.64477485129653E-15));
#3792=DIRECTION('center_axis',(1.,0.,2.44249065417531E-14));
#3793=DIRECTION('ref_axis',(2.44249065417531E-14,0.,-1.));
#3794=DIRECTION('center_axis',(1.,0.,2.45014736469E-14));
#3795=DIRECTION('ref_axis',(0.,1.,0.));
#3796=DIRECTION('',(0.,0.,1.));
#3797=DIRECTION('',(1.,0.,0.));
#3798=CARTESIAN_POINT('',(0.,0.,0.));
#3799=CARTESIAN_POINT('',(0.,0.,0.));
#3800=CARTESIAN_POINT('',(0.,0.,0.));
#3801=CARTESIAN_POINT('Origin',(210.810002413988,-133.399997884408,12.));
#3802=CARTESIAN_POINT('',(53.9999991282821,-220.299995075911,12.));
#3803=CARTESIAN_POINT('',(38.9999991282821,-205.299995075911,12.));
#3804=CARTESIAN_POINT('Origin',(53.9999991282821,-205.299995075911,12.));
#3805=CARTESIAN_POINT('',(367.620005699694,-220.299995075911,12.));
#3806=CARTESIAN_POINT('',(132.405000771135,-220.299995075911,12.));
#3807=CARTESIAN_POINT('',(382.620005699694,-205.299995075911,12.));
#3808=CARTESIAN_POINT('Origin',(367.620005699694,-205.299995075911,12.));
#3809=CARTESIAN_POINT('',(382.620005699694,-61.500000692904,12.));
#3810=CARTESIAN_POINT('',(382.620005699694,-169.34999648016,12.));
#3811=CARTESIAN_POINT('',(367.620005699694,-46.500000692904,12.));
#3812=CARTESIAN_POINT('Origin',(367.620005699694,-61.500000692904,12.));
#3813=CARTESIAN_POINT('',(53.9999991282821,-46.500000692904,12.));
#3814=CARTESIAN_POINT('',(289.215004056841,-46.500000692904,12.));
#3815=CARTESIAN_POINT('',(38.9999991282821,-61.500000692904,12.));
#3816=CARTESIAN_POINT('Origin',(53.9999991282821,-61.500000692904,12.));
#3817=CARTESIAN_POINT('',(38.9999991282821,-97.449999288656,12.));
#3818=CARTESIAN_POINT('',(362.000005573034,-210.000003129244,12.));
#3819=CARTESIAN_POINT('',(374.000005573034,-198.000003129244,12.));
#3820=CARTESIAN_POINT('Origin',(362.000005573034,-198.000003129244,12.));
#3821=CARTESIAN_POINT('',(60.0000007152557,-210.000003129244,12.));
#3822=CARTESIAN_POINT('',(286.405003993511,-210.000003129244,12.));
#3823=CARTESIAN_POINT('',(48.0000007152557,-198.000003129244,12.));
#3824=CARTESIAN_POINT('Origin',(60.0000007152557,-198.000003129244,12.));
#3825=CARTESIAN_POINT('',(48.0000007152557,-67.0000008195639,12.));
#3826=CARTESIAN_POINT('',(48.0000007152557,-165.700000506826,12.));
#3827=CARTESIAN_POINT('',(60.0000007152557,-55.0000008195639,12.));
#3828=CARTESIAN_POINT('Origin',(60.0000007152557,-67.0000008195639,12.));
#3829=CARTESIAN_POINT('',(362.000005573034,-55.0000008195639,12.));
#3830=CARTESIAN_POINT('',(135.405001564622,-55.0000008195639,12.));
#3831=CARTESIAN_POINT('',(374.000005573034,-67.0000008195639,12.));
#3832=CARTESIAN_POINT('Origin',(362.000005573034,-67.000000819564,12.));
#3833=CARTESIAN_POINT('',(374.000005573034,-100.199999351986,12.));
#3834=CARTESIAN_POINT('',(374.252008688662,-211.016928168255,12.));
#3835=CARTESIAN_POINT('Origin',(375.852008688662,-211.016928168255,12.));
#3836=CARTESIAN_POINT('',(44.1681281805697,-55.7836709615422,12.));
#3837=CARTESIAN_POINT('Origin',(45.7681281805697,-55.7836709615422,12.));
#3838=CARTESIAN_POINT('',(44.1681281805697,-211.016928168255,12.));
#3839=CARTESIAN_POINT('Origin',(45.7681281805697,-211.016928168255,12.));
#3840=CARTESIAN_POINT('',(374.252008688662,-55.7836709615422,12.));
#3841=CARTESIAN_POINT('Origin',(375.852008688662,-55.7836709615422,12.));
#3842=CARTESIAN_POINT('Origin',(60.0000007152557,-198.000003129244,0.));
#3843=CARTESIAN_POINT('',(60.0000007152557,-210.000003129244,1.));
#3844=CARTESIAN_POINT('',(60.0000007152557,-210.000003129244,0.));
#3845=CARTESIAN_POINT('',(48.0000007152557,-198.000003129244,1.));
#3846=CARTESIAN_POINT('Origin',(60.0000007152557,-198.000003129244,1.));
#3847=CARTESIAN_POINT('',(48.0000007152557,-198.000003129244,0.));
#3848=CARTESIAN_POINT('Origin',(362.000005573034,-210.000003129244,0.));
#3849=CARTESIAN_POINT('',(362.000005573034,-210.000003129244,1.));
#3850=CARTESIAN_POINT('',(362.000005573034,-210.000003129244,0.));
#3851=CARTESIAN_POINT('',(286.50000435859,-210.000003129244,1.));
#3852=CARTESIAN_POINT('Origin',(362.000005573034,-198.000003129244,0.));
#3853=CARTESIAN_POINT('',(374.000005573034,-198.000003129244,1.));
#3854=CARTESIAN_POINT('',(374.000005573034,-198.000003129244,0.));
#3855=CARTESIAN_POINT('Origin',(362.000005573034,-198.000003129244,1.));
#3856=CARTESIAN_POINT('Origin',(374.000005573034,-67.0000008195639,0.));
#3857=CARTESIAN_POINT('',(374.000005573034,-67.0000008195639,1.));
#3858=CARTESIAN_POINT('',(374.000005573034,-67.0000008195639,0.));
#3859=CARTESIAN_POINT('',(374.000005573034,-99.7500013969839,1.));
#3860=CARTESIAN_POINT('Origin',(367.620005699694,-61.500000692904,0.));
#3861=CARTESIAN_POINT('',(382.620005699694,-61.500000692904,0.));
#3862=CARTESIAN_POINT('',(382.620005699694,-61.500000692904,0.));
#3863=CARTESIAN_POINT('',(367.620005699694,-46.500000692904,0.));
#3864=CARTESIAN_POINT('Origin',(367.620005699694,-61.500000692904,0.));
#3865=CARTESIAN_POINT('',(367.620005699694,-46.500000692904,0.));
#3866=CARTESIAN_POINT('Origin',(382.620005699694,-205.299995075911,0.));
#3867=CARTESIAN_POINT('',(382.620005699694,-205.299995075911,0.));
#3868=CARTESIAN_POINT('',(382.620005699694,-205.299995075911,0.));
#3869=CARTESIAN_POINT('',(382.620005699694,-205.299995075911,0.));
#3870=CARTESIAN_POINT('Origin',(367.620005699694,-205.299995075911,0.));
#3871=CARTESIAN_POINT('',(367.620005699694,-220.299995075911,0.));
#3872=CARTESIAN_POINT('',(367.620005699694,-220.299995075911,0.));
#3873=CARTESIAN_POINT('Origin',(367.620005699694,-205.299995075911,0.));
#3874=CARTESIAN_POINT('Origin',(53.9999991282821,-220.299995075911,0.));
#3875=CARTESIAN_POINT('',(53.9999991282821,-220.299995075911,0.));
#3876=CARTESIAN_POINT('',(53.9999991282821,-220.299995075911,0.));
#3877=CARTESIAN_POINT('',(53.9999991282821,-220.299995075911,0.));
#3878=CARTESIAN_POINT('Origin',(375.852008688662,-55.7836709615422,0.));
#3879=CARTESIAN_POINT('',(374.252008688662,-55.7836709615422,0.));
#3880=CARTESIAN_POINT('Origin',(375.852008688662,-55.7836709615422,0.));
#3881=CARTESIAN_POINT('',(374.252008688662,-55.7836709615422,0.));
#3882=CARTESIAN_POINT('Origin',(45.7681281805697,-211.016928168255,0.));
#3883=CARTESIAN_POINT('',(44.1681281805697,-211.016928168255,0.));
#3884=CARTESIAN_POINT('Origin',(45.7681281805697,-211.016928168255,0.));
#3885=CARTESIAN_POINT('',(44.1681281805697,-211.016928168255,0.));
#3886=CARTESIAN_POINT('Origin',(45.7681281805697,-55.7836709615422,0.));
#3887=CARTESIAN_POINT('',(44.1681281805697,-55.7836709615422,0.));
#3888=CARTESIAN_POINT('Origin',(45.7681281805697,-55.7836709615422,0.));
#3889=CARTESIAN_POINT('',(44.1681281805697,-55.7836709615422,0.));
#3890=CARTESIAN_POINT('Origin',(375.852008688662,-211.016928168255,0.));
#3891=CARTESIAN_POINT('',(374.252008688662,-211.016928168255,0.));
#3892=CARTESIAN_POINT('Origin',(375.852008688662,-211.016928168255,0.));
#3893=CARTESIAN_POINT('',(374.252008688662,-211.016928168255,0.));
#3894=CARTESIAN_POINT('Origin',(211.000003144145,-132.500001974404,1.));
#3895=CARTESIAN_POINT('',(362.000005573034,-55.0000008195639,1.));
#3896=CARTESIAN_POINT('Origin',(362.000005573034,-67.000000819564,1.));
#3897=CARTESIAN_POINT('',(60.0000007152557,-55.0000008195639,1.));
#3898=CARTESIAN_POINT('',(135.5000019297,-55.0000008195639,1.));
#3899=CARTESIAN_POINT('',(48.0000007152557,-67.0000008195639,1.));
#3900=CARTESIAN_POINT('Origin',(60.0000007152557,-67.0000008195639,1.));
#3901=CARTESIAN_POINT('',(48.0000007152557,-165.250002551824,1.));
#3902=CARTESIAN_POINT('Origin',(60.0000007152557,-67.0000008195639,0.));
#3903=CARTESIAN_POINT('',(48.0000007152557,-67.0000008195639,0.));
#3904=CARTESIAN_POINT('',(60.0000007152557,-55.0000008195639,0.));
#3905=CARTESIAN_POINT('Origin',(60.0000007152557,-55.0000008195639,0.));
#3906=CARTESIAN_POINT('',(362.000005573034,-55.0000008195639,0.));
#3907=CARTESIAN_POINT('Origin',(362.000005573034,-67.000000819564,0.));
#3908=CARTESIAN_POINT('Origin',(48.0000007152557,-198.000003129244,0.));
#3909=CARTESIAN_POINT('Origin',(38.9999991282821,-61.500000692904,0.));
#3910=CARTESIAN_POINT('',(38.9999991282821,-61.500000692904,0.));
#3911=CARTESIAN_POINT('',(38.9999991282821,-61.500000692904,0.));
#3912=CARTESIAN_POINT('',(38.9999991282821,-205.299995075911,0.));
#3913=CARTESIAN_POINT('',(38.9999991282821,-61.500000692904,0.));
#3914=CARTESIAN_POINT('',(38.9999991282821,-205.299995075911,0.));
#3915=CARTESIAN_POINT('Origin',(53.9999991282821,-61.500000692904,0.));
#3916=CARTESIAN_POINT('',(53.9999991282821,-46.500000692904,0.));
#3917=CARTESIAN_POINT('',(53.9999991282821,-46.500000692904,0.));
#3918=CARTESIAN_POINT('Origin',(53.9999991282821,-61.500000692904,0.));
#3919=CARTESIAN_POINT('Origin',(367.620005699694,-46.500000692904,0.));
#3920=CARTESIAN_POINT('',(367.620005699694,-46.500000692904,0.));
#3921=CARTESIAN_POINT('Origin',(53.9999991282821,-205.299995075911,0.));
#3922=CARTESIAN_POINT('Origin',(53.9999991282821,-205.299995075911,0.));
#3923=CARTESIAN_POINT('Origin',(210.810002413988,-133.399997884408,0.));
#3924=CARTESIAN_POINT('Origin',(55.0184222778907,-62.4504611389453,1.));
#3925=CARTESIAN_POINT('',(56.6184222778907,-62.4504611389453,1.));
#3926=CARTESIAN_POINT('Origin',(55.0184222778907,-62.4504611389453,1.));
#3927=CARTESIAN_POINT('',(56.6184222778907,-62.4504611389453,5.));
#3928=CARTESIAN_POINT('',(56.6184222778907,-62.4504611389453,1.));
#3929=CARTESIAN_POINT('Origin',(55.0184222778907,-62.4504611389453,5.));
#3930=CARTESIAN_POINT('Origin',(55.0184222778907,-62.4504611389453,1.));
#3931=CARTESIAN_POINT('',(57.4684222778907,-62.4504611389453,5.));
#3932=CARTESIAN_POINT('Origin',(55.0184222778907,-62.4504611389453,5.));
#3933=CARTESIAN_POINT('',(57.4684222778907,-62.4504611389453,1.));
#3934=CARTESIAN_POINT('',(57.4684222778907,-62.4504611389453,1.));
#3935=CARTESIAN_POINT('Origin',(55.0184222778907,-62.4504611389453,1.));
#3936=CARTESIAN_POINT('Origin',(55.0184222778907,-62.4504611389453,5.));
#3937=CARTESIAN_POINT('Origin',(55.0184222778907,-62.4504611389453,1.));
#3938=CARTESIAN_POINT('Origin',(368.01842227789,-62.4504611389453,1.));
#3939=CARTESIAN_POINT('',(369.61842227789,-62.4504611389453,1.));
#3940=CARTESIAN_POINT('Origin',(368.01842227789,-62.4504611389453,1.));
#3941=CARTESIAN_POINT('',(369.61842227789,-62.4504611389453,5.));
#3942=CARTESIAN_POINT('',(369.61842227789,-62.4504611389453,1.));
#3943=CARTESIAN_POINT('Origin',(368.01842227789,-62.4504611389453,5.));
#3944=CARTESIAN_POINT('Origin',(368.01842227789,-62.4504611389453,1.));
#3945=CARTESIAN_POINT('',(370.46842227789,-62.4504611389453,5.));
#3946=CARTESIAN_POINT('Origin',(368.01842227789,-62.4504611389453,5.));
#3947=CARTESIAN_POINT('',(370.46842227789,-62.4504611389453,1.));
#3948=CARTESIAN_POINT('',(370.46842227789,-62.4504611389453,1.));
#3949=CARTESIAN_POINT('Origin',(368.01842227789,-62.4504611389453,1.));
#3950=CARTESIAN_POINT('Origin',(368.01842227789,-62.4504611389453,5.));
#3951=CARTESIAN_POINT('Origin',(368.01842227789,-62.4504611389453,1.));
#3952=CARTESIAN_POINT('Origin',(55.0184222778907,-202.450461138945,1.));
#3953=CARTESIAN_POINT('',(56.6184222778907,-202.450461138945,1.));
#3954=CARTESIAN_POINT('Origin',(55.0184222778907,-202.450461138945,1.));
#3955=CARTESIAN_POINT('',(56.6184222778907,-202.450461138945,5.));
#3956=CARTESIAN_POINT('',(56.6184222778907,-202.450461138945,1.));
#3957=CARTESIAN_POINT('Origin',(55.0184222778907,-202.450461138945,5.));
#3958=CARTESIAN_POINT('Origin',(55.0184222778907,-202.450461138945,1.));
#3959=CARTESIAN_POINT('',(57.4684222778907,-202.450461138945,5.));
#3960=CARTESIAN_POINT('Origin',(55.0184222778907,-202.450461138945,5.));
#3961=CARTESIAN_POINT('',(57.4684222778907,-202.450461138945,1.));
#3962=CARTESIAN_POINT('',(57.4684222778907,-202.450461138945,1.));
#3963=CARTESIAN_POINT('Origin',(55.0184222778907,-202.450461138945,1.));
#3964=CARTESIAN_POINT('Origin',(55.0184222778907,-202.450461138945,5.));
#3965=CARTESIAN_POINT('Origin',(55.0184222778907,-202.450461138945,1.));
#3966=CARTESIAN_POINT('Origin',(368.01842227789,-202.450461138945,1.));
#3967=CARTESIAN_POINT('',(369.61842227789,-202.450461138945,1.));
#3968=CARTESIAN_POINT('Origin',(368.01842227789,-202.450461138945,1.));
#3969=CARTESIAN_POINT('',(369.61842227789,-202.450461138945,5.));
#3970=CARTESIAN_POINT('',(369.61842227789,-202.450461138945,1.));
#3971=CARTESIAN_POINT('Origin',(368.01842227789,-202.450461138945,5.));
#3972=CARTESIAN_POINT('Origin',(368.01842227789,-202.450461138945,1.));
#3973=CARTESIAN_POINT('',(370.46842227789,-202.450461138945,5.));
#3974=CARTESIAN_POINT('Origin',(368.01842227789,-202.450461138945,5.));
#3975=CARTESIAN_POINT('',(370.46842227789,-202.450461138945,1.));
#3976=CARTESIAN_POINT('',(370.46842227789,-202.450461138945,1.));
#3977=CARTESIAN_POINT('Origin',(368.01842227789,-202.450461138945,1.));
#3978=CARTESIAN_POINT('Origin',(368.01842227789,-202.450461138945,5.));
#3979=CARTESIAN_POINT('Origin',(368.01842227789,-202.450461138945,1.));
#3980=CARTESIAN_POINT('Origin',(368.01842227789,-62.4504611389453,1.));
#3981=CARTESIAN_POINT('',(369.60588427789,-62.4504611389453,2.));
#3982=CARTESIAN_POINT('Origin',(368.01842227789,-62.4504611389453,2.));
#3983=CARTESIAN_POINT('',(369.60588427789,-62.4504611389453,1.));
#3984=CARTESIAN_POINT('',(369.60588427789,-62.4504611389453,1.));
#3985=CARTESIAN_POINT('Origin',(368.01842227789,-62.4504611389453,1.));
#3986=CARTESIAN_POINT('Origin',(368.01842227789,-62.4504611389453,2.));
#3987=CARTESIAN_POINT('Origin',(368.01842227789,-62.4504611389453,1.));
#3988=CARTESIAN_POINT('Origin',(55.0184222778907,-62.4504611389453,1.));
#3989=CARTESIAN_POINT('',(56.6058842778907,-62.4504611389453,2.));
#3990=CARTESIAN_POINT('Origin',(55.0184222778907,-62.4504611389453,2.));
#3991=CARTESIAN_POINT('',(56.6058842778907,-62.4504611389453,1.));
#3992=CARTESIAN_POINT('',(56.6058842778907,-62.4504611389453,1.));
#3993=CARTESIAN_POINT('Origin',(55.0184222778907,-62.4504611389453,1.));
#3994=CARTESIAN_POINT('Origin',(55.0184222778907,-62.4504611389453,2.));
#3995=CARTESIAN_POINT('Origin',(55.0184222778907,-62.4504611389453,1.));
#3996=CARTESIAN_POINT('Origin',(368.01842227789,-202.450461138945,1.));
#3997=CARTESIAN_POINT('',(369.60588427789,-202.450461138945,2.));
#3998=CARTESIAN_POINT('Origin',(368.01842227789,-202.450461138945,2.));
#3999=CARTESIAN_POINT('',(369.60588427789,-202.450461138945,1.));
#4000=CARTESIAN_POINT('',(369.60588427789,-202.450461138945,1.));
#4001=CARTESIAN_POINT('Origin',(368.01842227789,-202.450461138945,1.));
#4002=CARTESIAN_POINT('Origin',(368.01842227789,-202.450461138945,2.));
#4003=CARTESIAN_POINT('Origin',(368.01842227789,-202.450461138945,1.));
#4004=CARTESIAN_POINT('Origin',(55.0184222778907,-202.450461138945,1.));
#4005=CARTESIAN_POINT('',(56.6058842778907,-202.450461138945,2.));
#4006=CARTESIAN_POINT('Origin',(55.0184222778907,-202.450461138945,2.));
#4007=CARTESIAN_POINT('',(56.6058842778907,-202.450461138945,1.));
#4008=CARTESIAN_POINT('',(56.6058842778907,-202.450461138945,1.));
#4009=CARTESIAN_POINT('Origin',(55.0184222778907,-202.450461138945,1.));
#4010=CARTESIAN_POINT('Origin',(55.0184222778907,-202.450461138945,2.));
#4011=CARTESIAN_POINT('Origin',(55.0184222778907,-202.450461138945,1.));
#4012=CARTESIAN_POINT('Origin',(211.000003144145,-60.42069133258,9.));
#4013=CARTESIAN_POINT('',(365.094714051561,-65.841381845596,9.));
#4014=CARTESIAN_POINT('',(373.943941359581,-65.841381845596,9.));
#4015=CARTESIAN_POINT('',(48.0560649287086,-65.841381845596,9.));
#4016=CARTESIAN_POINT('',(362.000005573034,-55.0000008195639,9.));
#4017=CARTESIAN_POINT('Origin',(362.000005573034,-67.000000819564,9.));
#4018=CARTESIAN_POINT('',(60.0000007152557,-55.0000008195639,9.));
#4019=CARTESIAN_POINT('',(362.000005573034,-55.0000008195639,9.));
#4020=CARTESIAN_POINT('',(48.0560649287086,-65.841381845596,9.));
#4021=CARTESIAN_POINT('Origin',(60.0000007152558,-67.0000008195639,9.));
#4022=CARTESIAN_POINT('',(58.0000008642673,-65.841381845596,9.));
#4023=CARTESIAN_POINT('',(48.0560649287086,-65.841381845596,9.));
#4024=CARTESIAN_POINT('',(58.0000008642673,-65.5000008940697,9.));
#4025=CARTESIAN_POINT('',(58.0000008642673,-65.841381845596,9.));
#4026=CARTESIAN_POINT('',(63.5000008642674,-60.0000008940697,9.));
#4027=CARTESIAN_POINT('Origin',(63.5000008642673,-65.5000008940697,9.));
#4028=CARTESIAN_POINT('',(359.594714051561,-60.0000008940697,9.));
#4029=CARTESIAN_POINT('',(63.5000008642673,-60.0000008940697,9.));
#4030=CARTESIAN_POINT('',(365.094714051561,-65.5000008940697,9.));
#4031=CARTESIAN_POINT('Origin',(359.594714051561,-65.5000008940696,9.));
#4032=CARTESIAN_POINT('',(365.094714051561,-65.5000008940697,9.));
#4033=CARTESIAN_POINT('',(370.46842227789,-62.4504611389453,9.));
#4034=CARTESIAN_POINT('Origin',(368.01842227789,-62.4504611389453,9.));
#4035=CARTESIAN_POINT('',(57.4684222778907,-62.4504611389453,9.));
#4036=CARTESIAN_POINT('Origin',(55.0184222778907,-62.4504611389453,9.));
#4037=CARTESIAN_POINT('Origin',(55.0184222778907,-62.4504611389453,1.));
#4038=CARTESIAN_POINT('',(57.4684222778907,-62.4504611389453,1.));
#4039=CARTESIAN_POINT('Origin',(55.0184222778907,-62.4504611389453,1.));
#4040=CARTESIAN_POINT('',(57.4684222778907,-62.4504611389453,1.));
#4041=CARTESIAN_POINT('Origin',(368.01842227789,-62.4504611389453,1.));
#4042=CARTESIAN_POINT('',(370.46842227789,-62.4504611389453,1.));
#4043=CARTESIAN_POINT('Origin',(368.01842227789,-62.4504611389453,1.));
#4044=CARTESIAN_POINT('',(370.46842227789,-62.4504611389453,1.));
#4045=CARTESIAN_POINT('Origin',(365.094714051561,-65.5000008940697,1.));
#4046=CARTESIAN_POINT('',(365.094714051561,-65.5000008940697,1.));
#4047=CARTESIAN_POINT('',(365.094714051561,-65.841381845596,1.));
#4048=CARTESIAN_POINT('',(365.094714051561,-65.5000008940697,1.));
#4049=CARTESIAN_POINT('',(365.094714051561,-65.841381845596,1.));
#4050=CARTESIAN_POINT('',(365.094714051561,-65.5000008940697,1.));
#4051=CARTESIAN_POINT('Origin',(359.594714051561,-65.5000008940696,1.));
#4052=CARTESIAN_POINT('',(359.594714051561,-60.0000008940697,1.));
#4053=CARTESIAN_POINT('Origin',(359.594714051561,-65.5000008940696,1.));
#4054=CARTESIAN_POINT('',(359.594714051561,-60.0000008940697,1.));
#4055=CARTESIAN_POINT('Origin',(63.5000008642673,-60.0000008940697,1.));
#4056=CARTESIAN_POINT('',(63.5000008642673,-60.0000008940697,1.));
#4057=CARTESIAN_POINT('',(63.5000008642673,-60.0000008940697,1.));
#4058=CARTESIAN_POINT('',(63.5000008642673,-60.0000008940697,1.));
#4059=CARTESIAN_POINT('Origin',(63.5000008642673,-65.5000008940697,1.));
#4060=CARTESIAN_POINT('',(58.0000008642673,-65.5000008940697,1.));
#4061=CARTESIAN_POINT('Origin',(63.5000008642673,-65.5000008940697,1.));
#4062=CARTESIAN_POINT('',(58.0000008642673,-65.5000008940697,1.));
#4063=CARTESIAN_POINT('Origin',(58.0000008642673,-65.841381845596,1.));
#4064=CARTESIAN_POINT('',(58.0000008642673,-65.841381845596,1.));
#4065=CARTESIAN_POINT('',(58.0000008642673,-65.841381845596,1.));
#4066=CARTESIAN_POINT('',(58.0000008642673,-65.841381845596,1.));
#4067=CARTESIAN_POINT('Origin',(48.0560649287086,-65.841381845596,1.));
#4068=CARTESIAN_POINT('',(48.0560649287086,-65.841381845596,1.));
#4069=CARTESIAN_POINT('',(48.0560649287086,-65.841381845596,1.));
#4070=CARTESIAN_POINT('',(48.0560649287086,-65.841381845596,1.));
#4071=CARTESIAN_POINT('Origin',(60.0000007152558,-67.0000008195639,1.));
#4072=CARTESIAN_POINT('',(60.0000007152557,-55.0000008195639,1.));
#4073=CARTESIAN_POINT('Origin',(60.0000007152558,-67.0000008195639,1.));
#4074=CARTESIAN_POINT('',(60.0000007152557,-55.0000008195639,1.));
#4075=CARTESIAN_POINT('Origin',(362.000005573034,-55.0000008195639,1.));
#4076=CARTESIAN_POINT('',(362.000005573034,-55.0000008195639,1.));
#4077=CARTESIAN_POINT('',(362.000005573034,-55.0000008195639,1.));
#4078=CARTESIAN_POINT('',(362.000005573034,-55.0000008195639,1.));
#4079=CARTESIAN_POINT('Origin',(362.000005573034,-67.000000819564,1.));
#4080=CARTESIAN_POINT('',(373.943941359581,-65.841381845596,1.));
#4081=CARTESIAN_POINT('Origin',(362.000005573034,-67.000000819564,1.));
#4082=CARTESIAN_POINT('',(373.943941359581,-65.841381845596,1.));
#4083=CARTESIAN_POINT('Origin',(365.094714051561,-65.841381845596,1.));
#4084=CARTESIAN_POINT('',(48.0560649287086,-65.841381845596,1.));
#4085=CARTESIAN_POINT('Origin',(211.000003144145,-60.42069133258,1.));
#4086=CARTESIAN_POINT('Origin',(211.000003144145,-204.500003047287,8.));
#4087=CARTESIAN_POINT('',(362.000005573034,-210.000003129244,8.));
#4088=CARTESIAN_POINT('',(373.958266329843,-199.000002965331,8.));
#4089=CARTESIAN_POINT('Origin',(362.000005573034,-198.000003129244,8.));
#4090=CARTESIAN_POINT('',(365.000005438924,-199.000003017278,8.));
#4091=CARTESIAN_POINT('',(48.0000007152557,-199.000002965331,8.));
#4092=CARTESIAN_POINT('',(358.000005438924,-206.000003069639,8.));
#4093=CARTESIAN_POINT('Origin',(358.000005438924,-199.000003069639,8.));
#4094=CARTESIAN_POINT('',(65.0000008642673,-206.000003069639,8.));
#4095=CARTESIAN_POINT('',(65.0000008642673,-206.000003069639,8.));
#4096=CARTESIAN_POINT('',(58.0000008642674,-199.000003017278,8.));
#4097=CARTESIAN_POINT('Origin',(65.0000008642673,-199.000003069639,8.));
#4098=CARTESIAN_POINT('',(48.0417399584473,-199.000002965331,8.));
#4099=CARTESIAN_POINT('',(48.0000007152557,-199.000002965331,8.));
#4100=CARTESIAN_POINT('',(60.0000007152557,-210.000003129244,8.));
#4101=CARTESIAN_POINT('Origin',(60.0000007152558,-198.000003129244,8.));
#4102=CARTESIAN_POINT('',(362.000005573034,-210.000003129244,8.));
#4103=CARTESIAN_POINT('',(370.46842227789,-202.450461138945,8.));
#4104=CARTESIAN_POINT('Origin',(368.01842227789,-202.450461138945,8.));
#4105=CARTESIAN_POINT('',(57.4684222778907,-202.450461138945,8.));
#4106=CARTESIAN_POINT('Origin',(55.0184222778907,-202.450461138945,8.));
#4107=CARTESIAN_POINT('Origin',(55.0184222778907,-202.450461138945,1.));
#4108=CARTESIAN_POINT('',(57.4684222778907,-202.450461138945,1.));
#4109=CARTESIAN_POINT('Origin',(55.0184222778907,-202.450461138945,1.));
#4110=CARTESIAN_POINT('',(57.4684222778907,-202.450461138945,1.));
#4111=CARTESIAN_POINT('Origin',(368.01842227789,-202.450461138945,1.));
#4112=CARTESIAN_POINT('',(370.46842227789,-202.450461138945,1.));
#4113=CARTESIAN_POINT('Origin',(368.01842227789,-202.450461138945,1.));
#4114=CARTESIAN_POINT('',(370.46842227789,-202.450461138945,1.));
#4115=CARTESIAN_POINT('Origin',(60.0000007152557,-210.000003129244,1.));
#4116=CARTESIAN_POINT('',(362.000005573034,-210.000003129244,1.));
#4117=CARTESIAN_POINT('',(60.0000007152557,-210.000003129244,1.));
#4118=CARTESIAN_POINT('',(362.000005573034,-210.000003129244,1.));
#4119=CARTESIAN_POINT('',(362.000005573034,-210.000003129244,1.));
#4120=CARTESIAN_POINT('',(60.0000007152557,-210.000003129244,1.));
#4121=CARTESIAN_POINT('Origin',(60.0000007152558,-198.000003129244,1.));
#4122=CARTESIAN_POINT('',(48.0417399584473,-199.000002965331,1.));
#4123=CARTESIAN_POINT('Origin',(60.0000007152558,-198.000003129244,1.));
#4124=CARTESIAN_POINT('',(48.0417399584473,-199.000002965331,1.));
#4125=CARTESIAN_POINT('Origin',(58.0000008642674,-199.000002965331,1.));
#4126=CARTESIAN_POINT('',(58.0000008642674,-199.000003017278,1.));
#4127=CARTESIAN_POINT('',(48.0000007152557,-199.000002965331,1.));
#4128=CARTESIAN_POINT('',(58.0000008642674,-199.000003069639,1.));
#4129=CARTESIAN_POINT('Origin',(65.0000008642673,-199.000003069639,1.));
#4130=CARTESIAN_POINT('',(65.0000008642673,-206.000003069639,1.));
#4131=CARTESIAN_POINT('Origin',(65.0000008642673,-199.000003069639,1.));
#4132=CARTESIAN_POINT('',(65.0000008642673,-206.000003069639,1.));
#4133=CARTESIAN_POINT('Origin',(358.000005438924,-206.000003069639,1.));
#4134=CARTESIAN_POINT('',(358.000005438924,-206.000003069639,1.));
#4135=CARTESIAN_POINT('',(65.0000008642673,-206.000003069639,1.));
#4136=CARTESIAN_POINT('',(358.000005438924,-206.000003069639,1.));
#4137=CARTESIAN_POINT('Origin',(358.000005438924,-199.000003069639,1.));
#4138=CARTESIAN_POINT('',(365.000005438924,-199.000003017278,1.));
#4139=CARTESIAN_POINT('Origin',(358.000005438924,-199.000003069639,1.));
#4140=CARTESIAN_POINT('',(365.000005438924,-199.000003069639,1.));
#4141=CARTESIAN_POINT('Origin',(373.958266329843,-199.000002965331,1.));
#4142=CARTESIAN_POINT('',(373.958266329843,-199.000002965331,1.));
#4143=CARTESIAN_POINT('',(48.0000007152557,-199.000002965331,1.));
#4144=CARTESIAN_POINT('',(373.958266329843,-199.000002965331,1.));
#4145=CARTESIAN_POINT('Origin',(362.000005573034,-198.000003129244,1.));
#4146=CARTESIAN_POINT('Origin',(362.000005573034,-198.000003129244,1.));
#4147=CARTESIAN_POINT('Origin',(211.000003144145,-204.500003047287,1.));
#4148=CARTESIAN_POINT('',(0.,0.,0.));
#4149=CARTESIAN_POINT('Origin',(55.0184222778907,-62.4504611389453,1.));
#4150=CARTESIAN_POINT('',(56.6184222778907,-62.4504611389453,5.));
#4151=CARTESIAN_POINT('Origin',(55.0184222778907,-62.4504611389453,5.));
#4152=CARTESIAN_POINT('',(56.6184222778907,-62.4504611389453,1.));
#4153=CARTESIAN_POINT('',(56.6184222778907,-62.4504611389453,1.));
#4154=CARTESIAN_POINT('Origin',(55.0184222778907,-62.4504611389453,1.));
#4155=CARTESIAN_POINT('Origin',(55.0184222778907,-62.4504611389453,1.));
#4156=CARTESIAN_POINT('',(57.4684222778907,-62.4504611389453,5.));
#4157=CARTESIAN_POINT('Origin',(55.0184222778907,-62.4504611389453,5.));
#4158=CARTESIAN_POINT('',(57.4684222778907,-62.4504611389453,1.));
#4159=CARTESIAN_POINT('',(57.4684222778907,-62.4504611389453,1.));
#4160=CARTESIAN_POINT('Origin',(55.0184222778907,-62.4504611389453,1.));
#4161=CARTESIAN_POINT('Origin',(55.0184222778907,-62.4504611389453,5.));
#4162=CARTESIAN_POINT('Origin',(55.0184222778907,-62.4504611389453,1.));
#4163=CARTESIAN_POINT('Origin',(368.01842227789,-62.4504611389453,1.));
#4164=CARTESIAN_POINT('',(369.61842227789,-62.4504611389453,5.));
#4165=CARTESIAN_POINT('Origin',(368.01842227789,-62.4504611389453,5.));
#4166=CARTESIAN_POINT('',(369.61842227789,-62.4504611389453,1.));
#4167=CARTESIAN_POINT('',(369.61842227789,-62.4504611389453,1.));
#4168=CARTESIAN_POINT('Origin',(368.01842227789,-62.4504611389453,1.));
#4169=CARTESIAN_POINT('Origin',(368.01842227789,-62.4504611389453,1.));
#4170=CARTESIAN_POINT('',(370.46842227789,-62.4504611389453,5.));
#4171=CARTESIAN_POINT('Origin',(368.01842227789,-62.4504611389453,5.));
#4172=CARTESIAN_POINT('',(370.46842227789,-62.4504611389453,1.));
#4173=CARTESIAN_POINT('',(370.46842227789,-62.4504611389453,1.));
#4174=CARTESIAN_POINT('Origin',(368.01842227789,-62.4504611389453,1.));
#4175=CARTESIAN_POINT('Origin',(368.01842227789,-62.4504611389453,5.));
#4176=CARTESIAN_POINT('Origin',(368.01842227789,-62.4504611389453,1.));
#4177=CARTESIAN_POINT('Origin',(55.0184222778907,-202.450461138945,1.));
#4178=CARTESIAN_POINT('',(56.6184222778907,-202.450461138945,5.));
#4179=CARTESIAN_POINT('Origin',(55.0184222778907,-202.450461138945,5.));
#4180=CARTESIAN_POINT('',(56.6184222778907,-202.450461138945,1.));
#4181=CARTESIAN_POINT('',(56.6184222778907,-202.450461138945,1.));
#4182=CARTESIAN_POINT('Origin',(55.0184222778907,-202.450461138945,1.));
#4183=CARTESIAN_POINT('Origin',(55.0184222778907,-202.450461138945,1.));
#4184=CARTESIAN_POINT('',(57.4684222778907,-202.450461138945,5.));
#4185=CARTESIAN_POINT('Origin',(55.0184222778907,-202.450461138945,5.));
#4186=CARTESIAN_POINT('',(57.4684222778907,-202.450461138945,1.));
#4187=CARTESIAN_POINT('',(57.4684222778907,-202.450461138945,1.));
#4188=CARTESIAN_POINT('Origin',(55.0184222778907,-202.450461138945,1.));
#4189=CARTESIAN_POINT('Origin',(55.0184222778907,-202.450461138945,5.));
#4190=CARTESIAN_POINT('Origin',(55.0184222778907,-202.450461138945,1.));
#4191=CARTESIAN_POINT('Origin',(368.01842227789,-202.450461138945,1.));
#4192=CARTESIAN_POINT('',(369.61842227789,-202.450461138945,5.));
#4193=CARTESIAN_POINT('Origin',(368.01842227789,-202.450461138945,5.));
#4194=CARTESIAN_POINT('',(369.61842227789,-202.450461138945,1.));
#4195=CARTESIAN_POINT('',(369.61842227789,-202.450461138945,1.));
#4196=CARTESIAN_POINT('Origin',(368.01842227789,-202.450461138945,1.));
#4197=CARTESIAN_POINT('Origin',(368.01842227789,-202.450461138945,1.));
#4198=CARTESIAN_POINT('',(370.46842227789,-202.450461138945,5.));
#4199=CARTESIAN_POINT('Origin',(368.01842227789,-202.450461138945,5.));
#4200=CARTESIAN_POINT('',(370.46842227789,-202.450461138945,1.));
#4201=CARTESIAN_POINT('',(370.46842227789,-202.450461138945,1.));
#4202=CARTESIAN_POINT('Origin',(368.01842227789,-202.450461138945,1.));
#4203=CARTESIAN_POINT('Origin',(368.01842227789,-202.450461138945,5.));
#4204=CARTESIAN_POINT('Origin',(368.01842227789,-202.450461138945,1.));
#4205=CARTESIAN_POINT('Origin',(368.01842227789,-62.4504611389453,1.));
#4206=CARTESIAN_POINT('',(369.60588427789,-62.4504611389453,2.));
#4207=CARTESIAN_POINT('Origin',(368.01842227789,-62.4504611389453,2.));
#4208=CARTESIAN_POINT('',(369.60588427789,-62.4504611389453,1.));
#4209=CARTESIAN_POINT('',(369.60588427789,-62.4504611389453,1.));
#4210=CARTESIAN_POINT('Origin',(368.01842227789,-62.4504611389453,1.));
#4211=CARTESIAN_POINT('Origin',(368.01842227789,-62.4504611389453,2.));
#4212=CARTESIAN_POINT('Origin',(368.01842227789,-62.4504611389453,1.));
#4213=CARTESIAN_POINT('Origin',(55.0184222778907,-62.4504611389453,1.));
#4214=CARTESIAN_POINT('',(56.6058842778907,-62.4504611389453,2.));
#4215=CARTESIAN_POINT('Origin',(55.0184222778907,-62.4504611389453,2.));
#4216=CARTESIAN_POINT('',(56.6058842778907,-62.4504611389453,1.));
#4217=CARTESIAN_POINT('',(56.6058842778907,-62.4504611389453,1.));
#4218=CARTESIAN_POINT('Origin',(55.0184222778907,-62.4504611389453,1.));
#4219=CARTESIAN_POINT('Origin',(55.0184222778907,-62.4504611389453,2.));
#4220=CARTESIAN_POINT('Origin',(55.0184222778907,-62.4504611389453,1.));
#4221=CARTESIAN_POINT('Origin',(368.01842227789,-202.450461138945,1.));
#4222=CARTESIAN_POINT('',(369.60588427789,-202.450461138945,2.));
#4223=CARTESIAN_POINT('Origin',(368.01842227789,-202.450461138945,2.));
#4224=CARTESIAN_POINT('',(369.60588427789,-202.450461138945,1.));
#4225=CARTESIAN_POINT('',(369.60588427789,-202.450461138945,1.));
#4226=CARTESIAN_POINT('Origin',(368.01842227789,-202.450461138945,1.));
#4227=CARTESIAN_POINT('Origin',(368.01842227789,-202.450461138945,2.));
#4228=CARTESIAN_POINT('Origin',(368.01842227789,-202.450461138945,1.));
#4229=CARTESIAN_POINT('Origin',(55.0184222778907,-202.450461138945,1.));
#4230=CARTESIAN_POINT('',(56.6058842778907,-202.450461138945,2.));
#4231=CARTESIAN_POINT('Origin',(55.0184222778907,-202.450461138945,2.));
#4232=CARTESIAN_POINT('',(56.6058842778907,-202.450461138945,1.));
#4233=CARTESIAN_POINT('',(56.6058842778907,-202.450461138945,1.));
#4234=CARTESIAN_POINT('Origin',(55.0184222778907,-202.450461138945,1.));
#4235=CARTESIAN_POINT('Origin',(55.0184222778907,-202.450461138945,2.));
#4236=CARTESIAN_POINT('Origin',(55.0184222778907,-202.450461138945,1.));
#4237=CARTESIAN_POINT('Origin',(368.01842227789,-62.4504611389453,1.));
#4238=CARTESIAN_POINT('',(370.46842227789,-62.4504611389453,8.));
#4239=CARTESIAN_POINT('Origin',(368.01842227789,-62.4504611389453,8.));
#4240=CARTESIAN_POINT('',(370.46842227789,-62.4504611389453,1.));
#4241=CARTESIAN_POINT('',(370.46842227789,-62.4504611389453,1.));
#4242=CARTESIAN_POINT('Origin',(368.01842227789,-62.4504611389453,1.));
#4243=CARTESIAN_POINT('Origin',(55.0184222778907,-62.4504611389453,1.));
#4244=CARTESIAN_POINT('',(57.4684222778907,-62.4504611389453,8.));
#4245=CARTESIAN_POINT('Origin',(55.0184222778907,-62.4504611389453,8.));
#4246=CARTESIAN_POINT('',(57.4684222778907,-62.4504611389453,1.));
#4247=CARTESIAN_POINT('',(57.4684222778907,-62.4504611389453,1.));
#4248=CARTESIAN_POINT('Origin',(55.0184222778907,-62.4504611389453,1.));
#4249=CARTESIAN_POINT('Origin',(365.094714051561,-65.5000008940697,1.));
#4250=CARTESIAN_POINT('',(365.094714051561,-65.5000008940697,1.));
#4251=CARTESIAN_POINT('',(365.094714051561,-65.841381845596,1.));
#4252=CARTESIAN_POINT('',(365.094714051561,-65.5000008940697,1.));
#4253=CARTESIAN_POINT('',(365.094714051561,-65.841381845596,8.));
#4254=CARTESIAN_POINT('',(365.094714051561,-65.841381845596,1.));
#4255=CARTESIAN_POINT('',(365.094714051561,-65.5000008940697,8.));
#4256=CARTESIAN_POINT('',(365.094714051561,-65.5000008940697,8.));
#4257=CARTESIAN_POINT('',(365.094714051561,-65.5000008940697,1.));
#4258=CARTESIAN_POINT('Origin',(359.594714051561,-65.5000008940696,1.));
#4259=CARTESIAN_POINT('',(359.594714051561,-60.0000008940697,1.));
#4260=CARTESIAN_POINT('Origin',(359.594714051561,-65.5000008940696,1.));
#4261=CARTESIAN_POINT('',(359.594714051561,-60.0000008940697,8.));
#4262=CARTESIAN_POINT('Origin',(359.594714051561,-65.5000008940696,8.));
#4263=CARTESIAN_POINT('',(359.594714051561,-60.0000008940697,1.));
#4264=CARTESIAN_POINT('Origin',(63.5000008642673,-60.0000008940697,1.));
#4265=CARTESIAN_POINT('',(63.5000008642673,-60.0000008940697,1.));
#4266=CARTESIAN_POINT('',(63.5000008642673,-60.0000008940697,1.));
#4267=CARTESIAN_POINT('',(63.5000008642673,-60.0000008940697,8.));
#4268=CARTESIAN_POINT('',(63.5000008642673,-60.0000008940697,8.));
#4269=CARTESIAN_POINT('',(63.5000008642673,-60.0000008940697,1.));
#4270=CARTESIAN_POINT('Origin',(63.5000008642673,-65.5000008940697,1.));
#4271=CARTESIAN_POINT('',(58.0000008642673,-65.5000008940697,1.));
#4272=CARTESIAN_POINT('Origin',(63.5000008642673,-65.5000008940697,1.));
#4273=CARTESIAN_POINT('',(58.0000008642673,-65.5000008940697,8.));
#4274=CARTESIAN_POINT('Origin',(63.5000008642673,-65.5000008940697,8.));
#4275=CARTESIAN_POINT('',(58.0000008642673,-65.5000008940697,1.));
#4276=CARTESIAN_POINT('Origin',(58.0000008642673,-65.841381845596,1.));
#4277=CARTESIAN_POINT('',(58.0000008642673,-65.841381845596,1.));
#4278=CARTESIAN_POINT('',(58.0000008642673,-65.841381845596,1.));
#4279=CARTESIAN_POINT('',(58.0000008642673,-65.841381845596,8.));
#4280=CARTESIAN_POINT('',(58.0000008642673,-65.841381845596,8.));
#4281=CARTESIAN_POINT('',(58.0000008642673,-65.841381845596,1.));
#4282=CARTESIAN_POINT('Origin',(48.0560649287086,-65.841381845596,1.));
#4283=CARTESIAN_POINT('',(48.0560649287086,-65.841381845596,1.));
#4284=CARTESIAN_POINT('',(48.0560649287086,-65.841381845596,1.));
#4285=CARTESIAN_POINT('',(48.0560649287086,-65.841381845596,8.));
#4286=CARTESIAN_POINT('',(48.0560649287086,-65.841381845596,8.));
#4287=CARTESIAN_POINT('',(48.0560649287086,-65.841381845596,1.));
#4288=CARTESIAN_POINT('Origin',(60.0000007152558,-67.0000008195639,1.));
#4289=CARTESIAN_POINT('',(60.0000007152557,-55.0000008195639,1.));
#4290=CARTESIAN_POINT('Origin',(60.0000007152558,-67.0000008195639,1.));
#4291=CARTESIAN_POINT('',(60.0000007152557,-55.0000008195639,8.));
#4292=CARTESIAN_POINT('Origin',(60.0000007152558,-67.0000008195639,8.));
#4293=CARTESIAN_POINT('',(60.0000007152557,-55.0000008195639,1.));
#4294=CARTESIAN_POINT('Origin',(362.000005573034,-55.0000008195639,1.));
#4295=CARTESIAN_POINT('',(362.000005573034,-55.0000008195639,1.));
#4296=CARTESIAN_POINT('',(362.000005573034,-55.0000008195639,1.));
#4297=CARTESIAN_POINT('',(362.000005573034,-55.0000008195639,8.));
#4298=CARTESIAN_POINT('',(362.000005573034,-55.0000008195639,8.));
#4299=CARTESIAN_POINT('',(362.000005573034,-55.0000008195639,1.));
#4300=CARTESIAN_POINT('Origin',(362.000005573034,-67.000000819564,1.));
#4301=CARTESIAN_POINT('',(373.943941359581,-65.841381845596,1.));
#4302=CARTESIAN_POINT('Origin',(362.000005573034,-67.000000819564,1.));
#4303=CARTESIAN_POINT('',(373.943941359581,-65.841381845596,8.));
#4304=CARTESIAN_POINT('Origin',(362.000005573034,-67.000000819564,8.));
#4305=CARTESIAN_POINT('',(373.943941359581,-65.841381845596,1.));
#4306=CARTESIAN_POINT('Origin',(365.094714051561,-65.841381845596,1.));
#4307=CARTESIAN_POINT('',(48.0560649287086,-65.841381845596,1.));
#4308=CARTESIAN_POINT('',(48.0560649287086,-65.841381845596,8.));
#4309=CARTESIAN_POINT('Origin',(211.000003144145,-60.42069133258,8.));
#4310=CARTESIAN_POINT('Origin',(211.000003144145,-60.42069133258,1.));
#4311=CARTESIAN_POINT('Origin',(55.0184222778907,-202.450461138945,1.));
#4312=CARTESIAN_POINT('',(57.4684222778907,-202.450461138945,7.));
#4313=CARTESIAN_POINT('Origin',(55.0184222778907,-202.450461138945,7.));
#4314=CARTESIAN_POINT('',(57.4684222778907,-202.450461138945,1.));
#4315=CARTESIAN_POINT('',(57.4684222778907,-202.450461138945,1.));
#4316=CARTESIAN_POINT('Origin',(55.0184222778907,-202.450461138945,1.));
#4317=CARTESIAN_POINT('Origin',(368.01842227789,-202.450461138945,1.));
#4318=CARTESIAN_POINT('',(370.46842227789,-202.450461138945,7.));
#4319=CARTESIAN_POINT('Origin',(368.01842227789,-202.450461138945,7.));
#4320=CARTESIAN_POINT('',(370.46842227789,-202.450461138945,1.));
#4321=CARTESIAN_POINT('',(370.46842227789,-202.450461138945,1.));
#4322=CARTESIAN_POINT('Origin',(368.01842227789,-202.450461138945,1.));
#4323=CARTESIAN_POINT('Origin',(60.0000007152557,-210.000003129244,1.));
#4324=CARTESIAN_POINT('',(362.000005573034,-210.000003129244,1.));
#4325=CARTESIAN_POINT('',(60.0000007152557,-210.000003129244,1.));
#4326=CARTESIAN_POINT('',(362.000005573034,-210.000003129244,1.));
#4327=CARTESIAN_POINT('',(362.000005573034,-210.000003129244,7.));
#4328=CARTESIAN_POINT('',(362.000005573034,-210.000003129244,1.));
#4329=CARTESIAN_POINT('',(60.0000007152557,-210.000003129244,7.));
#4330=CARTESIAN_POINT('',(362.000005573034,-210.000003129244,7.));
#4331=CARTESIAN_POINT('',(60.0000007152557,-210.000003129244,1.));
#4332=CARTESIAN_POINT('Origin',(60.0000007152558,-198.000003129244,1.));
#4333=CARTESIAN_POINT('',(48.0417399584473,-199.000002965331,1.));
#4334=CARTESIAN_POINT('Origin',(60.0000007152558,-198.000003129244,1.));
#4335=CARTESIAN_POINT('',(48.0417399584473,-199.000002965331,7.));
#4336=CARTESIAN_POINT('Origin',(60.0000007152558,-198.000003129244,7.));
#4337=CARTESIAN_POINT('',(48.0417399584473,-199.000002965331,1.));
#4338=CARTESIAN_POINT('Origin',(58.0000008642674,-199.000002965331,1.));
#4339=CARTESIAN_POINT('',(58.0000008642674,-199.000003069639,1.));
#4340=CARTESIAN_POINT('',(48.0000007152557,-199.000002965331,1.));
#4341=CARTESIAN_POINT('',(58.0000008642674,-199.000003069639,7.));
#4342=CARTESIAN_POINT('',(48.0000007152557,-199.000002965331,7.));
#4343=CARTESIAN_POINT('',(58.0000008642674,-199.000003069639,1.));
#4344=CARTESIAN_POINT('Origin',(65.0000008642673,-199.000003069639,1.));
#4345=CARTESIAN_POINT('',(65.0000008642673,-206.000003069639,1.));
#4346=CARTESIAN_POINT('Origin',(65.0000008642673,-199.000003069639,1.));
#4347=CARTESIAN_POINT('',(65.0000008642673,-206.000003069639,7.));
#4348=CARTESIAN_POINT('Origin',(65.0000008642673,-199.000003069639,7.));
#4349=CARTESIAN_POINT('',(65.0000008642673,-206.000003069639,1.));
#4350=CARTESIAN_POINT('Origin',(358.000005438924,-206.000003069639,1.));
#4351=CARTESIAN_POINT('',(358.000005438924,-206.000003069639,1.));
#4352=CARTESIAN_POINT('',(65.0000008642673,-206.000003069639,1.));
#4353=CARTESIAN_POINT('',(358.000005438924,-206.000003069639,7.));
#4354=CARTESIAN_POINT('',(65.0000008642673,-206.000003069639,7.));
#4355=CARTESIAN_POINT('',(358.000005438924,-206.000003069639,1.));
#4356=CARTESIAN_POINT('Origin',(358.000005438924,-199.000003069639,1.));
#4357=CARTESIAN_POINT('',(365.000005438924,-199.000003069639,1.));
#4358=CARTESIAN_POINT('Origin',(358.000005438924,-199.000003069639,1.));
#4359=CARTESIAN_POINT('',(365.000005438924,-199.000003069639,7.));
#4360=CARTESIAN_POINT('Origin',(358.000005438924,-199.000003069639,7.));
#4361=CARTESIAN_POINT('',(365.000005438924,-199.000003069639,1.));
#4362=CARTESIAN_POINT('Origin',(373.958266329843,-199.000002965331,1.));
#4363=CARTESIAN_POINT('',(373.958266329843,-199.000002965331,1.));
#4364=CARTESIAN_POINT('',(48.0000007152557,-199.000002965331,1.));
#4365=CARTESIAN_POINT('',(373.958266329843,-199.000002965331,7.));
#4366=CARTESIAN_POINT('',(48.0000007152557,-199.000002965331,7.));
#4367=CARTESIAN_POINT('',(373.958266329843,-199.000002965331,1.));
#4368=CARTESIAN_POINT('Origin',(362.000005573034,-198.000003129244,1.));
#4369=CARTESIAN_POINT('Origin',(362.000005573034,-198.000003129244,1.));
#4370=CARTESIAN_POINT('Origin',(362.000005573034,-198.000003129244,7.));
#4371=CARTESIAN_POINT('Origin',(211.000003144145,-204.500003047287,7.));
#4372=CARTESIAN_POINT('Origin',(211.000003144145,-204.500003047287,1.));
#4373=CARTESIAN_POINT('Origin',(382.620005699694,-95.3619657057114,12.));
#4374=CARTESIAN_POINT('',(382.620005699694,-104.286417203179,12.));
#4375=CARTESIAN_POINT('',(382.620005699694,-95.3619657057114,12.));
#4376=CARTESIAN_POINT('',(382.620005699694,-104.286417203179,12.));
#4377=CARTESIAN_POINT('',(383.620005699694,-104.286417203179,12.));
#4378=CARTESIAN_POINT('',(382.620005699694,-104.286417203179,12.));
#4379=CARTESIAN_POINT('',(383.620005699694,-95.3619657057114,12.));
#4380=CARTESIAN_POINT('',(383.620005699694,-104.286417203179,12.));
#4381=CARTESIAN_POINT('',(382.620005699694,-95.3619657057114,12.));
#4382=CARTESIAN_POINT('Origin',(382.620005699694,-95.3544764399451,11.920738604));
#4383=CARTESIAN_POINT('',(382.620005699694,-95.3544764398124,11.920738604));
#4384=CARTESIAN_POINT('',(382.620005699694,-95.3784152349451,12.174090851));
#4385=CARTESIAN_POINT('',(383.620005699694,-95.3544764398124,11.920738604));
#4386=CARTESIAN_POINT('',(383.620005699694,-95.3784152349451,12.174090851));
#4387=CARTESIAN_POINT('',(382.620005699694,-95.3544764398124,11.920738604));
#4388=CARTESIAN_POINT('Origin',(382.620005699694,-95.3544764398124,11.2586003155798));
#4389=CARTESIAN_POINT('',(382.620005699694,-95.3544764398124,11.2586003155798));
#4390=CARTESIAN_POINT('',(382.620005699694,-95.3544764398124,12.));
#4391=CARTESIAN_POINT('',(383.620005699694,-95.3544764398124,11.2586003155798));
#4392=CARTESIAN_POINT('',(383.620005699694,-95.3544764398124,12.));
#4393=CARTESIAN_POINT('',(382.620005699694,-95.3544764398124,11.2586003155798));
#4394=CARTESIAN_POINT('Origin',(382.620005699694,-96.6044764398123,11.2586003155798));
#4395=CARTESIAN_POINT('',(382.620005699694,-95.3544771244901,11.2572919983288));
#4396=CARTESIAN_POINT('Origin',(382.620005699694,-96.6044764398123,11.2586003155798));
#4397=CARTESIAN_POINT('',(383.620005699694,-95.3544771244901,11.2572919983288));
#4398=CARTESIAN_POINT('Origin',(383.620005699694,-96.6044764398123,11.2586003155798));
#4399=CARTESIAN_POINT('',(382.620005699694,-95.3544771244901,11.2572919983288));
#4400=CARTESIAN_POINT('Origin',(382.620005699694,-95.3784152349451,11.015909148));
#4401=CARTESIAN_POINT('',(382.620005699694,-95.3784152349451,11.015909148));
#4402=CARTESIAN_POINT('',(382.620005699694,-95.354476439899,11.2572919983288));
#4403=CARTESIAN_POINT('',(383.620005699694,-95.3784152349451,11.015909148));
#4404=CARTESIAN_POINT('',(383.620005699694,-95.354476439899,11.2572919983288));
#4405=CARTESIAN_POINT('',(382.620005699694,-95.3784152349451,11.015909148));
#4406=CARTESIAN_POINT('Origin',(382.620005699694,-95.4479434307472,10.7843309839309));
#4407=CARTESIAN_POINT('',(382.620005699694,-95.4479434307472,10.7843309839309));
#4408=CARTESIAN_POINT('',(382.620005699694,-95.3784152349451,11.015909148));
#4409=CARTESIAN_POINT('',(383.620005699694,-95.4479434307472,10.7843309839309));
#4410=CARTESIAN_POINT('',(383.620005699694,-95.3784152349451,11.015909148));
#4411=CARTESIAN_POINT('',(382.620005699694,-95.4479434307472,10.7843309839309));
#4412=CARTESIAN_POINT('Origin',(382.620005699694,-96.6044764398123,11.2586003155798));
#4413=CARTESIAN_POINT('',(382.620005699694,-95.4563869510253,10.7642416140921));
#4414=CARTESIAN_POINT('Origin',(382.620005699694,-96.6044764398123,11.2586003155798));
#4415=CARTESIAN_POINT('',(383.620005699694,-95.4563869510253,10.7642416140921));
#4416=CARTESIAN_POINT('Origin',(383.620005699694,-96.6044764398123,11.2586003155798));
#4417=CARTESIAN_POINT('',(382.620005699694,-95.4563869510253,10.7642416140921));
#4418=CARTESIAN_POINT('Origin',(382.620005699694,-95.5491896454877,10.5886228669115));
#4419=CARTESIAN_POINT('',(382.620005699694,-95.5491896454877,10.5886228669115));
#4420=CARTESIAN_POINT('',(382.620005699694,-95.4508015909451,10.774811285));
#4421=CARTESIAN_POINT('',(383.620005699694,-95.5491896454877,10.5886228669115));
#4422=CARTESIAN_POINT('',(383.620005699694,-95.4508015909451,10.774811285));
#4423=CARTESIAN_POINT('',(382.620005699694,-95.5491896454877,10.5886228669115));
#4424=CARTESIAN_POINT('Origin',(382.620005699694,-96.6044764398123,11.2586003155798));
#4425=CARTESIAN_POINT('',(382.620005699694,-95.572748589379,10.5528824947476));
#4426=CARTESIAN_POINT('Origin',(382.620005699694,-96.6044764398123,11.2586003155798));
#4427=CARTESIAN_POINT('',(383.620005699694,-95.572748589379,10.5528824947476));
#4428=CARTESIAN_POINT('Origin',(383.620005699694,-96.6044764398123,11.2586003155798));
#4429=CARTESIAN_POINT('',(382.620005699694,-95.572748589379,10.5528824947476));
#4430=CARTESIAN_POINT('Origin',(382.620005699694,-95.7024062243589,10.3932857332504));
#4431=CARTESIAN_POINT('',(382.620005699694,-95.702406224359,10.3932857332505));
#4432=CARTESIAN_POINT('',(382.620005699694,-95.5593811259451,10.569336627));
#4433=CARTESIAN_POINT('',(383.620005699694,-95.702406224359,10.3932857332505));
#4434=CARTESIAN_POINT('',(383.620005699694,-95.5593811259451,10.569336627));
#4435=CARTESIAN_POINT('',(382.620005699694,-95.702406224359,10.3932857332505));
#4436=CARTESIAN_POINT('Origin',(382.620005699694,-96.6044764398123,11.2586003155798));
#4437=CARTESIAN_POINT('',(382.620005699694,-95.7305089840374,10.3649108358128));
#4438=CARTESIAN_POINT('Origin',(382.620005699694,-96.6044764398123,11.2586003155798));
#4439=CARTESIAN_POINT('',(383.620005699694,-95.7305089840374,10.3649108358128));
#4440=CARTESIAN_POINT('Origin',(383.620005699694,-96.6044764398123,11.2586003155798));
#4441=CARTESIAN_POINT('',(382.620005699694,-95.7305089840374,10.3649108358128));
#4442=CARTESIAN_POINT('Origin',(382.620005699694,-95.8973741129451,10.231628626));
#4443=CARTESIAN_POINT('',(382.620005699694,-95.8973741129451,10.231628626));
#4444=CARTESIAN_POINT('',(382.620005699694,-95.7161232359451,10.376401339));
#4445=CARTESIAN_POINT('',(383.620005699694,-95.8973741129451,10.231628626));
#4446=CARTESIAN_POINT('',(383.620005699694,-95.7161232359451,10.376401339));
#4447=CARTESIAN_POINT('',(382.620005699694,-95.8973741129451,10.231628626));
#4448=CARTESIAN_POINT('Origin',(382.620005699694,-96.114533182546,10.1110796937919));
#4449=CARTESIAN_POINT('',(382.620005699694,-96.114533182546,10.1110796937919));
#4450=CARTESIAN_POINT('',(382.620005699694,-95.8973741129451,10.231628626));
#4451=CARTESIAN_POINT('',(383.620005699694,-96.114533182546,10.1110796937919));
#4452=CARTESIAN_POINT('',(383.620005699694,-95.8973741129451,10.231628626));
#4453=CARTESIAN_POINT('',(382.620005699694,-96.114533182546,10.1110796937919));
#4454=CARTESIAN_POINT('Origin',(382.620005699694,-96.3436616489451,10.038693337));
#4455=CARTESIAN_POINT('',(382.620005699694,-96.3436616489451,10.038693337));
#4456=CARTESIAN_POINT('',(382.620005699694,-96.114533182546,10.1110796937919));
#4457=CARTESIAN_POINT('',(383.620005699694,-96.3436616489451,10.038693337));
#4458=CARTESIAN_POINT('',(383.620005699694,-96.114533182546,10.1110796937919));
#4459=CARTESIAN_POINT('',(382.620005699694,-96.3436616489451,10.038693337));
#4460=CARTESIAN_POINT('Origin',(382.620005699694,-96.5970138959451,10.014469557));
#4461=CARTESIAN_POINT('',(382.620005699694,-96.5970138959451,10.014469557));
#4462=CARTESIAN_POINT('',(382.620005699694,-96.3436616489451,10.038693337));
#4463=CARTESIAN_POINT('',(383.620005699694,-96.5970138959451,10.014469557));
#4464=CARTESIAN_POINT('',(383.620005699694,-96.3436616489451,10.038693337));
#4465=CARTESIAN_POINT('',(382.620005699694,-96.5970138959451,10.014469557));
#4466=CARTESIAN_POINT('Origin',(382.620005699694,-103.051369012945,10.0144695566667));
#4467=CARTESIAN_POINT('',(382.620005699694,-103.051369012945,10.0144695566667));
#4468=CARTESIAN_POINT('',(382.620005699694,-96.5970138959451,10.014469557));
#4469=CARTESIAN_POINT('',(383.620005699694,-103.051369012945,10.0144695566667));
#4470=CARTESIAN_POINT('',(383.620005699694,-96.5970138959451,10.014469557));
#4471=CARTESIAN_POINT('',(382.620005699694,-103.051369012945,10.0144695566667));
#4472=CARTESIAN_POINT('Origin',(382.620005699694,-103.304721258945,10.038693337));
#4473=CARTESIAN_POINT('',(382.620005699694,-103.304721258945,10.038693337));
#4474=CARTESIAN_POINT('',(382.620005699694,-103.051369012945,10.0144695566667));
#4475=CARTESIAN_POINT('',(383.620005699694,-103.304721258945,10.038693337));
#4476=CARTESIAN_POINT('',(383.620005699694,-103.051369012945,10.0144695566667));
#4477=CARTESIAN_POINT('',(382.620005699694,-103.304721258945,10.038693337));
#4478=CARTESIAN_POINT('Origin',(382.620005699694,-103.526424521905,10.1086469132216));
#4479=CARTESIAN_POINT('',(382.620005699694,-103.526424521905,10.1086469132216));
#4480=CARTESIAN_POINT('',(382.620005699694,-103.304721258945,10.038693337));
#4481=CARTESIAN_POINT('',(383.620005699694,-103.526424521905,10.1086469132216));
#4482=CARTESIAN_POINT('',(383.620005699694,-103.304721258945,10.038693337));
#4483=CARTESIAN_POINT('',(382.620005699694,-103.526424521905,10.1086469132216));
#4484=CARTESIAN_POINT('Origin',(382.620005699694,-103.036417203179,11.2586003155798));
#4485=CARTESIAN_POINT('',(382.620005699694,-103.541675270601,10.115265594116));
#4486=CARTESIAN_POINT('Origin',(382.620005699694,-103.036417203179,11.2586003155798));
#4487=CARTESIAN_POINT('',(383.620005699694,-103.541675270601,10.115265594116));
#4488=CARTESIAN_POINT('Origin',(383.620005699694,-103.036417203179,11.2586003155798));
#4489=CARTESIAN_POINT('',(382.620005699694,-103.541675270601,10.115265594116));
#4490=CARTESIAN_POINT('Origin',(382.620005699694,-103.739553399811,10.2251113272565));
#4491=CARTESIAN_POINT('',(382.620005699694,-103.739553399811,10.2251113272565));
#4492=CARTESIAN_POINT('',(382.620005699694,-103.534134712945,10.111079694));
#4493=CARTESIAN_POINT('',(383.620005699694,-103.739553399811,10.2251113272565));
#4494=CARTESIAN_POINT('',(383.620005699694,-103.534134712945,10.111079694));
#4495=CARTESIAN_POINT('',(382.620005699694,-103.739553399811,10.2251113272565));
#4496=CARTESIAN_POINT('Origin',(382.620005699694,-103.036417203179,11.2586003155798));
#4497=CARTESIAN_POINT('',(382.620005699694,-103.76871114287,10.2455625147593));
#4498=CARTESIAN_POINT('Origin',(382.620005699694,-103.036417203179,11.2586003155798));
#4499=CARTESIAN_POINT('',(383.620005699694,-103.76871114287,10.2455625147593));
#4500=CARTESIAN_POINT('Origin',(383.620005699694,-103.036417203179,11.2586003155798));
#4501=CARTESIAN_POINT('',(382.620005699694,-103.76871114287,10.2455625147593));
#4502=CARTESIAN_POINT('Origin',(382.620005699694,-103.863999316044,10.3217930534033));
#4503=CARTESIAN_POINT('',(382.620005699694,-103.863999316043,10.3217930534034));
#4504=CARTESIAN_POINT('',(382.620005699694,-103.751293781945,10.231628626));
#4505=CARTESIAN_POINT('',(383.620005699694,-103.863999316043,10.3217930534034));
#4506=CARTESIAN_POINT('',(383.620005699694,-103.751293781945,10.231628626));
#4507=CARTESIAN_POINT('',(382.620005699694,-103.863999316043,10.3217930534034));
#4508=CARTESIAN_POINT('Origin',(382.620005699694,-103.036417203179,11.2586003155798));
#4509=CARTESIAN_POINT('',(382.620005699694,-104.286417203179,11.2586003155798));
#4510=CARTESIAN_POINT('Origin',(382.620005699694,-103.036417203179,11.2586003155798));
#4511=CARTESIAN_POINT('',(383.620005699694,-104.286417203179,11.2586003155798));
#4512=CARTESIAN_POINT('Origin',(383.620005699694,-103.036417203179,11.2586003155798));
#4513=CARTESIAN_POINT('',(382.620005699694,-104.286417203179,11.2586003155798));
#4514=CARTESIAN_POINT('Origin',(382.620005699694,-104.286417203179,12.));
#4515=CARTESIAN_POINT('',(382.620005699694,-104.286417203179,11.2586003155798));
#4516=CARTESIAN_POINT('',(383.620005699694,-104.286417203179,11.2586003155798));
#4517=CARTESIAN_POINT('Origin',(383.620005699694,-99.8204468214956,11.0072347783333));
#4518=CARTESIAN_POINT('Origin',(382.620005699694,-99.8204468214956,11.0072347783333));
#4519=CARTESIAN_POINT('Origin',(382.620005699694,-78.8004611389452,12.));
#4520=CARTESIAN_POINT('',(382.620005699694,-78.8004611389452,12.));
#4521=CARTESIAN_POINT('',(382.620005699694,-78.8004611389452,11.395));
#4522=CARTESIAN_POINT('',(382.620005699694,-78.8004611389452,14.295));
#4523=CARTESIAN_POINT('',(383.620005699694,-78.8004611389452,11.395));
#4524=CARTESIAN_POINT('',(382.620005699694,-78.8004611389452,11.395));
#4525=CARTESIAN_POINT('',(383.620005699694,-78.8004611389452,12.));
#4526=CARTESIAN_POINT('',(383.620005699694,-78.8004611389452,14.295));
#4527=CARTESIAN_POINT('',(382.620005699694,-78.8004611389452,12.));
#4528=CARTESIAN_POINT('Origin',(382.620005699694,-71.1004611389413,12.));
#4529=CARTESIAN_POINT('',(382.620005699694,-71.1004611389248,12.));
#4530=CARTESIAN_POINT('',(382.620005699694,-61.5000006929038,12.));
#4531=CARTESIAN_POINT('',(383.620005699694,-71.1004611389248,12.));
#4532=CARTESIAN_POINT('',(383.620005699694,-61.5000006929038,12.));
#4533=CARTESIAN_POINT('',(382.620005699694,-71.1004611389248,12.));
#4534=CARTESIAN_POINT('Origin',(382.620005699694,-71.1004611389202,11.395));
#4535=CARTESIAN_POINT('',(382.620005699694,-71.1004611389202,11.395));
#4536=CARTESIAN_POINT('',(382.620005699694,-71.1004611389202,11.395));
#4537=CARTESIAN_POINT('',(383.620005699694,-71.1004611389202,11.395));
#4538=CARTESIAN_POINT('',(383.620005699694,-71.1004611389202,11.395));
#4539=CARTESIAN_POINT('',(382.620005699694,-71.1004611389202,11.395));
#4540=CARTESIAN_POINT('Origin',(382.620005699694,-78.8004611389452,11.395));
#4541=CARTESIAN_POINT('',(382.620005699694,-78.8004611389452,11.395));
#4542=CARTESIAN_POINT('',(383.620005699694,-78.8004611389452,11.395));
#4543=CARTESIAN_POINT('Origin',(383.620005699694,-74.9504611389327,11.6975));
#4544=CARTESIAN_POINT('Origin',(382.620005699694,-74.9504611389327,11.6975));
#4545=CARTESIAN_POINT('',(0.,0.,0.));
#4546=UNCERTAINTY_MEASURE_WITH_UNIT(LENGTH_MEASURE(0.01),#4554,
'DISTANCE_ACCURACY_VALUE',
'Maximum model space distance between geometric entities at asserted c
onnectivities');
#4547=UNCERTAINTY_MEASURE_WITH_UNIT(LENGTH_MEASURE(0.01),#4554,
'DISTANCE_ACCURACY_VALUE',
'Maximum model space distance between geometric entities at asserted c
onnectivities');
#4548=UNCERTAINTY_MEASURE_WITH_UNIT(LENGTH_MEASURE(0.01),#4554,
'DISTANCE_ACCURACY_VALUE',
'Maximum model space distance between geometric entities at asserted c
onnectivities');
#4549=UNCERTAINTY_MEASURE_WITH_UNIT(LENGTH_MEASURE(0.01),#4554,
'DISTANCE_ACCURACY_VALUE',
'Maximum model space distance between geometric entities at asserted c
onnectivities');
#4550=(
GEOMETRIC_REPRESENTATION_CONTEXT(3)
GLOBAL_UNCERTAINTY_ASSIGNED_CONTEXT((#4546))
GLOBAL_UNIT_ASSIGNED_CONTEXT((#4554,#4556,#4557))
REPRESENTATION_CONTEXT('','3D')
);
#4551=(
GEOMETRIC_REPRESENTATION_CONTEXT(3)
GLOBAL_UNCERTAINTY_ASSIGNED_CONTEXT((#4547))
GLOBAL_UNIT_ASSIGNED_CONTEXT((#4554,#4556,#4557))
REPRESENTATION_CONTEXT('','3D')
);
#4552=(
GEOMETRIC_REPRESENTATION_CONTEXT(3)
GLOBAL_UNCERTAINTY_ASSIGNED_CONTEXT((#4548))
GLOBAL_UNIT_ASSIGNED_CONTEXT((#4554,#4556,#4557))
REPRESENTATION_CONTEXT('','3D')
);
#4553=(
GEOMETRIC_REPRESENTATION_CONTEXT(3)
GLOBAL_UNCERTAINTY_ASSIGNED_CONTEXT((#4549))
GLOBAL_UNIT_ASSIGNED_CONTEXT((#4554,#4556,#4557))
REPRESENTATION_CONTEXT('','3D')
);
#4554=(
LENGTH_UNIT()
NAMED_UNIT(*)
SI_UNIT(.MILLI.,.METRE.)
);
#4555=(
LENGTH_UNIT()
NAMED_UNIT(*)
SI_UNIT($,.METRE.)
);
#4556=(
NAMED_UNIT(*)
PLANE_ANGLE_UNIT()
SI_UNIT($,.RADIAN.)
);
#4557=(
NAMED_UNIT(*)
SI_UNIT($,.STERADIAN.)
SOLID_ANGLE_UNIT()
);
#4558=SHAPE_DEFINITION_REPRESENTATION(#4561,#4566);
#4559=SHAPE_DEFINITION_REPRESENTATION(#4562,#4567);
#4560=SHAPE_DEFINITION_REPRESENTATION(#4563,#4568);
#4561=PRODUCT_DEFINITION_SHAPE('',$,#4570);
#4562=PRODUCT_DEFINITION_SHAPE('',$,#4571);
#4563=PRODUCT_DEFINITION_SHAPE('',$,#4572);
#4564=PRODUCT_DEFINITION_SHAPE($,$,#17);
#4565=PRODUCT_DEFINITION_SHAPE($,$,#18);
#4566=SHAPE_REPRESENTATION('',(#2678,#2979),#4550);
#4567=SHAPE_REPRESENTATION('',(#2679,#2830),#4551);
#4568=SHAPE_REPRESENTATION('',(#2680),#4552);
#4569=PRODUCT_DEFINITION_CONTEXT('part definition',#4580,'design');
#4570=PRODUCT_DEFINITION('2026-06-17-03-43-50-280','(Unsaved)',#4573,#4569);
#4571=PRODUCT_DEFINITION('2026-06-17-03-43-50-280_1','Cover (1)',#4574,
#4569);
#4572=PRODUCT_DEFINITION('2026-06-16-20-07-49-646','Cover',#4575,#4569);
#4573=PRODUCT_DEFINITION_FORMATION('',$,#4582);
#4574=PRODUCT_DEFINITION_FORMATION('',$,#4583);
#4575=PRODUCT_DEFINITION_FORMATION('',$,#4584);
#4576=PRODUCT_RELATED_PRODUCT_CATEGORY('(Unsaved)','(Unsaved)',(#4582));
#4577=PRODUCT_RELATED_PRODUCT_CATEGORY('Cover (1)','Cover (1)',(#4583));
#4578=PRODUCT_RELATED_PRODUCT_CATEGORY('Cover','Cover',(#4584));
#4579=APPLICATION_PROTOCOL_DEFINITION('international standard',
'automotive_design',2009,#4580);
#4580=APPLICATION_CONTEXT(
'Core Data for Automotive Mechanical Design Process');
#4581=PRODUCT_CONTEXT('part definition',#4580,'mechanical');
#4582=PRODUCT('2026-06-17-03-43-50-280','(Unsaved)',$,(#4581));
#4583=PRODUCT('2026-06-17-03-43-50-280_1','Cover (1)',$,(#4581));
#4584=PRODUCT('2026-06-16-20-07-49-646','Cover',$,(#4581));
#4585=PRESENTATION_STYLE_ASSIGNMENT((#4587));
#4586=PRESENTATION_STYLE_ASSIGNMENT((#4588));
#4587=SURFACE_STYLE_USAGE(.BOTH.,#4589);
#4588=SURFACE_STYLE_USAGE(.BOTH.,#4590);
#4589=SURFACE_SIDE_STYLE('',(#4591));
#4590=SURFACE_SIDE_STYLE('',(#4592));
#4591=SURFACE_STYLE_FILL_AREA(#4593);
#4592=SURFACE_STYLE_FILL_AREA(#4594);
#4593=FILL_AREA_STYLE('Steel - Satin',(#4595));
#4594=FILL_AREA_STYLE('Opaque(160,160,160)',(#4596));
#4595=FILL_AREA_STYLE_COLOUR('Steel - Satin',#4597);
#4596=FILL_AREA_STYLE_COLOUR('Opaque(160,160,160)',#4598);
#4597=COLOUR_RGB('Steel - Satin',0.627450980392157,0.627450980392157,0.627450980392157);
#4598=COLOUR_RGB('Opaque(160,160,160)',0.627450980392157,0.627450980392157,
0.627450980392157);
ENDSEC;
END-ISO-10303-21;
