ISO-10303-21;
HEADER;
/* Generated by software containing ST-Developer
 * from STEP Tools, Inc. (www.steptools.com) 
 */

FILE_DESCRIPTION(
/* description */ (''),
/* implementation_level */ '2;1');

FILE_NAME(
/* name */ 'TOP_COVER.step',
/* time_stamp */ '2026-06-20T10:28:57+03:00',
/* author */ (''),
/* organization */ (''),
/* preprocessor_version */ 'ST-DEVELOPER v20.1',
/* originating_system */ 'Autodesk Translation Framework v15.8.0.0',
/* authorisation */ '');

FILE_SCHEMA (('AUTOMOTIVE_DESIGN { 1 0 10303 214 3 1 1 }'));
ENDSEC;

DATA;
#10=MECHANICAL_DESIGN_GEOMETRIC_PRESENTATION_REPRESENTATION('',(#122,#123),
#7230);
#11=SHAPE_REPRESENTATION_RELATIONSHIP('SRR','None',#7237,#12);
#12=ADVANCED_BREP_SHAPE_REPRESENTATION('',(#13),#7229);
#13=MANIFOLD_SOLID_BREP('Body1',#1402);
#14=B_SPLINE_SURFACE_WITH_KNOTS('',3,1,((#5403,#5404),(#5405,#5406),(#5407,
#5408),(#5409,#5410),(#5411,#5412),(#5413,#5414),(#5415,#5416)),
 .UNSPECIFIED.,.F.,.F.,.F.,(4,3,4),(2,2),(-1.00682757998219,-1.,-0.841570056950148),
(0.,0.45),.UNSPECIFIED.);
#15=B_SPLINE_SURFACE_WITH_KNOTS('',3,1,((#5428,#5429),(#5430,#5431),(#5432,
#5433),(#5434,#5435),(#5436,#5437),(#5438,#5439),(#5440,#5441)),
 .UNSPECIFIED.,.F.,.F.,.F.,(4,3,4),(2,2),(0.0133291759181447,0.0153609356347294,
0.0174253431585468),(0.,0.45),.UNSPECIFIED.);
#16=B_SPLINE_SURFACE_WITH_KNOTS('',3,1,((#5451,#5452),(#5453,#5454),(#5455,
#5456),(#5457,#5458),(#5459,#5460),(#5461,#5462),(#5463,#5464),(#5465,#5466),
(#5467,#5468),(#5469,#5470),(#5471,#5472),(#5473,#5474),(#5475,#5476),(#5477,
#5478),(#5479,#5480),(#5481,#5482),(#5483,#5484),(#5485,#5486),(#5487,#5488),
(#5489,#5490),(#5491,#5492),(#5493,#5494),(#5495,#5496),(#5497,#5498),(#5499,
#5500)),.UNSPECIFIED.,.F.,.F.,.F.,(4,3,3,3,3,3,3,3,4),(2,2),(-1.02857218370682,
-1.,-0.823926598179979,-0.671345896219063,-0.532379169950416,-0.392748756923876,
-0.190331675898501,0.,0.0103920684304494),(0.,0.45),.UNSPECIFIED.);
#17=B_SPLINE_SURFACE_WITH_KNOTS('',3,1,((#5532,#5533),(#5534,#5535),(#5536,
#5537),(#5538,#5539),(#5540,#5541),(#5542,#5543),(#5544,#5545)),
 .UNSPECIFIED.,.F.,.F.,.F.,(4,3,4),(2,2),(-0.537137526097171,-0.498893702215223,
-0.447903234158877),(0.,0.45),.UNSPECIFIED.);
#18=B_SPLINE_SURFACE_WITH_KNOTS('',3,1,((#5555,#5556),(#5557,#5558),(#5559,
#5560),(#5561,#5562),(#5563,#5564),(#5565,#5566),(#5567,#5568),(#5569,#5570),
(#5571,#5572),(#5573,#5574),(#5575,#5576),(#5577,#5578),(#5579,#5580),(#5581,
#5582),(#5583,#5584),(#5585,#5586),(#5587,#5588),(#5589,#5590),(#5591,#5592),
(#5593,#5594),(#5595,#5596),(#5597,#5598)),.UNSPECIFIED.,.F.,.F.,.F.,(4,
3,3,3,3,3,3,4),(2,2),(0.708728331227941,0.710644592355102,0.72530669629186,
0.739127288811514,0.75202521639278,0.768425196359876,0.781897934023119,
0.798077936940701),(0.,0.45),.UNSPECIFIED.);
#19=B_SPLINE_SURFACE_WITH_KNOTS('',3,1,((#5623,#5624),(#5625,#5626),(#5627,
#5628),(#5629,#5630),(#5631,#5632),(#5633,#5634),(#5635,#5636),(#5637,#5638),
(#5639,#5640),(#5641,#5642),(#5643,#5644),(#5645,#5646),(#5647,#5648),(#5649,
#5650),(#5651,#5652),(#5653,#5654),(#5655,#5656),(#5657,#5658),(#5659,#5660),
(#5661,#5662),(#5663,#5664),(#5665,#5666),(#5667,#5668),(#5669,#5670),(#5671,
#5672),(#5673,#5674),(#5675,#5676),(#5677,#5678)),.UNSPECIFIED.,.F.,.F.,
 .F.,(4,3,3,3,3,3,3,3,3,4),(2,2),(-1.01530954511327,-1.,-0.861397678581794,
-0.71875515124403,-0.617739224370272,-0.526807293876816,-0.43233794514883,
-0.28813298371704,-0.126023497119861,-0.0939855356908818),(0.,0.45),
 .UNSPECIFIED.);
#20=B_SPLINE_SURFACE_WITH_KNOTS('',3,1,((#5717,#5718),(#5719,#5720),(#5721,
#5722),(#5723,#5724),(#5725,#5726),(#5727,#5728),(#5729,#5730),(#5731,#5732),
(#5733,#5734),(#5735,#5736),(#5737,#5738),(#5739,#5740),(#5741,#5742),(#5743,
#5744),(#5745,#5746),(#5747,#5748),(#5749,#5750),(#5751,#5752),(#5753,#5754)),
 .UNSPECIFIED.,.F.,.F.,.F.,(4,3,3,3,3,3,4),(2,2),(-0.984971818468656,-0.965717310206745,
-0.7942391947772,-0.597904012995067,-0.381872531013487,-0.193621705151532,
-0.0797707241734636),(0.,0.45),.UNSPECIFIED.);
#21=B_SPLINE_SURFACE_WITH_KNOTS('',3,1,((#5776,#5777),(#5778,#5779),(#5780,
#5781),(#5782,#5783),(#5784,#5785),(#5786,#5787),(#5788,#5789),(#5790,#5791),
(#5792,#5793),(#5794,#5795),(#5796,#5797),(#5798,#5799),(#5800,#5801),(#5802,
#5803),(#5804,#5805),(#5806,#5807),(#5808,#5809),(#5810,#5811),(#5812,#5813),
(#5814,#5815),(#5816,#5817),(#5818,#5819),(#5820,#5821),(#5822,#5823),(#5824,
#5825),(#5826,#5827),(#5828,#5829),(#5830,#5831)),.UNSPECIFIED.,.F.,.F.,
 .F.,(4,3,3,3,3,3,3,3,3,4),(2,2),(-0.984340762352653,-0.96553171736108,
-0.86417473064427,-0.786428846521697,-0.711190573796803,-0.614920765062404,
-0.486561020083205,-0.315414693444273,-0.164064796632207,-0.017743057668921),
(0.,0.45),.UNSPECIFIED.);
#22=B_SPLINE_SURFACE_WITH_KNOTS('',3,1,((#5862,#5863),(#5864,#5865),(#5866,
#5867),(#5868,#5869),(#5870,#5871),(#5872,#5873),(#5874,#5875),(#5876,#5877),
(#5878,#5879),(#5880,#5881),(#5882,#5883),(#5884,#5885),(#5886,#5887),(#5888,
#5889),(#5890,#5891),(#5892,#5893),(#5894,#5895),(#5896,#5897),(#5898,#5899),
(#5900,#5901),(#5902,#5903),(#5904,#5905)),.UNSPECIFIED.,.F.,.F.,.F.,(4,
3,3,3,3,3,3,4),(2,2),(-0.793612889913502,-0.775362151194723,-0.650274575768185,
-0.506035607843203,-0.336985945485737,-0.171183547044903,-0.0699671244067913,
-0.0544648480081127),(0.,0.45),.UNSPECIFIED.);
#23=B_SPLINE_SURFACE_WITH_KNOTS('',3,1,((#5930,#5931),(#5932,#5933),(#5934,
#5935),(#5936,#5937),(#5938,#5939),(#5940,#5941),(#5942,#5943),(#5944,#5945),
(#5946,#5947),(#5948,#5949)),.UNSPECIFIED.,.F.,.F.,.F.,(4,3,3,4),(2,2),
(0.8657090518157,0.875585007302759,0.886446175238872,0.886560180423447),
(0.,0.45),.UNSPECIFIED.);
#24=B_SPLINE_SURFACE_WITH_KNOTS('',3,1,((#5962,#5963),(#5964,#5965),(#5966,
#5967),(#5968,#5969),(#5970,#5971),(#5972,#5973),(#5974,#5975),(#5976,#5977),
(#5978,#5979),(#5980,#5981),(#5982,#5983),(#5984,#5985),(#5986,#5987),(#5988,
#5989),(#5990,#5991),(#5992,#5993),(#5994,#5995),(#5996,#5997),(#5998,#5999),
(#6000,#6001),(#6002,#6003),(#6004,#6005),(#6006,#6007),(#6008,#6009),(#6010,
#6011),(#6012,#6013),(#6014,#6015),(#6016,#6017),(#6018,#6019),(#6020,#6021),
(#6022,#6023),(#6024,#6025),(#6026,#6027),(#6028,#6029),(#6030,#6031),(#6032,
#6033),(#6034,#6035),(#6036,#6037),(#6038,#6039),(#6040,#6041),(#6042,#6043),
(#6044,#6045),(#6046,#6047),(#6048,#6049),(#6050,#6051),(#6052,#6053),(#6054,
#6055),(#6056,#6057),(#6058,#6059)),.UNSPECIFIED.,.F.,.F.,.F.,(4,3,3,3,
3,3,3,3,3,3,3,3,3,3,3,3,4),(2,2),(0.571809558625659,0.579460945421022,0.595855666126322,
0.617920685497789,0.645434557839526,0.659523449999963,0.674497841822842,
0.698393998978166,0.717702693729444,0.732826498854834,0.74597714452694,
0.756910159646974,0.772452046685597,0.790282422509329,0.80604822055935,
0.822039942395516,0.82682065582252),(0.,0.45),.UNSPECIFIED.);
#25=B_SPLINE_SURFACE_WITH_KNOTS('',3,1,((#6111,#6112),(#6113,#6114),(#6115,
#6116),(#6117,#6118),(#6119,#6120),(#6121,#6122),(#6123,#6124),(#6125,#6126),
(#6127,#6128),(#6129,#6130),(#6131,#6132),(#6133,#6134),(#6135,#6136),(#6137,
#6138),(#6139,#6140),(#6141,#6142),(#6143,#6144),(#6145,#6146),(#6147,#6148),
(#6149,#6150),(#6151,#6152),(#6153,#6154),(#6155,#6156),(#6157,#6158),(#6159,
#6160),(#6161,#6162),(#6163,#6164),(#6165,#6166),(#6167,#6168),(#6169,#6170),
(#6171,#6172),(#6173,#6174),(#6175,#6176),(#6177,#6178)),.UNSPECIFIED.,
 .F.,.F.,.F.,(4,3,3,3,3,3,3,3,3,3,3,4),(2,2),(0.457780562461295,0.457913086464133,
0.464394275214613,0.479787169911454,0.495984635899482,0.513630339299397,
0.531486796040735,0.540909295508342,0.546895564619216,0.55168288173765,
0.556568878429273,0.557623215799636),(0.,0.45),.UNSPECIFIED.);
#26=B_SPLINE_SURFACE_WITH_KNOTS('',3,1,((#6215,#6216),(#6217,#6218),(#6219,
#6220),(#6221,#6222),(#6223,#6224),(#6225,#6226),(#6227,#6228),(#6229,#6230),
(#6231,#6232),(#6233,#6234),(#6235,#6236),(#6237,#6238),(#6239,#6240),(#6241,
#6242),(#6243,#6244),(#6245,#6246),(#6247,#6248),(#6249,#6250),(#6251,#6252),
(#6253,#6254),(#6255,#6256),(#6257,#6258),(#6259,#6260),(#6261,#6262),(#6263,
#6264),(#6265,#6266),(#6267,#6268),(#6269,#6270),(#6271,#6272),(#6273,#6274),
(#6275,#6276),(#6277,#6278),(#6279,#6280),(#6281,#6282),(#6283,#6284),(#6285,
#6286),(#6287,#6288),(#6289,#6290),(#6291,#6292),(#6293,#6294),(#6295,#6296),
(#6297,#6298),(#6299,#6300),(#6301,#6302),(#6303,#6304),(#6305,#6306),(#6307,
#6308),(#6309,#6310),(#6311,#6312),(#6313,#6314),(#6315,#6316),(#6317,#6318),
(#6319,#6320),(#6321,#6322),(#6323,#6324),(#6325,#6326),(#6327,#6328),(#6329,
#6330),(#6331,#6332),(#6333,#6334),(#6335,#6336),(#6337,#6338),(#6339,#6340),
(#6341,#6342),(#6343,#6344),(#6345,#6346),(#6347,#6348),(#6349,#6350),(#6351,
#6352),(#6353,#6354),(#6355,#6356),(#6357,#6358),(#6359,#6360),(#6361,#6362),
(#6363,#6364),(#6365,#6366),(#6367,#6368),(#6369,#6370),(#6371,#6372),(#6373,
#6374),(#6375,#6376),(#6377,#6378),(#6379,#6380),(#6381,#6382),(#6383,#6384),
(#6385,#6386),(#6387,#6388),(#6389,#6390),(#6391,#6392),(#6393,#6394),(#6395,
#6396),(#6397,#6398),(#6399,#6400),(#6401,#6402),(#6403,#6404),(#6405,#6406),
(#6407,#6408),(#6409,#6410),(#6411,#6412),(#6413,#6414)),.UNSPECIFIED.,
 .F.,.F.,.F.,(4,3,3,3,3,3,3,3,3,3,3,3,3,3,3,3,3,3,3,3,3,3,3,3,3,3,3,3,3,
3,3,3,3,4),(2,2),(0.00378561752634568,0.0211119477360879,0.0435516933310809,
0.0667697614170428,0.086940650970488,0.106035704578589,0.124966257014916,
0.144614979335827,0.158478984154108,0.17052165191147,0.183147700679573,
0.197588002687203,0.212697865903596,0.222165749468415,0.230359433131406,
0.239398190963681,0.250116677797555,0.261943498819551,0.270468612296954,
0.27720738847314,0.283289607029972,0.29039292439427,0.302305930856056,0.318453162465018,
0.333564743925577,0.345563804951511,0.357830192284562,0.373314999537366,
0.389822703190396,0.399219388589432,0.407311075563942,0.416818643116128,
0.425215298906047,0.43210005337209),(0.,0.45),.UNSPECIFIED.);
#27=B_SPLINE_SURFACE_WITH_KNOTS('',3,1,((#6517,#6518),(#6519,#6520),(#6521,
#6522),(#6523,#6524),(#6525,#6526),(#6527,#6528),(#6529,#6530),(#6531,#6532),
(#6533,#6534),(#6535,#6536),(#6537,#6538),(#6539,#6540),(#6541,#6542),(#6543,
#6544),(#6545,#6546),(#6547,#6548)),.UNSPECIFIED.,.F.,.F.,.F.,(4,3,3,3,
3,4),(2,2),(0.974974699951352,0.976307736005778,0.983906026271252,0.991953013135626,
0.995976506567813,0.997336496511405),(0.,0.45),.UNSPECIFIED.);
#28=B_SPLINE_SURFACE_WITH_KNOTS('',3,1,((#6567,#6568),(#6569,#6570),(#6571,
#6572),(#6573,#6574),(#6575,#6576),(#6577,#6578),(#6579,#6580),(#6581,#6582),
(#6583,#6584),(#6585,#6586),(#6587,#6588),(#6589,#6590),(#6591,#6592)),
 .UNSPECIFIED.,.F.,.F.,.F.,(4,3,3,3,4),(2,2),(0.918106434663948,0.921343082982258,
0.930837622394657,0.939482919595324,0.943500516827646),(0.,0.45),
 .UNSPECIFIED.);
#29=B_SPLINE_SURFACE_WITH_KNOTS('',3,1,((#6608,#6609),(#6610,#6611),(#6612,
#6613),(#6614,#6615),(#6616,#6617),(#6618,#6619),(#6620,#6621)),
 .UNSPECIFIED.,.F.,.F.,.F.,(4,3,4),(2,2),(0.896303236007096,0.899577444301954,
0.903697447946534),(0.,0.45),.UNSPECIFIED.);
#30=B_SPLINE_SURFACE_WITH_KNOTS('',3,1,((#6631,#6632),(#6633,#6634),(#6635,
#6636),(#6637,#6638),(#6639,#6640),(#6641,#6642),(#6643,#6644)),
 .UNSPECIFIED.,.F.,.F.,.F.,(4,3,4),(2,2),(0.886501767649147,0.889196594959562,
0.896303236007096),(0.,0.45),.UNSPECIFIED.);
#31=B_SPLINE_SURFACE_WITH_KNOTS('',3,1,((#6654,#6655),(#6656,#6657),(#6658,
#6659),(#6660,#6661),(#6662,#6663),(#6664,#6665),(#6666,#6667),(#6668,#6669),
(#6670,#6671),(#6672,#6673)),.UNSPECIFIED.,.F.,.F.,.F.,(4,3,3,4),(2,2),
(-1.09252875643668,-1.,-0.874182854792919,-0.749991683368069),(0.,0.45),
 .UNSPECIFIED.);
#32=B_SPLINE_SURFACE_WITH_KNOTS('',3,1,((#6686,#6687),(#6688,#6689),(#6690,
#6691),(#6692,#6693),(#6694,#6695),(#6696,#6697),(#6698,#6699),(#6700,#6701),
(#6702,#6703),(#6704,#6705),(#6706,#6707),(#6708,#6709),(#6710,#6711),(#6712,
#6713),(#6714,#6715),(#6716,#6717),(#6718,#6719),(#6720,#6721),(#6722,#6723)),
 .UNSPECIFIED.,.F.,.F.,.F.,(4,3,3,3,3,3,4),(2,2),(-1.04350656735595,-1.,
-0.85581532264652,-0.559529703255658,-0.286091745064573,0.,0.0228053552404641),
(0.,0.45),.UNSPECIFIED.);
#33=B_SPLINE_SURFACE_WITH_KNOTS('',3,1,((#6745,#6746),(#6747,#6748),(#6749,
#6750),(#6751,#6752),(#6753,#6754),(#6755,#6756),(#6757,#6758),(#6759,#6760),
(#6761,#6762),(#6763,#6764),(#6765,#6766),(#6767,#6768),(#6769,#6770),(#6771,
#6772),(#6773,#6774),(#6775,#6776)),.UNSPECIFIED.,.F.,.F.,.F.,(4,3,3,3,
3,4),(2,2),(-0.585409808065524,-0.508711753659251,-0.409818005294256,-0.272973737471209,
0.,0.0295358131277047),(0.,0.45),.UNSPECIFIED.);
#34=B_SPLINE_SURFACE_WITH_KNOTS('',3,1,((#6795,#6796),(#6797,#6798),(#6799,
#6800),(#6801,#6802),(#6803,#6804),(#6805,#6806),(#6807,#6808),(#6809,#6810),
(#6811,#6812),(#6813,#6814)),.UNSPECIFIED.,.F.,.F.,.F.,(4,3,3,4),(2,2),
(-0.995215418504718,-0.862714481426103,-0.697943959211621,-0.607192338306182),
(0.,0.45),.UNSPECIFIED.);
#35=B_SPLINE_SURFACE_WITH_KNOTS('',3,1,((#6827,#6828),(#6829,#6830),(#6831,
#6832),(#6833,#6834),(#6835,#6836),(#6837,#6838),(#6839,#6840),(#6841,#6842),
(#6843,#6844),(#6845,#6846),(#6847,#6848),(#6849,#6850),(#6851,#6852),(#6853,
#6854),(#6855,#6856),(#6857,#6858),(#6859,#6860),(#6861,#6862),(#6863,#6864),
(#6865,#6866),(#6867,#6868),(#6869,#6870),(#6871,#6872),(#6873,#6874),(#6875,
#6876),(#6877,#6878),(#6879,#6880),(#6881,#6882),(#6883,#6884),(#6885,#6886),
(#6887,#6888),(#6889,#6890),(#6891,#6892),(#6893,#6894),(#6895,#6896),(#6897,
#6898),(#6899,#6900),(#6901,#6902),(#6903,#6904),(#6905,#6906)),
 .UNSPECIFIED.,.F.,.F.,.F.,(4,3,3,3,3,3,3,3,3,3,3,3,3,4),(2,2),(-0.644576592641299,
-0.605259185170951,-0.561075508065417,-0.519157892045149,-0.46801253691045,
-0.4006815105794,-0.34830627774549,-0.289332450958522,-0.215583646151009,
-0.173085975937338,-0.140659045782637,-0.103531991192411,-0.0625,-0.00201982204200457),
(0.,0.45),.UNSPECIFIED.);
#36=B_SPLINE_SURFACE_WITH_KNOTS('',3,1,((#6949,#6950),(#6951,#6952),(#6953,
#6954),(#6955,#6956),(#6957,#6958),(#6959,#6960),(#6961,#6962),(#6963,#6964),
(#6965,#6966),(#6967,#6968),(#6969,#6970),(#6971,#6972),(#6973,#6974),(#6975,
#6976),(#6977,#6978),(#6979,#6980),(#6981,#6982),(#6983,#6984),(#6985,#6986),
(#6987,#6988),(#6989,#6990),(#6991,#6992),(#6993,#6994),(#6995,#6996),(#6997,
#6998),(#6999,#7000),(#7001,#7002),(#7003,#7004),(#7005,#7006),(#7007,#7008),
(#7009,#7010),(#7011,#7012),(#7013,#7014),(#7015,#7016)),.UNSPECIFIED.,
 .F.,.F.,.F.,(4,3,3,3,3,3,3,3,3,3,3,4),(2,2),(0.396918408119308,0.401020260802359,
0.405375170208367,0.40819556974371,0.410966860270831,0.415269954625024,
0.421268376146966,0.431539523919857,0.440209783126904,0.450337937859218,
0.461678761270121,0.467649595917915),(0.,0.45),.UNSPECIFIED.);
#37=B_SPLINE_SURFACE_WITH_KNOTS('',3,1,((#7061,#7062),(#7063,#7064),(#7065,
#7066),(#7067,#7068),(#7069,#7070),(#7071,#7072),(#7073,#7074),(#7075,#7076),
(#7077,#7078),(#7079,#7080),(#7081,#7082),(#7083,#7084),(#7085,#7086),(#7087,
#7088),(#7089,#7090),(#7091,#7092),(#7093,#7094),(#7095,#7096),(#7097,#7098),
(#7099,#7100),(#7101,#7102),(#7103,#7104),(#7105,#7106),(#7107,#7108),(#7109,
#7110),(#7111,#7112),(#7113,#7114),(#7115,#7116),(#7117,#7118),(#7119,#7120),
(#7121,#7122),(#7123,#7124),(#7125,#7126),(#7127,#7128),(#7129,#7130),(#7131,
#7132),(#7133,#7134),(#7135,#7136),(#7137,#7138),(#7139,#7140),(#7141,#7142),
(#7143,#7144),(#7145,#7146)),.UNSPECIFIED.,.F.,.F.,.F.,(4,3,3,3,3,3,3,3,
3,3,3,3,3,3,4),(2,2),(-0.985748197413963,-0.915005491846264,-0.840337285591213,
-0.780062235609925,-0.719541567483867,-0.654298820937423,-0.582564889420284,
-0.493212961681963,-0.420814813350815,-0.36555270616069,-0.312455212305459,
-0.264008688709357,-0.217118977883714,-0.1783890098381,-0.138631896771589),
(0.,0.45),.UNSPECIFIED.);
#38=B_SPLINE_SURFACE_WITH_KNOTS('',3,1,((#7196,#7197),(#7198,#7199),(#7200,
#7201),(#7202,#7203),(#7204,#7205),(#7206,#7207),(#7208,#7209),(#7210,#7211),
(#7212,#7213),(#7214,#7215)),.UNSPECIFIED.,.F.,.F.,.F.,(4,3,3,4),(2,2),
(0.031620743329325,0.0393681675965426,0.0485857123722976,0.0542637414976641),
(0.,0.45),.UNSPECIFIED.);
#39=CIRCLE('',#1419,2.44999999999999);
#40=CIRCLE('',#1420,2.44999999999999);
#41=CIRCLE('',#1423,2.45000000000008);
#42=CIRCLE('',#1424,2.45000000000008);
#43=CIRCLE('',#1427,2.45000000000008);
#44=CIRCLE('',#1428,2.45000000000008);
#45=CIRCLE('',#1431,2.45000000000008);
#46=CIRCLE('',#1432,2.45000000000008);
#47=CYLINDRICAL_SURFACE('',#1418,2.44999999999999);
#48=CYLINDRICAL_SURFACE('',#1422,2.45000000000008);
#49=CYLINDRICAL_SURFACE('',#1426,2.45000000000008);
#50=CYLINDRICAL_SURFACE('',#1430,2.45000000000008);
#51=FACE_BOUND('',#218,.T.);
#52=FACE_BOUND('',#219,.T.);
#53=FACE_BOUND('',#280,.T.);
#54=FACE_BOUND('',#281,.T.);
#55=FACE_BOUND('',#282,.T.);
#56=FACE_BOUND('',#283,.T.);
#57=FACE_BOUND('',#284,.T.);
#58=B_SPLINE_CURVE_WITH_KNOTS('',3,(#1870,#1871,#1872,#1873,#1874,#1875,
#1876,#1877,#1878,#1879),.UNSPECIFIED.,.F.,.F.,(4,3,3,4),(0.031620743329325,
0.0393681675965426,0.0485857123722976,0.0542637414976641),.UNSPECIFIED.);
#59=B_SPLINE_CURVE_WITH_KNOTS('',3,(#1883,#1884,#1885,#1886,#1887,#1888,
#1889,#1890,#1891,#1892,#1893,#1894,#1895,#1896,#1897,#1898,#1899,#1900,
#1901,#1902,#1903,#1904,#1905,#1906,#1907,#1908,#1909,#1910,#1911,#1912,
#1913,#1914,#1915,#1916,#1917,#1918,#1919,#1920,#1921,#1922,#1923,#1924,
#1925),.UNSPECIFIED.,.F.,.F.,(4,3,3,3,3,3,3,3,3,3,3,3,3,3,4),(-0.985748197413963,
-0.915005491846264,-0.840337285591213,-0.780062235609925,-0.719541567483867,
-0.654298820937423,-0.582564889420284,-0.493212961681963,-0.420814813350815,
-0.36555270616069,-0.312455212305459,-0.264008688709357,-0.217118977883714,
-0.1783890098381,-0.138631896771589),.UNSPECIFIED.);
#60=B_SPLINE_CURVE_WITH_KNOTS('',3,(#1931,#1932,#1933,#1934,#1935,#1936,
#1937,#1938,#1939,#1940,#1941,#1942,#1943,#1944,#1945,#1946,#1947,#1948,
#1949,#1950,#1951,#1952,#1953,#1954,#1955,#1956,#1957,#1958,#1959,#1960,
#1961,#1962,#1963,#1964),.UNSPECIFIED.,.F.,.F.,(4,3,3,3,3,3,3,3,3,3,3,4),
(0.396918408119308,0.401020260802359,0.405375170208367,0.40819556974371,
0.410966860270831,0.415269954625024,0.421268376146966,0.431539523919857,
0.440209783126904,0.450337937859218,0.461678761270121,0.467649595917915),
 .UNSPECIFIED.);
#61=B_SPLINE_CURVE_WITH_KNOTS('',3,(#1966,#1967,#1968,#1969,#1970,#1971,
#1972,#1973,#1974,#1975,#1976,#1977,#1978,#1979,#1980,#1981,#1982,#1983,
#1984,#1985,#1986,#1987,#1988,#1989,#1990,#1991,#1992,#1993,#1994,#1995,
#1996,#1997,#1998,#1999,#2000,#2001,#2002,#2003,#2004,#2005),
 .UNSPECIFIED.,.F.,.F.,(4,3,3,3,3,3,3,3,3,3,3,3,3,4),(-0.644576592641299,
-0.605259185170951,-0.561075508065417,-0.519157892045149,-0.46801253691045,
-0.4006815105794,-0.34830627774549,-0.289332450958522,-0.215583646151009,
-0.173085975937338,-0.140659045782637,-0.103531991192411,-0.0625,-0.00201982204200457),
 .UNSPECIFIED.);
#62=B_SPLINE_CURVE_WITH_KNOTS('',3,(#2007,#2008,#2009,#2010,#2011,#2012,
#2013,#2014,#2015,#2016),.UNSPECIFIED.,.F.,.F.,(4,3,3,4),(-0.995215418504718,
-0.862714481426103,-0.697943959211621,-0.607192338306182),.UNSPECIFIED.);
#63=B_SPLINE_CURVE_WITH_KNOTS('',3,(#2018,#2019,#2020,#2021,#2022,#2023,
#2024,#2025,#2026,#2027,#2028,#2029,#2030,#2031,#2032,#2033),
 .UNSPECIFIED.,.F.,.F.,(4,3,3,3,3,4),(-0.585409808065524,-0.508711753659251,
-0.409818005294256,-0.272973737471209,0.,0.0295358131277047),
 .UNSPECIFIED.);
#64=B_SPLINE_CURVE_WITH_KNOTS('',3,(#2035,#2036,#2037,#2038,#2039,#2040,
#2041,#2042,#2043,#2044,#2045,#2046,#2047,#2048,#2049,#2050,#2051,#2052,
#2053),.UNSPECIFIED.,.F.,.F.,(4,3,3,3,3,3,4),(-1.04350656735595,-1.,-0.85581532264652,
-0.559529703255658,-0.286091745064573,0.,0.0228053552404641),
 .UNSPECIFIED.);
#65=B_SPLINE_CURVE_WITH_KNOTS('',3,(#2055,#2056,#2057,#2058,#2059,#2060,
#2061,#2062,#2063,#2064),.UNSPECIFIED.,.F.,.F.,(4,3,3,4),(-1.09252875643668,
-1.,-0.874182854792919,-0.749991683368069),.UNSPECIFIED.);
#66=B_SPLINE_CURVE_WITH_KNOTS('',3,(#2066,#2067,#2068,#2069,#2070,#2071,
#2072),.UNSPECIFIED.,.F.,.F.,(4,3,4),(0.886501767649147,0.889196594959562,
0.896303236007096),.UNSPECIFIED.);
#67=B_SPLINE_CURVE_WITH_KNOTS('',3,(#2074,#2075,#2076,#2077,#2078,#2079,
#2080),.UNSPECIFIED.,.F.,.F.,(4,3,4),(0.896303236007096,0.899577444301954,
0.903697447946534),.UNSPECIFIED.);
#68=B_SPLINE_CURVE_WITH_KNOTS('',3,(#2082,#2083,#2084,#2085,#2086,#2087,
#2088,#2089,#2090,#2091,#2092,#2093,#2094),.UNSPECIFIED.,.F.,.F.,(4,3,3,
3,4),(0.918106434663948,0.921343082982258,0.930837622394657,0.939482919595324,
0.943500516827646),.UNSPECIFIED.);
#69=B_SPLINE_CURVE_WITH_KNOTS('',3,(#2096,#2097,#2098,#2099,#2100,#2101,
#2102,#2103,#2104,#2105,#2106,#2107,#2108,#2109,#2110,#2111),
 .UNSPECIFIED.,.F.,.F.,(4,3,3,3,3,4),(0.974974699951352,0.976307736005778,
0.983906026271252,0.991953013135626,0.995976506567813,0.997336496511405),
 .UNSPECIFIED.);
#70=B_SPLINE_CURVE_WITH_KNOTS('',3,(#2113,#2114,#2115,#2116,#2117,#2118,
#2119,#2120,#2121,#2122,#2123,#2124,#2125,#2126,#2127,#2128,#2129,#2130,
#2131,#2132,#2133,#2134,#2135,#2136,#2137,#2138,#2139,#2140,#2141,#2142,
#2143,#2144,#2145,#2146,#2147,#2148,#2149,#2150,#2151,#2152,#2153,#2154,
#2155,#2156,#2157,#2158,#2159,#2160,#2161,#2162,#2163,#2164,#2165,#2166,
#2167,#2168,#2169,#2170,#2171,#2172,#2173,#2174,#2175,#2176,#2177,#2178,
#2179,#2180,#2181,#2182,#2183,#2184,#2185,#2186,#2187,#2188,#2189,#2190,
#2191,#2192,#2193,#2194,#2195,#2196,#2197,#2198,#2199,#2200,#2201,#2202,
#2203,#2204,#2205,#2206,#2207,#2208,#2209,#2210,#2211,#2212),
 .UNSPECIFIED.,.F.,.F.,(4,3,3,3,3,3,3,3,3,3,3,3,3,3,3,3,3,3,3,3,3,3,3,3,
3,3,3,3,3,3,3,3,3,4),(0.00378561752634568,0.0211119477360879,0.0435516933310809,
0.0667697614170428,0.086940650970488,0.106035704578589,0.124966257014916,
0.144614979335827,0.158478984154108,0.17052165191147,0.183147700679573,
0.197588002687203,0.212697865903596,0.222165749468415,0.230359433131406,
0.239398190963681,0.250116677797555,0.261943498819551,0.270468612296954,
0.27720738847314,0.283289607029972,0.29039292439427,0.302305930856056,0.318453162465018,
0.333564743925577,0.345563804951511,0.357830192284562,0.373314999537366,
0.389822703190396,0.399219388589432,0.407311075563942,0.416818643116128,
0.425215298906047,0.43210005337209),.UNSPECIFIED.);
#71=B_SPLINE_CURVE_WITH_KNOTS('',3,(#2214,#2215,#2216,#2217,#2218,#2219,
#2220,#2221,#2222,#2223,#2224,#2225,#2226,#2227,#2228,#2229,#2230,#2231,
#2232,#2233,#2234,#2235,#2236,#2237,#2238,#2239,#2240,#2241,#2242,#2243,
#2244,#2245,#2246,#2247),.UNSPECIFIED.,.F.,.F.,(4,3,3,3,3,3,3,3,3,3,3,4),
(0.457780562461295,0.457913086464133,0.464394275214613,0.479787169911454,
0.495984635899482,0.513630339299397,0.531486796040735,0.540909295508342,
0.546895564619216,0.55168288173765,0.556568878429273,0.557623215799636),
 .UNSPECIFIED.);
#72=B_SPLINE_CURVE_WITH_KNOTS('',3,(#2249,#2250,#2251,#2252,#2253,#2254,
#2255,#2256,#2257,#2258,#2259,#2260,#2261,#2262,#2263,#2264,#2265,#2266,
#2267,#2268,#2269,#2270,#2271,#2272,#2273,#2274,#2275,#2276,#2277,#2278,
#2279,#2280,#2281,#2282,#2283,#2284,#2285,#2286,#2287,#2288,#2289,#2290,
#2291,#2292,#2293,#2294,#2295,#2296,#2297),.UNSPECIFIED.,.F.,.F.,(4,3,3,
3,3,3,3,3,3,3,3,3,3,3,3,3,4),(0.571809558625659,0.579460945421022,0.595855666126322,
0.617920685497789,0.645434557839526,0.659523449999963,0.674497841822842,
0.698393998978166,0.717702693729444,0.732826498854834,0.74597714452694,
0.756910159646974,0.772452046685597,0.790282422509329,0.80604822055935,
0.822039942395516,0.82682065582252),.UNSPECIFIED.);
#73=B_SPLINE_CURVE_WITH_KNOTS('',3,(#2299,#2300,#2301,#2302,#2303,#2304,
#2305,#2306,#2307,#2308),.UNSPECIFIED.,.F.,.F.,(4,3,3,4),(0.8657090518157,
0.875585007302759,0.886446175238872,0.886560180423447),.UNSPECIFIED.);
#74=B_SPLINE_CURVE_WITH_KNOTS('',3,(#2310,#2311,#2312,#2313,#2314,#2315,
#2316,#2317,#2318,#2319,#2320,#2321,#2322,#2323,#2324,#2325,#2326,#2327,
#2328,#2329,#2330,#2331),.UNSPECIFIED.,.F.,.F.,(4,3,3,3,3,3,3,4),(-0.793612889913502,
-0.775362151194723,-0.650274575768185,-0.506035607843203,-0.336985945485737,
-0.171183547044903,-0.0699671244067913,-0.0544648480081127),
 .UNSPECIFIED.);
#75=B_SPLINE_CURVE_WITH_KNOTS('',3,(#2333,#2334,#2335,#2336,#2337,#2338,
#2339,#2340,#2341,#2342,#2343,#2344,#2345,#2346,#2347,#2348,#2349,#2350,
#2351,#2352,#2353,#2354,#2355,#2356,#2357,#2358,#2359,#2360),
 .UNSPECIFIED.,.F.,.F.,(4,3,3,3,3,3,3,3,3,4),(-0.984340762352653,-0.96553171736108,
-0.86417473064427,-0.786428846521697,-0.711190573796803,-0.614920765062404,
-0.486561020083205,-0.315414693444273,-0.164064796632207,-0.017743057668921),
 .UNSPECIFIED.);
#76=B_SPLINE_CURVE_WITH_KNOTS('',3,(#2362,#2363,#2364,#2365,#2366,#2367,
#2368,#2369,#2370,#2371,#2372,#2373,#2374,#2375,#2376,#2377,#2378,#2379,
#2380),.UNSPECIFIED.,.F.,.F.,(4,3,3,3,3,3,4),(-0.984971818468656,-0.965717310206745,
-0.7942391947772,-0.597904012995067,-0.381872531013487,-0.193621705151532,
-0.0797707241734636),.UNSPECIFIED.);
#77=B_SPLINE_CURVE_WITH_KNOTS('',3,(#2386,#2387,#2388,#2389,#2390,#2391,
#2392,#2393,#2394,#2395,#2396,#2397,#2398,#2399,#2400,#2401,#2402,#2403,
#2404,#2405,#2406,#2407,#2408,#2409,#2410,#2411,#2412,#2413),
 .UNSPECIFIED.,.F.,.F.,(4,3,3,3,3,3,3,3,3,4),(-1.01530954511327,-1.,-0.861397678581794,
-0.71875515124403,-0.617739224370272,-0.526807293876816,-0.43233794514883,
-0.28813298371704,-0.126023497119861,-0.0939855356908818),.UNSPECIFIED.);
#78=B_SPLINE_CURVE_WITH_KNOTS('',3,(#2415,#2416,#2417,#2418,#2419,#2420,
#2421,#2422,#2423,#2424,#2425,#2426,#2427,#2428,#2429,#2430,#2431,#2432,
#2433,#2434,#2435,#2436),.UNSPECIFIED.,.F.,.F.,(4,3,3,3,3,3,3,4),(0.708728331227941,
0.710644592355102,0.72530669629186,0.739127288811514,0.75202521639278,0.768425196359876,
0.781897934023119,0.798077936940701),.UNSPECIFIED.);
#79=B_SPLINE_CURVE_WITH_KNOTS('',3,(#2438,#2439,#2440,#2441,#2442,#2443,
#2444),.UNSPECIFIED.,.F.,.F.,(4,3,4),(-0.537137526097171,-0.498893702215223,
-0.447903234158877),.UNSPECIFIED.);
#80=B_SPLINE_CURVE_WITH_KNOTS('',3,(#2448,#2449,#2450,#2451,#2452,#2453,
#2454,#2455,#2456,#2457,#2458,#2459,#2460,#2461,#2462,#2463,#2464,#2465,
#2466,#2467,#2468,#2469,#2470,#2471,#2472),.UNSPECIFIED.,.F.,.F.,(4,3,3,
3,3,3,3,3,4),(-1.02857218370682,-1.,-0.823926598179979,-0.671345896219063,
-0.532379169950416,-0.392748756923876,-0.190331675898501,0.,0.0103920684304494),
 .UNSPECIFIED.);
#81=B_SPLINE_CURVE_WITH_KNOTS('',3,(#2474,#2475,#2476,#2477,#2478,#2479,
#2480),.UNSPECIFIED.,.F.,.F.,(4,3,4),(0.0133291759181447,0.0153609356347294,
0.0174253431585468),.UNSPECIFIED.);
#82=B_SPLINE_CURVE_WITH_KNOTS('',3,(#2481,#2482,#2483,#2484,#2485,#2486,
#2487),.UNSPECIFIED.,.F.,.F.,(4,3,4),(-1.00682757998219,-1.,-0.841570056950148),
 .UNSPECIFIED.);
#83=B_SPLINE_CURVE_WITH_KNOTS('',3,(#5419,#5420,#5421,#5422,#5423,#5424,
#5425),.UNSPECIFIED.,.F.,.F.,(4,3,4),(-1.00682757998219,-1.,-0.841570056950148),
 .UNSPECIFIED.);
#84=B_SPLINE_CURVE_WITH_KNOTS('',3,(#5443,#5444,#5445,#5446,#5447,#5448,
#5449),.UNSPECIFIED.,.F.,.F.,(4,3,4),(0.0133291759181447,0.0153609356347294,
0.0174253431585468),.UNSPECIFIED.);
#85=B_SPLINE_CURVE_WITH_KNOTS('',3,(#5502,#5503,#5504,#5505,#5506,#5507,
#5508,#5509,#5510,#5511,#5512,#5513,#5514,#5515,#5516,#5517,#5518,#5519,
#5520,#5521,#5522,#5523,#5524,#5525,#5526),.UNSPECIFIED.,.F.,.F.,(4,3,3,
3,3,3,3,3,4),(-1.02857218370682,-1.,-0.823926598179979,-0.671345896219063,
-0.532379169950416,-0.392748756923876,-0.190331675898501,0.,0.0103920684304494),
 .UNSPECIFIED.);
#86=B_SPLINE_CURVE_WITH_KNOTS('',3,(#5547,#5548,#5549,#5550,#5551,#5552,
#5553),.UNSPECIFIED.,.F.,.F.,(4,3,4),(-0.537137526097171,-0.498893702215223,
-0.447903234158877),.UNSPECIFIED.);
#87=B_SPLINE_CURVE_WITH_KNOTS('',3,(#5600,#5601,#5602,#5603,#5604,#5605,
#5606,#5607,#5608,#5609,#5610,#5611,#5612,#5613,#5614,#5615,#5616,#5617,
#5618,#5619,#5620,#5621),.UNSPECIFIED.,.F.,.F.,(4,3,3,3,3,3,3,4),(0.708728331227941,
0.710644592355102,0.72530669629186,0.739127288811514,0.75202521639278,0.768425196359876,
0.781897934023119,0.798077936940701),.UNSPECIFIED.);
#88=B_SPLINE_CURVE_WITH_KNOTS('',3,(#5680,#5681,#5682,#5683,#5684,#5685,
#5686,#5687,#5688,#5689,#5690,#5691,#5692,#5693,#5694,#5695,#5696,#5697,
#5698,#5699,#5700,#5701,#5702,#5703,#5704,#5705,#5706,#5707),
 .UNSPECIFIED.,.F.,.F.,(4,3,3,3,3,3,3,3,3,4),(-1.01530954511327,-1.,-0.861397678581794,
-0.71875515124403,-0.617739224370272,-0.526807293876816,-0.43233794514883,
-0.28813298371704,-0.126023497119861,-0.0939855356908818),.UNSPECIFIED.);
#89=B_SPLINE_CURVE_WITH_KNOTS('',3,(#5756,#5757,#5758,#5759,#5760,#5761,
#5762,#5763,#5764,#5765,#5766,#5767,#5768,#5769,#5770,#5771,#5772,#5773,
#5774),.UNSPECIFIED.,.F.,.F.,(4,3,3,3,3,3,4),(-0.984971818468656,-0.965717310206745,
-0.7942391947772,-0.597904012995067,-0.381872531013487,-0.193621705151532,
-0.0797707241734636),.UNSPECIFIED.);
#90=B_SPLINE_CURVE_WITH_KNOTS('',3,(#5833,#5834,#5835,#5836,#5837,#5838,
#5839,#5840,#5841,#5842,#5843,#5844,#5845,#5846,#5847,#5848,#5849,#5850,
#5851,#5852,#5853,#5854,#5855,#5856,#5857,#5858,#5859,#5860),
 .UNSPECIFIED.,.F.,.F.,(4,3,3,3,3,3,3,3,3,4),(-0.984340762352653,-0.96553171736108,
-0.86417473064427,-0.786428846521697,-0.711190573796803,-0.614920765062404,
-0.486561020083205,-0.315414693444273,-0.164064796632207,-0.017743057668921),
 .UNSPECIFIED.);
#91=B_SPLINE_CURVE_WITH_KNOTS('',3,(#5907,#5908,#5909,#5910,#5911,#5912,
#5913,#5914,#5915,#5916,#5917,#5918,#5919,#5920,#5921,#5922,#5923,#5924,
#5925,#5926,#5927,#5928),.UNSPECIFIED.,.F.,.F.,(4,3,3,3,3,3,3,4),(-0.793612889913502,
-0.775362151194723,-0.650274575768185,-0.506035607843203,-0.336985945485737,
-0.171183547044903,-0.0699671244067913,-0.0544648480081127),
 .UNSPECIFIED.);
#92=B_SPLINE_CURVE_WITH_KNOTS('',3,(#5951,#5952,#5953,#5954,#5955,#5956,
#5957,#5958,#5959,#5960),.UNSPECIFIED.,.F.,.F.,(4,3,3,4),(0.8657090518157,
0.875585007302759,0.886446175238872,0.886560180423447),.UNSPECIFIED.);
#93=B_SPLINE_CURVE_WITH_KNOTS('',3,(#6061,#6062,#6063,#6064,#6065,#6066,
#6067,#6068,#6069,#6070,#6071,#6072,#6073,#6074,#6075,#6076,#6077,#6078,
#6079,#6080,#6081,#6082,#6083,#6084,#6085,#6086,#6087,#6088,#6089,#6090,
#6091,#6092,#6093,#6094,#6095,#6096,#6097,#6098,#6099,#6100,#6101,#6102,
#6103,#6104,#6105,#6106,#6107,#6108,#6109),.UNSPECIFIED.,.F.,.F.,(4,3,3,
3,3,3,3,3,3,3,3,3,3,3,3,3,4),(0.571809558625659,0.579460945421022,0.595855666126322,
0.617920685497789,0.645434557839526,0.659523449999963,0.674497841822842,
0.698393998978166,0.717702693729444,0.732826498854834,0.74597714452694,
0.756910159646974,0.772452046685597,0.790282422509329,0.80604822055935,
0.822039942395516,0.82682065582252),.UNSPECIFIED.);
#94=B_SPLINE_CURVE_WITH_KNOTS('',3,(#6180,#6181,#6182,#6183,#6184,#6185,
#6186,#6187,#6188,#6189,#6190,#6191,#6192,#6193,#6194,#6195,#6196,#6197,
#6198,#6199,#6200,#6201,#6202,#6203,#6204,#6205,#6206,#6207,#6208,#6209,
#6210,#6211,#6212,#6213),.UNSPECIFIED.,.F.,.F.,(4,3,3,3,3,3,3,3,3,3,3,4),
(0.457780562461295,0.457913086464133,0.464394275214613,0.479787169911454,
0.495984635899482,0.513630339299397,0.531486796040735,0.540909295508342,
0.546895564619216,0.55168288173765,0.556568878429273,0.557623215799636),
 .UNSPECIFIED.);
#95=B_SPLINE_CURVE_WITH_KNOTS('',3,(#6416,#6417,#6418,#6419,#6420,#6421,
#6422,#6423,#6424,#6425,#6426,#6427,#6428,#6429,#6430,#6431,#6432,#6433,
#6434,#6435,#6436,#6437,#6438,#6439,#6440,#6441,#6442,#6443,#6444,#6445,
#6446,#6447,#6448,#6449,#6450,#6451,#6452,#6453,#6454,#6455,#6456,#6457,
#6458,#6459,#6460,#6461,#6462,#6463,#6464,#6465,#6466,#6467,#6468,#6469,
#6470,#6471,#6472,#6473,#6474,#6475,#6476,#6477,#6478,#6479,#6480,#6481,
#6482,#6483,#6484,#6485,#6486,#6487,#6488,#6489,#6490,#6491,#6492,#6493,
#6494,#6495,#6496,#6497,#6498,#6499,#6500,#6501,#6502,#6503,#6504,#6505,
#6506,#6507,#6508,#6509,#6510,#6511,#6512,#6513,#6514,#6515),
 .UNSPECIFIED.,.F.,.F.,(4,3,3,3,3,3,3,3,3,3,3,3,3,3,3,3,3,3,3,3,3,3,3,3,
3,3,3,3,3,3,3,3,3,4),(0.00378561752634568,0.0211119477360879,0.0435516933310809,
0.0667697614170428,0.086940650970488,0.106035704578589,0.124966257014916,
0.144614979335827,0.158478984154108,0.17052165191147,0.183147700679573,
0.197588002687203,0.212697865903596,0.222165749468415,0.230359433131406,
0.239398190963681,0.250116677797555,0.261943498819551,0.270468612296954,
0.27720738847314,0.283289607029972,0.29039292439427,0.302305930856056,0.318453162465018,
0.333564743925577,0.345563804951511,0.357830192284562,0.373314999537366,
0.389822703190396,0.399219388589432,0.407311075563942,0.416818643116128,
0.425215298906047,0.43210005337209),.UNSPECIFIED.);
#96=B_SPLINE_CURVE_WITH_KNOTS('',3,(#6550,#6551,#6552,#6553,#6554,#6555,
#6556,#6557,#6558,#6559,#6560,#6561,#6562,#6563,#6564,#6565),
 .UNSPECIFIED.,.F.,.F.,(4,3,3,3,3,4),(0.974974699951352,0.976307736005778,
0.983906026271252,0.991953013135626,0.995976506567813,0.997336496511405),
 .UNSPECIFIED.);
#97=B_SPLINE_CURVE_WITH_KNOTS('',3,(#6594,#6595,#6596,#6597,#6598,#6599,
#6600,#6601,#6602,#6603,#6604,#6605,#6606),.UNSPECIFIED.,.F.,.F.,(4,3,3,
3,4),(0.918106434663948,0.921343082982258,0.930837622394657,0.939482919595324,
0.943500516827646),.UNSPECIFIED.);
#98=B_SPLINE_CURVE_WITH_KNOTS('',3,(#6623,#6624,#6625,#6626,#6627,#6628,
#6629),.UNSPECIFIED.,.F.,.F.,(4,3,4),(0.896303236007096,0.899577444301954,
0.903697447946534),.UNSPECIFIED.);
#99=B_SPLINE_CURVE_WITH_KNOTS('',3,(#6646,#6647,#6648,#6649,#6650,#6651,
#6652),.UNSPECIFIED.,.F.,.F.,(4,3,4),(0.886501767649147,0.889196594959562,
0.896303236007096),.UNSPECIFIED.);
#100=B_SPLINE_CURVE_WITH_KNOTS('',3,(#6675,#6676,#6677,#6678,#6679,#6680,
#6681,#6682,#6683,#6684),.UNSPECIFIED.,.F.,.F.,(4,3,3,4),(-1.09252875643668,
-1.,-0.874182854792919,-0.749991683368069),.UNSPECIFIED.);
#101=B_SPLINE_CURVE_WITH_KNOTS('',3,(#6725,#6726,#6727,#6728,#6729,#6730,
#6731,#6732,#6733,#6734,#6735,#6736,#6737,#6738,#6739,#6740,#6741,#6742,
#6743),.UNSPECIFIED.,.F.,.F.,(4,3,3,3,3,3,4),(-1.04350656735595,-1.,-0.85581532264652,
-0.559529703255658,-0.286091745064573,0.,0.0228053552404641),
 .UNSPECIFIED.);
#102=B_SPLINE_CURVE_WITH_KNOTS('',3,(#6778,#6779,#6780,#6781,#6782,#6783,
#6784,#6785,#6786,#6787,#6788,#6789,#6790,#6791,#6792,#6793),
 .UNSPECIFIED.,.F.,.F.,(4,3,3,3,3,4),(-0.585409808065524,-0.508711753659251,
-0.409818005294256,-0.272973737471209,0.,0.0295358131277047),
 .UNSPECIFIED.);
#103=B_SPLINE_CURVE_WITH_KNOTS('',3,(#6816,#6817,#6818,#6819,#6820,#6821,
#6822,#6823,#6824,#6825),.UNSPECIFIED.,.F.,.F.,(4,3,3,4),(-0.995215418504718,
-0.862714481426103,-0.697943959211621,-0.607192338306182),.UNSPECIFIED.);
#104=B_SPLINE_CURVE_WITH_KNOTS('',3,(#6908,#6909,#6910,#6911,#6912,#6913,
#6914,#6915,#6916,#6917,#6918,#6919,#6920,#6921,#6922,#6923,#6924,#6925,
#6926,#6927,#6928,#6929,#6930,#6931,#6932,#6933,#6934,#6935,#6936,#6937,
#6938,#6939,#6940,#6941,#6942,#6943,#6944,#6945,#6946,#6947),
 .UNSPECIFIED.,.F.,.F.,(4,3,3,3,3,3,3,3,3,3,3,3,3,4),(-0.644576592641299,
-0.605259185170951,-0.561075508065417,-0.519157892045149,-0.46801253691045,
-0.4006815105794,-0.34830627774549,-0.289332450958522,-0.215583646151009,
-0.173085975937338,-0.140659045782637,-0.103531991192411,-0.0625,-0.00201982204200457),
 .UNSPECIFIED.);
#105=B_SPLINE_CURVE_WITH_KNOTS('',3,(#7018,#7019,#7020,#7021,#7022,#7023,
#7024,#7025,#7026,#7027,#7028,#7029,#7030,#7031,#7032,#7033,#7034,#7035,
#7036,#7037,#7038,#7039,#7040,#7041,#7042,#7043,#7044,#7045,#7046,#7047,
#7048,#7049,#7050,#7051),.UNSPECIFIED.,.F.,.F.,(4,3,3,3,3,3,3,3,3,3,3,4),
(0.396918408119308,0.401020260802359,0.405375170208367,0.40819556974371,
0.410966860270831,0.415269954625024,0.421268376146966,0.431539523919857,
0.440209783126904,0.450337937859218,0.461678761270121,0.467649595917915),
 .UNSPECIFIED.);
#106=B_SPLINE_CURVE_WITH_KNOTS('',3,(#7148,#7149,#7150,#7151,#7152,#7153,
#7154,#7155,#7156,#7157,#7158,#7159,#7160,#7161,#7162,#7163,#7164,#7165,
#7166,#7167,#7168,#7169,#7170,#7171,#7172,#7173,#7174,#7175,#7176,#7177,
#7178,#7179,#7180,#7181,#7182,#7183,#7184,#7185,#7186,#7187,#7188,#7189,
#7190),.UNSPECIFIED.,.F.,.F.,(4,3,3,3,3,3,3,3,3,3,3,3,3,3,4),(-0.985748197413963,
-0.915005491846264,-0.840337285591213,-0.780062235609925,-0.719541567483867,
-0.654298820937423,-0.582564889420284,-0.493212961681963,-0.420814813350815,
-0.36555270616069,-0.312455212305459,-0.264008688709357,-0.217118977883714,
-0.1783890098381,-0.138631896771589),.UNSPECIFIED.);
#107=B_SPLINE_CURVE_WITH_KNOTS('',3,(#7216,#7217,#7218,#7219,#7220,#7221,
#7222,#7223,#7224,#7225),.UNSPECIFIED.,.F.,.F.,(4,3,3,4),(0.031620743329325,
0.0393681675965426,0.0485857123722976,0.0542637414976641),.UNSPECIFIED.);
#108=PLANE('',#1416);
#109=PLANE('',#1417);
#110=PLANE('',#1421);
#111=PLANE('',#1425);
#112=PLANE('',#1429);
#113=PLANE('',#1433);
#114=PLANE('',#1434);
#115=PLANE('',#1435);
#116=PLANE('',#1436);
#117=PLANE('',#1437);
#118=PLANE('',#1438);
#119=PLANE('',#1439);
#120=PLANE('',#1440);
#121=PLANE('',#1441);
#122=STYLED_ITEM('',(#7248),#1340);
#123=STYLED_ITEM('',(#7247),#13);
#124=FACE_OUTER_BOUND('',#201,.T.);
#125=FACE_OUTER_BOUND('',#202,.T.);
#126=FACE_OUTER_BOUND('',#203,.T.);
#127=FACE_OUTER_BOUND('',#204,.T.);
#128=FACE_OUTER_BOUND('',#205,.T.);
#129=FACE_OUTER_BOUND('',#206,.T.);
#130=FACE_OUTER_BOUND('',#207,.T.);
#131=FACE_OUTER_BOUND('',#208,.T.);
#132=FACE_OUTER_BOUND('',#209,.T.);
#133=FACE_OUTER_BOUND('',#210,.T.);
#134=FACE_OUTER_BOUND('',#211,.T.);
#135=FACE_OUTER_BOUND('',#212,.T.);
#136=FACE_OUTER_BOUND('',#213,.T.);
#137=FACE_OUTER_BOUND('',#214,.T.);
#138=FACE_OUTER_BOUND('',#215,.T.);
#139=FACE_OUTER_BOUND('',#216,.T.);
#140=FACE_OUTER_BOUND('',#217,.T.);
#141=FACE_OUTER_BOUND('',#220,.T.);
#142=FACE_OUTER_BOUND('',#221,.T.);
#143=FACE_OUTER_BOUND('',#222,.T.);
#144=FACE_OUTER_BOUND('',#223,.T.);
#145=FACE_OUTER_BOUND('',#224,.T.);
#146=FACE_OUTER_BOUND('',#225,.T.);
#147=FACE_OUTER_BOUND('',#226,.T.);
#148=FACE_OUTER_BOUND('',#227,.T.);
#149=FACE_OUTER_BOUND('',#228,.T.);
#150=FACE_OUTER_BOUND('',#229,.T.);
#151=FACE_OUTER_BOUND('',#230,.T.);
#152=FACE_OUTER_BOUND('',#231,.T.);
#153=FACE_OUTER_BOUND('',#232,.T.);
#154=FACE_OUTER_BOUND('',#233,.T.);
#155=FACE_OUTER_BOUND('',#234,.T.);
#156=FACE_OUTER_BOUND('',#235,.T.);
#157=FACE_OUTER_BOUND('',#236,.T.);
#158=FACE_OUTER_BOUND('',#237,.T.);
#159=FACE_OUTER_BOUND('',#238,.T.);
#160=FACE_OUTER_BOUND('',#239,.T.);
#161=FACE_OUTER_BOUND('',#240,.T.);
#162=FACE_OUTER_BOUND('',#241,.T.);
#163=FACE_OUTER_BOUND('',#242,.T.);
#164=FACE_OUTER_BOUND('',#243,.T.);
#165=FACE_OUTER_BOUND('',#244,.T.);
#166=FACE_OUTER_BOUND('',#245,.T.);
#167=FACE_OUTER_BOUND('',#246,.T.);
#168=FACE_OUTER_BOUND('',#247,.T.);
#169=FACE_OUTER_BOUND('',#248,.T.);
#170=FACE_OUTER_BOUND('',#249,.T.);
#171=FACE_OUTER_BOUND('',#250,.T.);
#172=FACE_OUTER_BOUND('',#251,.T.);
#173=FACE_OUTER_BOUND('',#252,.T.);
#174=FACE_OUTER_BOUND('',#253,.T.);
#175=FACE_OUTER_BOUND('',#254,.T.);
#176=FACE_OUTER_BOUND('',#255,.T.);
#177=FACE_OUTER_BOUND('',#256,.T.);
#178=FACE_OUTER_BOUND('',#257,.T.);
#179=FACE_OUTER_BOUND('',#258,.T.);
#180=FACE_OUTER_BOUND('',#259,.T.);
#181=FACE_OUTER_BOUND('',#260,.T.);
#182=FACE_OUTER_BOUND('',#261,.T.);
#183=FACE_OUTER_BOUND('',#262,.T.);
#184=FACE_OUTER_BOUND('',#263,.T.);
#185=FACE_OUTER_BOUND('',#264,.T.);
#186=FACE_OUTER_BOUND('',#265,.T.);
#187=FACE_OUTER_BOUND('',#266,.T.);
#188=FACE_OUTER_BOUND('',#267,.T.);
#189=FACE_OUTER_BOUND('',#268,.T.);
#190=FACE_OUTER_BOUND('',#269,.T.);
#191=FACE_OUTER_BOUND('',#270,.T.);
#192=FACE_OUTER_BOUND('',#271,.T.);
#193=FACE_OUTER_BOUND('',#272,.T.);
#194=FACE_OUTER_BOUND('',#273,.T.);
#195=FACE_OUTER_BOUND('',#274,.T.);
#196=FACE_OUTER_BOUND('',#275,.T.);
#197=FACE_OUTER_BOUND('',#276,.T.);
#198=FACE_OUTER_BOUND('',#277,.T.);
#199=FACE_OUTER_BOUND('',#278,.T.);
#200=FACE_OUTER_BOUND('',#279,.T.);
#201=EDGE_LOOP('',(#871,#872,#873,#874));
#202=EDGE_LOOP('',(#875,#876,#877,#878));
#203=EDGE_LOOP('',(#879,#880,#881,#882));
#204=EDGE_LOOP('',(#883,#884,#885,#886));
#205=EDGE_LOOP('',(#887,#888,#889,#890));
#206=EDGE_LOOP('',(#891,#892,#893,#894));
#207=EDGE_LOOP('',(#895,#896,#897,#898));
#208=EDGE_LOOP('',(#899,#900,#901,#902));
#209=EDGE_LOOP('',(#903,#904,#905,#906));
#210=EDGE_LOOP('',(#907,#908,#909,#910));
#211=EDGE_LOOP('',(#911,#912,#913,#914));
#212=EDGE_LOOP('',(#915,#916,#917,#918));
#213=EDGE_LOOP('',(#919,#920,#921,#922));
#214=EDGE_LOOP('',(#923,#924,#925,#926));
#215=EDGE_LOOP('',(#927,#928,#929,#930));
#216=EDGE_LOOP('',(#931,#932,#933,#934,#935,#936,#937,#938,#939,#940,#941,
#942,#943,#944,#945));
#217=EDGE_LOOP('',(#946,#947,#948,#949,#950,#951,#952,#953,#954,#955,#956,
#957,#958,#959,#960,#961,#962,#963,#964,#965,#966,#967,#968,#969,#970,#971,
#972,#973,#974,#975,#976));
#218=EDGE_LOOP('',(#977,#978,#979,#980,#981,#982,#983,#984,#985,#986,#987,
#988,#989,#990,#991));
#219=EDGE_LOOP('',(#992,#993,#994,#995,#996,#997,#998,#999,#1000,#1001,
#1002,#1003,#1004,#1005,#1006,#1007,#1008,#1009,#1010,#1011));
#220=EDGE_LOOP('',(#1012,#1013,#1014,#1015));
#221=EDGE_LOOP('',(#1016));
#222=EDGE_LOOP('',(#1017,#1018,#1019,#1020));
#223=EDGE_LOOP('',(#1021));
#224=EDGE_LOOP('',(#1022,#1023,#1024,#1025));
#225=EDGE_LOOP('',(#1026));
#226=EDGE_LOOP('',(#1027,#1028,#1029,#1030));
#227=EDGE_LOOP('',(#1031));
#228=EDGE_LOOP('',(#1032,#1033,#1034,#1035));
#229=EDGE_LOOP('',(#1036,#1037,#1038,#1039));
#230=EDGE_LOOP('',(#1040,#1041,#1042,#1043));
#231=EDGE_LOOP('',(#1044,#1045,#1046,#1047));
#232=EDGE_LOOP('',(#1048,#1049,#1050,#1051));
#233=EDGE_LOOP('',(#1052,#1053,#1054,#1055));
#234=EDGE_LOOP('',(#1056,#1057,#1058,#1059));
#235=EDGE_LOOP('',(#1060,#1061,#1062,#1063));
#236=EDGE_LOOP('',(#1064,#1065,#1066,#1067));
#237=EDGE_LOOP('',(#1068,#1069,#1070,#1071));
#238=EDGE_LOOP('',(#1072,#1073,#1074,#1075));
#239=EDGE_LOOP('',(#1076,#1077,#1078,#1079));
#240=EDGE_LOOP('',(#1080,#1081,#1082,#1083));
#241=EDGE_LOOP('',(#1084,#1085,#1086,#1087));
#242=EDGE_LOOP('',(#1088,#1089,#1090,#1091));
#243=EDGE_LOOP('',(#1092,#1093,#1094,#1095));
#244=EDGE_LOOP('',(#1096,#1097,#1098,#1099));
#245=EDGE_LOOP('',(#1100,#1101,#1102,#1103));
#246=EDGE_LOOP('',(#1104,#1105,#1106,#1107));
#247=EDGE_LOOP('',(#1108,#1109,#1110,#1111));
#248=EDGE_LOOP('',(#1112,#1113,#1114,#1115));
#249=EDGE_LOOP('',(#1116,#1117,#1118,#1119));
#250=EDGE_LOOP('',(#1120,#1121,#1122,#1123));
#251=EDGE_LOOP('',(#1124,#1125,#1126,#1127));
#252=EDGE_LOOP('',(#1128,#1129,#1130,#1131));
#253=EDGE_LOOP('',(#1132,#1133,#1134,#1135));
#254=EDGE_LOOP('',(#1136,#1137,#1138,#1139));
#255=EDGE_LOOP('',(#1140,#1141,#1142,#1143));
#256=EDGE_LOOP('',(#1144,#1145,#1146,#1147));
#257=EDGE_LOOP('',(#1148,#1149,#1150,#1151));
#258=EDGE_LOOP('',(#1152,#1153,#1154,#1155));
#259=EDGE_LOOP('',(#1156,#1157,#1158,#1159));
#260=EDGE_LOOP('',(#1160,#1161,#1162,#1163));
#261=EDGE_LOOP('',(#1164,#1165,#1166,#1167));
#262=EDGE_LOOP('',(#1168,#1169,#1170,#1171));
#263=EDGE_LOOP('',(#1172,#1173,#1174,#1175));
#264=EDGE_LOOP('',(#1176,#1177,#1178,#1179));
#265=EDGE_LOOP('',(#1180,#1181,#1182,#1183));
#266=EDGE_LOOP('',(#1184,#1185,#1186,#1187));
#267=EDGE_LOOP('',(#1188,#1189,#1190,#1191));
#268=EDGE_LOOP('',(#1192,#1193,#1194,#1195));
#269=EDGE_LOOP('',(#1196,#1197,#1198,#1199));
#270=EDGE_LOOP('',(#1200,#1201,#1202,#1203));
#271=EDGE_LOOP('',(#1204,#1205,#1206,#1207));
#272=EDGE_LOOP('',(#1208,#1209,#1210,#1211));
#273=EDGE_LOOP('',(#1212,#1213,#1214,#1215));
#274=EDGE_LOOP('',(#1216,#1217,#1218,#1219));
#275=EDGE_LOOP('',(#1220,#1221,#1222,#1223));
#276=EDGE_LOOP('',(#1224,#1225,#1226,#1227));
#277=EDGE_LOOP('',(#1228,#1229,#1230,#1231));
#278=EDGE_LOOP('',(#1232,#1233,#1234,#1235));
#279=EDGE_LOOP('',(#1236,#1237,#1238,#1239,#1240,#1241,#1242,#1243,#1244,
#1245,#1246,#1247,#1248,#1249,#1250,#1251,#1252,#1253,#1254,#1255,#1256,
#1257,#1258,#1259,#1260,#1261,#1262,#1263,#1264,#1265,#1266));
#280=EDGE_LOOP('',(#1267,#1268,#1269,#1270,#1271,#1272,#1273,#1274,#1275,
#1276,#1277,#1278,#1279,#1280,#1281,#1282,#1283,#1284,#1285,#1286));
#281=EDGE_LOOP('',(#1287));
#282=EDGE_LOOP('',(#1288));
#283=EDGE_LOOP('',(#1289));
#284=EDGE_LOOP('',(#1290));
#285=LINE('',#1596,#369);
#286=LINE('',#1602,#370);
#287=LINE('',#1617,#371);
#288=LINE('',#1636,#372);
#289=LINE('',#1655,#373);
#290=LINE('',#1674,#374);
#291=LINE('',#1693,#375);
#292=LINE('',#1712,#376);
#293=LINE('',#1731,#377);
#294=LINE('',#1750,#378);
#295=LINE('',#1769,#379);
#296=LINE('',#1788,#380);
#297=LINE('',#1807,#381);
#298=LINE('',#1826,#382);
#299=LINE('',#1845,#383);
#300=LINE('',#1881,#384);
#301=LINE('',#1927,#385);
#302=LINE('',#1929,#386);
#303=LINE('',#2382,#387);
#304=LINE('',#2384,#388);
#305=LINE('',#2446,#389);
#306=LINE('',#3214,#390);
#307=LINE('',#3219,#391);
#308=LINE('',#3226,#392);
#309=LINE('',#3233,#393);
#310=LINE('',#3240,#394);
#311=LINE('',#3246,#395);
#312=LINE('',#3247,#396);
#313=LINE('',#3248,#397);
#314=LINE('',#3520,#398);
#315=LINE('',#3552,#399);
#316=LINE('',#3650,#400);
#317=LINE('',#3670,#401);
#318=LINE('',#3729,#402);
#319=LINE('',#4229,#403);
#320=LINE('',#4294,#404);
#321=LINE('',#4329,#405);
#322=LINE('',#4415,#406);
#323=LINE('',#4720,#407);
#324=LINE('',#4746,#408);
#325=LINE('',#4790,#409);
#326=LINE('',#4894,#410);
#327=LINE('',#4929,#411);
#328=LINE('',#4949,#412);
#329=LINE('',#4969,#413);
#330=LINE('',#5007,#414);
#331=LINE('',#5063,#415);
#332=LINE('',#5426,#416);
#333=LINE('',#5427,#417);
#334=LINE('',#5450,#418);
#335=LINE('',#5527,#419);
#336=LINE('',#5530,#420);
#337=LINE('',#5531,#421);
#338=LINE('',#5554,#422);
#339=LINE('',#5622,#423);
#340=LINE('',#5708,#424);
#341=LINE('',#5711,#425);
#342=LINE('',#5712,#426);
#343=LINE('',#5715,#427);
#344=LINE('',#5716,#428);
#345=LINE('',#5775,#429);
#346=LINE('',#5861,#430);
#347=LINE('',#5929,#431);
#348=LINE('',#5961,#432);
#349=LINE('',#6110,#433);
#350=LINE('',#6214,#434);
#351=LINE('',#6516,#435);
#352=LINE('',#6566,#436);
#353=LINE('',#6607,#437);
#354=LINE('',#6630,#438);
#355=LINE('',#6653,#439);
#356=LINE('',#6685,#440);
#357=LINE('',#6744,#441);
#358=LINE('',#6794,#442);
#359=LINE('',#6826,#443);
#360=LINE('',#6948,#444);
#361=LINE('',#7052,#445);
#362=LINE('',#7055,#446);
#363=LINE('',#7056,#447);
#364=LINE('',#7059,#448);
#365=LINE('',#7060,#449);
#366=LINE('',#7191,#450);
#367=LINE('',#7194,#451);
#368=LINE('',#7195,#452);
#369=VECTOR('',#1444,10.);
#370=VECTOR('',#1445,10.);
#371=VECTOR('',#1446,10.);
#372=VECTOR('',#1447,10.);
#373=VECTOR('',#1448,10.);
#374=VECTOR('',#1449,10.);
#375=VECTOR('',#1450,10.);
#376=VECTOR('',#1451,10.);
#377=VECTOR('',#1452,10.);
#378=VECTOR('',#1453,10.);
#379=VECTOR('',#1454,10.);
#380=VECTOR('',#1455,10.);
#381=VECTOR('',#1456,10.);
#382=VECTOR('',#1457,10.);
#383=VECTOR('',#1458,10.);
#384=VECTOR('',#1463,10.);
#385=VECTOR('',#1464,10.);
#386=VECTOR('',#1465,10.);
#387=VECTOR('',#1466,10.);
#388=VECTOR('',#1467,10.);
#389=VECTOR('',#1468,10.);
#390=VECTOR('',#1469,10.);
#391=VECTOR('',#1474,2.44999999999999);
#392=VECTOR('',#1483,2.45000000000008);
#393=VECTOR('',#1492,2.45000000000008);
#394=VECTOR('',#1501,2.45000000000008);
#395=VECTOR('',#1508,10.);
#396=VECTOR('',#1509,10.);
#397=VECTOR('',#1510,10.);
#398=VECTOR('',#1511,10.);
#399=VECTOR('',#1512,10.);
#400=VECTOR('',#1513,10.);
#401=VECTOR('',#1514,10.);
#402=VECTOR('',#1515,10.);
#403=VECTOR('',#1516,10.);
#404=VECTOR('',#1517,10.);
#405=VECTOR('',#1518,10.);
#406=VECTOR('',#1519,10.);
#407=VECTOR('',#1520,10.);
#408=VECTOR('',#1521,10.);
#409=VECTOR('',#1522,10.);
#410=VECTOR('',#1523,10.);
#411=VECTOR('',#1524,10.);
#412=VECTOR('',#1525,10.);
#413=VECTOR('',#1526,10.);
#414=VECTOR('',#1527,10.);
#415=VECTOR('',#1528,10.);
#416=VECTOR('',#1529,10.);
#417=VECTOR('',#1530,10.);
#418=VECTOR('',#1531,10.);
#419=VECTOR('',#1532,10.);
#420=VECTOR('',#1535,10.);
#421=VECTOR('',#1536,10.);
#422=VECTOR('',#1537,10.);
#423=VECTOR('',#1538,10.);
#424=VECTOR('',#1539,10.);
#425=VECTOR('',#1542,10.);
#426=VECTOR('',#1543,10.);
#427=VECTOR('',#1546,10.);
#428=VECTOR('',#1547,10.);
#429=VECTOR('',#1548,10.);
#430=VECTOR('',#1549,10.);
#431=VECTOR('',#1550,10.);
#432=VECTOR('',#1551,10.);
#433=VECTOR('',#1552,10.);
#434=VECTOR('',#1553,10.);
#435=VECTOR('',#1554,10.);
#436=VECTOR('',#1555,10.);
#437=VECTOR('',#1556,10.);
#438=VECTOR('',#1557,10.);
#439=VECTOR('',#1558,10.);
#440=VECTOR('',#1559,10.);
#441=VECTOR('',#1560,10.);
#442=VECTOR('',#1561,10.);
#443=VECTOR('',#1562,10.);
#444=VECTOR('',#1563,10.);
#445=VECTOR('',#1564,10.);
#446=VECTOR('',#1567,10.);
#447=VECTOR('',#1568,10.);
#448=VECTOR('',#1571,10.);
#449=VECTOR('',#1572,10.);
#450=VECTOR('',#1573,10.);
#451=VECTOR('',#1576,10.);
#452=VECTOR('',#1577,10.);
#453=(
BOUNDED_CURVE()
B_SPLINE_CURVE(3,(#1591,#1592,#1593,#1594),.UNSPECIFIED.,.F.,.F.)
B_SPLINE_CURVE_WITH_KNOTS((4,4),(-1.,0.),.UNSPECIFIED.)
CURVE()
GEOMETRIC_REPRESENTATION_ITEM()
RATIONAL_B_SPLINE_CURVE((1.,1.,1.,1.))
REPRESENTATION_ITEM('')
);
#454=(
BOUNDED_CURVE()
B_SPLINE_CURVE(3,(#1598,#1599,#1600,#1601),.UNSPECIFIED.,.F.,.F.)
B_SPLINE_CURVE_WITH_KNOTS((4,4),(-1.,0.),.UNSPECIFIED.)
CURVE()
GEOMETRIC_REPRESENTATION_ITEM()
RATIONAL_B_SPLINE_CURVE((1.,1.,1.,1.))
REPRESENTATION_ITEM('')
);
#455=(
BOUNDED_CURVE()
B_SPLINE_CURVE(3,(#1612,#1613,#1614,#1615),.UNSPECIFIED.,.F.,.F.)
B_SPLINE_CURVE_WITH_KNOTS((4,4),(0.,1.),.UNSPECIFIED.)
CURVE()
GEOMETRIC_REPRESENTATION_ITEM()
RATIONAL_B_SPLINE_CURVE((1.,1.,1.,1.))
REPRESENTATION_ITEM('')
);
#456=(
BOUNDED_CURVE()
B_SPLINE_CURVE(3,(#1618,#1619,#1620,#1621),.UNSPECIFIED.,.F.,.F.)
B_SPLINE_CURVE_WITH_KNOTS((4,4),(0.,1.),.UNSPECIFIED.)
CURVE()
GEOMETRIC_REPRESENTATION_ITEM()
RATIONAL_B_SPLINE_CURVE((1.,1.,1.,1.))
REPRESENTATION_ITEM('')
);
#457=(
BOUNDED_CURVE()
B_SPLINE_CURVE(3,(#1631,#1632,#1633,#1634),.UNSPECIFIED.,.F.,.F.)
B_SPLINE_CURVE_WITH_KNOTS((4,4),(0.,1.),.UNSPECIFIED.)
CURVE()
GEOMETRIC_REPRESENTATION_ITEM()
RATIONAL_B_SPLINE_CURVE((1.,1.,1.,1.))
REPRESENTATION_ITEM('')
);
#458=(
BOUNDED_CURVE()
B_SPLINE_CURVE(3,(#1637,#1638,#1639,#1640),.UNSPECIFIED.,.F.,.F.)
B_SPLINE_CURVE_WITH_KNOTS((4,4),(0.,1.),.UNSPECIFIED.)
CURVE()
GEOMETRIC_REPRESENTATION_ITEM()
RATIONAL_B_SPLINE_CURVE((1.,1.,1.,1.))
REPRESENTATION_ITEM('')
);
#459=(
BOUNDED_CURVE()
B_SPLINE_CURVE(3,(#1650,#1651,#1652,#1653),.UNSPECIFIED.,.F.,.F.)
B_SPLINE_CURVE_WITH_KNOTS((4,4),(0.,1.),.UNSPECIFIED.)
CURVE()
GEOMETRIC_REPRESENTATION_ITEM()
RATIONAL_B_SPLINE_CURVE((1.,1.,1.,1.))
REPRESENTATION_ITEM('')
);
#460=(
BOUNDED_CURVE()
B_SPLINE_CURVE(3,(#1656,#1657,#1658,#1659),.UNSPECIFIED.,.F.,.F.)
B_SPLINE_CURVE_WITH_KNOTS((4,4),(0.,1.),.UNSPECIFIED.)
CURVE()
GEOMETRIC_REPRESENTATION_ITEM()
RATIONAL_B_SPLINE_CURVE((1.,1.,1.,1.))
REPRESENTATION_ITEM('')
);
#461=(
BOUNDED_CURVE()
B_SPLINE_CURVE(3,(#1669,#1670,#1671,#1672),.UNSPECIFIED.,.F.,.F.)
B_SPLINE_CURVE_WITH_KNOTS((4,4),(0.,1.),.UNSPECIFIED.)
CURVE()
GEOMETRIC_REPRESENTATION_ITEM()
RATIONAL_B_SPLINE_CURVE((1.,1.,1.,1.))
REPRESENTATION_ITEM('')
);
#462=(
BOUNDED_CURVE()
B_SPLINE_CURVE(3,(#1675,#1676,#1677,#1678),.UNSPECIFIED.,.F.,.F.)
B_SPLINE_CURVE_WITH_KNOTS((4,4),(0.,1.),.UNSPECIFIED.)
CURVE()
GEOMETRIC_REPRESENTATION_ITEM()
RATIONAL_B_SPLINE_CURVE((1.,1.,1.,1.))
REPRESENTATION_ITEM('')
);
#463=(
BOUNDED_CURVE()
B_SPLINE_CURVE(3,(#1688,#1689,#1690,#1691),.UNSPECIFIED.,.F.,.F.)
B_SPLINE_CURVE_WITH_KNOTS((4,4),(0.,1.),.UNSPECIFIED.)
CURVE()
GEOMETRIC_REPRESENTATION_ITEM()
RATIONAL_B_SPLINE_CURVE((1.,1.,1.,1.))
REPRESENTATION_ITEM('')
);
#464=(
BOUNDED_CURVE()
B_SPLINE_CURVE(3,(#1694,#1695,#1696,#1697),.UNSPECIFIED.,.F.,.F.)
B_SPLINE_CURVE_WITH_KNOTS((4,4),(0.,1.),.UNSPECIFIED.)
CURVE()
GEOMETRIC_REPRESENTATION_ITEM()
RATIONAL_B_SPLINE_CURVE((1.,1.,1.,1.))
REPRESENTATION_ITEM('')
);
#465=(
BOUNDED_CURVE()
B_SPLINE_CURVE(3,(#1707,#1708,#1709,#1710),.UNSPECIFIED.,.F.,.F.)
B_SPLINE_CURVE_WITH_KNOTS((4,4),(0.,1.),.UNSPECIFIED.)
CURVE()
GEOMETRIC_REPRESENTATION_ITEM()
RATIONAL_B_SPLINE_CURVE((1.,1.,1.,1.))
REPRESENTATION_ITEM('')
);
#466=(
BOUNDED_CURVE()
B_SPLINE_CURVE(3,(#1713,#1714,#1715,#1716),.UNSPECIFIED.,.F.,.F.)
B_SPLINE_CURVE_WITH_KNOTS((4,4),(0.,1.),.UNSPECIFIED.)
CURVE()
GEOMETRIC_REPRESENTATION_ITEM()
RATIONAL_B_SPLINE_CURVE((1.,1.,1.,1.))
REPRESENTATION_ITEM('')
);
#467=(
BOUNDED_CURVE()
B_SPLINE_CURVE(3,(#1726,#1727,#1728,#1729),.UNSPECIFIED.,.F.,.F.)
B_SPLINE_CURVE_WITH_KNOTS((4,4),(0.,1.),.UNSPECIFIED.)
CURVE()
GEOMETRIC_REPRESENTATION_ITEM()
RATIONAL_B_SPLINE_CURVE((1.,1.,1.,1.))
REPRESENTATION_ITEM('')
);
#468=(
BOUNDED_CURVE()
B_SPLINE_CURVE(3,(#1732,#1733,#1734,#1735),.UNSPECIFIED.,.F.,.F.)
B_SPLINE_CURVE_WITH_KNOTS((4,4),(0.,1.),.UNSPECIFIED.)
CURVE()
GEOMETRIC_REPRESENTATION_ITEM()
RATIONAL_B_SPLINE_CURVE((1.,1.,1.,1.))
REPRESENTATION_ITEM('')
);
#469=(
BOUNDED_CURVE()
B_SPLINE_CURVE(3,(#1745,#1746,#1747,#1748),.UNSPECIFIED.,.F.,.F.)
B_SPLINE_CURVE_WITH_KNOTS((4,4),(0.,1.),.UNSPECIFIED.)
CURVE()
GEOMETRIC_REPRESENTATION_ITEM()
RATIONAL_B_SPLINE_CURVE((1.,1.,1.,1.))
REPRESENTATION_ITEM('')
);
#470=(
BOUNDED_CURVE()
B_SPLINE_CURVE(3,(#1751,#1752,#1753,#1754),.UNSPECIFIED.,.F.,.F.)
B_SPLINE_CURVE_WITH_KNOTS((4,4),(0.,1.),.UNSPECIFIED.)
CURVE()
GEOMETRIC_REPRESENTATION_ITEM()
RATIONAL_B_SPLINE_CURVE((1.,1.,1.,1.))
REPRESENTATION_ITEM('')
);
#471=(
BOUNDED_CURVE()
B_SPLINE_CURVE(3,(#1764,#1765,#1766,#1767),.UNSPECIFIED.,.F.,.F.)
B_SPLINE_CURVE_WITH_KNOTS((4,4),(0.,1.),.UNSPECIFIED.)
CURVE()
GEOMETRIC_REPRESENTATION_ITEM()
RATIONAL_B_SPLINE_CURVE((1.,1.,1.,1.))
REPRESENTATION_ITEM('')
);
#472=(
BOUNDED_CURVE()
B_SPLINE_CURVE(3,(#1770,#1771,#1772,#1773),.UNSPECIFIED.,.F.,.F.)
B_SPLINE_CURVE_WITH_KNOTS((4,4),(0.,1.),.UNSPECIFIED.)
CURVE()
GEOMETRIC_REPRESENTATION_ITEM()
RATIONAL_B_SPLINE_CURVE((1.,1.,1.,1.))
REPRESENTATION_ITEM('')
);
#473=(
BOUNDED_CURVE()
B_SPLINE_CURVE(3,(#1783,#1784,#1785,#1786),.UNSPECIFIED.,.F.,.F.)
B_SPLINE_CURVE_WITH_KNOTS((4,4),(0.,1.),.UNSPECIFIED.)
CURVE()
GEOMETRIC_REPRESENTATION_ITEM()
RATIONAL_B_SPLINE_CURVE((1.,1.,1.,1.))
REPRESENTATION_ITEM('')
);
#474=(
BOUNDED_CURVE()
B_SPLINE_CURVE(3,(#1789,#1790,#1791,#1792),.UNSPECIFIED.,.F.,.F.)
B_SPLINE_CURVE_WITH_KNOTS((4,4),(0.,1.),.UNSPECIFIED.)
CURVE()
GEOMETRIC_REPRESENTATION_ITEM()
RATIONAL_B_SPLINE_CURVE((1.,1.,1.,1.))
REPRESENTATION_ITEM('')
);
#475=(
BOUNDED_CURVE()
B_SPLINE_CURVE(3,(#1802,#1803,#1804,#1805),.UNSPECIFIED.,.F.,.F.)
B_SPLINE_CURVE_WITH_KNOTS((4,4),(0.,1.),.UNSPECIFIED.)
CURVE()
GEOMETRIC_REPRESENTATION_ITEM()
RATIONAL_B_SPLINE_CURVE((1.,1.,1.,1.))
REPRESENTATION_ITEM('')
);
#476=(
BOUNDED_CURVE()
B_SPLINE_CURVE(3,(#1808,#1809,#1810,#1811),.UNSPECIFIED.,.F.,.F.)
B_SPLINE_CURVE_WITH_KNOTS((4,4),(0.,1.),.UNSPECIFIED.)
CURVE()
GEOMETRIC_REPRESENTATION_ITEM()
RATIONAL_B_SPLINE_CURVE((1.,1.,1.,1.))
REPRESENTATION_ITEM('')
);
#477=(
BOUNDED_CURVE()
B_SPLINE_CURVE(3,(#1821,#1822,#1823,#1824),.UNSPECIFIED.,.F.,.F.)
B_SPLINE_CURVE_WITH_KNOTS((4,4),(0.,1.),.UNSPECIFIED.)
CURVE()
GEOMETRIC_REPRESENTATION_ITEM()
RATIONAL_B_SPLINE_CURVE((1.,1.,1.,1.))
REPRESENTATION_ITEM('')
);
#478=(
BOUNDED_CURVE()
B_SPLINE_CURVE(3,(#1827,#1828,#1829,#1830),.UNSPECIFIED.,.F.,.F.)
B_SPLINE_CURVE_WITH_KNOTS((4,4),(0.,1.),.UNSPECIFIED.)
CURVE()
GEOMETRIC_REPRESENTATION_ITEM()
RATIONAL_B_SPLINE_CURVE((1.,1.,1.,1.))
REPRESENTATION_ITEM('')
);
#479=(
BOUNDED_CURVE()
B_SPLINE_CURVE(3,(#1840,#1841,#1842,#1843),.UNSPECIFIED.,.F.,.F.)
B_SPLINE_CURVE_WITH_KNOTS((4,4),(0.997021848147124,1.),.UNSPECIFIED.)
CURVE()
GEOMETRIC_REPRESENTATION_ITEM()
RATIONAL_B_SPLINE_CURVE((1.,1.,1.,1.))
REPRESENTATION_ITEM('')
);
#480=(
BOUNDED_CURVE()
B_SPLINE_CURVE(3,(#1846,#1847,#1848,#1849),.UNSPECIFIED.,.F.,.F.)
B_SPLINE_CURVE_WITH_KNOTS((4,4),(0.997021848147124,1.),.UNSPECIFIED.)
CURVE()
GEOMETRIC_REPRESENTATION_ITEM()
RATIONAL_B_SPLINE_CURVE((1.,1.,1.,1.))
REPRESENTATION_ITEM('')
);
#481=(
BOUNDED_CURVE()
B_SPLINE_CURVE(3,(#1858,#1859,#1860,#1861),.UNSPECIFIED.,.F.,.F.)
B_SPLINE_CURVE_WITH_KNOTS((4,4),(-1.,-0.993893311931999),.UNSPECIFIED.)
CURVE()
GEOMETRIC_REPRESENTATION_ITEM()
RATIONAL_B_SPLINE_CURVE((1.,1.,1.,1.))
REPRESENTATION_ITEM('')
);
#482=(
BOUNDED_CURVE()
B_SPLINE_CURVE(3,(#1862,#1863,#1864,#1865),.UNSPECIFIED.,.F.,.F.)
B_SPLINE_CURVE_WITH_KNOTS((4,4),(-1.,-0.993893311931999),.UNSPECIFIED.)
CURVE()
GEOMETRIC_REPRESENTATION_ITEM()
RATIONAL_B_SPLINE_CURVE((1.,1.,1.,1.))
REPRESENTATION_ITEM('')
);
#483=(
BOUNDED_CURVE()
B_SPLINE_CURVE(5,(#2490,#2491,#2492,#2493,#2494,#2495,#2496,#2497,#2498,
#2499,#2500,#2501,#2502,#2503,#2504,#2505,#2506,#2507,#2508,#2509,#2510,
#2511,#2512,#2513,#2514,#2515,#2516,#2517,#2518,#2519,#2520,#2521,#2522,
#2523,#2524,#2525,#2526,#2527,#2528,#2529,#2530,#2531,#2532,#2533,#2534,
#2535,#2536,#2537,#2538,#2539,#2540,#2541,#2542,#2543,#2544,#2545,#2546,
#2547,#2548,#2549,#2550,#2551,#2552,#2553,#2554,#2555,#2556,#2557,#2558,
#2559,#2560,#2561,#2562,#2563,#2564,#2565,#2566,#2567,#2568,#2569,#2570,
#2571,#2572,#2573,#2574,#2575,#2576,#2577,#2578,#2579,#2580,#2581,#2582,
#2583,#2584,#2585,#2586,#2587,#2588,#2589,#2590,#2591,#2592,#2593,#2594,
#2595,#2596,#2597,#2598,#2599,#2600,#2601,#2602),.UNSPECIFIED.,.F.,.F.)
B_SPLINE_CURVE_WITH_KNOTS((6,1,1,1,1,1,1,1,1,1,1,1,1,1,1,1,1,1,1,1,1,1,
1,1,1,1,1,1,1,1,1,1,1,1,1,1,1,1,1,1,1,1,1,1,1,1,1,1,1,1,1,1,1,1,1,1,1,1,
1,1,1,1,1,1,1,1,1,1,1,1,1,1,1,1,1,1,1,1,1,1,1,1,1,1,1,1,1,1,1,1,1,1,1,1,
1,1,1,1,1,1,1,1,1,1,1,1,1,1,6),(-0.344236054592627,-0.341772151898735,-0.339240506329115,
-0.336708860759495,-0.334177215189874,-0.331645569620254,-0.329113924050634,
-0.326582278481014,-0.324050632911394,-0.321518987341773,-0.318987341772153,
-0.316455696202533,-0.313924050632912,-0.311392405063292,-0.308860759493672,
-0.306329113924052,-0.303797468354431,-0.301265822784811,-0.298734177215191,
-0.29620253164557,-0.29367088607595,-0.29113924050633,-0.28860759493671,
-0.28607594936709,-0.283544303797469,-0.281012658227849,-0.278481012658229,
-0.275949367088608,-0.273417721518988,-0.270886075949368,-0.268354430379748,
-0.265822784810127,-0.263291139240507,-0.260759493670887,-0.258227848101266,
-0.255696202531646,-0.253164556962026,-0.250632911392406,-0.248101265822785,
-0.245569620253165,-0.243037974683545,-0.240506329113925,-0.237974683544304,
-0.235443037974684,-0.232911392405064,-0.230379746835444,-0.227848101265823,
-0.225316455696203,-0.222784810126583,-0.220253164556963,-0.217721518987342,
-0.215189873417722,-0.212658227848102,-0.210126582278481,-0.207594936708861,
-0.205063291139241,-0.202531645569621,-0.2,-0.19746835443038,-0.19493670886076,
-0.19240506329114,-0.189873417721519,-0.187341772151899,-0.184810126582279,
-0.182278481012659,-0.179746835443038,-0.177215189873418,-0.174683544303798,
-0.172151898734177,-0.169620253164557,-0.167088607594937,-0.164556962025317,
-0.162025316455696,-0.159493670886076,-0.156962025316456,-0.154430379746836,
-0.151898734177215,-0.149367088607595,-0.146835443037975,-0.144303797468355,
-0.141772151898734,-0.139240506329114,-0.136708860759494,-0.134177215189873,
-0.131645569620253,-0.129113924050633,-0.126582278481013,-0.124050632911392,
-0.121518987341772,-0.118987341772152,-0.116455696202532,-0.113924050632911,
-0.111392405063291,-0.108860759493671,-0.106329113924051,-0.10379746835443,
-0.10126582278481,-0.0987341772151899,-0.0962025316455696,-0.0936708860759494,
-0.0911392405063291,-0.0886075949367089,-0.0860759493670886,-0.0835443037974684,
-0.0810126582278481,-0.0784810126582278,-0.0759493670886076,-0.0734177215189873,
-0.0728676616106848),.UNSPECIFIED.)
CURVE()
GEOMETRIC_REPRESENTATION_ITEM()
RATIONAL_B_SPLINE_CURVE((1.,1.,1.,1.,1.,1.,1.,1.,1.,1.,1.,1.,1.,1.,1.,1.,
1.,1.,1.,1.,1.,1.,1.,1.,1.,1.,1.,1.,1.,1.,1.,1.,1.,1.,1.,1.,1.,1.,1.,1.,
1.,1.,1.,1.,1.,1.,1.,1.,1.,1.,1.,1.,1.,1.,1.,1.,1.,1.,1.,1.,1.,1.,1.,1.,
1.,1.,1.,1.,1.,1.,1.,1.,1.,1.,1.,1.,1.,1.,1.,1.,1.,1.,1.,1.,1.,1.,1.,1.,
1.,1.,1.,1.,1.,1.,1.,1.,1.,1.,1.,1.,1.,1.,1.,1.,1.,1.,1.,1.,1.,1.,1.,1.,
1.))
REPRESENTATION_ITEM('')
);
#484=(
BOUNDED_CURVE()
B_SPLINE_CURVE(5,(#2604,#2605,#2606,#2607,#2608,#2609,#2610,#2611,#2612,
#2613,#2614,#2615,#2616,#2617,#2618,#2619,#2620,#2621),.UNSPECIFIED.,.F.,
 .F.)
B_SPLINE_CURVE_WITH_KNOTS((6,1,1,1,1,1,1,1,1,1,1,1,1,6),(0.365968953754988,
0.4,0.44,0.48,0.52,0.56,0.6,0.64,0.68,0.72,0.76,0.8,0.84,0.850153560820767),
 .UNSPECIFIED.)
CURVE()
GEOMETRIC_REPRESENTATION_ITEM()
RATIONAL_B_SPLINE_CURVE((1.,1.,1.,1.,1.,1.,1.,1.,1.,1.,1.,1.,1.,1.,1.,1.,
1.,1.))
REPRESENTATION_ITEM('')
);
#485=(
BOUNDED_CURVE()
B_SPLINE_CURVE(5,(#2623,#2624,#2625,#2626,#2627,#2628,#2629,#2630,#2631,
#2632,#2633,#2634),.UNSPECIFIED.,.F.,.F.)
B_SPLINE_CURVE_WITH_KNOTS((6,1,1,1,1,1,1,6),(-0.032437293967032,-0.030379746835443,
-0.0278481012658228,-0.0253164556962025,-0.0227848101265823,-0.020253164556962,
-0.0177215189873418,-0.0163883823475985),.UNSPECIFIED.)
CURVE()
GEOMETRIC_REPRESENTATION_ITEM()
RATIONAL_B_SPLINE_CURVE((1.,1.,1.,1.,1.,1.,1.,1.,1.,1.,1.,1.))
REPRESENTATION_ITEM('')
);
#486=(
BOUNDED_CURVE()
B_SPLINE_CURVE(5,(#2636,#2637,#2638,#2639,#2640,#2641),.UNSPECIFIED.,.F.,
 .F.)
B_SPLINE_CURVE_WITH_KNOTS((6,6),(0.994065479345996,1.),.UNSPECIFIED.)
CURVE()
GEOMETRIC_REPRESENTATION_ITEM()
RATIONAL_B_SPLINE_CURVE((1.,1.,1.,1.,1.,1.))
REPRESENTATION_ITEM('')
);
#487=(
BOUNDED_CURVE()
B_SPLINE_CURVE(5,(#2643,#2644,#2645,#2646,#2647,#2648),.UNSPECIFIED.,.F.,
 .F.)
B_SPLINE_CURVE_WITH_KNOTS((6,6),(0.,0.00376082637134837),.UNSPECIFIED.)
CURVE()
GEOMETRIC_REPRESENTATION_ITEM()
RATIONAL_B_SPLINE_CURVE((1.,1.,1.,1.,1.,1.))
REPRESENTATION_ITEM('')
);
#488=(
BOUNDED_CURVE()
B_SPLINE_CURVE(5,(#2650,#2651,#2652,#2653,#2654,#2655,#2656,#2657,#2658,
#2659,#2660),.UNSPECIFIED.,.F.,.F.)
B_SPLINE_CURVE_WITH_KNOTS((6,1,1,1,1,1,6),(-0.0149567047586727,-0.0126582278481013,
-0.010126582278481,-0.00759493670886076,-0.00506329113924051,-0.00253164556962025,
0.),.UNSPECIFIED.)
CURVE()
GEOMETRIC_REPRESENTATION_ITEM()
RATIONAL_B_SPLINE_CURVE((1.,1.,1.,1.,1.,1.,1.,1.,1.,1.,1.))
REPRESENTATION_ITEM('')
);
#489=(
BOUNDED_CURVE()
B_SPLINE_CURVE(5,(#2662,#2663,#2664,#2665,#2666,#2667,#2668,#2669,#2670,
#2671,#2672,#2673,#2674,#2675,#2676,#2677,#2678,#2679,#2680,#2681,#2682,
#2683,#2684,#2685,#2686,#2687,#2688,#2689,#2690,#2691,#2692,#2693,#2694,
#2695),.UNSPECIFIED.,.F.,.F.)
B_SPLINE_CURVE_WITH_KNOTS((6,1,1,1,1,1,1,1,1,1,1,1,1,1,1,1,1,1,1,1,1,1,
1,1,1,1,1,1,1,6),(-1.,-0.992592592592594,-0.985185185185187,-0.977777777777779,
-0.970370370370372,-0.962962962962964,-0.955555555555557,-0.948148148148149,
-0.940740740740742,-0.933333333333334,-0.925925925925927,-0.91851851851852,
-0.911111111111112,-0.903703703703705,-0.896296296296297,-0.88888888888889,
-0.881481481481483,-0.874074074074075,-0.866666666666668,-0.85925925925926,
-0.851851851851853,-0.844444444444445,-0.837037037037038,-0.829629629629631,
-0.822222222222223,-0.814814814814816,-0.807407407407408,-0.800000000000001,
-0.792592592592593,-0.790187301626558),.UNSPECIFIED.)
CURVE()
GEOMETRIC_REPRESENTATION_ITEM()
RATIONAL_B_SPLINE_CURVE((1.,1.,1.,1.,1.,1.,1.,1.,1.,1.,1.,1.,1.,1.,1.,1.,
1.,1.,1.,1.,1.,1.,1.,1.,1.,1.,1.,1.,1.,1.,1.,1.,1.,1.))
REPRESENTATION_ITEM('')
);
#490=(
BOUNDED_CURVE()
B_SPLINE_CURVE(5,(#2697,#2698,#2699,#2700,#2701,#2702,#2703,#2704,#2705,
#2706,#2707,#2708,#2709,#2710),.UNSPECIFIED.,.F.,.F.)
B_SPLINE_CURVE_WITH_KNOTS((6,1,1,1,1,1,1,1,1,6),(0.43747835060701,0.466666666666667,
0.533333333333333,0.6,0.666666666666667,0.733333333333333,0.8,0.866666666666667,
0.933333333333333,1.),.UNSPECIFIED.)
CURVE()
GEOMETRIC_REPRESENTATION_ITEM()
RATIONAL_B_SPLINE_CURVE((1.,1.,1.,1.,1.,1.,1.,1.,1.,1.,1.,1.,1.,1.))
REPRESENTATION_ITEM('')
);
#491=(
BOUNDED_CURVE()
B_SPLINE_CURVE(5,(#2712,#2713,#2714,#2715,#2716,#2717,#2718,#2719),
 .UNSPECIFIED.,.F.,.F.)
B_SPLINE_CURVE_WITH_KNOTS((6,1,1,6),(0.,0.05,0.1,0.104629078475248),
 .UNSPECIFIED.)
CURVE()
GEOMETRIC_REPRESENTATION_ITEM()
RATIONAL_B_SPLINE_CURVE((1.,1.,1.,1.,1.,1.,1.,1.))
REPRESENTATION_ITEM('')
);
#492=(
BOUNDED_CURVE()
B_SPLINE_CURVE(5,(#2721,#2722,#2723,#2724,#2725,#2726,#2727,#2728,#2729,
#2730,#2731,#2732,#2733,#2734,#2735,#2736,#2737,#2738,#2739,#2740,#2741,
#2742,#2743,#2744,#2745,#2746,#2747,#2748,#2749,#2750,#2751,#2752,#2753,
#2754,#2755,#2756,#2757,#2758,#2759,#2760,#2761,#2762,#2763,#2764,#2765,
#2766,#2767,#2768,#2769,#2770,#2771,#2772,#2773,#2774,#2775,#2776,#2777,
#2778,#2779,#2780,#2781,#2782,#2783,#2784,#2785,#2786,#2787,#2788,#2789,
#2790,#2791,#2792,#2793,#2794,#2795,#2796,#2797,#2798,#2799,#2800,#2801,
#2802,#2803,#2804,#2805,#2806,#2807,#2808,#2809,#2810,#2811,#2812,#2813,
#2814,#2815,#2816,#2817,#2818,#2819,#2820,#2821),.UNSPECIFIED.,.F.,.F.)
B_SPLINE_CURVE_WITH_KNOTS((6,1,1,1,1,1,1,1,1,1,1,1,1,1,1,1,1,1,1,1,1,1,
1,1,1,1,1,1,1,1,1,1,1,1,1,1,1,1,1,1,1,1,1,1,1,1,1,1,1,1,1,1,1,1,1,1,1,1,
1,1,1,1,1,1,1,1,1,1,1,1,1,1,1,1,1,1,1,1,1,1,1,1,1,1,1,1,1,1,1,1,1,1,1,1,
1,1,6),(-0.709860540656216,-0.703703703703704,-0.696296296296297,-0.68888888888889,
-0.681481481481482,-0.674074074074075,-0.666666666666667,-0.65925925925926,
-0.651851851851853,-0.644444444444445,-0.637037037037038,-0.62962962962963,
-0.622222222222223,-0.614814814814815,-0.607407407407408,-0.600000000000001,
-0.592592592592593,-0.585185185185186,-0.577777777777778,-0.570370370370371,
-0.562962962962964,-0.555555555555556,-0.548148148148149,-0.540740740740741,
-0.533333333333334,-0.525925925925926,-0.518518518518519,-0.511111111111112,
-0.503703703703704,-0.496296296296297,-0.488888888888889,-0.481481481481482,
-0.474074074074075,-0.466666666666667,-0.45925925925926,-0.451851851851852,
-0.444444444444445,-0.437037037037038,-0.42962962962963,-0.422222222222223,
-0.414814814814815,-0.407407407407408,-0.4,-0.392592592592593,-0.385185185185186,
-0.377777777777778,-0.370370370370371,-0.362962962962963,-0.355555555555556,
-0.348148148148148,-0.340740740740741,-0.333333333333334,-0.325925925925926,
-0.318518518518519,-0.311111111111111,-0.303703703703704,-0.296296296296297,
-0.288888888888889,-0.281481481481482,-0.274074074074074,-0.266666666666667,
-0.259259259259259,-0.251851851851852,-0.244444444444444,-0.237037037037037,
-0.22962962962963,-0.222222222222222,-0.214814814814815,-0.207407407407407,
-0.2,-0.192592592592593,-0.185185185185185,-0.177777777777778,-0.17037037037037,
-0.162962962962963,-0.155555555555556,-0.148148148148148,-0.140740740740741,
-0.133333333333333,-0.125925925925926,-0.118518518518518,-0.111111111111111,
-0.103703703703704,-0.0962962962962963,-0.0888888888888889,-0.0814814814814815,
-0.0740740740740741,-0.0666666666666667,-0.0592592592592592,-0.0518518518518518,
-0.0444444444444444,-0.037037037037037,-0.0296296296296296,-0.0222222222222222,
-0.0148148148148148,-0.00740740740740741,0.),.UNSPECIFIED.)
CURVE()
GEOMETRIC_REPRESENTATION_ITEM()
RATIONAL_B_SPLINE_CURVE((1.,1.,1.,1.,1.,1.,1.,1.,1.,1.,1.,1.,1.,1.,1.,1.,
1.,1.,1.,1.,1.,1.,1.,1.,1.,1.,1.,1.,1.,1.,1.,1.,1.,1.,1.,1.,1.,1.,1.,1.,
1.,1.,1.,1.,1.,1.,1.,1.,1.,1.,1.,1.,1.,1.,1.,1.,1.,1.,1.,1.,1.,1.,1.,1.,
1.,1.,1.,1.,1.,1.,1.,1.,1.,1.,1.,1.,1.,1.,1.,1.,1.,1.,1.,1.,1.,1.,1.,1.,
1.,1.,1.,1.,1.,1.,1.,1.,1.,1.,1.,1.,1.))
REPRESENTATION_ITEM('')
);
#493=(
BOUNDED_CURVE()
B_SPLINE_CURVE(5,(#2823,#2824,#2825,#2826,#2827,#2828,#2829,#2830,#2831,
#2832,#2833,#2834,#2835,#2836,#2837,#2838,#2839,#2840,#2841,#2842,#2843,
#2844,#2845,#2846,#2847,#2848,#2849,#2850),.UNSPECIFIED.,.F.,.F.)
B_SPLINE_CURVE_WITH_KNOTS((6,1,1,1,1,1,1,1,1,1,1,1,1,1,1,1,1,1,1,1,1,1,
1,6),(-1.,-0.994736842105265,-0.989473684210528,-0.984210526315792,-0.978947368421055,
-0.973684210526318,-0.968421052631581,-0.963157894736844,-0.957894736842107,
-0.952631578947371,-0.947368421052634,-0.942105263157896,-0.93684210526316,
-0.931578947368423,-0.926315789473686,-0.921052631578949,-0.915789473684212,
-0.910526315789476,-0.905263157894738,-0.900000000000002,-0.894736842105265,
-0.889473684210528,-0.884210526315791,-0.88382037327561),.UNSPECIFIED.)
CURVE()
GEOMETRIC_REPRESENTATION_ITEM()
RATIONAL_B_SPLINE_CURVE((1.,1.,1.,1.,1.,1.,1.,1.,1.,1.,1.,1.,1.,1.,1.,1.,
1.,1.,1.,1.,1.,1.,1.,1.,1.,1.,1.,1.))
REPRESENTATION_ITEM('')
);
#494=(
BOUNDED_CURVE()
B_SPLINE_CURVE(5,(#2852,#2853,#2854,#2855,#2856,#2857,#2858,#2859,#2860,
#2861,#2862),.UNSPECIFIED.,.F.,.F.)
B_SPLINE_CURVE_WITH_KNOTS((6,1,1,1,1,1,6),(0.766385133050793,0.8,0.84,0.88,
0.92,0.96,1.),.UNSPECIFIED.)
CURVE()
GEOMETRIC_REPRESENTATION_ITEM()
RATIONAL_B_SPLINE_CURVE((1.,1.,1.,1.,1.,1.,1.,1.,1.,1.,1.))
REPRESENTATION_ITEM('')
);
#495=(
BOUNDED_CURVE()
B_SPLINE_CURVE(5,(#2864,#2865,#2866,#2867,#2868,#2869,#2870,#2871,#2872,
#2873,#2874,#2875,#2876,#2877,#2878,#2879,#2880,#2881,#2882,#2883,#2884),
 .UNSPECIFIED.,.F.,.F.)
B_SPLINE_CURVE_WITH_KNOTS((6,1,1,1,1,1,1,1,1,1,1,1,1,1,1,1,6),(0.,0.0153846153846154,
0.0307692307692308,0.0461538461538462,0.0615384615384615,0.0769230769230769,
0.0923076923076923,0.107692307692308,0.123076923076923,0.138461538461538,
0.153846153846154,0.169230769230769,0.184615384615385,0.2,0.215384615384615,
0.230769230769231,0.2419362217494),.UNSPECIFIED.)
CURVE()
GEOMETRIC_REPRESENTATION_ITEM()
RATIONAL_B_SPLINE_CURVE((1.,1.,1.,1.,1.,1.,1.,1.,1.,1.,1.,1.,1.,1.,1.,1.,
1.,1.,1.,1.,1.))
REPRESENTATION_ITEM('')
);
#496=(
BOUNDED_CURVE()
B_SPLINE_CURVE(5,(#2886,#2887,#2888,#2889,#2890,#2891,#2892,#2893,#2894,
#2895,#2896,#2897,#2898,#2899,#2900,#2901,#2902,#2903,#2904,#2905,#2906,
#2907,#2908,#2909,#2910,#2911,#2912,#2913,#2914,#2915,#2916,#2917,#2918,
#2919,#2920,#2921,#2922,#2923,#2924,#2925,#2926,#2927,#2928,#2929,#2930,
#2931,#2932,#2933,#2934,#2935,#2936,#2937,#2938,#2939,#2940,#2941,#2942,
#2943,#2944,#2945,#2946,#2947,#2948,#2949,#2950,#2951,#2952,#2953,#2954,
#2955,#2956,#2957,#2958,#2959,#2960,#2961,#2962,#2963,#2964,#2965,#2966,
#2967,#2968,#2969,#2970,#2971,#2972,#2973,#2974,#2975,#2976,#2977,#2978,
#2979,#2980,#2981,#2982,#2983,#2984,#2985,#2986,#2987,#2988,#2989,#2990,
#2991,#2992,#2993,#2994,#2995,#2996,#2997,#2998,#2999,#3000,#3001,#3002,
#3003,#3004,#3005,#3006,#3007,#3008,#3009,#3010,#3011,#3012,#3013,#3014,
#3015,#3016,#3017,#3018,#3019,#3020,#3021,#3022,#3023,#3024,#3025,#3026,
#3027,#3028,#3029,#3030,#3031,#3032,#3033,#3034,#3035,#3036,#3037,#3038,
#3039,#3040,#3041,#3042,#3043,#3044,#3045,#3046,#3047,#3048,#3049,#3050,
#3051),.UNSPECIFIED.,.F.,.F.)
B_SPLINE_CURVE_WITH_KNOTS((6,1,1,1,1,1,1,1,1,1,1,1,1,1,1,1,1,1,1,1,1,1,
1,1,1,1,1,1,1,1,1,1,1,1,1,1,1,1,1,1,1,1,1,1,1,1,1,1,1,1,1,1,1,1,1,1,1,1,
1,1,1,1,1,1,1,1,1,1,1,1,1,1,1,1,1,1,1,1,1,1,1,1,1,1,1,1,1,1,1,1,1,1,1,1,
1,1,1,1,1,1,1,1,1,1,1,1,1,1,1,1,1,1,1,1,1,1,1,1,1,1,1,1,1,1,1,1,1,1,1,1,
1,1,1,1,1,1,1,1,1,1,1,1,1,1,1,1,1,1,1,1,1,1,1,1,1,1,1,1,1,1,1,6),(-0.843309513040435,
-0.842105263157896,-0.836842105263159,-0.831578947368423,-0.826315789473686,
-0.821052631578949,-0.815789473684212,-0.810526315789475,-0.805263157894738,
-0.800000000000002,-0.794736842105265,-0.789473684210528,-0.784210526315791,
-0.778947368421054,-0.773684210526317,-0.76842105263158,-0.763157894736843,
-0.757894736842107,-0.75263157894737,-0.747368421052633,-0.742105263157896,
-0.736842105263159,-0.731578947368422,-0.726315789473685,-0.721052631578949,
-0.715789473684212,-0.710526315789475,-0.705263157894738,-0.700000000000001,
-0.694736842105264,-0.689473684210527,-0.684210526315791,-0.678947368421054,
-0.673684210526317,-0.66842105263158,-0.663157894736843,-0.657894736842106,
-0.652631578947369,-0.647368421052633,-0.642105263157896,-0.636842105263159,
-0.631578947368422,-0.626315789473685,-0.621052631578948,-0.615789473684211,
-0.610526315789475,-0.605263157894738,-0.600000000000001,-0.594736842105264,
-0.589473684210527,-0.58421052631579,-0.578947368421053,-0.573684210526317,
-0.56842105263158,-0.563157894736843,-0.557894736842106,-0.552631578947369,
-0.547368421052632,-0.542105263157895,-0.536842105263159,-0.531578947368422,
-0.526315789473685,-0.521052631578948,-0.515789473684211,-0.510526315789474,
-0.505263157894737,-0.500000000000001,-0.494736842105264,-0.489473684210527,
-0.48421052631579,-0.478947368421053,-0.473684210526316,-0.468421052631579,
-0.463157894736843,-0.457894736842106,-0.452631578947369,-0.447368421052632,
-0.442105263157895,-0.436842105263158,-0.431578947368421,-0.426315789473684,
-0.421052631578948,-0.415789473684211,-0.410526315789474,-0.405263157894737,
-0.4,-0.394736842105263,-0.389473684210527,-0.38421052631579,-0.378947368421053,
-0.373684210526316,-0.368421052631579,-0.363157894736842,-0.357894736842105,
-0.352631578947369,-0.347368421052632,-0.342105263157895,-0.336842105263158,
-0.331578947368421,-0.326315789473684,-0.321052631578947,-0.315789473684211,
-0.310526315789474,-0.305263157894737,-0.3,-0.294736842105263,-0.289473684210526,
-0.284210526315789,-0.278947368421052,-0.273684210526316,-0.268421052631579,
-0.263157894736842,-0.257894736842105,-0.252631578947368,-0.247368421052631,
-0.242105263157894,-0.236842105263158,-0.231578947368421,-0.226315789473684,
-0.221052631578947,-0.21578947368421,-0.210526315789474,-0.205263157894737,
-0.2,-0.194736842105263,-0.189473684210526,-0.184210526315789,-0.178947368421053,
-0.173684210526316,-0.168421052631579,-0.163157894736842,-0.157894736842105,
-0.152631578947368,-0.147368421052632,-0.142105263157895,-0.136842105263158,
-0.131578947368421,-0.126315789473684,-0.121052631578947,-0.115789473684211,
-0.110526315789474,-0.105263157894737,-0.1,-0.0947368421052632,-0.0894736842105263,
-0.0842105263157895,-0.0789473684210527,-0.0736842105263158,-0.068421052631579,
-0.0631578947368421,-0.0578947368421053,-0.0526315789473684,-0.0473684210526316,
-0.0421052631578947,-0.0368421052631579,-0.031578947368421,-0.0263157894736842,
-0.0210526315789474,-0.0157894736842105,-0.0105263157894737,-0.00526315789473684,
0.),.UNSPECIFIED.)
CURVE()
GEOMETRIC_REPRESENTATION_ITEM()
RATIONAL_B_SPLINE_CURVE((1.,1.,1.,1.,1.,1.,1.,1.,1.,1.,1.,1.,1.,1.,1.,1.,
1.,1.,1.,1.,1.,1.,1.,1.,1.,1.,1.,1.,1.,1.,1.,1.,1.,1.,1.,1.,1.,1.,1.,1.,
1.,1.,1.,1.,1.,1.,1.,1.,1.,1.,1.,1.,1.,1.,1.,1.,1.,1.,1.,1.,1.,1.,1.,1.,
1.,1.,1.,1.,1.,1.,1.,1.,1.,1.,1.,1.,1.,1.,1.,1.,1.,1.,1.,1.,1.,1.,1.,1.,
1.,1.,1.,1.,1.,1.,1.,1.,1.,1.,1.,1.,1.,1.,1.,1.,1.,1.,1.,1.,1.,1.,1.,1.,
1.,1.,1.,1.,1.,1.,1.,1.,1.,1.,1.,1.,1.,1.,1.,1.,1.,1.,1.,1.,1.,1.,1.,1.,
1.,1.,1.,1.,1.,1.,1.,1.,1.,1.,1.,1.,1.,1.,1.,1.,1.,1.,1.,1.,1.,1.,1.,1.,
1.,1.,1.,1.,1.,1.))
REPRESENTATION_ITEM('')
);
#497=(
BOUNDED_CURVE()
B_SPLINE_CURVE(5,(#3053,#3054,#3055,#3056,#3057,#3058,#3059,#3060,#3061,
#3062,#3063,#3064,#3065,#3066,#3067,#3068,#3069,#3070,#3071),
 .UNSPECIFIED.,.F.,.F.)
B_SPLINE_CURVE_WITH_KNOTS((6,1,1,1,1,1,1,1,1,1,1,1,1,1,6),(-1.,-0.997468354430384,
-0.994936708860764,-0.992405063291144,-0.989873417721524,-0.987341772151903,
-0.984810126582283,-0.982278481012663,-0.979746835443042,-0.977215189873422,
-0.974683544303802,-0.972151898734182,-0.969620253164561,-0.967088607594941,
-0.966355092177615),.UNSPECIFIED.)
CURVE()
GEOMETRIC_REPRESENTATION_ITEM()
RATIONAL_B_SPLINE_CURVE((1.,1.,1.,1.,1.,1.,1.,1.,1.,1.,1.,1.,1.,1.,1.,1.,
1.,1.,1.))
REPRESENTATION_ITEM('')
);
#498=(
BOUNDED_CURVE()
B_SPLINE_CURVE(5,(#3073,#3074,#3075,#3076,#3077,#3078),.UNSPECIFIED.,.F.,
 .F.)
B_SPLINE_CURVE_WITH_KNOTS((6,6),(0.971321898793339,0.978816650096156),
 .UNSPECIFIED.)
CURVE()
GEOMETRIC_REPRESENTATION_ITEM()
RATIONAL_B_SPLINE_CURVE((1.,1.,1.,1.,1.,1.))
REPRESENTATION_ITEM('')
);
#499=(
BOUNDED_CURVE()
B_SPLINE_CURVE(5,(#3080,#3081,#3082,#3083,#3084,#3085,#3086,#3087,#3088,
#3089,#3090,#3091,#3092,#3093,#3094,#3095,#3096,#3097,#3098,#3099,#3100,
#3101,#3102,#3103,#3104,#3105,#3106,#3107,#3108,#3109,#3110,#3111),
 .UNSPECIFIED.,.F.,.F.)
B_SPLINE_CURVE_WITH_KNOTS((6,1,1,1,1,1,1,1,1,1,1,1,1,1,1,1,1,1,1,1,1,1,
1,1,1,1,1,6),(-0.961791643052653,-0.95949367088608,-0.95696202531646,-0.95443037974684,
-0.95189873417722,-0.949367088607599,-0.946835443037979,-0.944303797468359,
-0.941772151898738,-0.939240506329118,-0.936708860759498,-0.934177215189878,
-0.931645569620257,-0.929113924050637,-0.926582278481017,-0.924050632911396,
-0.921518987341776,-0.918987341772156,-0.916455696202536,-0.913924050632916,
-0.911392405063295,-0.908860759493675,-0.906329113924055,-0.903797468354434,
-0.901265822784814,-0.898734177215194,-0.896202531645574,-0.894025296487125),
 .UNSPECIFIED.)
CURVE()
GEOMETRIC_REPRESENTATION_ITEM()
RATIONAL_B_SPLINE_CURVE((1.,1.,1.,1.,1.,1.,1.,1.,1.,1.,1.,1.,1.,1.,1.,1.,
1.,1.,1.,1.,1.,1.,1.,1.,1.,1.,1.,1.,1.,1.,1.,1.))
REPRESENTATION_ITEM('')
);
#500=(
BOUNDED_CURVE()
B_SPLINE_CURVE(5,(#3113,#3114,#3115,#3116,#3117,#3118,#3119,#3120,#3121,
#3122),.UNSPECIFIED.,.F.,.F.)
B_SPLINE_CURVE_WITH_KNOTS((6,1,1,1,1,6),(0.581901830634125,0.6,0.65,0.7,
0.75,0.782543583431821),.UNSPECIFIED.)
CURVE()
GEOMETRIC_REPRESENTATION_ITEM()
RATIONAL_B_SPLINE_CURVE((1.,1.,1.,1.,1.,1.,1.,1.,1.,1.))
REPRESENTATION_ITEM('')
);
#501=(
BOUNDED_CURVE()
B_SPLINE_CURVE(5,(#3124,#3125,#3126,#3127,#3128,#3129,#3130,#3131,#3132,
#3133,#3134,#3135,#3136,#3137,#3138,#3139,#3140,#3141,#3142,#3143,#3144,
#3145,#3146,#3147,#3148,#3149,#3150,#3151,#3152,#3153,#3154,#3155,#3156,
#3157,#3158,#3159,#3160,#3161,#3162,#3163,#3164,#3165,#3166,#3167,#3168,
#3169,#3170,#3171,#3172,#3173,#3174,#3175,#3176,#3177,#3178,#3179,#3180,
#3181,#3182,#3183,#3184,#3185,#3186,#3187,#3188,#3189,#3190,#3191,#3192,
#3193,#3194,#3195,#3196,#3197,#3198,#3199,#3200,#3201,#3202,#3203,#3204,
#3205,#3206,#3207,#3208,#3209,#3210,#3211,#3212,#3213),.UNSPECIFIED.,.F.,
 .F.)
B_SPLINE_CURVE_WITH_KNOTS((6,1,1,1,1,1,1,1,1,1,1,1,1,1,1,1,1,1,1,1,1,1,
1,1,1,1,1,1,1,1,1,1,1,1,1,1,1,1,1,1,1,1,1,1,1,1,1,1,1,1,1,1,1,1,1,1,1,1,
1,1,1,1,1,1,1,1,1,1,1,1,1,1,1,1,1,1,1,1,1,1,1,1,1,1,1,6),(-0.88764781821849,
-0.886075949367093,-0.883544303797472,-0.881012658227852,-0.878481012658232,
-0.875949367088612,-0.873417721518991,-0.870886075949371,-0.868354430379751,
-0.865822784810131,-0.86329113924051,-0.86075949367089,-0.85822784810127,
-0.855696202531649,-0.853164556962029,-0.850632911392409,-0.848101265822789,
-0.845569620253168,-0.843037974683548,-0.840506329113928,-0.837974683544308,
-0.835443037974687,-0.832911392405067,-0.830379746835447,-0.827848101265827,
-0.825316455696206,-0.822784810126586,-0.820253164556966,-0.817721518987345,
-0.815189873417725,-0.812658227848105,-0.810126582278485,-0.807594936708864,
-0.805063291139244,-0.802531645569624,-0.800000000000004,-0.797468354430383,
-0.794936708860763,-0.792405063291143,-0.789873417721523,-0.787341772151902,
-0.784810126582282,-0.782278481012662,-0.779746835443041,-0.777215189873421,
-0.774683544303801,-0.772151898734181,-0.76962025316456,-0.76708860759494,
-0.76455696202532,-0.7620253164557,-0.759493670886079,-0.756962025316459,
-0.754430379746839,-0.751898734177219,-0.749367088607598,-0.746835443037978,
-0.744303797468358,-0.741772151898737,-0.739240506329117,-0.736708860759497,
-0.734177215189877,-0.731645569620256,-0.729113924050636,-0.726582278481016,
-0.724050632911396,-0.721518987341775,-0.718987341772155,-0.716455696202535,
-0.713924050632915,-0.711392405063294,-0.708860759493674,-0.706329113924054,
-0.703797468354433,-0.701265822784813,-0.698734177215193,-0.696202531645573,
-0.693670886075952,-0.691139240506332,-0.688607594936712,-0.686075949367092,
-0.683544303797471,-0.681012658227851,-0.678481012658231,-0.675949367088611,
-0.674703871166854),.UNSPECIFIED.)
CURVE()
GEOMETRIC_REPRESENTATION_ITEM()
RATIONAL_B_SPLINE_CURVE((1.,1.,1.,1.,1.,1.,1.,1.,1.,1.,1.,1.,1.,1.,1.,1.,
1.,1.,1.,1.,1.,1.,1.,1.,1.,1.,1.,1.,1.,1.,1.,1.,1.,1.,1.,1.,1.,1.,1.,1.,
1.,1.,1.,1.,1.,1.,1.,1.,1.,1.,1.,1.,1.,1.,1.,1.,1.,1.,1.,1.,1.,1.,1.,1.,
1.,1.,1.,1.,1.,1.,1.,1.,1.,1.,1.,1.,1.,1.,1.,1.,1.,1.,1.,1.,1.,1.,1.,1.,
1.,1.))
REPRESENTATION_ITEM('')
);
#502=(
BOUNDED_CURVE()
B_SPLINE_CURVE(5,(#3430,#3431,#3432,#3433,#3434,#3435,#3436,#3437,#3438,
#3439,#3440,#3441,#3442,#3443,#3444,#3445,#3446,#3447,#3448,#3449,#3450,
#3451,#3452,#3453,#3454,#3455,#3456,#3457,#3458,#3459,#3460,#3461,#3462,
#3463,#3464,#3465,#3466,#3467,#3468,#3469,#3470,#3471,#3472,#3473,#3474,
#3475,#3476,#3477,#3478,#3479,#3480,#3481,#3482,#3483,#3484,#3485,#3486,
#3487,#3488,#3489,#3490,#3491,#3492,#3493,#3494,#3495,#3496,#3497,#3498,
#3499,#3500,#3501,#3502,#3503,#3504,#3505,#3506,#3507,#3508,#3509,#3510,
#3511,#3512,#3513,#3514,#3515,#3516,#3517,#3518,#3519),.UNSPECIFIED.,.F.,
 .F.)
B_SPLINE_CURVE_WITH_KNOTS((6,1,1,1,1,1,1,1,1,1,1,1,1,1,1,1,1,1,1,1,1,1,
1,1,1,1,1,1,1,1,1,1,1,1,1,1,1,1,1,1,1,1,1,1,1,1,1,1,1,1,1,1,1,1,1,1,1,1,
1,1,1,1,1,1,1,1,1,1,1,1,1,1,1,1,1,1,1,1,1,1,1,1,1,1,1,6),(-0.88764781821849,
-0.886075949367093,-0.883544303797472,-0.881012658227852,-0.878481012658232,
-0.875949367088612,-0.873417721518991,-0.870886075949371,-0.868354430379751,
-0.865822784810131,-0.86329113924051,-0.86075949367089,-0.85822784810127,
-0.855696202531649,-0.853164556962029,-0.850632911392409,-0.848101265822789,
-0.845569620253168,-0.843037974683548,-0.840506329113928,-0.837974683544308,
-0.835443037974687,-0.832911392405067,-0.830379746835447,-0.827848101265827,
-0.825316455696206,-0.822784810126586,-0.820253164556966,-0.817721518987345,
-0.815189873417725,-0.812658227848105,-0.810126582278485,-0.807594936708864,
-0.805063291139244,-0.802531645569624,-0.800000000000004,-0.797468354430383,
-0.794936708860763,-0.792405063291143,-0.789873417721523,-0.787341772151902,
-0.784810126582282,-0.782278481012662,-0.779746835443041,-0.777215189873421,
-0.774683544303801,-0.772151898734181,-0.76962025316456,-0.76708860759494,
-0.76455696202532,-0.7620253164557,-0.759493670886079,-0.756962025316459,
-0.754430379746839,-0.751898734177219,-0.749367088607598,-0.746835443037978,
-0.744303797468358,-0.741772151898737,-0.739240506329117,-0.736708860759497,
-0.734177215189877,-0.731645569620256,-0.729113924050636,-0.726582278481016,
-0.724050632911396,-0.721518987341775,-0.718987341772155,-0.716455696202535,
-0.713924050632915,-0.711392405063294,-0.708860759493674,-0.706329113924054,
-0.703797468354433,-0.701265822784813,-0.698734177215193,-0.696202531645573,
-0.693670886075952,-0.691139240506332,-0.688607594936712,-0.686075949367092,
-0.683544303797471,-0.681012658227851,-0.678481012658231,-0.675949367088611,
-0.674703871166854),.UNSPECIFIED.)
CURVE()
GEOMETRIC_REPRESENTATION_ITEM()
RATIONAL_B_SPLINE_CURVE((1.,1.,1.,1.,1.,1.,1.,1.,1.,1.,1.,1.,1.,1.,1.,1.,
1.,1.,1.,1.,1.,1.,1.,1.,1.,1.,1.,1.,1.,1.,1.,1.,1.,1.,1.,1.,1.,1.,1.,1.,
1.,1.,1.,1.,1.,1.,1.,1.,1.,1.,1.,1.,1.,1.,1.,1.,1.,1.,1.,1.,1.,1.,1.,1.,
1.,1.,1.,1.,1.,1.,1.,1.,1.,1.,1.,1.,1.,1.,1.,1.,1.,1.,1.,1.,1.,1.,1.,1.,
1.,1.))
REPRESENTATION_ITEM('')
);
#503=(
BOUNDED_CURVE()
B_SPLINE_CURVE(5,(#3542,#3543,#3544,#3545,#3546,#3547,#3548,#3549,#3550,
#3551),.UNSPECIFIED.,.F.,.F.)
B_SPLINE_CURVE_WITH_KNOTS((6,1,1,1,1,6),(0.581901830634125,0.6,0.65,0.7,
0.75,0.782543583431821),.UNSPECIFIED.)
CURVE()
GEOMETRIC_REPRESENTATION_ITEM()
RATIONAL_B_SPLINE_CURVE((1.,1.,1.,1.,1.,1.,1.,1.,1.,1.))
REPRESENTATION_ITEM('')
);
#504=(
BOUNDED_CURVE()
B_SPLINE_CURVE(5,(#3618,#3619,#3620,#3621,#3622,#3623,#3624,#3625,#3626,
#3627,#3628,#3629,#3630,#3631,#3632,#3633,#3634,#3635,#3636,#3637,#3638,
#3639,#3640,#3641,#3642,#3643,#3644,#3645,#3646,#3647,#3648,#3649),
 .UNSPECIFIED.,.F.,.F.)
B_SPLINE_CURVE_WITH_KNOTS((6,1,1,1,1,1,1,1,1,1,1,1,1,1,1,1,1,1,1,1,1,1,
1,1,1,1,1,6),(-0.961791643052653,-0.95949367088608,-0.95696202531646,-0.95443037974684,
-0.95189873417722,-0.949367088607599,-0.946835443037979,-0.944303797468359,
-0.941772151898738,-0.939240506329118,-0.936708860759498,-0.934177215189878,
-0.931645569620257,-0.929113924050637,-0.926582278481017,-0.924050632911396,
-0.921518987341776,-0.918987341772156,-0.916455696202536,-0.913924050632916,
-0.911392405063295,-0.908860759493675,-0.906329113924055,-0.903797468354434,
-0.901265822784814,-0.898734177215194,-0.896202531645574,-0.894025296487125),
 .UNSPECIFIED.)
CURVE()
GEOMETRIC_REPRESENTATION_ITEM()
RATIONAL_B_SPLINE_CURVE((1.,1.,1.,1.,1.,1.,1.,1.,1.,1.,1.,1.,1.,1.,1.,1.,
1.,1.,1.,1.,1.,1.,1.,1.,1.,1.,1.,1.,1.,1.,1.,1.))
REPRESENTATION_ITEM('')
);
#505=(
BOUNDED_CURVE()
B_SPLINE_CURVE(5,(#3664,#3665,#3666,#3667,#3668,#3669),.UNSPECIFIED.,.F.,
 .F.)
B_SPLINE_CURVE_WITH_KNOTS((6,6),(0.971321898793339,0.978816650096156),
 .UNSPECIFIED.)
CURVE()
GEOMETRIC_REPRESENTATION_ITEM()
RATIONAL_B_SPLINE_CURVE((1.,1.,1.,1.,1.,1.))
REPRESENTATION_ITEM('')
);
#506=(
BOUNDED_CURVE()
B_SPLINE_CURVE(5,(#3710,#3711,#3712,#3713,#3714,#3715,#3716,#3717,#3718,
#3719,#3720,#3721,#3722,#3723,#3724,#3725,#3726,#3727,#3728),
 .UNSPECIFIED.,.F.,.F.)
B_SPLINE_CURVE_WITH_KNOTS((6,1,1,1,1,1,1,1,1,1,1,1,1,1,6),(-1.,-0.997468354430384,
-0.994936708860764,-0.992405063291144,-0.989873417721524,-0.987341772151903,
-0.984810126582283,-0.982278481012663,-0.979746835443042,-0.977215189873422,
-0.974683544303802,-0.972151898734182,-0.969620253164561,-0.967088607594941,
-0.966355092177615),.UNSPECIFIED.)
CURVE()
GEOMETRIC_REPRESENTATION_ITEM()
RATIONAL_B_SPLINE_CURVE((1.,1.,1.,1.,1.,1.,1.,1.,1.,1.,1.,1.,1.,1.,1.,1.,
1.,1.,1.))
REPRESENTATION_ITEM('')
);
#507=(
BOUNDED_CURVE()
B_SPLINE_CURVE(5,(#4063,#4064,#4065,#4066,#4067,#4068,#4069,#4070,#4071,
#4072,#4073,#4074,#4075,#4076,#4077,#4078,#4079,#4080,#4081,#4082,#4083,
#4084,#4085,#4086,#4087,#4088,#4089,#4090,#4091,#4092,#4093,#4094,#4095,
#4096,#4097,#4098,#4099,#4100,#4101,#4102,#4103,#4104,#4105,#4106,#4107,
#4108,#4109,#4110,#4111,#4112,#4113,#4114,#4115,#4116,#4117,#4118,#4119,
#4120,#4121,#4122,#4123,#4124,#4125,#4126,#4127,#4128,#4129,#4130,#4131,
#4132,#4133,#4134,#4135,#4136,#4137,#4138,#4139,#4140,#4141,#4142,#4143,
#4144,#4145,#4146,#4147,#4148,#4149,#4150,#4151,#4152,#4153,#4154,#4155,
#4156,#4157,#4158,#4159,#4160,#4161,#4162,#4163,#4164,#4165,#4166,#4167,
#4168,#4169,#4170,#4171,#4172,#4173,#4174,#4175,#4176,#4177,#4178,#4179,
#4180,#4181,#4182,#4183,#4184,#4185,#4186,#4187,#4188,#4189,#4190,#4191,
#4192,#4193,#4194,#4195,#4196,#4197,#4198,#4199,#4200,#4201,#4202,#4203,
#4204,#4205,#4206,#4207,#4208,#4209,#4210,#4211,#4212,#4213,#4214,#4215,
#4216,#4217,#4218,#4219,#4220,#4221,#4222,#4223,#4224,#4225,#4226,#4227,
#4228),.UNSPECIFIED.,.F.,.F.)
B_SPLINE_CURVE_WITH_KNOTS((6,1,1,1,1,1,1,1,1,1,1,1,1,1,1,1,1,1,1,1,1,1,
1,1,1,1,1,1,1,1,1,1,1,1,1,1,1,1,1,1,1,1,1,1,1,1,1,1,1,1,1,1,1,1,1,1,1,1,
1,1,1,1,1,1,1,1,1,1,1,1,1,1,1,1,1,1,1,1,1,1,1,1,1,1,1,1,1,1,1,1,1,1,1,1,
1,1,1,1,1,1,1,1,1,1,1,1,1,1,1,1,1,1,1,1,1,1,1,1,1,1,1,1,1,1,1,1,1,1,1,1,
1,1,1,1,1,1,1,1,1,1,1,1,1,1,1,1,1,1,1,1,1,1,1,1,1,1,1,1,1,1,1,6),(-0.843309513040435,
-0.842105263157896,-0.836842105263159,-0.831578947368423,-0.826315789473686,
-0.821052631578949,-0.815789473684212,-0.810526315789475,-0.805263157894738,
-0.800000000000002,-0.794736842105265,-0.789473684210528,-0.784210526315791,
-0.778947368421054,-0.773684210526317,-0.76842105263158,-0.763157894736843,
-0.757894736842107,-0.75263157894737,-0.747368421052633,-0.742105263157896,
-0.736842105263159,-0.731578947368422,-0.726315789473685,-0.721052631578949,
-0.715789473684212,-0.710526315789475,-0.705263157894738,-0.700000000000001,
-0.694736842105264,-0.689473684210527,-0.684210526315791,-0.678947368421054,
-0.673684210526317,-0.66842105263158,-0.663157894736843,-0.657894736842106,
-0.652631578947369,-0.647368421052633,-0.642105263157896,-0.636842105263159,
-0.631578947368422,-0.626315789473685,-0.621052631578948,-0.615789473684211,
-0.610526315789475,-0.605263157894738,-0.600000000000001,-0.594736842105264,
-0.589473684210527,-0.58421052631579,-0.578947368421053,-0.573684210526317,
-0.56842105263158,-0.563157894736843,-0.557894736842106,-0.552631578947369,
-0.547368421052632,-0.542105263157895,-0.536842105263159,-0.531578947368422,
-0.526315789473685,-0.521052631578948,-0.515789473684211,-0.510526315789474,
-0.505263157894737,-0.500000000000001,-0.494736842105264,-0.489473684210527,
-0.48421052631579,-0.478947368421053,-0.473684210526316,-0.468421052631579,
-0.463157894736843,-0.457894736842106,-0.452631578947369,-0.447368421052632,
-0.442105263157895,-0.436842105263158,-0.431578947368421,-0.426315789473684,
-0.421052631578948,-0.415789473684211,-0.410526315789474,-0.405263157894737,
-0.4,-0.394736842105263,-0.389473684210527,-0.38421052631579,-0.378947368421053,
-0.373684210526316,-0.368421052631579,-0.363157894736842,-0.357894736842105,
-0.352631578947369,-0.347368421052632,-0.342105263157895,-0.336842105263158,
-0.331578947368421,-0.326315789473684,-0.321052631578947,-0.315789473684211,
-0.310526315789474,-0.305263157894737,-0.3,-0.294736842105263,-0.289473684210526,
-0.284210526315789,-0.278947368421052,-0.273684210526316,-0.268421052631579,
-0.263157894736842,-0.257894736842105,-0.252631578947368,-0.247368421052631,
-0.242105263157894,-0.236842105263158,-0.231578947368421,-0.226315789473684,
-0.221052631578947,-0.21578947368421,-0.210526315789474,-0.205263157894737,
-0.2,-0.194736842105263,-0.189473684210526,-0.184210526315789,-0.178947368421053,
-0.173684210526316,-0.168421052631579,-0.163157894736842,-0.157894736842105,
-0.152631578947368,-0.147368421052632,-0.142105263157895,-0.136842105263158,
-0.131578947368421,-0.126315789473684,-0.121052631578947,-0.115789473684211,
-0.110526315789474,-0.105263157894737,-0.1,-0.0947368421052632,-0.0894736842105263,
-0.0842105263157895,-0.0789473684210527,-0.0736842105263158,-0.068421052631579,
-0.0631578947368421,-0.0578947368421053,-0.0526315789473684,-0.0473684210526316,
-0.0421052631578947,-0.0368421052631579,-0.031578947368421,-0.0263157894736842,
-0.0210526315789474,-0.0157894736842105,-0.0105263157894737,-0.00526315789473684,
0.),.UNSPECIFIED.)
CURVE()
GEOMETRIC_REPRESENTATION_ITEM()
RATIONAL_B_SPLINE_CURVE((1.,1.,1.,1.,1.,1.,1.,1.,1.,1.,1.,1.,1.,1.,1.,1.,
1.,1.,1.,1.,1.,1.,1.,1.,1.,1.,1.,1.,1.,1.,1.,1.,1.,1.,1.,1.,1.,1.,1.,1.,
1.,1.,1.,1.,1.,1.,1.,1.,1.,1.,1.,1.,1.,1.,1.,1.,1.,1.,1.,1.,1.,1.,1.,1.,
1.,1.,1.,1.,1.,1.,1.,1.,1.,1.,1.,1.,1.,1.,1.,1.,1.,1.,1.,1.,1.,1.,1.,1.,
1.,1.,1.,1.,1.,1.,1.,1.,1.,1.,1.,1.,1.,1.,1.,1.,1.,1.,1.,1.,1.,1.,1.,1.,
1.,1.,1.,1.,1.,1.,1.,1.,1.,1.,1.,1.,1.,1.,1.,1.,1.,1.,1.,1.,1.,1.,1.,1.,
1.,1.,1.,1.,1.,1.,1.,1.,1.,1.,1.,1.,1.,1.,1.,1.,1.,1.,1.,1.,1.,1.,1.,1.,
1.,1.,1.,1.,1.,1.))
REPRESENTATION_ITEM('')
);
#508=(
BOUNDED_CURVE()
B_SPLINE_CURVE(5,(#4273,#4274,#4275,#4276,#4277,#4278,#4279,#4280,#4281,
#4282,#4283,#4284,#4285,#4286,#4287,#4288,#4289,#4290,#4291,#4292,#4293),
 .UNSPECIFIED.,.F.,.F.)
B_SPLINE_CURVE_WITH_KNOTS((6,1,1,1,1,1,1,1,1,1,1,1,1,1,1,1,6),(0.,0.0153846153846154,
0.0307692307692308,0.0461538461538462,0.0615384615384615,0.0769230769230769,
0.0923076923076923,0.107692307692308,0.123076923076923,0.138461538461538,
0.153846153846154,0.169230769230769,0.184615384615385,0.2,0.215384615384615,
0.230769230769231,0.2419362217494),.UNSPECIFIED.)
CURVE()
GEOMETRIC_REPRESENTATION_ITEM()
RATIONAL_B_SPLINE_CURVE((1.,1.,1.,1.,1.,1.,1.,1.,1.,1.,1.,1.,1.,1.,1.,1.,
1.,1.,1.,1.,1.))
REPRESENTATION_ITEM('')
);
#509=(
BOUNDED_CURVE()
B_SPLINE_CURVE(5,(#4318,#4319,#4320,#4321,#4322,#4323,#4324,#4325,#4326,
#4327,#4328),.UNSPECIFIED.,.F.,.F.)
B_SPLINE_CURVE_WITH_KNOTS((6,1,1,1,1,1,6),(0.766385133050793,0.8,0.84,0.88,
0.92,0.96,1.),.UNSPECIFIED.)
CURVE()
GEOMETRIC_REPRESENTATION_ITEM()
RATIONAL_B_SPLINE_CURVE((1.,1.,1.,1.,1.,1.,1.,1.,1.,1.,1.))
REPRESENTATION_ITEM('')
);
#510=(
BOUNDED_CURVE()
B_SPLINE_CURVE(5,(#4387,#4388,#4389,#4390,#4391,#4392,#4393,#4394,#4395,
#4396,#4397,#4398,#4399,#4400,#4401,#4402,#4403,#4404,#4405,#4406,#4407,
#4408,#4409,#4410,#4411,#4412,#4413,#4414),.UNSPECIFIED.,.F.,.F.)
B_SPLINE_CURVE_WITH_KNOTS((6,1,1,1,1,1,1,1,1,1,1,1,1,1,1,1,1,1,1,1,1,1,
1,6),(-1.,-0.994736842105265,-0.989473684210528,-0.984210526315792,-0.978947368421055,
-0.973684210526318,-0.968421052631581,-0.963157894736844,-0.957894736842107,
-0.952631578947371,-0.947368421052634,-0.942105263157896,-0.93684210526316,
-0.931578947368423,-0.926315789473686,-0.921052631578949,-0.915789473684212,
-0.910526315789476,-0.905263157894738,-0.900000000000002,-0.894736842105265,
-0.889473684210528,-0.884210526315791,-0.88382037327561),.UNSPECIFIED.)
CURVE()
GEOMETRIC_REPRESENTATION_ITEM()
RATIONAL_B_SPLINE_CURVE((1.,1.,1.,1.,1.,1.,1.,1.,1.,1.,1.,1.,1.,1.,1.,1.,
1.,1.,1.,1.,1.,1.,1.,1.,1.,1.,1.,1.))
REPRESENTATION_ITEM('')
);
#511=(
BOUNDED_CURVE()
B_SPLINE_CURVE(5,(#4619,#4620,#4621,#4622,#4623,#4624,#4625,#4626,#4627,
#4628,#4629,#4630,#4631,#4632,#4633,#4634,#4635,#4636,#4637,#4638,#4639,
#4640,#4641,#4642,#4643,#4644,#4645,#4646,#4647,#4648,#4649,#4650,#4651,
#4652,#4653,#4654,#4655,#4656,#4657,#4658,#4659,#4660,#4661,#4662,#4663,
#4664,#4665,#4666,#4667,#4668,#4669,#4670,#4671,#4672,#4673,#4674,#4675,
#4676,#4677,#4678,#4679,#4680,#4681,#4682,#4683,#4684,#4685,#4686,#4687,
#4688,#4689,#4690,#4691,#4692,#4693,#4694,#4695,#4696,#4697,#4698,#4699,
#4700,#4701,#4702,#4703,#4704,#4705,#4706,#4707,#4708,#4709,#4710,#4711,
#4712,#4713,#4714,#4715,#4716,#4717,#4718,#4719),.UNSPECIFIED.,.F.,.F.)
B_SPLINE_CURVE_WITH_KNOTS((6,1,1,1,1,1,1,1,1,1,1,1,1,1,1,1,1,1,1,1,1,1,
1,1,1,1,1,1,1,1,1,1,1,1,1,1,1,1,1,1,1,1,1,1,1,1,1,1,1,1,1,1,1,1,1,1,1,1,
1,1,1,1,1,1,1,1,1,1,1,1,1,1,1,1,1,1,1,1,1,1,1,1,1,1,1,1,1,1,1,1,1,1,1,1,
1,1,6),(-0.709860540656216,-0.703703703703704,-0.696296296296297,-0.68888888888889,
-0.681481481481482,-0.674074074074075,-0.666666666666667,-0.65925925925926,
-0.651851851851853,-0.644444444444445,-0.637037037037038,-0.62962962962963,
-0.622222222222223,-0.614814814814815,-0.607407407407408,-0.600000000000001,
-0.592592592592593,-0.585185185185186,-0.577777777777778,-0.570370370370371,
-0.562962962962964,-0.555555555555556,-0.548148148148149,-0.540740740740741,
-0.533333333333334,-0.525925925925926,-0.518518518518519,-0.511111111111112,
-0.503703703703704,-0.496296296296297,-0.488888888888889,-0.481481481481482,
-0.474074074074075,-0.466666666666667,-0.45925925925926,-0.451851851851852,
-0.444444444444445,-0.437037037037038,-0.42962962962963,-0.422222222222223,
-0.414814814814815,-0.407407407407408,-0.4,-0.392592592592593,-0.385185185185186,
-0.377777777777778,-0.370370370370371,-0.362962962962963,-0.355555555555556,
-0.348148148148148,-0.340740740740741,-0.333333333333334,-0.325925925925926,
-0.318518518518519,-0.311111111111111,-0.303703703703704,-0.296296296296297,
-0.288888888888889,-0.281481481481482,-0.274074074074074,-0.266666666666667,
-0.259259259259259,-0.251851851851852,-0.244444444444444,-0.237037037037037,
-0.22962962962963,-0.222222222222222,-0.214814814814815,-0.207407407407407,
-0.2,-0.192592592592593,-0.185185185185185,-0.177777777777778,-0.17037037037037,
-0.162962962962963,-0.155555555555556,-0.148148148148148,-0.140740740740741,
-0.133333333333333,-0.125925925925926,-0.118518518518518,-0.111111111111111,
-0.103703703703704,-0.0962962962962963,-0.0888888888888889,-0.0814814814814815,
-0.0740740740740741,-0.0666666666666667,-0.0592592592592592,-0.0518518518518518,
-0.0444444444444444,-0.037037037037037,-0.0296296296296296,-0.0222222222222222,
-0.0148148148148148,-0.00740740740740741,0.),.UNSPECIFIED.)
CURVE()
GEOMETRIC_REPRESENTATION_ITEM()
RATIONAL_B_SPLINE_CURVE((1.,1.,1.,1.,1.,1.,1.,1.,1.,1.,1.,1.,1.,1.,1.,1.,
1.,1.,1.,1.,1.,1.,1.,1.,1.,1.,1.,1.,1.,1.,1.,1.,1.,1.,1.,1.,1.,1.,1.,1.,
1.,1.,1.,1.,1.,1.,1.,1.,1.,1.,1.,1.,1.,1.,1.,1.,1.,1.,1.,1.,1.,1.,1.,1.,
1.,1.,1.,1.,1.,1.,1.,1.,1.,1.,1.,1.,1.,1.,1.,1.,1.,1.,1.,1.,1.,1.,1.,1.,
1.,1.,1.,1.,1.,1.,1.,1.,1.,1.,1.,1.,1.))
REPRESENTATION_ITEM('')
);
#512=(
BOUNDED_CURVE()
B_SPLINE_CURVE(5,(#4738,#4739,#4740,#4741,#4742,#4743,#4744,#4745),
 .UNSPECIFIED.,.F.,.F.)
B_SPLINE_CURVE_WITH_KNOTS((6,1,1,6),(0.,0.05,0.1,0.104629078475248),
 .UNSPECIFIED.)
CURVE()
GEOMETRIC_REPRESENTATION_ITEM()
RATIONAL_B_SPLINE_CURVE((1.,1.,1.,1.,1.,1.,1.,1.))
REPRESENTATION_ITEM('')
);
#513=(
BOUNDED_CURVE()
B_SPLINE_CURVE(5,(#4776,#4777,#4778,#4779,#4780,#4781,#4782,#4783,#4784,
#4785,#4786,#4787,#4788,#4789),.UNSPECIFIED.,.F.,.F.)
B_SPLINE_CURVE_WITH_KNOTS((6,1,1,1,1,1,1,1,1,6),(0.43747835060701,0.466666666666667,
0.533333333333333,0.6,0.666666666666667,0.733333333333333,0.8,0.866666666666667,
0.933333333333333,1.),.UNSPECIFIED.)
CURVE()
GEOMETRIC_REPRESENTATION_ITEM()
RATIONAL_B_SPLINE_CURVE((1.,1.,1.,1.,1.,1.,1.,1.,1.,1.,1.,1.,1.,1.))
REPRESENTATION_ITEM('')
);
#514=(
BOUNDED_CURVE()
B_SPLINE_CURVE(5,(#4860,#4861,#4862,#4863,#4864,#4865,#4866,#4867,#4868,
#4869,#4870,#4871,#4872,#4873,#4874,#4875,#4876,#4877,#4878,#4879,#4880,
#4881,#4882,#4883,#4884,#4885,#4886,#4887,#4888,#4889,#4890,#4891,#4892,
#4893),.UNSPECIFIED.,.F.,.F.)
B_SPLINE_CURVE_WITH_KNOTS((6,1,1,1,1,1,1,1,1,1,1,1,1,1,1,1,1,1,1,1,1,1,
1,1,1,1,1,1,1,6),(-1.,-0.992592592592594,-0.985185185185187,-0.977777777777779,
-0.970370370370372,-0.962962962962964,-0.955555555555557,-0.948148148148149,
-0.940740740740742,-0.933333333333334,-0.925925925925927,-0.91851851851852,
-0.911111111111112,-0.903703703703705,-0.896296296296297,-0.88888888888889,
-0.881481481481483,-0.874074074074075,-0.866666666666668,-0.85925925925926,
-0.851851851851853,-0.844444444444445,-0.837037037037038,-0.829629629629631,
-0.822222222222223,-0.814814814814816,-0.807407407407408,-0.800000000000001,
-0.792592592592593,-0.790187301626558),.UNSPECIFIED.)
CURVE()
GEOMETRIC_REPRESENTATION_ITEM()
RATIONAL_B_SPLINE_CURVE((1.,1.,1.,1.,1.,1.,1.,1.,1.,1.,1.,1.,1.,1.,1.,1.,
1.,1.,1.,1.,1.,1.,1.,1.,1.,1.,1.,1.,1.,1.,1.,1.,1.,1.))
REPRESENTATION_ITEM('')
);
#515=(
BOUNDED_CURVE()
B_SPLINE_CURVE(5,(#4918,#4919,#4920,#4921,#4922,#4923,#4924,#4925,#4926,
#4927,#4928),.UNSPECIFIED.,.F.,.F.)
B_SPLINE_CURVE_WITH_KNOTS((6,1,1,1,1,1,6),(-0.0149567047586727,-0.0126582278481013,
-0.010126582278481,-0.00759493670886076,-0.00506329113924051,-0.00253164556962025,
0.),.UNSPECIFIED.)
CURVE()
GEOMETRIC_REPRESENTATION_ITEM()
RATIONAL_B_SPLINE_CURVE((1.,1.,1.,1.,1.,1.,1.,1.,1.,1.,1.))
REPRESENTATION_ITEM('')
);
#516=(
BOUNDED_CURVE()
B_SPLINE_CURVE(5,(#4943,#4944,#4945,#4946,#4947,#4948),.UNSPECIFIED.,.F.,
 .F.)
B_SPLINE_CURVE_WITH_KNOTS((6,6),(0.,0.00376082637134837),.UNSPECIFIED.)
CURVE()
GEOMETRIC_REPRESENTATION_ITEM()
RATIONAL_B_SPLINE_CURVE((1.,1.,1.,1.,1.,1.))
REPRESENTATION_ITEM('')
);
#517=(
BOUNDED_CURVE()
B_SPLINE_CURVE(5,(#4963,#4964,#4965,#4966,#4967,#4968),.UNSPECIFIED.,.F.,
 .F.)
B_SPLINE_CURVE_WITH_KNOTS((6,6),(0.994065479345996,1.),.UNSPECIFIED.)
CURVE()
GEOMETRIC_REPRESENTATION_ITEM()
RATIONAL_B_SPLINE_CURVE((1.,1.,1.,1.,1.,1.))
REPRESENTATION_ITEM('')
);
#518=(
BOUNDED_CURVE()
B_SPLINE_CURVE(5,(#4995,#4996,#4997,#4998,#4999,#5000,#5001,#5002,#5003,
#5004,#5005,#5006),.UNSPECIFIED.,.F.,.F.)
B_SPLINE_CURVE_WITH_KNOTS((6,1,1,1,1,1,1,6),(-0.032437293967032,-0.030379746835443,
-0.0278481012658228,-0.0253164556962025,-0.0227848101265823,-0.020253164556962,
-0.0177215189873418,-0.0163883823475985),.UNSPECIFIED.)
CURVE()
GEOMETRIC_REPRESENTATION_ITEM()
RATIONAL_B_SPLINE_CURVE((1.,1.,1.,1.,1.,1.,1.,1.,1.,1.,1.,1.))
REPRESENTATION_ITEM('')
);
#519=(
BOUNDED_CURVE()
B_SPLINE_CURVE(5,(#5045,#5046,#5047,#5048,#5049,#5050,#5051,#5052,#5053,
#5054,#5055,#5056,#5057,#5058,#5059,#5060,#5061,#5062),.UNSPECIFIED.,.F.,
 .F.)
B_SPLINE_CURVE_WITH_KNOTS((6,1,1,1,1,1,1,1,1,1,1,1,1,6),(0.365968953754988,
0.4,0.44,0.48,0.52,0.56,0.6,0.64,0.68,0.72,0.76,0.8,0.84,0.850153560820767),
 .UNSPECIFIED.)
CURVE()
GEOMETRIC_REPRESENTATION_ITEM()
RATIONAL_B_SPLINE_CURVE((1.,1.,1.,1.,1.,1.,1.,1.,1.,1.,1.,1.,1.,1.,1.,1.,
1.,1.))
REPRESENTATION_ITEM('')
);
#520=(
BOUNDED_CURVE()
B_SPLINE_CURVE(5,(#5290,#5291,#5292,#5293,#5294,#5295,#5296,#5297,#5298,
#5299,#5300,#5301,#5302,#5303,#5304,#5305,#5306,#5307,#5308,#5309,#5310,
#5311,#5312,#5313,#5314,#5315,#5316,#5317,#5318,#5319,#5320,#5321,#5322,
#5323,#5324,#5325,#5326,#5327,#5328,#5329,#5330,#5331,#5332,#5333,#5334,
#5335,#5336,#5337,#5338,#5339,#5340,#5341,#5342,#5343,#5344,#5345,#5346,
#5347,#5348,#5349,#5350,#5351,#5352,#5353,#5354,#5355,#5356,#5357,#5358,
#5359,#5360,#5361,#5362,#5363,#5364,#5365,#5366,#5367,#5368,#5369,#5370,
#5371,#5372,#5373,#5374,#5375,#5376,#5377,#5378,#5379,#5380,#5381,#5382,
#5383,#5384,#5385,#5386,#5387,#5388,#5389,#5390,#5391,#5392,#5393,#5394,
#5395,#5396,#5397,#5398,#5399,#5400,#5401,#5402),.UNSPECIFIED.,.F.,.F.)
B_SPLINE_CURVE_WITH_KNOTS((6,1,1,1,1,1,1,1,1,1,1,1,1,1,1,1,1,1,1,1,1,1,
1,1,1,1,1,1,1,1,1,1,1,1,1,1,1,1,1,1,1,1,1,1,1,1,1,1,1,1,1,1,1,1,1,1,1,1,
1,1,1,1,1,1,1,1,1,1,1,1,1,1,1,1,1,1,1,1,1,1,1,1,1,1,1,1,1,1,1,1,1,1,1,1,
1,1,1,1,1,1,1,1,1,1,1,1,1,1,6),(-0.344236054592627,-0.341772151898735,-0.339240506329115,
-0.336708860759495,-0.334177215189874,-0.331645569620254,-0.329113924050634,
-0.326582278481014,-0.324050632911394,-0.321518987341773,-0.318987341772153,
-0.316455696202533,-0.313924050632912,-0.311392405063292,-0.308860759493672,
-0.306329113924052,-0.303797468354431,-0.301265822784811,-0.298734177215191,
-0.29620253164557,-0.29367088607595,-0.29113924050633,-0.28860759493671,
-0.28607594936709,-0.283544303797469,-0.281012658227849,-0.278481012658229,
-0.275949367088608,-0.273417721518988,-0.270886075949368,-0.268354430379748,
-0.265822784810127,-0.263291139240507,-0.260759493670887,-0.258227848101266,
-0.255696202531646,-0.253164556962026,-0.250632911392406,-0.248101265822785,
-0.245569620253165,-0.243037974683545,-0.240506329113925,-0.237974683544304,
-0.235443037974684,-0.232911392405064,-0.230379746835444,-0.227848101265823,
-0.225316455696203,-0.222784810126583,-0.220253164556963,-0.217721518987342,
-0.215189873417722,-0.212658227848102,-0.210126582278481,-0.207594936708861,
-0.205063291139241,-0.202531645569621,-0.2,-0.19746835443038,-0.19493670886076,
-0.19240506329114,-0.189873417721519,-0.187341772151899,-0.184810126582279,
-0.182278481012659,-0.179746835443038,-0.177215189873418,-0.174683544303798,
-0.172151898734177,-0.169620253164557,-0.167088607594937,-0.164556962025317,
-0.162025316455696,-0.159493670886076,-0.156962025316456,-0.154430379746836,
-0.151898734177215,-0.149367088607595,-0.146835443037975,-0.144303797468355,
-0.141772151898734,-0.139240506329114,-0.136708860759494,-0.134177215189873,
-0.131645569620253,-0.129113924050633,-0.126582278481013,-0.124050632911392,
-0.121518987341772,-0.118987341772152,-0.116455696202532,-0.113924050632911,
-0.111392405063291,-0.108860759493671,-0.106329113924051,-0.10379746835443,
-0.10126582278481,-0.0987341772151899,-0.0962025316455696,-0.0936708860759494,
-0.0911392405063291,-0.0886075949367089,-0.0860759493670886,-0.0835443037974684,
-0.0810126582278481,-0.0784810126582278,-0.0759493670886076,-0.0734177215189873,
-0.0728676616106848),.UNSPECIFIED.)
CURVE()
GEOMETRIC_REPRESENTATION_ITEM()
RATIONAL_B_SPLINE_CURVE((1.,1.,1.,1.,1.,1.,1.,1.,1.,1.,1.,1.,1.,1.,1.,1.,
1.,1.,1.,1.,1.,1.,1.,1.,1.,1.,1.,1.,1.,1.,1.,1.,1.,1.,1.,1.,1.,1.,1.,1.,
1.,1.,1.,1.,1.,1.,1.,1.,1.,1.,1.,1.,1.,1.,1.,1.,1.,1.,1.,1.,1.,1.,1.,1.,
1.,1.,1.,1.,1.,1.,1.,1.,1.,1.,1.,1.,1.,1.,1.,1.,1.,1.,1.,1.,1.,1.,1.,1.,
1.,1.,1.,1.,1.,1.,1.,1.,1.,1.,1.,1.,1.,1.,1.,1.,1.,1.,1.,1.,1.,1.,1.,1.,
1.))
REPRESENTATION_ITEM('')
);
#521=VERTEX_POINT('',#1589);
#522=VERTEX_POINT('',#1590);
#523=VERTEX_POINT('',#1595);
#524=VERTEX_POINT('',#1597);
#525=VERTEX_POINT('',#1611);
#526=VERTEX_POINT('',#1616);
#527=VERTEX_POINT('',#1630);
#528=VERTEX_POINT('',#1635);
#529=VERTEX_POINT('',#1649);
#530=VERTEX_POINT('',#1654);
#531=VERTEX_POINT('',#1668);
#532=VERTEX_POINT('',#1673);
#533=VERTEX_POINT('',#1687);
#534=VERTEX_POINT('',#1692);
#535=VERTEX_POINT('',#1706);
#536=VERTEX_POINT('',#1711);
#537=VERTEX_POINT('',#1725);
#538=VERTEX_POINT('',#1730);
#539=VERTEX_POINT('',#1744);
#540=VERTEX_POINT('',#1749);
#541=VERTEX_POINT('',#1763);
#542=VERTEX_POINT('',#1768);
#543=VERTEX_POINT('',#1782);
#544=VERTEX_POINT('',#1787);
#545=VERTEX_POINT('',#1801);
#546=VERTEX_POINT('',#1806);
#547=VERTEX_POINT('',#1820);
#548=VERTEX_POINT('',#1825);
#549=VERTEX_POINT('',#1839);
#550=VERTEX_POINT('',#1844);
#551=VERTEX_POINT('',#1868);
#552=VERTEX_POINT('',#1869);
#553=VERTEX_POINT('',#1880);
#554=VERTEX_POINT('',#1882);
#555=VERTEX_POINT('',#1926);
#556=VERTEX_POINT('',#1928);
#557=VERTEX_POINT('',#1930);
#558=VERTEX_POINT('',#1965);
#559=VERTEX_POINT('',#2006);
#560=VERTEX_POINT('',#2017);
#561=VERTEX_POINT('',#2034);
#562=VERTEX_POINT('',#2054);
#563=VERTEX_POINT('',#2065);
#564=VERTEX_POINT('',#2073);
#565=VERTEX_POINT('',#2081);
#566=VERTEX_POINT('',#2095);
#567=VERTEX_POINT('',#2112);
#568=VERTEX_POINT('',#2213);
#569=VERTEX_POINT('',#2248);
#570=VERTEX_POINT('',#2298);
#571=VERTEX_POINT('',#2309);
#572=VERTEX_POINT('',#2332);
#573=VERTEX_POINT('',#2361);
#574=VERTEX_POINT('',#2381);
#575=VERTEX_POINT('',#2383);
#576=VERTEX_POINT('',#2385);
#577=VERTEX_POINT('',#2414);
#578=VERTEX_POINT('',#2437);
#579=VERTEX_POINT('',#2445);
#580=VERTEX_POINT('',#2447);
#581=VERTEX_POINT('',#2473);
#582=VERTEX_POINT('',#2488);
#583=VERTEX_POINT('',#2489);
#584=VERTEX_POINT('',#2603);
#585=VERTEX_POINT('',#2622);
#586=VERTEX_POINT('',#2635);
#587=VERTEX_POINT('',#2642);
#588=VERTEX_POINT('',#2649);
#589=VERTEX_POINT('',#2661);
#590=VERTEX_POINT('',#2696);
#591=VERTEX_POINT('',#2711);
#592=VERTEX_POINT('',#2720);
#593=VERTEX_POINT('',#2822);
#594=VERTEX_POINT('',#2851);
#595=VERTEX_POINT('',#2863);
#596=VERTEX_POINT('',#2885);
#597=VERTEX_POINT('',#3052);
#598=VERTEX_POINT('',#3072);
#599=VERTEX_POINT('',#3079);
#600=VERTEX_POINT('',#3112);
#601=VERTEX_POINT('',#3123);
#602=VERTEX_POINT('',#3216);
#603=VERTEX_POINT('',#3218);
#604=VERTEX_POINT('',#3223);
#605=VERTEX_POINT('',#3225);
#606=VERTEX_POINT('',#3230);
#607=VERTEX_POINT('',#3232);
#608=VERTEX_POINT('',#3237);
#609=VERTEX_POINT('',#3239);
#610=VERTEX_POINT('',#3244);
#611=VERTEX_POINT('',#3245);
#612=VERTEX_POINT('',#3429);
#613=VERTEX_POINT('',#3541);
#614=VERTEX_POINT('',#3617);
#615=VERTEX_POINT('',#3663);
#616=VERTEX_POINT('',#3709);
#617=VERTEX_POINT('',#4062);
#618=VERTEX_POINT('',#4272);
#619=VERTEX_POINT('',#4317);
#620=VERTEX_POINT('',#4386);
#621=VERTEX_POINT('',#4618);
#622=VERTEX_POINT('',#4737);
#623=VERTEX_POINT('',#4775);
#624=VERTEX_POINT('',#4859);
#625=VERTEX_POINT('',#4917);
#626=VERTEX_POINT('',#4942);
#627=VERTEX_POINT('',#4962);
#628=VERTEX_POINT('',#4994);
#629=VERTEX_POINT('',#5044);
#630=VERTEX_POINT('',#5417);
#631=VERTEX_POINT('',#5418);
#632=VERTEX_POINT('',#5442);
#633=VERTEX_POINT('',#5501);
#634=VERTEX_POINT('',#5529);
#635=VERTEX_POINT('',#5546);
#636=VERTEX_POINT('',#5599);
#637=VERTEX_POINT('',#5679);
#638=VERTEX_POINT('',#5710);
#639=VERTEX_POINT('',#5714);
#640=VERTEX_POINT('',#5755);
#641=VERTEX_POINT('',#5832);
#642=VERTEX_POINT('',#5906);
#643=VERTEX_POINT('',#5950);
#644=VERTEX_POINT('',#6060);
#645=VERTEX_POINT('',#6179);
#646=VERTEX_POINT('',#6415);
#647=VERTEX_POINT('',#6549);
#648=VERTEX_POINT('',#6593);
#649=VERTEX_POINT('',#6622);
#650=VERTEX_POINT('',#6645);
#651=VERTEX_POINT('',#6674);
#652=VERTEX_POINT('',#6724);
#653=VERTEX_POINT('',#6777);
#654=VERTEX_POINT('',#6815);
#655=VERTEX_POINT('',#6907);
#656=VERTEX_POINT('',#7017);
#657=VERTEX_POINT('',#7054);
#658=VERTEX_POINT('',#7058);
#659=VERTEX_POINT('',#7147);
#660=VERTEX_POINT('',#7193);
#661=EDGE_CURVE('',#521,#522,#453,.T.);
#662=EDGE_CURVE('',#521,#523,#285,.T.);
#663=EDGE_CURVE('',#523,#524,#454,.T.);
#664=EDGE_CURVE('',#522,#524,#286,.T.);
#665=EDGE_CURVE('',#525,#521,#455,.T.);
#666=EDGE_CURVE('',#525,#526,#287,.T.);
#667=EDGE_CURVE('',#526,#523,#456,.T.);
#668=EDGE_CURVE('',#527,#525,#457,.T.);
#669=EDGE_CURVE('',#527,#528,#288,.T.);
#670=EDGE_CURVE('',#528,#526,#458,.T.);
#671=EDGE_CURVE('',#529,#527,#459,.T.);
#672=EDGE_CURVE('',#529,#530,#289,.T.);
#673=EDGE_CURVE('',#530,#528,#460,.T.);
#674=EDGE_CURVE('',#531,#529,#461,.T.);
#675=EDGE_CURVE('',#531,#532,#290,.T.);
#676=EDGE_CURVE('',#532,#530,#462,.T.);
#677=EDGE_CURVE('',#533,#531,#463,.T.);
#678=EDGE_CURVE('',#533,#534,#291,.T.);
#679=EDGE_CURVE('',#534,#532,#464,.T.);
#680=EDGE_CURVE('',#535,#533,#465,.T.);
#681=EDGE_CURVE('',#535,#536,#292,.T.);
#682=EDGE_CURVE('',#536,#534,#466,.T.);
#683=EDGE_CURVE('',#537,#535,#467,.T.);
#684=EDGE_CURVE('',#537,#538,#293,.T.);
#685=EDGE_CURVE('',#538,#536,#468,.T.);
#686=EDGE_CURVE('',#539,#537,#469,.T.);
#687=EDGE_CURVE('',#539,#540,#294,.T.);
#688=EDGE_CURVE('',#540,#538,#470,.T.);
#689=EDGE_CURVE('',#541,#539,#471,.T.);
#690=EDGE_CURVE('',#541,#542,#295,.T.);
#691=EDGE_CURVE('',#542,#540,#472,.T.);
#692=EDGE_CURVE('',#543,#541,#473,.T.);
#693=EDGE_CURVE('',#543,#544,#296,.T.);
#694=EDGE_CURVE('',#544,#542,#474,.T.);
#695=EDGE_CURVE('',#545,#543,#475,.T.);
#696=EDGE_CURVE('',#545,#546,#297,.T.);
#697=EDGE_CURVE('',#546,#544,#476,.T.);
#698=EDGE_CURVE('',#547,#545,#477,.T.);
#699=EDGE_CURVE('',#547,#548,#298,.T.);
#700=EDGE_CURVE('',#548,#546,#478,.T.);
#701=EDGE_CURVE('',#549,#547,#479,.T.);
#702=EDGE_CURVE('',#549,#550,#299,.T.);
#703=EDGE_CURVE('',#550,#548,#480,.T.);
#704=EDGE_CURVE('',#522,#549,#481,.T.);
#705=EDGE_CURVE('',#524,#550,#482,.T.);
#706=EDGE_CURVE('',#551,#552,#58,.T.);
#707=EDGE_CURVE('',#552,#553,#300,.T.);
#708=EDGE_CURVE('',#553,#554,#59,.T.);
#709=EDGE_CURVE('',#554,#555,#301,.T.);
#710=EDGE_CURVE('',#555,#556,#302,.T.);
#711=EDGE_CURVE('',#556,#557,#60,.T.);
#712=EDGE_CURVE('',#557,#558,#61,.T.);
#713=EDGE_CURVE('',#558,#559,#62,.T.);
#714=EDGE_CURVE('',#559,#560,#63,.T.);
#715=EDGE_CURVE('',#560,#561,#64,.T.);
#716=EDGE_CURVE('',#561,#562,#65,.T.);
#717=EDGE_CURVE('',#562,#563,#66,.T.);
#718=EDGE_CURVE('',#563,#564,#67,.T.);
#719=EDGE_CURVE('',#564,#565,#68,.T.);
#720=EDGE_CURVE('',#565,#566,#69,.T.);
#721=EDGE_CURVE('',#566,#567,#70,.T.);
#722=EDGE_CURVE('',#567,#568,#71,.T.);
#723=EDGE_CURVE('',#568,#569,#72,.T.);
#724=EDGE_CURVE('',#569,#570,#73,.T.);
#725=EDGE_CURVE('',#570,#571,#74,.T.);
#726=EDGE_CURVE('',#571,#572,#75,.T.);
#727=EDGE_CURVE('',#572,#573,#76,.T.);
#728=EDGE_CURVE('',#573,#574,#303,.T.);
#729=EDGE_CURVE('',#574,#575,#304,.T.);
#730=EDGE_CURVE('',#575,#576,#77,.T.);
#731=EDGE_CURVE('',#576,#577,#78,.T.);
#732=EDGE_CURVE('',#577,#578,#79,.T.);
#733=EDGE_CURVE('',#578,#579,#305,.T.);
#734=EDGE_CURVE('',#579,#580,#80,.T.);
#735=EDGE_CURVE('',#580,#581,#81,.T.);
#736=EDGE_CURVE('',#581,#551,#82,.T.);
#737=EDGE_CURVE('',#582,#583,#483,.T.);
#738=EDGE_CURVE('',#583,#584,#484,.T.);
#739=EDGE_CURVE('',#584,#585,#485,.T.);
#740=EDGE_CURVE('',#585,#586,#486,.T.);
#741=EDGE_CURVE('',#586,#587,#487,.T.);
#742=EDGE_CURVE('',#587,#588,#488,.T.);
#743=EDGE_CURVE('',#588,#589,#489,.T.);
#744=EDGE_CURVE('',#589,#590,#490,.T.);
#745=EDGE_CURVE('',#590,#591,#491,.T.);
#746=EDGE_CURVE('',#591,#592,#492,.T.);
#747=EDGE_CURVE('',#592,#593,#493,.T.);
#748=EDGE_CURVE('',#593,#594,#494,.T.);
#749=EDGE_CURVE('',#594,#595,#495,.T.);
#750=EDGE_CURVE('',#595,#596,#496,.T.);
#751=EDGE_CURVE('',#596,#597,#497,.T.);
#752=EDGE_CURVE('',#597,#598,#498,.T.);
#753=EDGE_CURVE('',#598,#599,#499,.T.);
#754=EDGE_CURVE('',#599,#600,#500,.T.);
#755=EDGE_CURVE('',#600,#601,#501,.T.);
#756=EDGE_CURVE('',#601,#582,#306,.T.);
#757=EDGE_CURVE('',#602,#602,#39,.T.);
#758=EDGE_CURVE('',#602,#603,#307,.T.);
#759=EDGE_CURVE('',#603,#603,#40,.T.);
#760=EDGE_CURVE('',#604,#604,#41,.T.);
#761=EDGE_CURVE('',#604,#605,#308,.T.);
#762=EDGE_CURVE('',#605,#605,#42,.T.);
#763=EDGE_CURVE('',#606,#606,#43,.T.);
#764=EDGE_CURVE('',#606,#607,#309,.T.);
#765=EDGE_CURVE('',#607,#607,#44,.T.);
#766=EDGE_CURVE('',#608,#608,#45,.T.);
#767=EDGE_CURVE('',#608,#609,#310,.T.);
#768=EDGE_CURVE('',#609,#609,#46,.T.);
#769=EDGE_CURVE('',#610,#611,#311,.T.);
#770=EDGE_CURVE('',#611,#582,#312,.T.);
#771=EDGE_CURVE('',#610,#601,#313,.T.);
#772=EDGE_CURVE('',#612,#610,#502,.T.);
#773=EDGE_CURVE('',#612,#600,#314,.T.);
#774=EDGE_CURVE('',#613,#612,#503,.T.);
#775=EDGE_CURVE('',#613,#599,#315,.T.);
#776=EDGE_CURVE('',#614,#613,#504,.T.);
#777=EDGE_CURVE('',#614,#598,#316,.T.);
#778=EDGE_CURVE('',#615,#614,#505,.T.);
#779=EDGE_CURVE('',#615,#597,#317,.T.);
#780=EDGE_CURVE('',#616,#615,#506,.T.);
#781=EDGE_CURVE('',#616,#596,#318,.T.);
#782=EDGE_CURVE('',#617,#616,#507,.T.);
#783=EDGE_CURVE('',#617,#595,#319,.T.);
#784=EDGE_CURVE('',#618,#617,#508,.T.);
#785=EDGE_CURVE('',#618,#594,#320,.T.);
#786=EDGE_CURVE('',#619,#618,#509,.T.);
#787=EDGE_CURVE('',#619,#593,#321,.T.);
#788=EDGE_CURVE('',#620,#619,#510,.T.);
#789=EDGE_CURVE('',#620,#592,#322,.T.);
#790=EDGE_CURVE('',#621,#620,#511,.T.);
#791=EDGE_CURVE('',#621,#591,#323,.T.);
#792=EDGE_CURVE('',#622,#621,#512,.T.);
#793=EDGE_CURVE('',#622,#590,#324,.T.);
#794=EDGE_CURVE('',#623,#622,#513,.T.);
#795=EDGE_CURVE('',#623,#589,#325,.T.);
#796=EDGE_CURVE('',#624,#623,#514,.T.);
#797=EDGE_CURVE('',#624,#588,#326,.T.);
#798=EDGE_CURVE('',#625,#624,#515,.T.);
#799=EDGE_CURVE('',#625,#587,#327,.T.);
#800=EDGE_CURVE('',#626,#625,#516,.T.);
#801=EDGE_CURVE('',#626,#586,#328,.T.);
#802=EDGE_CURVE('',#627,#626,#517,.T.);
#803=EDGE_CURVE('',#627,#585,#329,.T.);
#804=EDGE_CURVE('',#628,#627,#518,.T.);
#805=EDGE_CURVE('',#628,#584,#330,.T.);
#806=EDGE_CURVE('',#629,#628,#519,.T.);
#807=EDGE_CURVE('',#629,#583,#331,.T.);
#808=EDGE_CURVE('',#611,#629,#520,.T.);
#809=EDGE_CURVE('',#630,#631,#83,.T.);
#810=EDGE_CURVE('',#631,#551,#332,.T.);
#811=EDGE_CURVE('',#630,#581,#333,.T.);
#812=EDGE_CURVE('',#632,#630,#84,.T.);
#813=EDGE_CURVE('',#632,#580,#334,.T.);
#814=EDGE_CURVE('',#633,#632,#85,.T.);
#815=EDGE_CURVE('',#633,#579,#335,.T.);
#816=EDGE_CURVE('',#634,#633,#336,.T.);
#817=EDGE_CURVE('',#634,#578,#337,.T.);
#818=EDGE_CURVE('',#635,#634,#86,.T.);
#819=EDGE_CURVE('',#635,#577,#338,.T.);
#820=EDGE_CURVE('',#636,#635,#87,.T.);
#821=EDGE_CURVE('',#636,#576,#339,.T.);
#822=EDGE_CURVE('',#637,#636,#88,.T.);
#823=EDGE_CURVE('',#637,#575,#340,.T.);
#824=EDGE_CURVE('',#638,#637,#341,.T.);
#825=EDGE_CURVE('',#638,#574,#342,.T.);
#826=EDGE_CURVE('',#639,#638,#343,.T.);
#827=EDGE_CURVE('',#639,#573,#344,.T.);
#828=EDGE_CURVE('',#640,#639,#89,.T.);
#829=EDGE_CURVE('',#640,#572,#345,.T.);
#830=EDGE_CURVE('',#641,#640,#90,.T.);
#831=EDGE_CURVE('',#641,#571,#346,.T.);
#832=EDGE_CURVE('',#642,#641,#91,.T.);
#833=EDGE_CURVE('',#642,#570,#347,.T.);
#834=EDGE_CURVE('',#643,#642,#92,.T.);
#835=EDGE_CURVE('',#643,#569,#348,.T.);
#836=EDGE_CURVE('',#644,#643,#93,.T.);
#837=EDGE_CURVE('',#644,#568,#349,.T.);
#838=EDGE_CURVE('',#645,#644,#94,.T.);
#839=EDGE_CURVE('',#645,#567,#350,.T.);
#840=EDGE_CURVE('',#646,#645,#95,.T.);
#841=EDGE_CURVE('',#646,#566,#351,.T.);
#842=EDGE_CURVE('',#647,#646,#96,.T.);
#843=EDGE_CURVE('',#647,#565,#352,.T.);
#844=EDGE_CURVE('',#648,#647,#97,.T.);
#845=EDGE_CURVE('',#648,#564,#353,.T.);
#846=EDGE_CURVE('',#649,#648,#98,.T.);
#847=EDGE_CURVE('',#649,#563,#354,.T.);
#848=EDGE_CURVE('',#650,#649,#99,.T.);
#849=EDGE_CURVE('',#650,#562,#355,.T.);
#850=EDGE_CURVE('',#651,#650,#100,.T.);
#851=EDGE_CURVE('',#651,#561,#356,.T.);
#852=EDGE_CURVE('',#652,#651,#101,.T.);
#853=EDGE_CURVE('',#652,#560,#357,.T.);
#854=EDGE_CURVE('',#653,#652,#102,.T.);
#855=EDGE_CURVE('',#653,#559,#358,.T.);
#856=EDGE_CURVE('',#654,#653,#103,.T.);
#857=EDGE_CURVE('',#654,#558,#359,.T.);
#858=EDGE_CURVE('',#655,#654,#104,.T.);
#859=EDGE_CURVE('',#655,#557,#360,.T.);
#860=EDGE_CURVE('',#656,#655,#105,.T.);
#861=EDGE_CURVE('',#656,#556,#361,.T.);
#862=EDGE_CURVE('',#657,#656,#362,.T.);
#863=EDGE_CURVE('',#657,#555,#363,.T.);
#864=EDGE_CURVE('',#658,#657,#364,.T.);
#865=EDGE_CURVE('',#658,#554,#365,.T.);
#866=EDGE_CURVE('',#659,#658,#106,.T.);
#867=EDGE_CURVE('',#659,#553,#366,.T.);
#868=EDGE_CURVE('',#660,#659,#367,.T.);
#869=EDGE_CURVE('',#660,#552,#368,.T.);
#870=EDGE_CURVE('',#631,#660,#107,.T.);
#871=ORIENTED_EDGE('',*,*,#661,.F.);
#872=ORIENTED_EDGE('',*,*,#662,.T.);
#873=ORIENTED_EDGE('',*,*,#663,.T.);
#874=ORIENTED_EDGE('',*,*,#664,.F.);
#875=ORIENTED_EDGE('',*,*,#665,.F.);
#876=ORIENTED_EDGE('',*,*,#666,.T.);
#877=ORIENTED_EDGE('',*,*,#667,.T.);
#878=ORIENTED_EDGE('',*,*,#662,.F.);
#879=ORIENTED_EDGE('',*,*,#668,.F.);
#880=ORIENTED_EDGE('',*,*,#669,.T.);
#881=ORIENTED_EDGE('',*,*,#670,.T.);
#882=ORIENTED_EDGE('',*,*,#666,.F.);
#883=ORIENTED_EDGE('',*,*,#671,.F.);
#884=ORIENTED_EDGE('',*,*,#672,.T.);
#885=ORIENTED_EDGE('',*,*,#673,.T.);
#886=ORIENTED_EDGE('',*,*,#669,.F.);
#887=ORIENTED_EDGE('',*,*,#674,.F.);
#888=ORIENTED_EDGE('',*,*,#675,.T.);
#889=ORIENTED_EDGE('',*,*,#676,.T.);
#890=ORIENTED_EDGE('',*,*,#672,.F.);
#891=ORIENTED_EDGE('',*,*,#677,.F.);
#892=ORIENTED_EDGE('',*,*,#678,.T.);
#893=ORIENTED_EDGE('',*,*,#679,.T.);
#894=ORIENTED_EDGE('',*,*,#675,.F.);
#895=ORIENTED_EDGE('',*,*,#680,.F.);
#896=ORIENTED_EDGE('',*,*,#681,.T.);
#897=ORIENTED_EDGE('',*,*,#682,.T.);
#898=ORIENTED_EDGE('',*,*,#678,.F.);
#899=ORIENTED_EDGE('',*,*,#683,.F.);
#900=ORIENTED_EDGE('',*,*,#684,.T.);
#901=ORIENTED_EDGE('',*,*,#685,.T.);
#902=ORIENTED_EDGE('',*,*,#681,.F.);
#903=ORIENTED_EDGE('',*,*,#686,.F.);
#904=ORIENTED_EDGE('',*,*,#687,.T.);
#905=ORIENTED_EDGE('',*,*,#688,.T.);
#906=ORIENTED_EDGE('',*,*,#684,.F.);
#907=ORIENTED_EDGE('',*,*,#689,.F.);
#908=ORIENTED_EDGE('',*,*,#690,.T.);
#909=ORIENTED_EDGE('',*,*,#691,.T.);
#910=ORIENTED_EDGE('',*,*,#687,.F.);
#911=ORIENTED_EDGE('',*,*,#692,.F.);
#912=ORIENTED_EDGE('',*,*,#693,.T.);
#913=ORIENTED_EDGE('',*,*,#694,.T.);
#914=ORIENTED_EDGE('',*,*,#690,.F.);
#915=ORIENTED_EDGE('',*,*,#695,.F.);
#916=ORIENTED_EDGE('',*,*,#696,.T.);
#917=ORIENTED_EDGE('',*,*,#697,.T.);
#918=ORIENTED_EDGE('',*,*,#693,.F.);
#919=ORIENTED_EDGE('',*,*,#698,.F.);
#920=ORIENTED_EDGE('',*,*,#699,.T.);
#921=ORIENTED_EDGE('',*,*,#700,.T.);
#922=ORIENTED_EDGE('',*,*,#696,.F.);
#923=ORIENTED_EDGE('',*,*,#701,.F.);
#924=ORIENTED_EDGE('',*,*,#702,.T.);
#925=ORIENTED_EDGE('',*,*,#703,.T.);
#926=ORIENTED_EDGE('',*,*,#699,.F.);
#927=ORIENTED_EDGE('',*,*,#704,.F.);
#928=ORIENTED_EDGE('',*,*,#664,.T.);
#929=ORIENTED_EDGE('',*,*,#705,.T.);
#930=ORIENTED_EDGE('',*,*,#702,.F.);
#931=ORIENTED_EDGE('',*,*,#705,.F.);
#932=ORIENTED_EDGE('',*,*,#663,.F.);
#933=ORIENTED_EDGE('',*,*,#667,.F.);
#934=ORIENTED_EDGE('',*,*,#670,.F.);
#935=ORIENTED_EDGE('',*,*,#673,.F.);
#936=ORIENTED_EDGE('',*,*,#676,.F.);
#937=ORIENTED_EDGE('',*,*,#679,.F.);
#938=ORIENTED_EDGE('',*,*,#682,.F.);
#939=ORIENTED_EDGE('',*,*,#685,.F.);
#940=ORIENTED_EDGE('',*,*,#688,.F.);
#941=ORIENTED_EDGE('',*,*,#691,.F.);
#942=ORIENTED_EDGE('',*,*,#694,.F.);
#943=ORIENTED_EDGE('',*,*,#697,.F.);
#944=ORIENTED_EDGE('',*,*,#700,.F.);
#945=ORIENTED_EDGE('',*,*,#703,.F.);
#946=ORIENTED_EDGE('',*,*,#706,.T.);
#947=ORIENTED_EDGE('',*,*,#707,.T.);
#948=ORIENTED_EDGE('',*,*,#708,.T.);
#949=ORIENTED_EDGE('',*,*,#709,.T.);
#950=ORIENTED_EDGE('',*,*,#710,.T.);
#951=ORIENTED_EDGE('',*,*,#711,.T.);
#952=ORIENTED_EDGE('',*,*,#712,.T.);
#953=ORIENTED_EDGE('',*,*,#713,.T.);
#954=ORIENTED_EDGE('',*,*,#714,.T.);
#955=ORIENTED_EDGE('',*,*,#715,.T.);
#956=ORIENTED_EDGE('',*,*,#716,.T.);
#957=ORIENTED_EDGE('',*,*,#717,.T.);
#958=ORIENTED_EDGE('',*,*,#718,.T.);
#959=ORIENTED_EDGE('',*,*,#719,.T.);
#960=ORIENTED_EDGE('',*,*,#720,.T.);
#961=ORIENTED_EDGE('',*,*,#721,.T.);
#962=ORIENTED_EDGE('',*,*,#722,.T.);
#963=ORIENTED_EDGE('',*,*,#723,.T.);
#964=ORIENTED_EDGE('',*,*,#724,.T.);
#965=ORIENTED_EDGE('',*,*,#725,.T.);
#966=ORIENTED_EDGE('',*,*,#726,.T.);
#967=ORIENTED_EDGE('',*,*,#727,.T.);
#968=ORIENTED_EDGE('',*,*,#728,.T.);
#969=ORIENTED_EDGE('',*,*,#729,.T.);
#970=ORIENTED_EDGE('',*,*,#730,.T.);
#971=ORIENTED_EDGE('',*,*,#731,.T.);
#972=ORIENTED_EDGE('',*,*,#732,.T.);
#973=ORIENTED_EDGE('',*,*,#733,.T.);
#974=ORIENTED_EDGE('',*,*,#734,.T.);
#975=ORIENTED_EDGE('',*,*,#735,.T.);
#976=ORIENTED_EDGE('',*,*,#736,.T.);
#977=ORIENTED_EDGE('',*,*,#661,.T.);
#978=ORIENTED_EDGE('',*,*,#704,.T.);
#979=ORIENTED_EDGE('',*,*,#701,.T.);
#980=ORIENTED_EDGE('',*,*,#698,.T.);
#981=ORIENTED_EDGE('',*,*,#695,.T.);
#982=ORIENTED_EDGE('',*,*,#692,.T.);
#983=ORIENTED_EDGE('',*,*,#689,.T.);
#984=ORIENTED_EDGE('',*,*,#686,.T.);
#985=ORIENTED_EDGE('',*,*,#683,.T.);
#986=ORIENTED_EDGE('',*,*,#680,.T.);
#987=ORIENTED_EDGE('',*,*,#677,.T.);
#988=ORIENTED_EDGE('',*,*,#674,.T.);
#989=ORIENTED_EDGE('',*,*,#671,.T.);
#990=ORIENTED_EDGE('',*,*,#668,.T.);
#991=ORIENTED_EDGE('',*,*,#665,.T.);
#992=ORIENTED_EDGE('',*,*,#737,.T.);
#993=ORIENTED_EDGE('',*,*,#738,.T.);
#994=ORIENTED_EDGE('',*,*,#739,.T.);
#995=ORIENTED_EDGE('',*,*,#740,.T.);
#996=ORIENTED_EDGE('',*,*,#741,.T.);
#997=ORIENTED_EDGE('',*,*,#742,.T.);
#998=ORIENTED_EDGE('',*,*,#743,.T.);
#999=ORIENTED_EDGE('',*,*,#744,.T.);
#1000=ORIENTED_EDGE('',*,*,#745,.T.);
#1001=ORIENTED_EDGE('',*,*,#746,.T.);
#1002=ORIENTED_EDGE('',*,*,#747,.T.);
#1003=ORIENTED_EDGE('',*,*,#748,.T.);
#1004=ORIENTED_EDGE('',*,*,#749,.T.);
#1005=ORIENTED_EDGE('',*,*,#750,.T.);
#1006=ORIENTED_EDGE('',*,*,#751,.T.);
#1007=ORIENTED_EDGE('',*,*,#752,.T.);
#1008=ORIENTED_EDGE('',*,*,#753,.T.);
#1009=ORIENTED_EDGE('',*,*,#754,.T.);
#1010=ORIENTED_EDGE('',*,*,#755,.T.);
#1011=ORIENTED_EDGE('',*,*,#756,.T.);
#1012=ORIENTED_EDGE('',*,*,#757,.F.);
#1013=ORIENTED_EDGE('',*,*,#758,.T.);
#1014=ORIENTED_EDGE('',*,*,#759,.T.);
#1015=ORIENTED_EDGE('',*,*,#758,.F.);
#1016=ORIENTED_EDGE('',*,*,#759,.F.);
#1017=ORIENTED_EDGE('',*,*,#760,.F.);
#1018=ORIENTED_EDGE('',*,*,#761,.T.);
#1019=ORIENTED_EDGE('',*,*,#762,.T.);
#1020=ORIENTED_EDGE('',*,*,#761,.F.);
#1021=ORIENTED_EDGE('',*,*,#762,.F.);
#1022=ORIENTED_EDGE('',*,*,#763,.F.);
#1023=ORIENTED_EDGE('',*,*,#764,.T.);
#1024=ORIENTED_EDGE('',*,*,#765,.T.);
#1025=ORIENTED_EDGE('',*,*,#764,.F.);
#1026=ORIENTED_EDGE('',*,*,#765,.F.);
#1027=ORIENTED_EDGE('',*,*,#766,.F.);
#1028=ORIENTED_EDGE('',*,*,#767,.T.);
#1029=ORIENTED_EDGE('',*,*,#768,.T.);
#1030=ORIENTED_EDGE('',*,*,#767,.F.);
#1031=ORIENTED_EDGE('',*,*,#768,.F.);
#1032=ORIENTED_EDGE('',*,*,#769,.T.);
#1033=ORIENTED_EDGE('',*,*,#770,.T.);
#1034=ORIENTED_EDGE('',*,*,#756,.F.);
#1035=ORIENTED_EDGE('',*,*,#771,.F.);
#1036=ORIENTED_EDGE('',*,*,#772,.T.);
#1037=ORIENTED_EDGE('',*,*,#771,.T.);
#1038=ORIENTED_EDGE('',*,*,#755,.F.);
#1039=ORIENTED_EDGE('',*,*,#773,.F.);
#1040=ORIENTED_EDGE('',*,*,#774,.T.);
#1041=ORIENTED_EDGE('',*,*,#773,.T.);
#1042=ORIENTED_EDGE('',*,*,#754,.F.);
#1043=ORIENTED_EDGE('',*,*,#775,.F.);
#1044=ORIENTED_EDGE('',*,*,#776,.T.);
#1045=ORIENTED_EDGE('',*,*,#775,.T.);
#1046=ORIENTED_EDGE('',*,*,#753,.F.);
#1047=ORIENTED_EDGE('',*,*,#777,.F.);
#1048=ORIENTED_EDGE('',*,*,#778,.T.);
#1049=ORIENTED_EDGE('',*,*,#777,.T.);
#1050=ORIENTED_EDGE('',*,*,#752,.F.);
#1051=ORIENTED_EDGE('',*,*,#779,.F.);
#1052=ORIENTED_EDGE('',*,*,#780,.T.);
#1053=ORIENTED_EDGE('',*,*,#779,.T.);
#1054=ORIENTED_EDGE('',*,*,#751,.F.);
#1055=ORIENTED_EDGE('',*,*,#781,.F.);
#1056=ORIENTED_EDGE('',*,*,#782,.T.);
#1057=ORIENTED_EDGE('',*,*,#781,.T.);
#1058=ORIENTED_EDGE('',*,*,#750,.F.);
#1059=ORIENTED_EDGE('',*,*,#783,.F.);
#1060=ORIENTED_EDGE('',*,*,#784,.T.);
#1061=ORIENTED_EDGE('',*,*,#783,.T.);
#1062=ORIENTED_EDGE('',*,*,#749,.F.);
#1063=ORIENTED_EDGE('',*,*,#785,.F.);
#1064=ORIENTED_EDGE('',*,*,#786,.T.);
#1065=ORIENTED_EDGE('',*,*,#785,.T.);
#1066=ORIENTED_EDGE('',*,*,#748,.F.);
#1067=ORIENTED_EDGE('',*,*,#787,.F.);
#1068=ORIENTED_EDGE('',*,*,#788,.T.);
#1069=ORIENTED_EDGE('',*,*,#787,.T.);
#1070=ORIENTED_EDGE('',*,*,#747,.F.);
#1071=ORIENTED_EDGE('',*,*,#789,.F.);
#1072=ORIENTED_EDGE('',*,*,#790,.T.);
#1073=ORIENTED_EDGE('',*,*,#789,.T.);
#1074=ORIENTED_EDGE('',*,*,#746,.F.);
#1075=ORIENTED_EDGE('',*,*,#791,.F.);
#1076=ORIENTED_EDGE('',*,*,#792,.T.);
#1077=ORIENTED_EDGE('',*,*,#791,.T.);
#1078=ORIENTED_EDGE('',*,*,#745,.F.);
#1079=ORIENTED_EDGE('',*,*,#793,.F.);
#1080=ORIENTED_EDGE('',*,*,#794,.T.);
#1081=ORIENTED_EDGE('',*,*,#793,.T.);
#1082=ORIENTED_EDGE('',*,*,#744,.F.);
#1083=ORIENTED_EDGE('',*,*,#795,.F.);
#1084=ORIENTED_EDGE('',*,*,#796,.T.);
#1085=ORIENTED_EDGE('',*,*,#795,.T.);
#1086=ORIENTED_EDGE('',*,*,#743,.F.);
#1087=ORIENTED_EDGE('',*,*,#797,.F.);
#1088=ORIENTED_EDGE('',*,*,#798,.T.);
#1089=ORIENTED_EDGE('',*,*,#797,.T.);
#1090=ORIENTED_EDGE('',*,*,#742,.F.);
#1091=ORIENTED_EDGE('',*,*,#799,.F.);
#1092=ORIENTED_EDGE('',*,*,#800,.T.);
#1093=ORIENTED_EDGE('',*,*,#799,.T.);
#1094=ORIENTED_EDGE('',*,*,#741,.F.);
#1095=ORIENTED_EDGE('',*,*,#801,.F.);
#1096=ORIENTED_EDGE('',*,*,#802,.T.);
#1097=ORIENTED_EDGE('',*,*,#801,.T.);
#1098=ORIENTED_EDGE('',*,*,#740,.F.);
#1099=ORIENTED_EDGE('',*,*,#803,.F.);
#1100=ORIENTED_EDGE('',*,*,#804,.T.);
#1101=ORIENTED_EDGE('',*,*,#803,.T.);
#1102=ORIENTED_EDGE('',*,*,#739,.F.);
#1103=ORIENTED_EDGE('',*,*,#805,.F.);
#1104=ORIENTED_EDGE('',*,*,#806,.T.);
#1105=ORIENTED_EDGE('',*,*,#805,.T.);
#1106=ORIENTED_EDGE('',*,*,#738,.F.);
#1107=ORIENTED_EDGE('',*,*,#807,.F.);
#1108=ORIENTED_EDGE('',*,*,#808,.T.);
#1109=ORIENTED_EDGE('',*,*,#807,.T.);
#1110=ORIENTED_EDGE('',*,*,#737,.F.);
#1111=ORIENTED_EDGE('',*,*,#770,.F.);
#1112=ORIENTED_EDGE('',*,*,#809,.T.);
#1113=ORIENTED_EDGE('',*,*,#810,.T.);
#1114=ORIENTED_EDGE('',*,*,#736,.F.);
#1115=ORIENTED_EDGE('',*,*,#811,.F.);
#1116=ORIENTED_EDGE('',*,*,#812,.T.);
#1117=ORIENTED_EDGE('',*,*,#811,.T.);
#1118=ORIENTED_EDGE('',*,*,#735,.F.);
#1119=ORIENTED_EDGE('',*,*,#813,.F.);
#1120=ORIENTED_EDGE('',*,*,#814,.T.);
#1121=ORIENTED_EDGE('',*,*,#813,.T.);
#1122=ORIENTED_EDGE('',*,*,#734,.F.);
#1123=ORIENTED_EDGE('',*,*,#815,.F.);
#1124=ORIENTED_EDGE('',*,*,#816,.T.);
#1125=ORIENTED_EDGE('',*,*,#815,.T.);
#1126=ORIENTED_EDGE('',*,*,#733,.F.);
#1127=ORIENTED_EDGE('',*,*,#817,.F.);
#1128=ORIENTED_EDGE('',*,*,#818,.T.);
#1129=ORIENTED_EDGE('',*,*,#817,.T.);
#1130=ORIENTED_EDGE('',*,*,#732,.F.);
#1131=ORIENTED_EDGE('',*,*,#819,.F.);
#1132=ORIENTED_EDGE('',*,*,#820,.T.);
#1133=ORIENTED_EDGE('',*,*,#819,.T.);
#1134=ORIENTED_EDGE('',*,*,#731,.F.);
#1135=ORIENTED_EDGE('',*,*,#821,.F.);
#1136=ORIENTED_EDGE('',*,*,#822,.T.);
#1137=ORIENTED_EDGE('',*,*,#821,.T.);
#1138=ORIENTED_EDGE('',*,*,#730,.F.);
#1139=ORIENTED_EDGE('',*,*,#823,.F.);
#1140=ORIENTED_EDGE('',*,*,#824,.T.);
#1141=ORIENTED_EDGE('',*,*,#823,.T.);
#1142=ORIENTED_EDGE('',*,*,#729,.F.);
#1143=ORIENTED_EDGE('',*,*,#825,.F.);
#1144=ORIENTED_EDGE('',*,*,#826,.T.);
#1145=ORIENTED_EDGE('',*,*,#825,.T.);
#1146=ORIENTED_EDGE('',*,*,#728,.F.);
#1147=ORIENTED_EDGE('',*,*,#827,.F.);
#1148=ORIENTED_EDGE('',*,*,#828,.T.);
#1149=ORIENTED_EDGE('',*,*,#827,.T.);
#1150=ORIENTED_EDGE('',*,*,#727,.F.);
#1151=ORIENTED_EDGE('',*,*,#829,.F.);
#1152=ORIENTED_EDGE('',*,*,#830,.T.);
#1153=ORIENTED_EDGE('',*,*,#829,.T.);
#1154=ORIENTED_EDGE('',*,*,#726,.F.);
#1155=ORIENTED_EDGE('',*,*,#831,.F.);
#1156=ORIENTED_EDGE('',*,*,#832,.T.);
#1157=ORIENTED_EDGE('',*,*,#831,.T.);
#1158=ORIENTED_EDGE('',*,*,#725,.F.);
#1159=ORIENTED_EDGE('',*,*,#833,.F.);
#1160=ORIENTED_EDGE('',*,*,#834,.T.);
#1161=ORIENTED_EDGE('',*,*,#833,.T.);
#1162=ORIENTED_EDGE('',*,*,#724,.F.);
#1163=ORIENTED_EDGE('',*,*,#835,.F.);
#1164=ORIENTED_EDGE('',*,*,#836,.T.);
#1165=ORIENTED_EDGE('',*,*,#835,.T.);
#1166=ORIENTED_EDGE('',*,*,#723,.F.);
#1167=ORIENTED_EDGE('',*,*,#837,.F.);
#1168=ORIENTED_EDGE('',*,*,#838,.T.);
#1169=ORIENTED_EDGE('',*,*,#837,.T.);
#1170=ORIENTED_EDGE('',*,*,#722,.F.);
#1171=ORIENTED_EDGE('',*,*,#839,.F.);
#1172=ORIENTED_EDGE('',*,*,#840,.T.);
#1173=ORIENTED_EDGE('',*,*,#839,.T.);
#1174=ORIENTED_EDGE('',*,*,#721,.F.);
#1175=ORIENTED_EDGE('',*,*,#841,.F.);
#1176=ORIENTED_EDGE('',*,*,#842,.T.);
#1177=ORIENTED_EDGE('',*,*,#841,.T.);
#1178=ORIENTED_EDGE('',*,*,#720,.F.);
#1179=ORIENTED_EDGE('',*,*,#843,.F.);
#1180=ORIENTED_EDGE('',*,*,#844,.T.);
#1181=ORIENTED_EDGE('',*,*,#843,.T.);
#1182=ORIENTED_EDGE('',*,*,#719,.F.);
#1183=ORIENTED_EDGE('',*,*,#845,.F.);
#1184=ORIENTED_EDGE('',*,*,#846,.T.);
#1185=ORIENTED_EDGE('',*,*,#845,.T.);
#1186=ORIENTED_EDGE('',*,*,#718,.F.);
#1187=ORIENTED_EDGE('',*,*,#847,.F.);
#1188=ORIENTED_EDGE('',*,*,#848,.T.);
#1189=ORIENTED_EDGE('',*,*,#847,.T.);
#1190=ORIENTED_EDGE('',*,*,#717,.F.);
#1191=ORIENTED_EDGE('',*,*,#849,.F.);
#1192=ORIENTED_EDGE('',*,*,#850,.T.);
#1193=ORIENTED_EDGE('',*,*,#849,.T.);
#1194=ORIENTED_EDGE('',*,*,#716,.F.);
#1195=ORIENTED_EDGE('',*,*,#851,.F.);
#1196=ORIENTED_EDGE('',*,*,#852,.T.);
#1197=ORIENTED_EDGE('',*,*,#851,.T.);
#1198=ORIENTED_EDGE('',*,*,#715,.F.);
#1199=ORIENTED_EDGE('',*,*,#853,.F.);
#1200=ORIENTED_EDGE('',*,*,#854,.T.);
#1201=ORIENTED_EDGE('',*,*,#853,.T.);
#1202=ORIENTED_EDGE('',*,*,#714,.F.);
#1203=ORIENTED_EDGE('',*,*,#855,.F.);
#1204=ORIENTED_EDGE('',*,*,#856,.T.);
#1205=ORIENTED_EDGE('',*,*,#855,.T.);
#1206=ORIENTED_EDGE('',*,*,#713,.F.);
#1207=ORIENTED_EDGE('',*,*,#857,.F.);
#1208=ORIENTED_EDGE('',*,*,#858,.T.);
#1209=ORIENTED_EDGE('',*,*,#857,.T.);
#1210=ORIENTED_EDGE('',*,*,#712,.F.);
#1211=ORIENTED_EDGE('',*,*,#859,.F.);
#1212=ORIENTED_EDGE('',*,*,#860,.T.);
#1213=ORIENTED_EDGE('',*,*,#859,.T.);
#1214=ORIENTED_EDGE('',*,*,#711,.F.);
#1215=ORIENTED_EDGE('',*,*,#861,.F.);
#1216=ORIENTED_EDGE('',*,*,#862,.T.);
#1217=ORIENTED_EDGE('',*,*,#861,.T.);
#1218=ORIENTED_EDGE('',*,*,#710,.F.);
#1219=ORIENTED_EDGE('',*,*,#863,.F.);
#1220=ORIENTED_EDGE('',*,*,#864,.T.);
#1221=ORIENTED_EDGE('',*,*,#863,.T.);
#1222=ORIENTED_EDGE('',*,*,#709,.F.);
#1223=ORIENTED_EDGE('',*,*,#865,.F.);
#1224=ORIENTED_EDGE('',*,*,#866,.T.);
#1225=ORIENTED_EDGE('',*,*,#865,.T.);
#1226=ORIENTED_EDGE('',*,*,#708,.F.);
#1227=ORIENTED_EDGE('',*,*,#867,.F.);
#1228=ORIENTED_EDGE('',*,*,#868,.T.);
#1229=ORIENTED_EDGE('',*,*,#867,.T.);
#1230=ORIENTED_EDGE('',*,*,#707,.F.);
#1231=ORIENTED_EDGE('',*,*,#869,.F.);
#1232=ORIENTED_EDGE('',*,*,#870,.T.);
#1233=ORIENTED_EDGE('',*,*,#869,.T.);
#1234=ORIENTED_EDGE('',*,*,#706,.F.);
#1235=ORIENTED_EDGE('',*,*,#810,.F.);
#1236=ORIENTED_EDGE('',*,*,#870,.F.);
#1237=ORIENTED_EDGE('',*,*,#809,.F.);
#1238=ORIENTED_EDGE('',*,*,#812,.F.);
#1239=ORIENTED_EDGE('',*,*,#814,.F.);
#1240=ORIENTED_EDGE('',*,*,#816,.F.);
#1241=ORIENTED_EDGE('',*,*,#818,.F.);
#1242=ORIENTED_EDGE('',*,*,#820,.F.);
#1243=ORIENTED_EDGE('',*,*,#822,.F.);
#1244=ORIENTED_EDGE('',*,*,#824,.F.);
#1245=ORIENTED_EDGE('',*,*,#826,.F.);
#1246=ORIENTED_EDGE('',*,*,#828,.F.);
#1247=ORIENTED_EDGE('',*,*,#830,.F.);
#1248=ORIENTED_EDGE('',*,*,#832,.F.);
#1249=ORIENTED_EDGE('',*,*,#834,.F.);
#1250=ORIENTED_EDGE('',*,*,#836,.F.);
#1251=ORIENTED_EDGE('',*,*,#838,.F.);
#1252=ORIENTED_EDGE('',*,*,#840,.F.);
#1253=ORIENTED_EDGE('',*,*,#842,.F.);
#1254=ORIENTED_EDGE('',*,*,#844,.F.);
#1255=ORIENTED_EDGE('',*,*,#846,.F.);
#1256=ORIENTED_EDGE('',*,*,#848,.F.);
#1257=ORIENTED_EDGE('',*,*,#850,.F.);
#1258=ORIENTED_EDGE('',*,*,#852,.F.);
#1259=ORIENTED_EDGE('',*,*,#854,.F.);
#1260=ORIENTED_EDGE('',*,*,#856,.F.);
#1261=ORIENTED_EDGE('',*,*,#858,.F.);
#1262=ORIENTED_EDGE('',*,*,#860,.F.);
#1263=ORIENTED_EDGE('',*,*,#862,.F.);
#1264=ORIENTED_EDGE('',*,*,#864,.F.);
#1265=ORIENTED_EDGE('',*,*,#866,.F.);
#1266=ORIENTED_EDGE('',*,*,#868,.F.);
#1267=ORIENTED_EDGE('',*,*,#808,.F.);
#1268=ORIENTED_EDGE('',*,*,#769,.F.);
#1269=ORIENTED_EDGE('',*,*,#772,.F.);
#1270=ORIENTED_EDGE('',*,*,#774,.F.);
#1271=ORIENTED_EDGE('',*,*,#776,.F.);
#1272=ORIENTED_EDGE('',*,*,#778,.F.);
#1273=ORIENTED_EDGE('',*,*,#780,.F.);
#1274=ORIENTED_EDGE('',*,*,#782,.F.);
#1275=ORIENTED_EDGE('',*,*,#784,.F.);
#1276=ORIENTED_EDGE('',*,*,#786,.F.);
#1277=ORIENTED_EDGE('',*,*,#788,.F.);
#1278=ORIENTED_EDGE('',*,*,#790,.F.);
#1279=ORIENTED_EDGE('',*,*,#792,.F.);
#1280=ORIENTED_EDGE('',*,*,#794,.F.);
#1281=ORIENTED_EDGE('',*,*,#796,.F.);
#1282=ORIENTED_EDGE('',*,*,#798,.F.);
#1283=ORIENTED_EDGE('',*,*,#800,.F.);
#1284=ORIENTED_EDGE('',*,*,#802,.F.);
#1285=ORIENTED_EDGE('',*,*,#804,.F.);
#1286=ORIENTED_EDGE('',*,*,#806,.F.);
#1287=ORIENTED_EDGE('',*,*,#766,.T.);
#1288=ORIENTED_EDGE('',*,*,#763,.T.);
#1289=ORIENTED_EDGE('',*,*,#760,.T.);
#1290=ORIENTED_EDGE('',*,*,#757,.T.);
#1291=(
BOUNDED_SURFACE()
B_SPLINE_SURFACE(3,1,((#1581,#1582),(#1583,#1584),(#1585,#1586),(#1587,
#1588)),.UNSPECIFIED.,.F.,.F.,.F.)
B_SPLINE_SURFACE_WITH_KNOTS((4,4),(2,2),(-1.,0.),(0.,0.05),
 .UNSPECIFIED.)
GEOMETRIC_REPRESENTATION_ITEM()
RATIONAL_B_SPLINE_SURFACE(((1.,1.),(1.,1.),(1.,1.),(1.,1.)))
REPRESENTATION_ITEM('')
SURFACE()
);
#1292=(
BOUNDED_SURFACE()
B_SPLINE_SURFACE(3,1,((#1603,#1604),(#1605,#1606),(#1607,#1608),(#1609,
#1610)),.UNSPECIFIED.,.F.,.F.,.F.)
B_SPLINE_SURFACE_WITH_KNOTS((4,4),(2,2),(0.,1.),(0.,0.05),.UNSPECIFIED.)
GEOMETRIC_REPRESENTATION_ITEM()
RATIONAL_B_SPLINE_SURFACE(((1.,1.),(1.,1.),(1.,1.),(1.,1.)))
REPRESENTATION_ITEM('')
SURFACE()
);
#1293=(
BOUNDED_SURFACE()
B_SPLINE_SURFACE(3,1,((#1622,#1623),(#1624,#1625),(#1626,#1627),(#1628,
#1629)),.UNSPECIFIED.,.F.,.F.,.F.)
B_SPLINE_SURFACE_WITH_KNOTS((4,4),(2,2),(0.,1.),(0.,0.05),.UNSPECIFIED.)
GEOMETRIC_REPRESENTATION_ITEM()
RATIONAL_B_SPLINE_SURFACE(((1.,1.),(1.,1.),(1.,1.),(1.,1.)))
REPRESENTATION_ITEM('')
SURFACE()
);
#1294=(
BOUNDED_SURFACE()
B_SPLINE_SURFACE(3,1,((#1641,#1642),(#1643,#1644),(#1645,#1646),(#1647,
#1648)),.UNSPECIFIED.,.F.,.F.,.F.)
B_SPLINE_SURFACE_WITH_KNOTS((4,4),(2,2),(0.,1.),(0.,0.05),.UNSPECIFIED.)
GEOMETRIC_REPRESENTATION_ITEM()
RATIONAL_B_SPLINE_SURFACE(((1.,1.),(1.,1.),(1.,1.),(1.,1.)))
REPRESENTATION_ITEM('')
SURFACE()
);
#1295=(
BOUNDED_SURFACE()
B_SPLINE_SURFACE(3,1,((#1660,#1661),(#1662,#1663),(#1664,#1665),(#1666,
#1667)),.UNSPECIFIED.,.F.,.F.,.F.)
B_SPLINE_SURFACE_WITH_KNOTS((4,4),(2,2),(0.,1.),(0.,0.05),.UNSPECIFIED.)
GEOMETRIC_REPRESENTATION_ITEM()
RATIONAL_B_SPLINE_SURFACE(((1.,1.),(1.,1.),(1.,1.),(1.,1.)))
REPRESENTATION_ITEM('')
SURFACE()
);
#1296=(
BOUNDED_SURFACE()
B_SPLINE_SURFACE(3,1,((#1679,#1680),(#1681,#1682),(#1683,#1684),(#1685,
#1686)),.UNSPECIFIED.,.F.,.F.,.F.)
B_SPLINE_SURFACE_WITH_KNOTS((4,4),(2,2),(0.,1.),(0.,0.05),.UNSPECIFIED.)
GEOMETRIC_REPRESENTATION_ITEM()
RATIONAL_B_SPLINE_SURFACE(((1.,1.),(1.,1.),(1.,1.),(1.,1.)))
REPRESENTATION_ITEM('')
SURFACE()
);
#1297=(
BOUNDED_SURFACE()
B_SPLINE_SURFACE(3,1,((#1698,#1699),(#1700,#1701),(#1702,#1703),(#1704,
#1705)),.UNSPECIFIED.,.F.,.F.,.F.)
B_SPLINE_SURFACE_WITH_KNOTS((4,4),(2,2),(0.,1.),(0.,0.05),.UNSPECIFIED.)
GEOMETRIC_REPRESENTATION_ITEM()
RATIONAL_B_SPLINE_SURFACE(((1.,1.),(1.,1.),(1.,1.),(1.,1.)))
REPRESENTATION_ITEM('')
SURFACE()
);
#1298=(
BOUNDED_SURFACE()
B_SPLINE_SURFACE(3,1,((#1717,#1718),(#1719,#1720),(#1721,#1722),(#1723,
#1724)),.UNSPECIFIED.,.F.,.F.,.F.)
B_SPLINE_SURFACE_WITH_KNOTS((4,4),(2,2),(0.,1.),(0.,0.05),.UNSPECIFIED.)
GEOMETRIC_REPRESENTATION_ITEM()
RATIONAL_B_SPLINE_SURFACE(((1.,1.),(1.,1.),(1.,1.),(1.,1.)))
REPRESENTATION_ITEM('')
SURFACE()
);
#1299=(
BOUNDED_SURFACE()
B_SPLINE_SURFACE(3,1,((#1736,#1737),(#1738,#1739),(#1740,#1741),(#1742,
#1743)),.UNSPECIFIED.,.F.,.F.,.F.)
B_SPLINE_SURFACE_WITH_KNOTS((4,4),(2,2),(0.,1.),(0.,0.05),.UNSPECIFIED.)
GEOMETRIC_REPRESENTATION_ITEM()
RATIONAL_B_SPLINE_SURFACE(((1.,1.),(1.,1.),(1.,1.),(1.,1.)))
REPRESENTATION_ITEM('')
SURFACE()
);
#1300=(
BOUNDED_SURFACE()
B_SPLINE_SURFACE(3,1,((#1755,#1756),(#1757,#1758),(#1759,#1760),(#1761,
#1762)),.UNSPECIFIED.,.F.,.F.,.F.)
B_SPLINE_SURFACE_WITH_KNOTS((4,4),(2,2),(0.,1.),(0.,0.05),.UNSPECIFIED.)
GEOMETRIC_REPRESENTATION_ITEM()
RATIONAL_B_SPLINE_SURFACE(((1.,1.),(1.,1.),(1.,1.),(1.,1.)))
REPRESENTATION_ITEM('')
SURFACE()
);
#1301=(
BOUNDED_SURFACE()
B_SPLINE_SURFACE(3,1,((#1774,#1775),(#1776,#1777),(#1778,#1779),(#1780,
#1781)),.UNSPECIFIED.,.F.,.F.,.F.)
B_SPLINE_SURFACE_WITH_KNOTS((4,4),(2,2),(0.,1.),(0.,0.05),.UNSPECIFIED.)
GEOMETRIC_REPRESENTATION_ITEM()
RATIONAL_B_SPLINE_SURFACE(((1.,1.),(1.,1.),(1.,1.),(1.,1.)))
REPRESENTATION_ITEM('')
SURFACE()
);
#1302=(
BOUNDED_SURFACE()
B_SPLINE_SURFACE(3,1,((#1793,#1794),(#1795,#1796),(#1797,#1798),(#1799,
#1800)),.UNSPECIFIED.,.F.,.F.,.F.)
B_SPLINE_SURFACE_WITH_KNOTS((4,4),(2,2),(0.,1.),(0.,0.05),.UNSPECIFIED.)
GEOMETRIC_REPRESENTATION_ITEM()
RATIONAL_B_SPLINE_SURFACE(((1.,1.),(1.,1.),(1.,1.),(1.,1.)))
REPRESENTATION_ITEM('')
SURFACE()
);
#1303=(
BOUNDED_SURFACE()
B_SPLINE_SURFACE(3,1,((#1812,#1813),(#1814,#1815),(#1816,#1817),(#1818,
#1819)),.UNSPECIFIED.,.F.,.F.,.F.)
B_SPLINE_SURFACE_WITH_KNOTS((4,4),(2,2),(0.,1.),(0.,0.05),.UNSPECIFIED.)
GEOMETRIC_REPRESENTATION_ITEM()
RATIONAL_B_SPLINE_SURFACE(((1.,1.),(1.,1.),(1.,1.),(1.,1.)))
REPRESENTATION_ITEM('')
SURFACE()
);
#1304=(
BOUNDED_SURFACE()
B_SPLINE_SURFACE(3,1,((#1831,#1832),(#1833,#1834),(#1835,#1836),(#1837,
#1838)),.UNSPECIFIED.,.F.,.F.,.F.)
B_SPLINE_SURFACE_WITH_KNOTS((4,4),(2,2),(0.997021848147124,1.),(0.,0.05),
 .UNSPECIFIED.)
GEOMETRIC_REPRESENTATION_ITEM()
RATIONAL_B_SPLINE_SURFACE(((1.,1.),(1.,1.),(1.,1.),(1.,1.)))
REPRESENTATION_ITEM('')
SURFACE()
);
#1305=(
BOUNDED_SURFACE()
B_SPLINE_SURFACE(3,1,((#1850,#1851),(#1852,#1853),(#1854,#1855),(#1856,
#1857)),.UNSPECIFIED.,.F.,.F.,.F.)
B_SPLINE_SURFACE_WITH_KNOTS((4,4),(2,2),(-1.,-0.993893311931999),(0.,0.05),
 .UNSPECIFIED.)
GEOMETRIC_REPRESENTATION_ITEM()
RATIONAL_B_SPLINE_SURFACE(((1.,1.),(1.,1.),(1.,1.),(1.,1.)))
REPRESENTATION_ITEM('')
SURFACE()
);
#1306=(
BOUNDED_SURFACE()
B_SPLINE_SURFACE(5,1,((#3249,#3250),(#3251,#3252),(#3253,#3254),(#3255,
#3256),(#3257,#3258),(#3259,#3260),(#3261,#3262),(#3263,#3264),(#3265,#3266),
(#3267,#3268),(#3269,#3270),(#3271,#3272),(#3273,#3274),(#3275,#3276),(#3277,
#3278),(#3279,#3280),(#3281,#3282),(#3283,#3284),(#3285,#3286),(#3287,#3288),
(#3289,#3290),(#3291,#3292),(#3293,#3294),(#3295,#3296),(#3297,#3298),(#3299,
#3300),(#3301,#3302),(#3303,#3304),(#3305,#3306),(#3307,#3308),(#3309,#3310),
(#3311,#3312),(#3313,#3314),(#3315,#3316),(#3317,#3318),(#3319,#3320),(#3321,
#3322),(#3323,#3324),(#3325,#3326),(#3327,#3328),(#3329,#3330),(#3331,#3332),
(#3333,#3334),(#3335,#3336),(#3337,#3338),(#3339,#3340),(#3341,#3342),(#3343,
#3344),(#3345,#3346),(#3347,#3348),(#3349,#3350),(#3351,#3352),(#3353,#3354),
(#3355,#3356),(#3357,#3358),(#3359,#3360),(#3361,#3362),(#3363,#3364),(#3365,
#3366),(#3367,#3368),(#3369,#3370),(#3371,#3372),(#3373,#3374),(#3375,#3376),
(#3377,#3378),(#3379,#3380),(#3381,#3382),(#3383,#3384),(#3385,#3386),(#3387,
#3388),(#3389,#3390),(#3391,#3392),(#3393,#3394),(#3395,#3396),(#3397,#3398),
(#3399,#3400),(#3401,#3402),(#3403,#3404),(#3405,#3406),(#3407,#3408),(#3409,
#3410),(#3411,#3412),(#3413,#3414),(#3415,#3416),(#3417,#3418),(#3419,#3420),
(#3421,#3422),(#3423,#3424),(#3425,#3426),(#3427,#3428)),.UNSPECIFIED.,
 .F.,.F.,.F.)
B_SPLINE_SURFACE_WITH_KNOTS((6,1,1,1,1,1,1,1,1,1,1,1,1,1,1,1,1,1,1,1,1,
1,1,1,1,1,1,1,1,1,1,1,1,1,1,1,1,1,1,1,1,1,1,1,1,1,1,1,1,1,1,1,1,1,1,1,1,
1,1,1,1,1,1,1,1,1,1,1,1,1,1,1,1,1,1,1,1,1,1,1,1,1,1,1,1,6),(2,2),(-0.88764781821849,
-0.886075949367093,-0.883544303797472,-0.881012658227852,-0.878481012658232,
-0.875949367088612,-0.873417721518991,-0.870886075949371,-0.868354430379751,
-0.865822784810131,-0.86329113924051,-0.86075949367089,-0.85822784810127,
-0.855696202531649,-0.853164556962029,-0.850632911392409,-0.848101265822789,
-0.845569620253168,-0.843037974683548,-0.840506329113928,-0.837974683544308,
-0.835443037974687,-0.832911392405067,-0.830379746835447,-0.827848101265827,
-0.825316455696206,-0.822784810126586,-0.820253164556966,-0.817721518987345,
-0.815189873417725,-0.812658227848105,-0.810126582278485,-0.807594936708864,
-0.805063291139244,-0.802531645569624,-0.800000000000004,-0.797468354430383,
-0.794936708860763,-0.792405063291143,-0.789873417721523,-0.787341772151902,
-0.784810126582282,-0.782278481012662,-0.779746835443041,-0.777215189873421,
-0.774683544303801,-0.772151898734181,-0.76962025316456,-0.76708860759494,
-0.76455696202532,-0.7620253164557,-0.759493670886079,-0.756962025316459,
-0.754430379746839,-0.751898734177219,-0.749367088607598,-0.746835443037978,
-0.744303797468358,-0.741772151898737,-0.739240506329117,-0.736708860759497,
-0.734177215189877,-0.731645569620256,-0.729113924050636,-0.726582278481016,
-0.724050632911396,-0.721518987341775,-0.718987341772155,-0.716455696202535,
-0.713924050632915,-0.711392405063294,-0.708860759493674,-0.706329113924054,
-0.703797468354433,-0.701265822784813,-0.698734177215193,-0.696202531645573,
-0.693670886075952,-0.691139240506332,-0.688607594936712,-0.686075949367092,
-0.683544303797471,-0.681012658227851,-0.678481012658231,-0.675949367088611,
-0.674703871166854),(0.,0.45),.UNSPECIFIED.)
GEOMETRIC_REPRESENTATION_ITEM()
RATIONAL_B_SPLINE_SURFACE(((1.,1.),(1.,1.),(1.,1.),(1.,1.),(1.,1.),(1.,
1.),(1.,1.),(1.,1.),(1.,1.),(1.,1.),(1.,1.),(1.,1.),(1.,1.),(1.,1.),(1.,
1.),(1.,1.),(1.,1.),(1.,1.),(1.,1.),(1.,1.),(1.,1.),(1.,1.),(1.,1.),(1.,
1.),(1.,1.),(1.,1.),(1.,1.),(1.,1.),(1.,1.),(1.,1.),(1.,1.),(1.,1.),(1.,
1.),(1.,1.),(1.,1.),(1.,1.),(1.,1.),(1.,1.),(1.,1.),(1.,1.),(1.,1.),(1.,
1.),(1.,1.),(1.,1.),(1.,1.),(1.,1.),(1.,1.),(1.,1.),(1.,1.),(1.,1.),(1.,
1.),(1.,1.),(1.,1.),(1.,1.),(1.,1.),(1.,1.),(1.,1.),(1.,1.),(1.,1.),(1.,
1.),(1.,1.),(1.,1.),(1.,1.),(1.,1.),(1.,1.),(1.,1.),(1.,1.),(1.,1.),(1.,
1.),(1.,1.),(1.,1.),(1.,1.),(1.,1.),(1.,1.),(1.,1.),(1.,1.),(1.,1.),(1.,
1.),(1.,1.),(1.,1.),(1.,1.),(1.,1.),(1.,1.),(1.,1.),(1.,1.),(1.,1.),(1.,
1.),(1.,1.),(1.,1.),(1.,1.)))
REPRESENTATION_ITEM('')
SURFACE()
);
#1307=(
BOUNDED_SURFACE()
B_SPLINE_SURFACE(5,1,((#3521,#3522),(#3523,#3524),(#3525,#3526),(#3527,
#3528),(#3529,#3530),(#3531,#3532),(#3533,#3534),(#3535,#3536),(#3537,#3538),
(#3539,#3540)),.UNSPECIFIED.,.F.,.F.,.F.)
B_SPLINE_SURFACE_WITH_KNOTS((6,1,1,1,1,6),(2,2),(0.581901830634125,0.6,
0.65,0.7,0.75,0.782543583431821),(0.,0.45),.UNSPECIFIED.)
GEOMETRIC_REPRESENTATION_ITEM()
RATIONAL_B_SPLINE_SURFACE(((1.,1.),(1.,1.),(1.,1.),(1.,1.),(1.,1.),(1.,
1.),(1.,1.),(1.,1.),(1.,1.),(1.,1.)))
REPRESENTATION_ITEM('')
SURFACE()
);
#1308=(
BOUNDED_SURFACE()
B_SPLINE_SURFACE(5,1,((#3553,#3554),(#3555,#3556),(#3557,#3558),(#3559,
#3560),(#3561,#3562),(#3563,#3564),(#3565,#3566),(#3567,#3568),(#3569,#3570),
(#3571,#3572),(#3573,#3574),(#3575,#3576),(#3577,#3578),(#3579,#3580),(#3581,
#3582),(#3583,#3584),(#3585,#3586),(#3587,#3588),(#3589,#3590),(#3591,#3592),
(#3593,#3594),(#3595,#3596),(#3597,#3598),(#3599,#3600),(#3601,#3602),(#3603,
#3604),(#3605,#3606),(#3607,#3608),(#3609,#3610),(#3611,#3612),(#3613,#3614),
(#3615,#3616)),.UNSPECIFIED.,.F.,.F.,.F.)
B_SPLINE_SURFACE_WITH_KNOTS((6,1,1,1,1,1,1,1,1,1,1,1,1,1,1,1,1,1,1,1,1,
1,1,1,1,1,1,6),(2,2),(-0.961791643052653,-0.95949367088608,-0.95696202531646,
-0.95443037974684,-0.95189873417722,-0.949367088607599,-0.946835443037979,
-0.944303797468359,-0.941772151898738,-0.939240506329118,-0.936708860759498,
-0.934177215189878,-0.931645569620257,-0.929113924050637,-0.926582278481017,
-0.924050632911396,-0.921518987341776,-0.918987341772156,-0.916455696202536,
-0.913924050632916,-0.911392405063295,-0.908860759493675,-0.906329113924055,
-0.903797468354434,-0.901265822784814,-0.898734177215194,-0.896202531645574,
-0.894025296487125),(0.,0.45),.UNSPECIFIED.)
GEOMETRIC_REPRESENTATION_ITEM()
RATIONAL_B_SPLINE_SURFACE(((1.,1.),(1.,1.),(1.,1.),(1.,1.),(1.,1.),(1.,
1.),(1.,1.),(1.,1.),(1.,1.),(1.,1.),(1.,1.),(1.,1.),(1.,1.),(1.,1.),(1.,
1.),(1.,1.),(1.,1.),(1.,1.),(1.,1.),(1.,1.),(1.,1.),(1.,1.),(1.,1.),(1.,
1.),(1.,1.),(1.,1.),(1.,1.),(1.,1.),(1.,1.),(1.,1.),(1.,1.),(1.,1.)))
REPRESENTATION_ITEM('')
SURFACE()
);
#1309=(
BOUNDED_SURFACE()
B_SPLINE_SURFACE(5,1,((#3651,#3652),(#3653,#3654),(#3655,#3656),(#3657,
#3658),(#3659,#3660),(#3661,#3662)),.UNSPECIFIED.,.F.,.F.,.F.)
B_SPLINE_SURFACE_WITH_KNOTS((6,6),(2,2),(0.971321898793339,0.978816650096156),
(0.,0.45),.UNSPECIFIED.)
GEOMETRIC_REPRESENTATION_ITEM()
RATIONAL_B_SPLINE_SURFACE(((1.,1.),(1.,1.),(1.,1.),(1.,1.),(1.,1.),(1.,
1.)))
REPRESENTATION_ITEM('')
SURFACE()
);
#1310=(
BOUNDED_SURFACE()
B_SPLINE_SURFACE(5,1,((#3671,#3672),(#3673,#3674),(#3675,#3676),(#3677,
#3678),(#3679,#3680),(#3681,#3682),(#3683,#3684),(#3685,#3686),(#3687,#3688),
(#3689,#3690),(#3691,#3692),(#3693,#3694),(#3695,#3696),(#3697,#3698),(#3699,
#3700),(#3701,#3702),(#3703,#3704),(#3705,#3706),(#3707,#3708)),
 .UNSPECIFIED.,.F.,.F.,.F.)
B_SPLINE_SURFACE_WITH_KNOTS((6,1,1,1,1,1,1,1,1,1,1,1,1,1,6),(2,2),(-1.,
-0.997468354430384,-0.994936708860764,-0.992405063291144,-0.989873417721524,
-0.987341772151903,-0.984810126582283,-0.982278481012663,-0.979746835443042,
-0.977215189873422,-0.974683544303802,-0.972151898734182,-0.969620253164561,
-0.967088607594941,-0.966355092177615),(0.,0.45),.UNSPECIFIED.)
GEOMETRIC_REPRESENTATION_ITEM()
RATIONAL_B_SPLINE_SURFACE(((1.,1.),(1.,1.),(1.,1.),(1.,1.),(1.,1.),(1.,
1.),(1.,1.),(1.,1.),(1.,1.),(1.,1.),(1.,1.),(1.,1.),(1.,1.),(1.,1.),(1.,
1.),(1.,1.),(1.,1.),(1.,1.),(1.,1.)))
REPRESENTATION_ITEM('')
SURFACE()
);
#1311=(
BOUNDED_SURFACE()
B_SPLINE_SURFACE(5,1,((#3730,#3731),(#3732,#3733),(#3734,#3735),(#3736,
#3737),(#3738,#3739),(#3740,#3741),(#3742,#3743),(#3744,#3745),(#3746,#3747),
(#3748,#3749),(#3750,#3751),(#3752,#3753),(#3754,#3755),(#3756,#3757),(#3758,
#3759),(#3760,#3761),(#3762,#3763),(#3764,#3765),(#3766,#3767),(#3768,#3769),
(#3770,#3771),(#3772,#3773),(#3774,#3775),(#3776,#3777),(#3778,#3779),(#3780,
#3781),(#3782,#3783),(#3784,#3785),(#3786,#3787),(#3788,#3789),(#3790,#3791),
(#3792,#3793),(#3794,#3795),(#3796,#3797),(#3798,#3799),(#3800,#3801),(#3802,
#3803),(#3804,#3805),(#3806,#3807),(#3808,#3809),(#3810,#3811),(#3812,#3813),
(#3814,#3815),(#3816,#3817),(#3818,#3819),(#3820,#3821),(#3822,#3823),(#3824,
#3825),(#3826,#3827),(#3828,#3829),(#3830,#3831),(#3832,#3833),(#3834,#3835),
(#3836,#3837),(#3838,#3839),(#3840,#3841),(#3842,#3843),(#3844,#3845),(#3846,
#3847),(#3848,#3849),(#3850,#3851),(#3852,#3853),(#3854,#3855),(#3856,#3857),
(#3858,#3859),(#3860,#3861),(#3862,#3863),(#3864,#3865),(#3866,#3867),(#3868,
#3869),(#3870,#3871),(#3872,#3873),(#3874,#3875),(#3876,#3877),(#3878,#3879),
(#3880,#3881),(#3882,#3883),(#3884,#3885),(#3886,#3887),(#3888,#3889),(#3890,
#3891),(#3892,#3893),(#3894,#3895),(#3896,#3897),(#3898,#3899),(#3900,#3901),
(#3902,#3903),(#3904,#3905),(#3906,#3907),(#3908,#3909),(#3910,#3911),(#3912,
#3913),(#3914,#3915),(#3916,#3917),(#3918,#3919),(#3920,#3921),(#3922,#3923),
(#3924,#3925),(#3926,#3927),(#3928,#3929),(#3930,#3931),(#3932,#3933),(#3934,
#3935),(#3936,#3937),(#3938,#3939),(#3940,#3941),(#3942,#3943),(#3944,#3945),
(#3946,#3947),(#3948,#3949),(#3950,#3951),(#3952,#3953),(#3954,#3955),(#3956,
#3957),(#3958,#3959),(#3960,#3961),(#3962,#3963),(#3964,#3965),(#3966,#3967),
(#3968,#3969),(#3970,#3971),(#3972,#3973),(#3974,#3975),(#3976,#3977),(#3978,
#3979),(#3980,#3981),(#3982,#3983),(#3984,#3985),(#3986,#3987),(#3988,#3989),
(#3990,#3991),(#3992,#3993),(#3994,#3995),(#3996,#3997),(#3998,#3999),(#4000,
#4001),(#4002,#4003),(#4004,#4005),(#4006,#4007),(#4008,#4009),(#4010,#4011),
(#4012,#4013),(#4014,#4015),(#4016,#4017),(#4018,#4019),(#4020,#4021),(#4022,
#4023),(#4024,#4025),(#4026,#4027),(#4028,#4029),(#4030,#4031),(#4032,#4033),
(#4034,#4035),(#4036,#4037),(#4038,#4039),(#4040,#4041),(#4042,#4043),(#4044,
#4045),(#4046,#4047),(#4048,#4049),(#4050,#4051),(#4052,#4053),(#4054,#4055),
(#4056,#4057),(#4058,#4059),(#4060,#4061)),.UNSPECIFIED.,.F.,.F.,.F.)
B_SPLINE_SURFACE_WITH_KNOTS((6,1,1,1,1,1,1,1,1,1,1,1,1,1,1,1,1,1,1,1,1,
1,1,1,1,1,1,1,1,1,1,1,1,1,1,1,1,1,1,1,1,1,1,1,1,1,1,1,1,1,1,1,1,1,1,1,1,
1,1,1,1,1,1,1,1,1,1,1,1,1,1,1,1,1,1,1,1,1,1,1,1,1,1,1,1,1,1,1,1,1,1,1,1,
1,1,1,1,1,1,1,1,1,1,1,1,1,1,1,1,1,1,1,1,1,1,1,1,1,1,1,1,1,1,1,1,1,1,1,1,
1,1,1,1,1,1,1,1,1,1,1,1,1,1,1,1,1,1,1,1,1,1,1,1,1,1,1,1,1,1,1,1,6),(2,2),
(-0.843309513040435,-0.842105263157896,-0.836842105263159,-0.831578947368423,
-0.826315789473686,-0.821052631578949,-0.815789473684212,-0.810526315789475,
-0.805263157894738,-0.800000000000002,-0.794736842105265,-0.789473684210528,
-0.784210526315791,-0.778947368421054,-0.773684210526317,-0.76842105263158,
-0.763157894736843,-0.757894736842107,-0.75263157894737,-0.747368421052633,
-0.742105263157896,-0.736842105263159,-0.731578947368422,-0.726315789473685,
-0.721052631578949,-0.715789473684212,-0.710526315789475,-0.705263157894738,
-0.700000000000001,-0.694736842105264,-0.689473684210527,-0.684210526315791,
-0.678947368421054,-0.673684210526317,-0.66842105263158,-0.663157894736843,
-0.657894736842106,-0.652631578947369,-0.647368421052633,-0.642105263157896,
-0.636842105263159,-0.631578947368422,-0.626315789473685,-0.621052631578948,
-0.615789473684211,-0.610526315789475,-0.605263157894738,-0.600000000000001,
-0.594736842105264,-0.589473684210527,-0.58421052631579,-0.578947368421053,
-0.573684210526317,-0.56842105263158,-0.563157894736843,-0.557894736842106,
-0.552631578947369,-0.547368421052632,-0.542105263157895,-0.536842105263159,
-0.531578947368422,-0.526315789473685,-0.521052631578948,-0.515789473684211,
-0.510526315789474,-0.505263157894737,-0.500000000000001,-0.494736842105264,
-0.489473684210527,-0.48421052631579,-0.478947368421053,-0.473684210526316,
-0.468421052631579,-0.463157894736843,-0.457894736842106,-0.452631578947369,
-0.447368421052632,-0.442105263157895,-0.436842105263158,-0.431578947368421,
-0.426315789473684,-0.421052631578948,-0.415789473684211,-0.410526315789474,
-0.405263157894737,-0.4,-0.394736842105263,-0.389473684210527,-0.38421052631579,
-0.378947368421053,-0.373684210526316,-0.368421052631579,-0.363157894736842,
-0.357894736842105,-0.352631578947369,-0.347368421052632,-0.342105263157895,
-0.336842105263158,-0.331578947368421,-0.326315789473684,-0.321052631578947,
-0.315789473684211,-0.310526315789474,-0.305263157894737,-0.3,-0.294736842105263,
-0.289473684210526,-0.284210526315789,-0.278947368421052,-0.273684210526316,
-0.268421052631579,-0.263157894736842,-0.257894736842105,-0.252631578947368,
-0.247368421052631,-0.242105263157894,-0.236842105263158,-0.231578947368421,
-0.226315789473684,-0.221052631578947,-0.21578947368421,-0.210526315789474,
-0.205263157894737,-0.2,-0.194736842105263,-0.189473684210526,-0.184210526315789,
-0.178947368421053,-0.173684210526316,-0.168421052631579,-0.163157894736842,
-0.157894736842105,-0.152631578947368,-0.147368421052632,-0.142105263157895,
-0.136842105263158,-0.131578947368421,-0.126315789473684,-0.121052631578947,
-0.115789473684211,-0.110526315789474,-0.105263157894737,-0.1,-0.0947368421052632,
-0.0894736842105263,-0.0842105263157895,-0.0789473684210527,-0.0736842105263158,
-0.068421052631579,-0.0631578947368421,-0.0578947368421053,-0.0526315789473684,
-0.0473684210526316,-0.0421052631578947,-0.0368421052631579,-0.031578947368421,
-0.0263157894736842,-0.0210526315789474,-0.0157894736842105,-0.0105263157894737,
-0.00526315789473684,0.),(0.,0.45),.UNSPECIFIED.)
GEOMETRIC_REPRESENTATION_ITEM()
RATIONAL_B_SPLINE_SURFACE(((1.,1.),(1.,1.),(1.,1.),(1.,1.),(1.,1.),(1.,
1.),(1.,1.),(1.,1.),(1.,1.),(1.,1.),(1.,1.),(1.,1.),(1.,1.),(1.,1.),(1.,
1.),(1.,1.),(1.,1.),(1.,1.),(1.,1.),(1.,1.),(1.,1.),(1.,1.),(1.,1.),(1.,
1.),(1.,1.),(1.,1.),(1.,1.),(1.,1.),(1.,1.),(1.,1.),(1.,1.),(1.,1.),(1.,
1.),(1.,1.),(1.,1.),(1.,1.),(1.,1.),(1.,1.),(1.,1.),(1.,1.),(1.,1.),(1.,
1.),(1.,1.),(1.,1.),(1.,1.),(1.,1.),(1.,1.),(1.,1.),(1.,1.),(1.,1.),(1.,
1.),(1.,1.),(1.,1.),(1.,1.),(1.,1.),(1.,1.),(1.,1.),(1.,1.),(1.,1.),(1.,
1.),(1.,1.),(1.,1.),(1.,1.),(1.,1.),(1.,1.),(1.,1.),(1.,1.),(1.,1.),(1.,
1.),(1.,1.),(1.,1.),(1.,1.),(1.,1.),(1.,1.),(1.,1.),(1.,1.),(1.,1.),(1.,
1.),(1.,1.),(1.,1.),(1.,1.),(1.,1.),(1.,1.),(1.,1.),(1.,1.),(1.,1.),(1.,
1.),(1.,1.),(1.,1.),(1.,1.),(1.,1.),(1.,1.),(1.,1.),(1.,1.),(1.,1.),(1.,
1.),(1.,1.),(1.,1.),(1.,1.),(1.,1.),(1.,1.),(1.,1.),(1.,1.),(1.,1.),(1.,
1.),(1.,1.),(1.,1.),(1.,1.),(1.,1.),(1.,1.),(1.,1.),(1.,1.),(1.,1.),(1.,
1.),(1.,1.),(1.,1.),(1.,1.),(1.,1.),(1.,1.),(1.,1.),(1.,1.),(1.,1.),(1.,
1.),(1.,1.),(1.,1.),(1.,1.),(1.,1.),(1.,1.),(1.,1.),(1.,1.),(1.,1.),(1.,
1.),(1.,1.),(1.,1.),(1.,1.),(1.,1.),(1.,1.),(1.,1.),(1.,1.),(1.,1.),(1.,
1.),(1.,1.),(1.,1.),(1.,1.),(1.,1.),(1.,1.),(1.,1.),(1.,1.),(1.,1.),(1.,
1.),(1.,1.),(1.,1.),(1.,1.),(1.,1.),(1.,1.),(1.,1.),(1.,1.),(1.,1.),(1.,
1.),(1.,1.),(1.,1.),(1.,1.),(1.,1.),(1.,1.),(1.,1.),(1.,1.)))
REPRESENTATION_ITEM('')
SURFACE()
);
#1312=(
BOUNDED_SURFACE()
B_SPLINE_SURFACE(5,1,((#4230,#4231),(#4232,#4233),(#4234,#4235),(#4236,
#4237),(#4238,#4239),(#4240,#4241),(#4242,#4243),(#4244,#4245),(#4246,#4247),
(#4248,#4249),(#4250,#4251),(#4252,#4253),(#4254,#4255),(#4256,#4257),(#4258,
#4259),(#4260,#4261),(#4262,#4263),(#4264,#4265),(#4266,#4267),(#4268,#4269),
(#4270,#4271)),.UNSPECIFIED.,.F.,.F.,.F.)
B_SPLINE_SURFACE_WITH_KNOTS((6,1,1,1,1,1,1,1,1,1,1,1,1,1,1,1,6),(2,2),(0.,
0.0153846153846154,0.0307692307692308,0.0461538461538462,0.0615384615384615,
0.0769230769230769,0.0923076923076923,0.107692307692308,0.123076923076923,
0.138461538461538,0.153846153846154,0.169230769230769,0.184615384615385,
0.2,0.215384615384615,0.230769230769231,0.2419362217494),(0.,0.45),
 .UNSPECIFIED.)
GEOMETRIC_REPRESENTATION_ITEM()
RATIONAL_B_SPLINE_SURFACE(((1.,1.),(1.,1.),(1.,1.),(1.,1.),(1.,1.),(1.,
1.),(1.,1.),(1.,1.),(1.,1.),(1.,1.),(1.,1.),(1.,1.),(1.,1.),(1.,1.),(1.,
1.),(1.,1.),(1.,1.),(1.,1.),(1.,1.),(1.,1.),(1.,1.)))
REPRESENTATION_ITEM('')
SURFACE()
);
#1313=(
BOUNDED_SURFACE()
B_SPLINE_SURFACE(5,1,((#4295,#4296),(#4297,#4298),(#4299,#4300),(#4301,
#4302),(#4303,#4304),(#4305,#4306),(#4307,#4308),(#4309,#4310),(#4311,#4312),
(#4313,#4314),(#4315,#4316)),.UNSPECIFIED.,.F.,.F.,.F.)
B_SPLINE_SURFACE_WITH_KNOTS((6,1,1,1,1,1,6),(2,2),(0.766385133050793,0.8,
0.84,0.88,0.92,0.96,1.),(0.,0.45),.UNSPECIFIED.)
GEOMETRIC_REPRESENTATION_ITEM()
RATIONAL_B_SPLINE_SURFACE(((1.,1.),(1.,1.),(1.,1.),(1.,1.),(1.,1.),(1.,
1.),(1.,1.),(1.,1.),(1.,1.),(1.,1.),(1.,1.)))
REPRESENTATION_ITEM('')
SURFACE()
);
#1314=(
BOUNDED_SURFACE()
B_SPLINE_SURFACE(5,1,((#4330,#4331),(#4332,#4333),(#4334,#4335),(#4336,
#4337),(#4338,#4339),(#4340,#4341),(#4342,#4343),(#4344,#4345),(#4346,#4347),
(#4348,#4349),(#4350,#4351),(#4352,#4353),(#4354,#4355),(#4356,#4357),(#4358,
#4359),(#4360,#4361),(#4362,#4363),(#4364,#4365),(#4366,#4367),(#4368,#4369),
(#4370,#4371),(#4372,#4373),(#4374,#4375),(#4376,#4377),(#4378,#4379),(#4380,
#4381),(#4382,#4383),(#4384,#4385)),.UNSPECIFIED.,.F.,.F.,.F.)
B_SPLINE_SURFACE_WITH_KNOTS((6,1,1,1,1,1,1,1,1,1,1,1,1,1,1,1,1,1,1,1,1,
1,1,6),(2,2),(-1.,-0.994736842105265,-0.989473684210528,-0.984210526315792,
-0.978947368421055,-0.973684210526318,-0.968421052631581,-0.963157894736844,
-0.957894736842107,-0.952631578947371,-0.947368421052634,-0.942105263157896,
-0.93684210526316,-0.931578947368423,-0.926315789473686,-0.921052631578949,
-0.915789473684212,-0.910526315789476,-0.905263157894738,-0.900000000000002,
-0.894736842105265,-0.889473684210528,-0.884210526315791,-0.88382037327561),
(0.,0.45),.UNSPECIFIED.)
GEOMETRIC_REPRESENTATION_ITEM()
RATIONAL_B_SPLINE_SURFACE(((1.,1.),(1.,1.),(1.,1.),(1.,1.),(1.,1.),(1.,
1.),(1.,1.),(1.,1.),(1.,1.),(1.,1.),(1.,1.),(1.,1.),(1.,1.),(1.,1.),(1.,
1.),(1.,1.),(1.,1.),(1.,1.),(1.,1.),(1.,1.),(1.,1.),(1.,1.),(1.,1.),(1.,
1.),(1.,1.),(1.,1.),(1.,1.),(1.,1.)))
REPRESENTATION_ITEM('')
SURFACE()
);
#1315=(
BOUNDED_SURFACE()
B_SPLINE_SURFACE(5,1,((#4416,#4417),(#4418,#4419),(#4420,#4421),(#4422,
#4423),(#4424,#4425),(#4426,#4427),(#4428,#4429),(#4430,#4431),(#4432,#4433),
(#4434,#4435),(#4436,#4437),(#4438,#4439),(#4440,#4441),(#4442,#4443),(#4444,
#4445),(#4446,#4447),(#4448,#4449),(#4450,#4451),(#4452,#4453),(#4454,#4455),
(#4456,#4457),(#4458,#4459),(#4460,#4461),(#4462,#4463),(#4464,#4465),(#4466,
#4467),(#4468,#4469),(#4470,#4471),(#4472,#4473),(#4474,#4475),(#4476,#4477),
(#4478,#4479),(#4480,#4481),(#4482,#4483),(#4484,#4485),(#4486,#4487),(#4488,
#4489),(#4490,#4491),(#4492,#4493),(#4494,#4495),(#4496,#4497),(#4498,#4499),
(#4500,#4501),(#4502,#4503),(#4504,#4505),(#4506,#4507),(#4508,#4509),(#4510,
#4511),(#4512,#4513),(#4514,#4515),(#4516,#4517),(#4518,#4519),(#4520,#4521),
(#4522,#4523),(#4524,#4525),(#4526,#4527),(#4528,#4529),(#4530,#4531),(#4532,
#4533),(#4534,#4535),(#4536,#4537),(#4538,#4539),(#4540,#4541),(#4542,#4543),
(#4544,#4545),(#4546,#4547),(#4548,#4549),(#4550,#4551),(#4552,#4553),(#4554,
#4555),(#4556,#4557),(#4558,#4559),(#4560,#4561),(#4562,#4563),(#4564,#4565),
(#4566,#4567),(#4568,#4569),(#4570,#4571),(#4572,#4573),(#4574,#4575),(#4576,
#4577),(#4578,#4579),(#4580,#4581),(#4582,#4583),(#4584,#4585),(#4586,#4587),
(#4588,#4589),(#4590,#4591),(#4592,#4593),(#4594,#4595),(#4596,#4597),(#4598,
#4599),(#4600,#4601),(#4602,#4603),(#4604,#4605),(#4606,#4607),(#4608,#4609),
(#4610,#4611),(#4612,#4613),(#4614,#4615),(#4616,#4617)),.UNSPECIFIED.,
 .F.,.F.,.F.)
B_SPLINE_SURFACE_WITH_KNOTS((6,1,1,1,1,1,1,1,1,1,1,1,1,1,1,1,1,1,1,1,1,
1,1,1,1,1,1,1,1,1,1,1,1,1,1,1,1,1,1,1,1,1,1,1,1,1,1,1,1,1,1,1,1,1,1,1,1,
1,1,1,1,1,1,1,1,1,1,1,1,1,1,1,1,1,1,1,1,1,1,1,1,1,1,1,1,1,1,1,1,1,1,1,1,
1,1,1,6),(2,2),(-0.709860540656216,-0.703703703703704,-0.696296296296297,
-0.68888888888889,-0.681481481481482,-0.674074074074075,-0.666666666666667,
-0.65925925925926,-0.651851851851853,-0.644444444444445,-0.637037037037038,
-0.62962962962963,-0.622222222222223,-0.614814814814815,-0.607407407407408,
-0.600000000000001,-0.592592592592593,-0.585185185185186,-0.577777777777778,
-0.570370370370371,-0.562962962962964,-0.555555555555556,-0.548148148148149,
-0.540740740740741,-0.533333333333334,-0.525925925925926,-0.518518518518519,
-0.511111111111112,-0.503703703703704,-0.496296296296297,-0.488888888888889,
-0.481481481481482,-0.474074074074075,-0.466666666666667,-0.45925925925926,
-0.451851851851852,-0.444444444444445,-0.437037037037038,-0.42962962962963,
-0.422222222222223,-0.414814814814815,-0.407407407407408,-0.4,-0.392592592592593,
-0.385185185185186,-0.377777777777778,-0.370370370370371,-0.362962962962963,
-0.355555555555556,-0.348148148148148,-0.340740740740741,-0.333333333333334,
-0.325925925925926,-0.318518518518519,-0.311111111111111,-0.303703703703704,
-0.296296296296297,-0.288888888888889,-0.281481481481482,-0.274074074074074,
-0.266666666666667,-0.259259259259259,-0.251851851851852,-0.244444444444444,
-0.237037037037037,-0.22962962962963,-0.222222222222222,-0.214814814814815,
-0.207407407407407,-0.2,-0.192592592592593,-0.185185185185185,-0.177777777777778,
-0.17037037037037,-0.162962962962963,-0.155555555555556,-0.148148148148148,
-0.140740740740741,-0.133333333333333,-0.125925925925926,-0.118518518518518,
-0.111111111111111,-0.103703703703704,-0.0962962962962963,-0.0888888888888889,
-0.0814814814814815,-0.0740740740740741,-0.0666666666666667,-0.0592592592592592,
-0.0518518518518518,-0.0444444444444444,-0.037037037037037,-0.0296296296296296,
-0.0222222222222222,-0.0148148148148148,-0.00740740740740741,0.),(0.,0.45),
 .UNSPECIFIED.)
GEOMETRIC_REPRESENTATION_ITEM()
RATIONAL_B_SPLINE_SURFACE(((1.,1.),(1.,1.),(1.,1.),(1.,1.),(1.,1.),(1.,
1.),(1.,1.),(1.,1.),(1.,1.),(1.,1.),(1.,1.),(1.,1.),(1.,1.),(1.,1.),(1.,
1.),(1.,1.),(1.,1.),(1.,1.),(1.,1.),(1.,1.),(1.,1.),(1.,1.),(1.,1.),(1.,
1.),(1.,1.),(1.,1.),(1.,1.),(1.,1.),(1.,1.),(1.,1.),(1.,1.),(1.,1.),(1.,
1.),(1.,1.),(1.,1.),(1.,1.),(1.,1.),(1.,1.),(1.,1.),(1.,1.),(1.,1.),(1.,
1.),(1.,1.),(1.,1.),(1.,1.),(1.,1.),(1.,1.),(1.,1.),(1.,1.),(1.,1.),(1.,
1.),(1.,1.),(1.,1.),(1.,1.),(1.,1.),(1.,1.),(1.,1.),(1.,1.),(1.,1.),(1.,
1.),(1.,1.),(1.,1.),(1.,1.),(1.,1.),(1.,1.),(1.,1.),(1.,1.),(1.,1.),(1.,
1.),(1.,1.),(1.,1.),(1.,1.),(1.,1.),(1.,1.),(1.,1.),(1.,1.),(1.,1.),(1.,
1.),(1.,1.),(1.,1.),(1.,1.),(1.,1.),(1.,1.),(1.,1.),(1.,1.),(1.,1.),(1.,
1.),(1.,1.),(1.,1.),(1.,1.),(1.,1.),(1.,1.),(1.,1.),(1.,1.),(1.,1.),(1.,
1.),(1.,1.),(1.,1.),(1.,1.),(1.,1.),(1.,1.)))
REPRESENTATION_ITEM('')
SURFACE()
);
#1316=(
BOUNDED_SURFACE()
B_SPLINE_SURFACE(5,1,((#4721,#4722),(#4723,#4724),(#4725,#4726),(#4727,
#4728),(#4729,#4730),(#4731,#4732),(#4733,#4734),(#4735,#4736)),
 .UNSPECIFIED.,.F.,.F.,.F.)
B_SPLINE_SURFACE_WITH_KNOTS((6,1,1,6),(2,2),(0.,0.05,0.1,0.104629078475248),
(0.,0.45),.UNSPECIFIED.)
GEOMETRIC_REPRESENTATION_ITEM()
RATIONAL_B_SPLINE_SURFACE(((1.,1.),(1.,1.),(1.,1.),(1.,1.),(1.,1.),(1.,
1.),(1.,1.),(1.,1.)))
REPRESENTATION_ITEM('')
SURFACE()
);
#1317=(
BOUNDED_SURFACE()
B_SPLINE_SURFACE(5,1,((#4747,#4748),(#4749,#4750),(#4751,#4752),(#4753,
#4754),(#4755,#4756),(#4757,#4758),(#4759,#4760),(#4761,#4762),(#4763,#4764),
(#4765,#4766),(#4767,#4768),(#4769,#4770),(#4771,#4772),(#4773,#4774)),
 .UNSPECIFIED.,.F.,.F.,.F.)
B_SPLINE_SURFACE_WITH_KNOTS((6,1,1,1,1,1,1,1,1,6),(2,2),(0.43747835060701,
0.466666666666667,0.533333333333333,0.6,0.666666666666667,0.733333333333333,
0.8,0.866666666666667,0.933333333333333,1.),(0.,0.45),.UNSPECIFIED.)
GEOMETRIC_REPRESENTATION_ITEM()
RATIONAL_B_SPLINE_SURFACE(((1.,1.),(1.,1.),(1.,1.),(1.,1.),(1.,1.),(1.,
1.),(1.,1.),(1.,1.),(1.,1.),(1.,1.),(1.,1.),(1.,1.),(1.,1.),(1.,1.)))
REPRESENTATION_ITEM('')
SURFACE()
);
#1318=(
BOUNDED_SURFACE()
B_SPLINE_SURFACE(5,1,((#4791,#4792),(#4793,#4794),(#4795,#4796),(#4797,
#4798),(#4799,#4800),(#4801,#4802),(#4803,#4804),(#4805,#4806),(#4807,#4808),
(#4809,#4810),(#4811,#4812),(#4813,#4814),(#4815,#4816),(#4817,#4818),(#4819,
#4820),(#4821,#4822),(#4823,#4824),(#4825,#4826),(#4827,#4828),(#4829,#4830),
(#4831,#4832),(#4833,#4834),(#4835,#4836),(#4837,#4838),(#4839,#4840),(#4841,
#4842),(#4843,#4844),(#4845,#4846),(#4847,#4848),(#4849,#4850),(#4851,#4852),
(#4853,#4854),(#4855,#4856),(#4857,#4858)),.UNSPECIFIED.,.F.,.F.,.F.)
B_SPLINE_SURFACE_WITH_KNOTS((6,1,1,1,1,1,1,1,1,1,1,1,1,1,1,1,1,1,1,1,1,
1,1,1,1,1,1,1,1,6),(2,2),(-1.,-0.992592592592594,-0.985185185185187,-0.977777777777779,
-0.970370370370372,-0.962962962962964,-0.955555555555557,-0.948148148148149,
-0.940740740740742,-0.933333333333334,-0.925925925925927,-0.91851851851852,
-0.911111111111112,-0.903703703703705,-0.896296296296297,-0.88888888888889,
-0.881481481481483,-0.874074074074075,-0.866666666666668,-0.85925925925926,
-0.851851851851853,-0.844444444444445,-0.837037037037038,-0.829629629629631,
-0.822222222222223,-0.814814814814816,-0.807407407407408,-0.800000000000001,
-0.792592592592593,-0.790187301626558),(0.,0.45),.UNSPECIFIED.)
GEOMETRIC_REPRESENTATION_ITEM()
RATIONAL_B_SPLINE_SURFACE(((1.,1.),(1.,1.),(1.,1.),(1.,1.),(1.,1.),(1.,
1.),(1.,1.),(1.,1.),(1.,1.),(1.,1.),(1.,1.),(1.,1.),(1.,1.),(1.,1.),(1.,
1.),(1.,1.),(1.,1.),(1.,1.),(1.,1.),(1.,1.),(1.,1.),(1.,1.),(1.,1.),(1.,
1.),(1.,1.),(1.,1.),(1.,1.),(1.,1.),(1.,1.),(1.,1.),(1.,1.),(1.,1.),(1.,
1.),(1.,1.)))
REPRESENTATION_ITEM('')
SURFACE()
);
#1319=(
BOUNDED_SURFACE()
B_SPLINE_SURFACE(5,1,((#4895,#4896),(#4897,#4898),(#4899,#4900),(#4901,
#4902),(#4903,#4904),(#4905,#4906),(#4907,#4908),(#4909,#4910),(#4911,#4912),
(#4913,#4914),(#4915,#4916)),.UNSPECIFIED.,.F.,.F.,.F.)
B_SPLINE_SURFACE_WITH_KNOTS((6,1,1,1,1,1,6),(2,2),(-0.0149567047586727,
-0.0126582278481013,-0.010126582278481,-0.00759493670886076,-0.00506329113924051,
-0.00253164556962025,0.),(0.,0.45),.UNSPECIFIED.)
GEOMETRIC_REPRESENTATION_ITEM()
RATIONAL_B_SPLINE_SURFACE(((1.,1.),(1.,1.),(1.,1.),(1.,1.),(1.,1.),(1.,
1.),(1.,1.),(1.,1.),(1.,1.),(1.,1.),(1.,1.)))
REPRESENTATION_ITEM('')
SURFACE()
);
#1320=(
BOUNDED_SURFACE()
B_SPLINE_SURFACE(5,1,((#4930,#4931),(#4932,#4933),(#4934,#4935),(#4936,
#4937),(#4938,#4939),(#4940,#4941)),.UNSPECIFIED.,.F.,.F.,.F.)
B_SPLINE_SURFACE_WITH_KNOTS((6,6),(2,2),(0.,0.00376082637134837),(0.,0.45),
 .UNSPECIFIED.)
GEOMETRIC_REPRESENTATION_ITEM()
RATIONAL_B_SPLINE_SURFACE(((1.,1.),(1.,1.),(1.,1.),(1.,1.),(1.,1.),(1.,
1.)))
REPRESENTATION_ITEM('')
SURFACE()
);
#1321=(
BOUNDED_SURFACE()
B_SPLINE_SURFACE(5,1,((#4950,#4951),(#4952,#4953),(#4954,#4955),(#4956,
#4957),(#4958,#4959),(#4960,#4961)),.UNSPECIFIED.,.F.,.F.,.F.)
B_SPLINE_SURFACE_WITH_KNOTS((6,6),(2,2),(0.994065479345996,1.),(0.,0.45),
 .UNSPECIFIED.)
GEOMETRIC_REPRESENTATION_ITEM()
RATIONAL_B_SPLINE_SURFACE(((1.,1.),(1.,1.),(1.,1.),(1.,1.),(1.,1.),(1.,
1.)))
REPRESENTATION_ITEM('')
SURFACE()
);
#1322=(
BOUNDED_SURFACE()
B_SPLINE_SURFACE(5,1,((#4970,#4971),(#4972,#4973),(#4974,#4975),(#4976,
#4977),(#4978,#4979),(#4980,#4981),(#4982,#4983),(#4984,#4985),(#4986,#4987),
(#4988,#4989),(#4990,#4991),(#4992,#4993)),.UNSPECIFIED.,.F.,.F.,.F.)
B_SPLINE_SURFACE_WITH_KNOTS((6,1,1,1,1,1,1,6),(2,2),(-0.032437293967032,
-0.030379746835443,-0.0278481012658228,-0.0253164556962025,-0.0227848101265823,
-0.020253164556962,-0.0177215189873418,-0.0163883823475985),(0.,0.45),
 .UNSPECIFIED.)
GEOMETRIC_REPRESENTATION_ITEM()
RATIONAL_B_SPLINE_SURFACE(((1.,1.),(1.,1.),(1.,1.),(1.,1.),(1.,1.),(1.,
1.),(1.,1.),(1.,1.),(1.,1.),(1.,1.),(1.,1.),(1.,1.)))
REPRESENTATION_ITEM('')
SURFACE()
);
#1323=(
BOUNDED_SURFACE()
B_SPLINE_SURFACE(5,1,((#5008,#5009),(#5010,#5011),(#5012,#5013),(#5014,
#5015),(#5016,#5017),(#5018,#5019),(#5020,#5021),(#5022,#5023),(#5024,#5025),
(#5026,#5027),(#5028,#5029),(#5030,#5031),(#5032,#5033),(#5034,#5035),(#5036,
#5037),(#5038,#5039),(#5040,#5041),(#5042,#5043)),.UNSPECIFIED.,.F.,.F.,
 .F.)
B_SPLINE_SURFACE_WITH_KNOTS((6,1,1,1,1,1,1,1,1,1,1,1,1,6),(2,2),(0.365968953754988,
0.4,0.44,0.48,0.52,0.56,0.6,0.64,0.68,0.72,0.76,0.8,0.84,0.850153560820767),
(0.,0.45),.UNSPECIFIED.)
GEOMETRIC_REPRESENTATION_ITEM()
RATIONAL_B_SPLINE_SURFACE(((1.,1.),(1.,1.),(1.,1.),(1.,1.),(1.,1.),(1.,
1.),(1.,1.),(1.,1.),(1.,1.),(1.,1.),(1.,1.),(1.,1.),(1.,1.),(1.,1.),(1.,
1.),(1.,1.),(1.,1.),(1.,1.)))
REPRESENTATION_ITEM('')
SURFACE()
);
#1324=(
BOUNDED_SURFACE()
B_SPLINE_SURFACE(5,1,((#5064,#5065),(#5066,#5067),(#5068,#5069),(#5070,
#5071),(#5072,#5073),(#5074,#5075),(#5076,#5077),(#5078,#5079),(#5080,#5081),
(#5082,#5083),(#5084,#5085),(#5086,#5087),(#5088,#5089),(#5090,#5091),(#5092,
#5093),(#5094,#5095),(#5096,#5097),(#5098,#5099),(#5100,#5101),(#5102,#5103),
(#5104,#5105),(#5106,#5107),(#5108,#5109),(#5110,#5111),(#5112,#5113),(#5114,
#5115),(#5116,#5117),(#5118,#5119),(#5120,#5121),(#5122,#5123),(#5124,#5125),
(#5126,#5127),(#5128,#5129),(#5130,#5131),(#5132,#5133),(#5134,#5135),(#5136,
#5137),(#5138,#5139),(#5140,#5141),(#5142,#5143),(#5144,#5145),(#5146,#5147),
(#5148,#5149),(#5150,#5151),(#5152,#5153),(#5154,#5155),(#5156,#5157),(#5158,
#5159),(#5160,#5161),(#5162,#5163),(#5164,#5165),(#5166,#5167),(#5168,#5169),
(#5170,#5171),(#5172,#5173),(#5174,#5175),(#5176,#5177),(#5178,#5179),(#5180,
#5181),(#5182,#5183),(#5184,#5185),(#5186,#5187),(#5188,#5189),(#5190,#5191),
(#5192,#5193),(#5194,#5195),(#5196,#5197),(#5198,#5199),(#5200,#5201),(#5202,
#5203),(#5204,#5205),(#5206,#5207),(#5208,#5209),(#5210,#5211),(#5212,#5213),
(#5214,#5215),(#5216,#5217),(#5218,#5219),(#5220,#5221),(#5222,#5223),(#5224,
#5225),(#5226,#5227),(#5228,#5229),(#5230,#5231),(#5232,#5233),(#5234,#5235),
(#5236,#5237),(#5238,#5239),(#5240,#5241),(#5242,#5243),(#5244,#5245),(#5246,
#5247),(#5248,#5249),(#5250,#5251),(#5252,#5253),(#5254,#5255),(#5256,#5257),
(#5258,#5259),(#5260,#5261),(#5262,#5263),(#5264,#5265),(#5266,#5267),(#5268,
#5269),(#5270,#5271),(#5272,#5273),(#5274,#5275),(#5276,#5277),(#5278,#5279),
(#5280,#5281),(#5282,#5283),(#5284,#5285),(#5286,#5287),(#5288,#5289)),
 .UNSPECIFIED.,.F.,.F.,.F.)
B_SPLINE_SURFACE_WITH_KNOTS((6,1,1,1,1,1,1,1,1,1,1,1,1,1,1,1,1,1,1,1,1,
1,1,1,1,1,1,1,1,1,1,1,1,1,1,1,1,1,1,1,1,1,1,1,1,1,1,1,1,1,1,1,1,1,1,1,1,
1,1,1,1,1,1,1,1,1,1,1,1,1,1,1,1,1,1,1,1,1,1,1,1,1,1,1,1,1,1,1,1,1,1,1,1,
1,1,1,1,1,1,1,1,1,1,1,1,1,1,1,6),(2,2),(-0.344236054592627,-0.341772151898735,
-0.339240506329115,-0.336708860759495,-0.334177215189874,-0.331645569620254,
-0.329113924050634,-0.326582278481014,-0.324050632911394,-0.321518987341773,
-0.318987341772153,-0.316455696202533,-0.313924050632912,-0.311392405063292,
-0.308860759493672,-0.306329113924052,-0.303797468354431,-0.301265822784811,
-0.298734177215191,-0.29620253164557,-0.29367088607595,-0.29113924050633,
-0.28860759493671,-0.28607594936709,-0.283544303797469,-0.281012658227849,
-0.278481012658229,-0.275949367088608,-0.273417721518988,-0.270886075949368,
-0.268354430379748,-0.265822784810127,-0.263291139240507,-0.260759493670887,
-0.258227848101266,-0.255696202531646,-0.253164556962026,-0.250632911392406,
-0.248101265822785,-0.245569620253165,-0.243037974683545,-0.240506329113925,
-0.237974683544304,-0.235443037974684,-0.232911392405064,-0.230379746835444,
-0.227848101265823,-0.225316455696203,-0.222784810126583,-0.220253164556963,
-0.217721518987342,-0.215189873417722,-0.212658227848102,-0.210126582278481,
-0.207594936708861,-0.205063291139241,-0.202531645569621,-0.2,-0.19746835443038,
-0.19493670886076,-0.19240506329114,-0.189873417721519,-0.187341772151899,
-0.184810126582279,-0.182278481012659,-0.179746835443038,-0.177215189873418,
-0.174683544303798,-0.172151898734177,-0.169620253164557,-0.167088607594937,
-0.164556962025317,-0.162025316455696,-0.159493670886076,-0.156962025316456,
-0.154430379746836,-0.151898734177215,-0.149367088607595,-0.146835443037975,
-0.144303797468355,-0.141772151898734,-0.139240506329114,-0.136708860759494,
-0.134177215189873,-0.131645569620253,-0.129113924050633,-0.126582278481013,
-0.124050632911392,-0.121518987341772,-0.118987341772152,-0.116455696202532,
-0.113924050632911,-0.111392405063291,-0.108860759493671,-0.106329113924051,
-0.10379746835443,-0.10126582278481,-0.0987341772151899,-0.0962025316455696,
-0.0936708860759494,-0.0911392405063291,-0.0886075949367089,-0.0860759493670886,
-0.0835443037974684,-0.0810126582278481,-0.0784810126582278,-0.0759493670886076,
-0.0734177215189873,-0.0728676616106848),(0.,0.45),.UNSPECIFIED.)
GEOMETRIC_REPRESENTATION_ITEM()
RATIONAL_B_SPLINE_SURFACE(((1.,1.),(1.,1.),(1.,1.),(1.,1.),(1.,1.),(1.,
1.),(1.,1.),(1.,1.),(1.,1.),(1.,1.),(1.,1.),(1.,1.),(1.,1.),(1.,1.),(1.,
1.),(1.,1.),(1.,1.),(1.,1.),(1.,1.),(1.,1.),(1.,1.),(1.,1.),(1.,1.),(1.,
1.),(1.,1.),(1.,1.),(1.,1.),(1.,1.),(1.,1.),(1.,1.),(1.,1.),(1.,1.),(1.,
1.),(1.,1.),(1.,1.),(1.,1.),(1.,1.),(1.,1.),(1.,1.),(1.,1.),(1.,1.),(1.,
1.),(1.,1.),(1.,1.),(1.,1.),(1.,1.),(1.,1.),(1.,1.),(1.,1.),(1.,1.),(1.,
1.),(1.,1.),(1.,1.),(1.,1.),(1.,1.),(1.,1.),(1.,1.),(1.,1.),(1.,1.),(1.,
1.),(1.,1.),(1.,1.),(1.,1.),(1.,1.),(1.,1.),(1.,1.),(1.,1.),(1.,1.),(1.,
1.),(1.,1.),(1.,1.),(1.,1.),(1.,1.),(1.,1.),(1.,1.),(1.,1.),(1.,1.),(1.,
1.),(1.,1.),(1.,1.),(1.,1.),(1.,1.),(1.,1.),(1.,1.),(1.,1.),(1.,1.),(1.,
1.),(1.,1.),(1.,1.),(1.,1.),(1.,1.),(1.,1.),(1.,1.),(1.,1.),(1.,1.),(1.,
1.),(1.,1.),(1.,1.),(1.,1.),(1.,1.),(1.,1.),(1.,1.),(1.,1.),(1.,1.),(1.,
1.),(1.,1.),(1.,1.),(1.,1.),(1.,1.),(1.,1.),(1.,1.),(1.,1.),(1.,1.)))
REPRESENTATION_ITEM('')
SURFACE()
);
#1325=ADVANCED_FACE('',(#124),#1291,.F.);
#1326=ADVANCED_FACE('',(#125),#1292,.F.);
#1327=ADVANCED_FACE('',(#126),#1293,.F.);
#1328=ADVANCED_FACE('',(#127),#1294,.F.);
#1329=ADVANCED_FACE('',(#128),#1295,.F.);
#1330=ADVANCED_FACE('',(#129),#1296,.F.);
#1331=ADVANCED_FACE('',(#130),#1297,.F.);
#1332=ADVANCED_FACE('',(#131),#1298,.F.);
#1333=ADVANCED_FACE('',(#132),#1299,.F.);
#1334=ADVANCED_FACE('',(#133),#1300,.F.);
#1335=ADVANCED_FACE('',(#134),#1301,.F.);
#1336=ADVANCED_FACE('',(#135),#1302,.F.);
#1337=ADVANCED_FACE('',(#136),#1303,.F.);
#1338=ADVANCED_FACE('',(#137),#1304,.F.);
#1339=ADVANCED_FACE('',(#138),#1305,.F.);
#1340=ADVANCED_FACE('',(#139),#108,.T.);
#1341=ADVANCED_FACE('',(#140,#51,#52),#109,.T.);
#1342=ADVANCED_FACE('',(#141),#47,.F.);
#1343=ADVANCED_FACE('',(#142),#110,.F.);
#1344=ADVANCED_FACE('',(#143),#48,.F.);
#1345=ADVANCED_FACE('',(#144),#111,.F.);
#1346=ADVANCED_FACE('',(#145),#49,.F.);
#1347=ADVANCED_FACE('',(#146),#112,.F.);
#1348=ADVANCED_FACE('',(#147),#50,.F.);
#1349=ADVANCED_FACE('',(#148),#113,.F.);
#1350=ADVANCED_FACE('',(#149),#114,.T.);
#1351=ADVANCED_FACE('',(#150),#1306,.T.);
#1352=ADVANCED_FACE('',(#151),#1307,.T.);
#1353=ADVANCED_FACE('',(#152),#1308,.T.);
#1354=ADVANCED_FACE('',(#153),#1309,.T.);
#1355=ADVANCED_FACE('',(#154),#1310,.T.);
#1356=ADVANCED_FACE('',(#155),#1311,.T.);
#1357=ADVANCED_FACE('',(#156),#1312,.T.);
#1358=ADVANCED_FACE('',(#157),#1313,.T.);
#1359=ADVANCED_FACE('',(#158),#1314,.T.);
#1360=ADVANCED_FACE('',(#159),#1315,.T.);
#1361=ADVANCED_FACE('',(#160),#1316,.T.);
#1362=ADVANCED_FACE('',(#161),#1317,.T.);
#1363=ADVANCED_FACE('',(#162),#1318,.T.);
#1364=ADVANCED_FACE('',(#163),#1319,.T.);
#1365=ADVANCED_FACE('',(#164),#1320,.T.);
#1366=ADVANCED_FACE('',(#165),#1321,.T.);
#1367=ADVANCED_FACE('',(#166),#1322,.T.);
#1368=ADVANCED_FACE('',(#167),#1323,.T.);
#1369=ADVANCED_FACE('',(#168),#1324,.T.);
#1370=ADVANCED_FACE('',(#169),#14,.T.);
#1371=ADVANCED_FACE('',(#170),#15,.T.);
#1372=ADVANCED_FACE('',(#171),#16,.T.);
#1373=ADVANCED_FACE('',(#172),#115,.T.);
#1374=ADVANCED_FACE('',(#173),#17,.T.);
#1375=ADVANCED_FACE('',(#174),#18,.T.);
#1376=ADVANCED_FACE('',(#175),#19,.T.);
#1377=ADVANCED_FACE('',(#176),#116,.T.);
#1378=ADVANCED_FACE('',(#177),#117,.T.);
#1379=ADVANCED_FACE('',(#178),#20,.T.);
#1380=ADVANCED_FACE('',(#179),#21,.T.);
#1381=ADVANCED_FACE('',(#180),#22,.T.);
#1382=ADVANCED_FACE('',(#181),#23,.T.);
#1383=ADVANCED_FACE('',(#182),#24,.T.);
#1384=ADVANCED_FACE('',(#183),#25,.T.);
#1385=ADVANCED_FACE('',(#184),#26,.T.);
#1386=ADVANCED_FACE('',(#185),#27,.T.);
#1387=ADVANCED_FACE('',(#186),#28,.T.);
#1388=ADVANCED_FACE('',(#187),#29,.T.);
#1389=ADVANCED_FACE('',(#188),#30,.T.);
#1390=ADVANCED_FACE('',(#189),#31,.T.);
#1391=ADVANCED_FACE('',(#190),#32,.T.);
#1392=ADVANCED_FACE('',(#191),#33,.T.);
#1393=ADVANCED_FACE('',(#192),#34,.T.);
#1394=ADVANCED_FACE('',(#193),#35,.T.);
#1395=ADVANCED_FACE('',(#194),#36,.T.);
#1396=ADVANCED_FACE('',(#195),#118,.T.);
#1397=ADVANCED_FACE('',(#196),#119,.T.);
#1398=ADVANCED_FACE('',(#197),#37,.T.);
#1399=ADVANCED_FACE('',(#198),#120,.T.);
#1400=ADVANCED_FACE('',(#199),#38,.T.);
#1401=ADVANCED_FACE('',(#200,#53,#54,#55,#56,#57),#121,.F.);
#1402=CLOSED_SHELL('',(#1325,#1326,#1327,#1328,#1329,#1330,#1331,#1332,
#1333,#1334,#1335,#1336,#1337,#1338,#1339,#1340,#1341,#1342,#1343,#1344,
#1345,#1346,#1347,#1348,#1349,#1350,#1351,#1352,#1353,#1354,#1355,#1356,
#1357,#1358,#1359,#1360,#1361,#1362,#1363,#1364,#1365,#1366,#1367,#1368,
#1369,#1370,#1371,#1372,#1373,#1374,#1375,#1376,#1377,#1378,#1379,#1380,
#1381,#1382,#1383,#1384,#1385,#1386,#1387,#1388,#1389,#1390,#1391,#1392,
#1393,#1394,#1395,#1396,#1397,#1398,#1399,#1400,#1401));
#1403=DERIVED_UNIT_ELEMENT(#1405,1.);
#1404=DERIVED_UNIT_ELEMENT(#7232,-3.);
#1405=(
MASS_UNIT()
NAMED_UNIT(*)
SI_UNIT(.KILO.,.GRAM.)
);
#1406=DERIVED_UNIT((#1403,#1404));
#1407=MEASURE_REPRESENTATION_ITEM('density measure',
POSITIVE_RATIO_MEASURE(7850.),#1406);
#1408=PROPERTY_DEFINITION_REPRESENTATION(#1413,#1410);
#1409=PROPERTY_DEFINITION_REPRESENTATION(#1414,#1411);
#1410=REPRESENTATION('material name',(#1412),#7229);
#1411=REPRESENTATION('density',(#1407),#7229);
#1412=DESCRIPTIVE_REPRESENTATION_ITEM('Steel','Steel');
#1413=PROPERTY_DEFINITION('material property','material name',#7239);
#1414=PROPERTY_DEFINITION('material property','density of part',#7239);
#1415=AXIS2_PLACEMENT_3D('',#1580,#1442,#1443);
#1416=AXIS2_PLACEMENT_3D('',#1866,#1459,#1460);
#1417=AXIS2_PLACEMENT_3D('',#1867,#1461,#1462);
#1418=AXIS2_PLACEMENT_3D('',#3215,#1470,#1471);
#1419=AXIS2_PLACEMENT_3D('',#3217,#1472,#1473);
#1420=AXIS2_PLACEMENT_3D('',#3220,#1475,#1476);
#1421=AXIS2_PLACEMENT_3D('',#3221,#1477,#1478);
#1422=AXIS2_PLACEMENT_3D('',#3222,#1479,#1480);
#1423=AXIS2_PLACEMENT_3D('',#3224,#1481,#1482);
#1424=AXIS2_PLACEMENT_3D('',#3227,#1484,#1485);
#1425=AXIS2_PLACEMENT_3D('',#3228,#1486,#1487);
#1426=AXIS2_PLACEMENT_3D('',#3229,#1488,#1489);
#1427=AXIS2_PLACEMENT_3D('',#3231,#1490,#1491);
#1428=AXIS2_PLACEMENT_3D('',#3234,#1493,#1494);
#1429=AXIS2_PLACEMENT_3D('',#3235,#1495,#1496);
#1430=AXIS2_PLACEMENT_3D('',#3236,#1497,#1498);
#1431=AXIS2_PLACEMENT_3D('',#3238,#1499,#1500);
#1432=AXIS2_PLACEMENT_3D('',#3241,#1502,#1503);
#1433=AXIS2_PLACEMENT_3D('',#3242,#1504,#1505);
#1434=AXIS2_PLACEMENT_3D('',#3243,#1506,#1507);
#1435=AXIS2_PLACEMENT_3D('',#5528,#1533,#1534);
#1436=AXIS2_PLACEMENT_3D('',#5709,#1540,#1541);
#1437=AXIS2_PLACEMENT_3D('',#5713,#1544,#1545);
#1438=AXIS2_PLACEMENT_3D('',#7053,#1565,#1566);
#1439=AXIS2_PLACEMENT_3D('',#7057,#1569,#1570);
#1440=AXIS2_PLACEMENT_3D('',#7192,#1574,#1575);
#1441=AXIS2_PLACEMENT_3D('',#7226,#1578,#1579);
#1442=DIRECTION('axis',(0.,0.,1.));
#1443=DIRECTION('refdir',(1.,0.,0.));
#1444=DIRECTION('',(0.,0.,-1.));
#1445=DIRECTION('',(0.,0.,-1.));
#1446=DIRECTION('',(0.,0.,-1.));
#1447=DIRECTION('',(0.,0.,-1.));
#1448=DIRECTION('',(0.,0.,-1.));
#1449=DIRECTION('',(0.,0.,-1.));
#1450=DIRECTION('',(0.,0.,-1.));
#1451=DIRECTION('',(0.,0.,-1.));
#1452=DIRECTION('',(0.,0.,-1.));
#1453=DIRECTION('',(0.,0.,-1.));
#1454=DIRECTION('',(0.,0.,-1.));
#1455=DIRECTION('',(0.,0.,-1.));
#1456=DIRECTION('',(0.,0.,-1.));
#1457=DIRECTION('',(0.,0.,-1.));
#1458=DIRECTION('',(0.,0.,-1.));
#1459=DIRECTION('center_axis',(0.,0.,1.));
#1460=DIRECTION('ref_axis',(-1.,0.,0.));
#1461=DIRECTION('center_axis',(0.,0.,1.));
#1462=DIRECTION('ref_axis',(1.,0.,0.));
#1463=DIRECTION('',(0.135342136050645,-0.990798923197461,-8.85186594902879E-31));
#1464=DIRECTION('',(-0.413303680409103,-0.910593250447361,2.69036355892851E-30));
#1465=DIRECTION('',(-0.846356031632098,0.532617562346537,0.));
#1466=DIRECTION('',(-0.986974653344008,0.160875833040501,7.29717010202763E-30));
#1467=DIRECTION('',(-0.987763415691455,0.155959721151166,-5.04003881490739E-29));
#1468=DIRECTION('',(-0.434300116242028,-0.900768232694826,2.75045617073916E-30));
#1469=DIRECTION('',(0.154956701861442,0.987921262322167,0.));
#1470=DIRECTION('center_axis',(0.,0.,1.));
#1471=DIRECTION('ref_axis',(1.,0.,0.));
#1472=DIRECTION('center_axis',(0.,0.,1.));
#1473=DIRECTION('ref_axis',(1.,0.,0.));
#1474=DIRECTION('',(0.,0.,1.));
#1475=DIRECTION('center_axis',(0.,0.,1.));
#1476=DIRECTION('ref_axis',(1.,0.,0.));
#1477=DIRECTION('center_axis',(0.,0.,1.));
#1478=DIRECTION('ref_axis',(1.,0.,0.));
#1479=DIRECTION('center_axis',(0.,0.,1.));
#1480=DIRECTION('ref_axis',(-1.,0.,0.));
#1481=DIRECTION('center_axis',(0.,0.,1.));
#1482=DIRECTION('ref_axis',(-1.,0.,0.));
#1483=DIRECTION('',(0.,0.,1.));
#1484=DIRECTION('center_axis',(0.,0.,1.));
#1485=DIRECTION('ref_axis',(-1.,0.,0.));
#1486=DIRECTION('center_axis',(0.,0.,1.));
#1487=DIRECTION('ref_axis',(1.,0.,0.));
#1488=DIRECTION('center_axis',(0.,0.,1.));
#1489=DIRECTION('ref_axis',(-1.,0.,0.));
#1490=DIRECTION('center_axis',(0.,0.,1.));
#1491=DIRECTION('ref_axis',(-1.,0.,0.));
#1492=DIRECTION('',(0.,0.,1.));
#1493=DIRECTION('center_axis',(0.,0.,1.));
#1494=DIRECTION('ref_axis',(-1.,0.,0.));
#1495=DIRECTION('center_axis',(0.,0.,1.));
#1496=DIRECTION('ref_axis',(1.,0.,0.));
#1497=DIRECTION('center_axis',(0.,0.,1.));
#1498=DIRECTION('ref_axis',(-1.,0.,0.));
#1499=DIRECTION('center_axis',(0.,0.,1.));
#1500=DIRECTION('ref_axis',(-1.,0.,0.));
#1501=DIRECTION('',(0.,0.,1.));
#1502=DIRECTION('center_axis',(0.,0.,1.));
#1503=DIRECTION('ref_axis',(-1.,0.,0.));
#1504=DIRECTION('center_axis',(0.,0.,1.));
#1505=DIRECTION('ref_axis',(1.,0.,0.));
#1506=DIRECTION('center_axis',(0.987921262322167,-0.154956701861442,0.));
#1507=DIRECTION('ref_axis',(0.154956701861442,0.987921262322167,0.));
#1508=DIRECTION('',(0.154956701861442,0.987921262322167,0.));
#1509=DIRECTION('',(0.,0.,1.));
#1510=DIRECTION('',(0.,0.,1.));
#1511=DIRECTION('',(0.,0.,1.));
#1512=DIRECTION('',(0.,0.,1.));
#1513=DIRECTION('',(0.,0.,1.));
#1514=DIRECTION('',(0.,0.,1.));
#1515=DIRECTION('',(0.,0.,1.));
#1516=DIRECTION('',(0.,0.,1.));
#1517=DIRECTION('',(0.,0.,1.));
#1518=DIRECTION('',(0.,0.,1.));
#1519=DIRECTION('',(0.,0.,1.));
#1520=DIRECTION('',(0.,0.,1.));
#1521=DIRECTION('',(0.,0.,1.));
#1522=DIRECTION('',(0.,0.,1.));
#1523=DIRECTION('',(0.,0.,1.));
#1524=DIRECTION('',(0.,0.,1.));
#1525=DIRECTION('',(0.,0.,1.));
#1526=DIRECTION('',(0.,0.,1.));
#1527=DIRECTION('',(0.,0.,1.));
#1528=DIRECTION('',(0.,0.,1.));
#1529=DIRECTION('',(0.,0.,1.));
#1530=DIRECTION('',(0.,0.,1.));
#1531=DIRECTION('',(0.,0.,1.));
#1532=DIRECTION('',(0.,0.,1.));
#1533=DIRECTION('center_axis',(-0.900768232694826,0.434300116242029,0.));
#1534=DIRECTION('ref_axis',(-0.434300116242029,-0.900768232694826,2.75045617073916E-30));
#1535=DIRECTION('',(-0.434300116242028,-0.900768232694826,2.75045617073916E-30));
#1536=DIRECTION('',(0.,0.,1.));
#1537=DIRECTION('',(0.,0.,1.));
#1538=DIRECTION('',(0.,0.,1.));
#1539=DIRECTION('',(0.,0.,1.));
#1540=DIRECTION('center_axis',(0.155959721151166,0.987763415691455,0.));
#1541=DIRECTION('ref_axis',(-0.987763415691455,0.155959721151166,-5.04003881490739E-29));
#1542=DIRECTION('',(-0.987763415691455,0.155959721151166,-5.04003881490739E-29));
#1543=DIRECTION('',(0.,0.,1.));
#1544=DIRECTION('center_axis',(0.160875833040501,0.986974653344008,0.));
#1545=DIRECTION('ref_axis',(-0.986974653344008,0.160875833040501,7.29717010202763E-30));
#1546=DIRECTION('',(-0.986974653344008,0.160875833040501,7.29717010202763E-30));
#1547=DIRECTION('',(0.,0.,1.));
#1548=DIRECTION('',(0.,0.,1.));
#1549=DIRECTION('',(0.,0.,1.));
#1550=DIRECTION('',(0.,0.,1.));
#1551=DIRECTION('',(0.,0.,1.));
#1552=DIRECTION('',(0.,0.,1.));
#1553=DIRECTION('',(0.,0.,1.));
#1554=DIRECTION('',(0.,0.,1.));
#1555=DIRECTION('',(0.,0.,1.));
#1556=DIRECTION('',(0.,0.,1.));
#1557=DIRECTION('',(0.,0.,1.));
#1558=DIRECTION('',(0.,0.,1.));
#1559=DIRECTION('',(0.,0.,1.));
#1560=DIRECTION('',(0.,0.,1.));
#1561=DIRECTION('',(0.,0.,1.));
#1562=DIRECTION('',(0.,0.,1.));
#1563=DIRECTION('',(0.,0.,1.));
#1564=DIRECTION('',(0.,0.,1.));
#1565=DIRECTION('center_axis',(0.532617562346537,0.846356031632098,0.));
#1566=DIRECTION('ref_axis',(-0.846356031632098,0.532617562346537,0.));
#1567=DIRECTION('',(-0.846356031632098,0.532617562346537,0.));
#1568=DIRECTION('',(0.,0.,1.));
#1569=DIRECTION('center_axis',(-0.910593250447361,0.413303680409103,0.));
#1570=DIRECTION('ref_axis',(-0.413303680409103,-0.910593250447361,2.69036355892851E-30));
#1571=DIRECTION('',(-0.413303680409103,-0.910593250447361,2.69036355892851E-30));
#1572=DIRECTION('',(0.,0.,1.));
#1573=DIRECTION('',(0.,0.,1.));
#1574=DIRECTION('center_axis',(-0.990798923197461,-0.135342136050645,0.));
#1575=DIRECTION('ref_axis',(0.135342136050645,-0.990798923197461,-8.85186594902879E-31));
#1576=DIRECTION('',(0.135342136050645,-0.990798923197461,-8.85186594902879E-31));
#1577=DIRECTION('',(0.,0.,1.));
#1578=DIRECTION('center_axis',(0.,0.,1.));
#1579=DIRECTION('ref_axis',(1.,0.,0.));
#1580=CARTESIAN_POINT('',(0.,0.,0.));
#1581=CARTESIAN_POINT('Ctrl Pts',(-266.007935788114,95.77514185943,4.5));
#1582=CARTESIAN_POINT('Ctrl Pts',(-266.007935788114,95.77514185943,4.));
#1583=CARTESIAN_POINT('Ctrl Pts',(-267.032094043373,90.562620878595,4.5));
#1584=CARTESIAN_POINT('Ctrl Pts',(-267.032094043373,90.562620878595,4.));
#1585=CARTESIAN_POINT('Ctrl Pts',(-268.108562574663,85.3603867375631,4.5));
#1586=CARTESIAN_POINT('Ctrl Pts',(-268.108562574663,85.3603867375631,4.));
#1587=CARTESIAN_POINT('Ctrl Pts',(-269.170073201138,80.1552134994446,4.5));
#1588=CARTESIAN_POINT('Ctrl Pts',(-269.170073201138,80.1552134994446,4.));
#1589=CARTESIAN_POINT('',(-266.007935788114,95.77514185943,4.5));
#1590=CARTESIAN_POINT('',(-269.170073201138,80.1552134994446,4.5));
#1591=CARTESIAN_POINT('Ctrl Pts',(-266.007935788114,95.77514185943,4.5));
#1592=CARTESIAN_POINT('Ctrl Pts',(-267.032094043373,90.562620878595,4.5));
#1593=CARTESIAN_POINT('Ctrl Pts',(-268.108562574663,85.3603867375631,4.5));
#1594=CARTESIAN_POINT('Ctrl Pts',(-269.170073201138,80.1552134994446,4.5));
#1595=CARTESIAN_POINT('',(-266.007935788114,95.77514185943,4.));
#1596=CARTESIAN_POINT('',(-266.007935788114,95.77514185943,4.5));
#1597=CARTESIAN_POINT('',(-269.170073201138,80.1552134994446,4.));
#1598=CARTESIAN_POINT('Ctrl Pts',(-266.007935788114,95.77514185943,4.));
#1599=CARTESIAN_POINT('Ctrl Pts',(-267.032094043373,90.562620878595,4.));
#1600=CARTESIAN_POINT('Ctrl Pts',(-268.108562574663,85.3603867375631,4.));
#1601=CARTESIAN_POINT('Ctrl Pts',(-269.170073201138,80.1552134994446,4.));
#1602=CARTESIAN_POINT('',(-269.170073201138,80.1552134994446,4.5));
#1603=CARTESIAN_POINT('Ctrl Pts',(-266.18939273544,97.479769722996,4.5));
#1604=CARTESIAN_POINT('Ctrl Pts',(-266.18939273544,97.479769722996,4.));
#1605=CARTESIAN_POINT('Ctrl Pts',(-265.964063304542,96.9812051935771,4.5));
#1606=CARTESIAN_POINT('Ctrl Pts',(-265.964063304542,96.9812051935771,4.));
#1607=CARTESIAN_POINT('Ctrl Pts',(-265.901785129188,96.3154028101542,4.5));
#1608=CARTESIAN_POINT('Ctrl Pts',(-265.901785129188,96.3154028101542,4.));
#1609=CARTESIAN_POINT('Ctrl Pts',(-266.007935788114,95.77514185943,4.5));
#1610=CARTESIAN_POINT('Ctrl Pts',(-266.007935788114,95.77514185943,4.));
#1611=CARTESIAN_POINT('',(-266.18939273544,97.479769722996,4.5));
#1612=CARTESIAN_POINT('Ctrl Pts',(-266.18939273544,97.479769722996,4.5));
#1613=CARTESIAN_POINT('Ctrl Pts',(-265.964063304542,96.9812051935771,4.5));
#1614=CARTESIAN_POINT('Ctrl Pts',(-265.901785129188,96.3154028101542,4.5));
#1615=CARTESIAN_POINT('Ctrl Pts',(-266.007935788114,95.77514185943,4.5));
#1616=CARTESIAN_POINT('',(-266.18939273544,97.479769722996,4.));
#1617=CARTESIAN_POINT('',(-266.18939273544,97.479769722996,4.5));
#1618=CARTESIAN_POINT('Ctrl Pts',(-266.18939273544,97.479769722996,4.));
#1619=CARTESIAN_POINT('Ctrl Pts',(-265.964063304542,96.9812051935771,4.));
#1620=CARTESIAN_POINT('Ctrl Pts',(-265.901785129188,96.3154028101542,4.));
#1621=CARTESIAN_POINT('Ctrl Pts',(-266.007935788114,95.77514185943,4.));
#1622=CARTESIAN_POINT('Ctrl Pts',(-276.912403831759,105.909713824965,4.5));
#1623=CARTESIAN_POINT('Ctrl Pts',(-276.912403831759,105.909713824965,4.));
#1624=CARTESIAN_POINT('Ctrl Pts',(-272.18051808067,104.568613513686,4.5));
#1625=CARTESIAN_POINT('Ctrl Pts',(-272.18051808067,104.568613513686,4.));
#1626=CARTESIAN_POINT('Ctrl Pts',(-268.295199276883,102.139126793919,4.5));
#1627=CARTESIAN_POINT('Ctrl Pts',(-268.295199276883,102.139126793919,4.));
#1628=CARTESIAN_POINT('Ctrl Pts',(-266.18939273544,97.479769722996,4.5));
#1629=CARTESIAN_POINT('Ctrl Pts',(-266.18939273544,97.479769722996,4.));
#1630=CARTESIAN_POINT('',(-276.912403831759,105.909713824965,4.5));
#1631=CARTESIAN_POINT('Ctrl Pts',(-276.912403831759,105.909713824965,4.5));
#1632=CARTESIAN_POINT('Ctrl Pts',(-272.18051808067,104.568613513686,4.5));
#1633=CARTESIAN_POINT('Ctrl Pts',(-268.295199276883,102.139126793919,4.5));
#1634=CARTESIAN_POINT('Ctrl Pts',(-266.18939273544,97.479769722996,4.5));
#1635=CARTESIAN_POINT('',(-276.912403831759,105.909713824965,4.));
#1636=CARTESIAN_POINT('',(-276.912403831759,105.909713824965,4.5));
#1637=CARTESIAN_POINT('Ctrl Pts',(-276.912403831759,105.909713824965,4.));
#1638=CARTESIAN_POINT('Ctrl Pts',(-272.18051808067,104.568613513686,4.));
#1639=CARTESIAN_POINT('Ctrl Pts',(-268.295199276883,102.139126793919,4.));
#1640=CARTESIAN_POINT('Ctrl Pts',(-266.18939273544,97.479769722996,4.));
#1641=CARTESIAN_POINT('Ctrl Pts',(-287.933246797203,105.008428399143,4.5));
#1642=CARTESIAN_POINT('Ctrl Pts',(-287.933246797203,105.008428399143,4.));
#1643=CARTESIAN_POINT('Ctrl Pts',(-284.322903134305,106.114029519139,4.5));
#1644=CARTESIAN_POINT('Ctrl Pts',(-284.322903134305,106.114029519139,4.));
#1645=CARTESIAN_POINT('Ctrl Pts',(-280.700120792666,106.98324325917,4.5));
#1646=CARTESIAN_POINT('Ctrl Pts',(-280.700120792666,106.98324325917,4.));
#1647=CARTESIAN_POINT('Ctrl Pts',(-276.912403831759,105.909713824965,4.5));
#1648=CARTESIAN_POINT('Ctrl Pts',(-276.912403831759,105.909713824965,4.));
#1649=CARTESIAN_POINT('',(-287.933246797203,105.008428399143,4.5));
#1650=CARTESIAN_POINT('Ctrl Pts',(-287.933246797203,105.008428399143,4.5));
#1651=CARTESIAN_POINT('Ctrl Pts',(-284.322903134305,106.114029519139,4.5));
#1652=CARTESIAN_POINT('Ctrl Pts',(-280.700120792666,106.98324325917,4.5));
#1653=CARTESIAN_POINT('Ctrl Pts',(-276.912403831759,105.909713824965,4.5));
#1654=CARTESIAN_POINT('',(-287.933246797203,105.008428399143,4.));
#1655=CARTESIAN_POINT('',(-287.933246797203,105.008428399143,4.5));
#1656=CARTESIAN_POINT('Ctrl Pts',(-287.933246797203,105.008428399143,4.));
#1657=CARTESIAN_POINT('Ctrl Pts',(-284.322903134305,106.114029519139,4.));
#1658=CARTESIAN_POINT('Ctrl Pts',(-280.700120792666,106.98324325917,4.));
#1659=CARTESIAN_POINT('Ctrl Pts',(-276.912403831759,105.909713824965,4.));
#1660=CARTESIAN_POINT('Ctrl Pts',(-296.413773244499,99.039089918512,4.5));
#1661=CARTESIAN_POINT('Ctrl Pts',(-296.413773244499,99.039089918512,4.));
#1662=CARTESIAN_POINT('Ctrl Pts',(-294.227669399856,101.902400287368,4.5));
#1663=CARTESIAN_POINT('Ctrl Pts',(-294.227669399856,101.902400287368,4.));
#1664=CARTESIAN_POINT('Ctrl Pts',(-291.414916143694,103.942230558771,4.5));
#1665=CARTESIAN_POINT('Ctrl Pts',(-291.414916143694,103.942230558771,4.));
#1666=CARTESIAN_POINT('Ctrl Pts',(-287.933246797203,105.008428399143,4.5));
#1667=CARTESIAN_POINT('Ctrl Pts',(-287.933246797203,105.008428399143,4.));
#1668=CARTESIAN_POINT('',(-296.413773244499,99.039089918512,4.5));
#1669=CARTESIAN_POINT('Ctrl Pts',(-296.413773244499,99.039089918512,4.5));
#1670=CARTESIAN_POINT('Ctrl Pts',(-294.227669399856,101.902400287368,4.5));
#1671=CARTESIAN_POINT('Ctrl Pts',(-291.414916143694,103.942230558771,4.5));
#1672=CARTESIAN_POINT('Ctrl Pts',(-287.933246797203,105.008428399143,4.5));
#1673=CARTESIAN_POINT('',(-296.413773244499,99.039089918512,4.));
#1674=CARTESIAN_POINT('',(-296.413773244499,99.039089918512,4.5));
#1675=CARTESIAN_POINT('Ctrl Pts',(-296.413773244499,99.039089918512,4.));
#1676=CARTESIAN_POINT('Ctrl Pts',(-294.227669399856,101.902400287368,4.));
#1677=CARTESIAN_POINT('Ctrl Pts',(-291.414916143694,103.942230558771,4.));
#1678=CARTESIAN_POINT('Ctrl Pts',(-287.933246797203,105.008428399143,4.));
#1679=CARTESIAN_POINT('Ctrl Pts',(-299.394964166362,86.0608284795065,4.5));
#1680=CARTESIAN_POINT('Ctrl Pts',(-299.394964166362,86.0608284795065,4.));
#1681=CARTESIAN_POINT('Ctrl Pts',(-299.825975386181,90.7314574722229,4.5));
#1682=CARTESIAN_POINT('Ctrl Pts',(-299.825975386181,90.7314574722229,4.));
#1683=CARTESIAN_POINT('Ctrl Pts',(-299.357721304773,95.1831883275289,4.5));
#1684=CARTESIAN_POINT('Ctrl Pts',(-299.357721304773,95.1831883275289,4.));
#1685=CARTESIAN_POINT('Ctrl Pts',(-296.413773244499,99.039089918512,4.5));
#1686=CARTESIAN_POINT('Ctrl Pts',(-296.413773244499,99.039089918512,4.));
#1687=CARTESIAN_POINT('',(-299.394964166362,86.0608284795065,4.5));
#1688=CARTESIAN_POINT('Ctrl Pts',(-299.394964166362,86.0608284795065,4.5));
#1689=CARTESIAN_POINT('Ctrl Pts',(-299.825975386181,90.7314574722229,4.5));
#1690=CARTESIAN_POINT('Ctrl Pts',(-299.357721304773,95.1831883275289,4.5));
#1691=CARTESIAN_POINT('Ctrl Pts',(-296.413773244499,99.039089918512,4.5));
#1692=CARTESIAN_POINT('',(-299.394964166362,86.0608284795065,4.));
#1693=CARTESIAN_POINT('',(-299.394964166362,86.0608284795065,4.5));
#1694=CARTESIAN_POINT('Ctrl Pts',(-299.394964166362,86.0608284795065,4.));
#1695=CARTESIAN_POINT('Ctrl Pts',(-299.825975386181,90.7314574722229,4.));
#1696=CARTESIAN_POINT('Ctrl Pts',(-299.357721304773,95.1831883275289,4.));
#1697=CARTESIAN_POINT('Ctrl Pts',(-296.413773244499,99.039089918512,4.));
#1698=CARTESIAN_POINT('Ctrl Pts',(-288.694860515871,73.431269916274,4.5));
#1699=CARTESIAN_POINT('Ctrl Pts',(-288.694860515871,73.431269916274,4.));
#1700=CARTESIAN_POINT('Ctrl Pts',(-294.294761961578,75.0005539738912,4.5));
#1701=CARTESIAN_POINT('Ctrl Pts',(-294.294761961578,75.0005539738912,4.));
#1702=CARTESIAN_POINT('Ctrl Pts',(-298.858749268332,80.2501850926656,4.5));
#1703=CARTESIAN_POINT('Ctrl Pts',(-298.858749268332,80.2501850926656,4.));
#1704=CARTESIAN_POINT('Ctrl Pts',(-299.394964166362,86.0608284795065,4.5));
#1705=CARTESIAN_POINT('Ctrl Pts',(-299.394964166362,86.0608284795065,4.));
#1706=CARTESIAN_POINT('',(-288.694860515871,73.431269916274,4.5));
#1707=CARTESIAN_POINT('Ctrl Pts',(-288.694860515871,73.431269916274,4.5));
#1708=CARTESIAN_POINT('Ctrl Pts',(-294.294761961578,75.0005539738912,4.5));
#1709=CARTESIAN_POINT('Ctrl Pts',(-298.858749268332,80.2501850926656,4.5));
#1710=CARTESIAN_POINT('Ctrl Pts',(-299.394964166362,86.0608284795065,4.5));
#1711=CARTESIAN_POINT('',(-288.694860515871,73.431269916274,4.));
#1712=CARTESIAN_POINT('',(-288.694860515871,73.431269916274,4.5));
#1713=CARTESIAN_POINT('Ctrl Pts',(-288.694860515871,73.431269916274,4.));
#1714=CARTESIAN_POINT('Ctrl Pts',(-294.294761961578,75.0005539738912,4.));
#1715=CARTESIAN_POINT('Ctrl Pts',(-298.858749268332,80.2501850926656,4.));
#1716=CARTESIAN_POINT('Ctrl Pts',(-299.394964166362,86.0608284795065,4.));
#1717=CARTESIAN_POINT('Ctrl Pts',(-278.825324052452,69.814565611261,4.5));
#1718=CARTESIAN_POINT('Ctrl Pts',(-278.825324052452,69.814565611261,4.));
#1719=CARTESIAN_POINT('Ctrl Pts',(-281.97465741821,71.3204652948954,4.5));
#1720=CARTESIAN_POINT('Ctrl Pts',(-281.97465741821,71.3204652948954,4.));
#1721=CARTESIAN_POINT('Ctrl Pts',(-285.327170000353,72.4875290715475,4.5));
#1722=CARTESIAN_POINT('Ctrl Pts',(-285.327170000353,72.4875290715475,4.));
#1723=CARTESIAN_POINT('Ctrl Pts',(-288.694860515871,73.431269916274,4.5));
#1724=CARTESIAN_POINT('Ctrl Pts',(-288.694860515871,73.431269916274,4.));
#1725=CARTESIAN_POINT('',(-278.825324052452,69.814565611261,4.5));
#1726=CARTESIAN_POINT('Ctrl Pts',(-278.825324052452,69.814565611261,4.5));
#1727=CARTESIAN_POINT('Ctrl Pts',(-281.97465741821,71.3204652948954,4.5));
#1728=CARTESIAN_POINT('Ctrl Pts',(-285.327170000353,72.4875290715475,4.5));
#1729=CARTESIAN_POINT('Ctrl Pts',(-288.694860515871,73.431269916274,4.5));
#1730=CARTESIAN_POINT('',(-278.825324052452,69.814565611261,4.));
#1731=CARTESIAN_POINT('',(-278.825324052452,69.814565611261,4.5));
#1732=CARTESIAN_POINT('Ctrl Pts',(-278.825324052452,69.814565611261,4.));
#1733=CARTESIAN_POINT('Ctrl Pts',(-281.97465741821,71.3204652948954,4.));
#1734=CARTESIAN_POINT('Ctrl Pts',(-285.327170000353,72.4875290715475,4.));
#1735=CARTESIAN_POINT('Ctrl Pts',(-288.694860515871,73.431269916274,4.));
#1736=CARTESIAN_POINT('Ctrl Pts',(-269.907045739769,64.5019215428609,4.5));
#1737=CARTESIAN_POINT('Ctrl Pts',(-269.907045739769,64.5019215428609,4.));
#1738=CARTESIAN_POINT('Ctrl Pts',(-272.876484562833,66.282917484023,4.5));
#1739=CARTESIAN_POINT('Ctrl Pts',(-272.876484562833,66.282917484023,4.));
#1740=CARTESIAN_POINT('Ctrl Pts',(-275.716895812629,68.3282545252421,4.5));
#1741=CARTESIAN_POINT('Ctrl Pts',(-275.716895812629,68.3282545252421,4.));
#1742=CARTESIAN_POINT('Ctrl Pts',(-278.825324052452,69.814565611261,4.5));
#1743=CARTESIAN_POINT('Ctrl Pts',(-278.825324052452,69.814565611261,4.));
#1744=CARTESIAN_POINT('',(-269.907045739769,64.5019215428609,4.5));
#1745=CARTESIAN_POINT('Ctrl Pts',(-269.907045739769,64.5019215428609,4.5));
#1746=CARTESIAN_POINT('Ctrl Pts',(-272.876484562833,66.282917484023,4.5));
#1747=CARTESIAN_POINT('Ctrl Pts',(-275.716895812629,68.3282545252421,4.5));
#1748=CARTESIAN_POINT('Ctrl Pts',(-278.825324052452,69.814565611261,4.5));
#1749=CARTESIAN_POINT('',(-269.907045739769,64.5019215428609,4.));
#1750=CARTESIAN_POINT('',(-269.907045739769,64.5019215428609,4.5));
#1751=CARTESIAN_POINT('Ctrl Pts',(-269.907045739769,64.5019215428609,4.));
#1752=CARTESIAN_POINT('Ctrl Pts',(-272.876484562833,66.282917484023,4.));
#1753=CARTESIAN_POINT('Ctrl Pts',(-275.716895812629,68.3282545252421,4.));
#1754=CARTESIAN_POINT('Ctrl Pts',(-278.825324052452,69.814565611261,4.));
#1755=CARTESIAN_POINT('Ctrl Pts',(-268.968728901822,64.259026162205,4.5));
#1756=CARTESIAN_POINT('Ctrl Pts',(-268.968728901822,64.259026162205,4.));
#1757=CARTESIAN_POINT('Ctrl Pts',(-269.288044843951,64.3050343358297,4.5));
#1758=CARTESIAN_POINT('Ctrl Pts',(-269.288044843951,64.3050343358297,4.));
#1759=CARTESIAN_POINT('Ctrl Pts',(-269.638370682675,64.3408041163066,4.5));
#1760=CARTESIAN_POINT('Ctrl Pts',(-269.638370682675,64.3408041163066,4.));
#1761=CARTESIAN_POINT('Ctrl Pts',(-269.907045739769,64.5019215428609,4.5));
#1762=CARTESIAN_POINT('Ctrl Pts',(-269.907045739769,64.5019215428609,4.));
#1763=CARTESIAN_POINT('',(-268.968728901822,64.259026162205,4.5));
#1764=CARTESIAN_POINT('Ctrl Pts',(-268.968728901822,64.259026162205,4.5));
#1765=CARTESIAN_POINT('Ctrl Pts',(-269.288044843951,64.3050343358297,4.5));
#1766=CARTESIAN_POINT('Ctrl Pts',(-269.638370682675,64.3408041163066,4.5));
#1767=CARTESIAN_POINT('Ctrl Pts',(-269.907045739769,64.5019215428609,4.5));
#1768=CARTESIAN_POINT('',(-268.968728901822,64.259026162205,4.));
#1769=CARTESIAN_POINT('',(-268.968728901822,64.259026162205,4.5));
#1770=CARTESIAN_POINT('Ctrl Pts',(-268.968728901822,64.259026162205,4.));
#1771=CARTESIAN_POINT('Ctrl Pts',(-269.288044843951,64.3050343358297,4.));
#1772=CARTESIAN_POINT('Ctrl Pts',(-269.638370682675,64.3408041163066,4.));
#1773=CARTESIAN_POINT('Ctrl Pts',(-269.907045739769,64.5019215428609,4.));
#1774=CARTESIAN_POINT('Ctrl Pts',(-268.81726043411,64.8167602065979,4.5));
#1775=CARTESIAN_POINT('Ctrl Pts',(-268.81726043411,64.8167602065979,4.));
#1776=CARTESIAN_POINT('Ctrl Pts',(-268.80470063873,64.6263325536031,4.5));
#1777=CARTESIAN_POINT('Ctrl Pts',(-268.80470063873,64.6263325536031,4.));
#1778=CARTESIAN_POINT('Ctrl Pts',(-268.942499075213,64.2552311742086,4.5));
#1779=CARTESIAN_POINT('Ctrl Pts',(-268.942499075213,64.2552311742086,4.));
#1780=CARTESIAN_POINT('Ctrl Pts',(-268.968728901822,64.259026162205,4.5));
#1781=CARTESIAN_POINT('Ctrl Pts',(-268.968728901822,64.259026162205,4.));
#1782=CARTESIAN_POINT('',(-268.81726043411,64.8167602065979,4.5));
#1783=CARTESIAN_POINT('Ctrl Pts',(-268.81726043411,64.8167602065979,4.5));
#1784=CARTESIAN_POINT('Ctrl Pts',(-268.80470063873,64.6263325536031,4.5));
#1785=CARTESIAN_POINT('Ctrl Pts',(-268.942499075213,64.2552311742086,4.5));
#1786=CARTESIAN_POINT('Ctrl Pts',(-268.968728901822,64.259026162205,4.5));
#1787=CARTESIAN_POINT('',(-268.81726043411,64.8167602065979,4.));
#1788=CARTESIAN_POINT('',(-268.81726043411,64.8167602065979,4.5));
#1789=CARTESIAN_POINT('Ctrl Pts',(-268.81726043411,64.8167602065979,4.));
#1790=CARTESIAN_POINT('Ctrl Pts',(-268.80470063873,64.6263325536031,4.));
#1791=CARTESIAN_POINT('Ctrl Pts',(-268.942499075213,64.2552311742086,4.));
#1792=CARTESIAN_POINT('Ctrl Pts',(-268.968728901822,64.259026162205,4.));
#1793=CARTESIAN_POINT('Ctrl Pts',(-269.112776956835,68.8421766443827,4.5));
#1794=CARTESIAN_POINT('Ctrl Pts',(-269.112776956835,68.8421766443827,4.));
#1795=CARTESIAN_POINT('Ctrl Pts',(-269.090866956988,67.4992838068583,4.5));
#1796=CARTESIAN_POINT('Ctrl Pts',(-269.090866956988,67.4992838068583,4.));
#1797=CARTESIAN_POINT('Ctrl Pts',(-268.905824957171,66.1594431086161,4.5));
#1798=CARTESIAN_POINT('Ctrl Pts',(-268.905824957171,66.1594431086161,4.));
#1799=CARTESIAN_POINT('Ctrl Pts',(-268.81726043411,64.8167602065979,4.5));
#1800=CARTESIAN_POINT('Ctrl Pts',(-268.81726043411,64.8167602065979,4.));
#1801=CARTESIAN_POINT('',(-269.112776956835,68.8421766443827,4.5));
#1802=CARTESIAN_POINT('Ctrl Pts',(-269.112776956835,68.8421766443827,4.5));
#1803=CARTESIAN_POINT('Ctrl Pts',(-269.090866956988,67.4992838068583,4.5));
#1804=CARTESIAN_POINT('Ctrl Pts',(-268.905824957171,66.1594431086161,4.5));
#1805=CARTESIAN_POINT('Ctrl Pts',(-268.81726043411,64.8167602065979,4.5));
#1806=CARTESIAN_POINT('',(-269.112776956835,68.8421766443827,4.));
#1807=CARTESIAN_POINT('',(-269.112776956835,68.8421766443827,4.5));
#1808=CARTESIAN_POINT('Ctrl Pts',(-269.112776956835,68.8421766443827,4.));
#1809=CARTESIAN_POINT('Ctrl Pts',(-269.090866956988,67.4992838068583,4.));
#1810=CARTESIAN_POINT('Ctrl Pts',(-268.905824957171,66.1594431086161,4.));
#1811=CARTESIAN_POINT('Ctrl Pts',(-268.81726043411,64.8167602065979,4.));
#1812=CARTESIAN_POINT('Ctrl Pts',(-269.179609117785,80.0356633031149,4.5));
#1813=CARTESIAN_POINT('Ctrl Pts',(-269.179609117785,80.0356633031149,4.));
#1814=CARTESIAN_POINT('Ctrl Pts',(-269.16820800491,76.2247363571106,4.5));
#1815=CARTESIAN_POINT('Ctrl Pts',(-269.16820800491,76.2247363571106,4.));
#1816=CARTESIAN_POINT('Ctrl Pts',(-269.172984037676,72.5329235875387,4.5));
#1817=CARTESIAN_POINT('Ctrl Pts',(-269.172984037676,72.5329235875387,4.));
#1818=CARTESIAN_POINT('Ctrl Pts',(-269.112776956835,68.8421766443827,4.5));
#1819=CARTESIAN_POINT('Ctrl Pts',(-269.112776956835,68.8421766443827,4.));
#1820=CARTESIAN_POINT('',(-269.179609117785,80.0356633031149,4.5));
#1821=CARTESIAN_POINT('Ctrl Pts',(-269.179609117785,80.0356633031149,4.5));
#1822=CARTESIAN_POINT('Ctrl Pts',(-269.16820800491,76.2247363571106,4.5));
#1823=CARTESIAN_POINT('Ctrl Pts',(-269.172984037676,72.5329235875387,4.5));
#1824=CARTESIAN_POINT('Ctrl Pts',(-269.112776956835,68.8421766443827,4.5));
#1825=CARTESIAN_POINT('',(-269.179609117785,80.0356633031149,4.));
#1826=CARTESIAN_POINT('',(-269.179609117785,80.0356633031149,4.5));
#1827=CARTESIAN_POINT('Ctrl Pts',(-269.179609117785,80.0356633031149,4.));
#1828=CARTESIAN_POINT('Ctrl Pts',(-269.16820800491,76.2247363571106,4.));
#1829=CARTESIAN_POINT('Ctrl Pts',(-269.172984037676,72.5329235875387,4.));
#1830=CARTESIAN_POINT('Ctrl Pts',(-269.112776956835,68.8421766443827,4.));
#1831=CARTESIAN_POINT('Ctrl Pts',(-269.1700397573,80.0832335522938,4.5));
#1832=CARTESIAN_POINT('Ctrl Pts',(-269.1700397573,80.0832335522938,4.));
#1833=CARTESIAN_POINT('Ctrl Pts',(-269.173229591201,80.0673778866344,4.5));
#1834=CARTESIAN_POINT('Ctrl Pts',(-269.173229591201,80.0673778866344,4.));
#1835=CARTESIAN_POINT('Ctrl Pts',(-269.176419378538,80.0515211380772,4.5));
#1836=CARTESIAN_POINT('Ctrl Pts',(-269.176419378538,80.0515211380772,4.));
#1837=CARTESIAN_POINT('Ctrl Pts',(-269.179609117785,80.0356633031149,4.5));
#1838=CARTESIAN_POINT('Ctrl Pts',(-269.179609117785,80.0356633031149,4.));
#1839=CARTESIAN_POINT('',(-269.1700397573,80.0832335522938,4.5));
#1840=CARTESIAN_POINT('Ctrl Pts',(-269.1700397573,80.0832335522937,4.5));
#1841=CARTESIAN_POINT('Ctrl Pts',(-269.173229591201,80.0673778866344,4.5));
#1842=CARTESIAN_POINT('Ctrl Pts',(-269.176419378538,80.0515211380772,4.5));
#1843=CARTESIAN_POINT('Ctrl Pts',(-269.179609117785,80.0356633031149,4.5));
#1844=CARTESIAN_POINT('',(-269.1700397573,80.0832335522938,4.));
#1845=CARTESIAN_POINT('',(-269.1700397573,80.0832335522938,4.5));
#1846=CARTESIAN_POINT('Ctrl Pts',(-269.1700397573,80.0832335522937,4.));
#1847=CARTESIAN_POINT('Ctrl Pts',(-269.173229591201,80.0673778866344,4.));
#1848=CARTESIAN_POINT('Ctrl Pts',(-269.176419378538,80.0515211380772,4.));
#1849=CARTESIAN_POINT('Ctrl Pts',(-269.179609117785,80.0356633031149,4.));
#1850=CARTESIAN_POINT('Ctrl Pts',(-269.170073201138,80.1552134994446,4.5));
#1851=CARTESIAN_POINT('Ctrl Pts',(-269.170073201138,80.1552134994446,4.));
#1852=CARTESIAN_POINT('Ctrl Pts',(-269.170061810967,80.131211301578,4.5));
#1853=CARTESIAN_POINT('Ctrl Pts',(-269.170061810967,80.131211301578,4.));
#1854=CARTESIAN_POINT('Ctrl Pts',(-269.170050668458,80.107218003897,4.5));
#1855=CARTESIAN_POINT('Ctrl Pts',(-269.170050668458,80.107218003897,4.));
#1856=CARTESIAN_POINT('Ctrl Pts',(-269.1700397573,80.0832335522937,4.5));
#1857=CARTESIAN_POINT('Ctrl Pts',(-269.1700397573,80.0832335522937,4.));
#1858=CARTESIAN_POINT('Ctrl Pts',(-269.170073201138,80.1552134994446,4.5));
#1859=CARTESIAN_POINT('Ctrl Pts',(-269.170061810967,80.131211301578,4.5));
#1860=CARTESIAN_POINT('Ctrl Pts',(-269.170050668458,80.107218003897,4.5));
#1861=CARTESIAN_POINT('Ctrl Pts',(-269.1700397573,80.0832335522938,4.5));
#1862=CARTESIAN_POINT('Ctrl Pts',(-269.170073201138,80.1552134994446,4.));
#1863=CARTESIAN_POINT('Ctrl Pts',(-269.170061810967,80.131211301578,4.));
#1864=CARTESIAN_POINT('Ctrl Pts',(-269.170050668458,80.107218003897,4.));
#1865=CARTESIAN_POINT('Ctrl Pts',(-269.1700397573,80.0832335522938,4.));
#1866=CARTESIAN_POINT('Origin',(-282.863880257685,85.6192372166891,4.));
#1867=CARTESIAN_POINT('Origin',(-205.077439590842,151.22280692245,4.5));
#1868=CARTESIAN_POINT('',(-253.393642814081,190.726474984159,4.5));
#1869=CARTESIAN_POINT('',(-248.933215002865,183.589012618364,4.5));
#1870=CARTESIAN_POINT('Ctrl Pts',(-253.393642814081,190.726474984159,4.5));
#1871=CARTESIAN_POINT('Ctrl Pts',(-253.039354194115,189.907908801289,4.5));
#1872=CARTESIAN_POINT('Ctrl Pts',(-252.630286267063,189.079948033721,4.5));
#1873=CARTESIAN_POINT('Ctrl Pts',(-252.149480852598,188.218771830538,4.5));
#1874=CARTESIAN_POINT('Ctrl Pts',(-251.577439709193,187.19418224581,4.5));
#1875=CARTESIAN_POINT('Ctrl Pts',(-250.878428168935,186.098062232858,4.5));
#1876=CARTESIAN_POINT('Ctrl Pts',(-250.154459350341,185.124288950347,4.5));
#1877=CARTESIAN_POINT('Ctrl Pts',(-249.708492866007,184.52444233239,4.5));
#1878=CARTESIAN_POINT('Ctrl Pts',(-249.265032130874,183.98614900679,4.5));
#1879=CARTESIAN_POINT('Ctrl Pts',(-248.933215002865,183.589012618364,4.5));
#1880=CARTESIAN_POINT('',(-248.707063278385,181.933424110361,4.5));
#1881=CARTESIAN_POINT('',(-248.933215002865,183.589012618365,4.5));
#1882=CARTESIAN_POINT('',(-264.845457844532,113.147204055804,4.5));
#1883=CARTESIAN_POINT('Ctrl Pts',(-248.707063278385,181.933424110361,4.5));
#1884=CARTESIAN_POINT('Ctrl Pts',(-251.21706628354,178.60686789598,4.5));
#1885=CARTESIAN_POINT('Ctrl Pts',(-253.264791730772,175.56261322902,4.5));
#1886=CARTESIAN_POINT('Ctrl Pts',(-254.869792344727,172.729064876025,4.5));
#1887=CARTESIAN_POINT('Ctrl Pts',(-256.563854169485,169.73828340736,4.5));
#1888=CARTESIAN_POINT('Ctrl Pts',(-257.756201392206,166.938685053693,4.5));
#1889=CARTESIAN_POINT('Ctrl Pts',(-258.524773868629,164.429066809951,4.5));
#1890=CARTESIAN_POINT('Ctrl Pts',(-259.145195153057,162.403206371322,4.5));
#1891=CARTESIAN_POINT('Ctrl Pts',(-259.500259673716,160.639068693611,4.5));
#1892=CARTESIAN_POINT('Ctrl Pts',(-259.801536458528,159.045185667843,4.5));
#1893=CARTESIAN_POINT('Ctrl Pts',(-260.104040932822,157.444807639716,4.5));
#1894=CARTESIAN_POINT('Ctrl Pts',(-260.375401242987,155.933810576575,4.5));
#1895=CARTESIAN_POINT('Ctrl Pts',(-260.637326907944,154.194516268628,4.5));
#1896=CARTESIAN_POINT('Ctrl Pts',(-260.919689120754,152.3195148647,4.5));
#1897=CARTESIAN_POINT('Ctrl Pts',(-261.150590980868,150.18934396747,4.5));
#1898=CARTESIAN_POINT('Ctrl Pts',(-261.219005749605,148.067433855385,4.5));
#1899=CARTESIAN_POINT('Ctrl Pts',(-261.294227296751,145.73440891816,4.5));
#1900=CARTESIAN_POINT('Ctrl Pts',(-261.195124818618,143.477535485422,4.5));
#1901=CARTESIAN_POINT('Ctrl Pts',(-261.058943774185,141.418224941922,4.5));
#1902=CARTESIAN_POINT('Ctrl Pts',(-260.889316394448,138.853143634067,4.5));
#1903=CARTESIAN_POINT('Ctrl Pts',(-260.66842509408,136.489037502829,4.5));
#1904=CARTESIAN_POINT('Ctrl Pts',(-260.450244733185,133.976077190586,4.5));
#1905=CARTESIAN_POINT('Ctrl Pts',(-260.273462267145,131.939930035833,4.5));
#1906=CARTESIAN_POINT('Ctrl Pts',(-260.090367684529,129.805070827247,4.5));
#1907=CARTESIAN_POINT('Ctrl Pts',(-260.008236699491,127.994325405593,4.5));
#1908=CARTESIAN_POINT('Ctrl Pts',(-259.945545437304,126.612168404452,4.5));
#1909=CARTESIAN_POINT('Ctrl Pts',(-259.955952233797,125.473573645062,4.5));
#1910=CARTESIAN_POINT('Ctrl Pts',(-260.038468460903,124.712869186845,4.5));
#1911=CARTESIAN_POINT('Ctrl Pts',(-260.117752532475,123.981961475402,4.5));
#1912=CARTESIAN_POINT('Ctrl Pts',(-260.224689012481,123.564848077141,4.5));
#1913=CARTESIAN_POINT('Ctrl Pts',(-260.47331890261,122.935353784818,4.5));
#1914=CARTESIAN_POINT('Ctrl Pts',(-260.700170547842,122.360998803588,4.5));
#1915=CARTESIAN_POINT('Ctrl Pts',(-261.0963615921,121.583814631191,4.5));
#1916=CARTESIAN_POINT('Ctrl Pts',(-261.598409891784,120.605657254255,4.5));
#1917=CARTESIAN_POINT('Ctrl Pts',(-262.084325037914,119.658932636222,4.5));
#1918=CARTESIAN_POINT('Ctrl Pts',(-262.64182837525,118.49694347333,4.5));
#1919=CARTESIAN_POINT('Ctrl Pts',(-263.056042429726,117.476696627236,4.5));
#1920=CARTESIAN_POINT('Ctrl Pts',(-263.398174995942,116.633993035081,4.5));
#1921=CARTESIAN_POINT('Ctrl Pts',(-263.64697816066,115.944212879159,4.5));
#1922=CARTESIAN_POINT('Ctrl Pts',(-263.900889985311,115.306672097985,4.5));
#1923=CARTESIAN_POINT('Ctrl Pts',(-264.161535723765,114.652223302886,4.5));
#1924=CARTESIAN_POINT('Ctrl Pts',(-264.454390143055,113.979515510277,4.5));
#1925=CARTESIAN_POINT('Ctrl Pts',(-264.845457844532,113.147204055804,4.5));
#1926=CARTESIAN_POINT('',(-265.451396611389,111.812195979568,4.5));
#1927=CARTESIAN_POINT('',(-264.845457844532,113.147204055804,4.5));
#1928=CARTESIAN_POINT('',(-266.141549514309,112.246513858878,4.5));
#1929=CARTESIAN_POINT('',(-265.451396611389,111.812195979568,4.5));
#1930=CARTESIAN_POINT('',(-289.623153149353,113.27464297371,4.5));
#1931=CARTESIAN_POINT('Ctrl Pts',(-266.141549514309,112.246513858878,4.5));
#1932=CARTESIAN_POINT('Ctrl Pts',(-266.648387208867,112.556425041472,4.5));
#1933=CARTESIAN_POINT('Ctrl Pts',(-267.120602481497,112.82623527456,4.5));
#1934=CARTESIAN_POINT('Ctrl Pts',(-267.553690091392,113.06274201833,4.5));
#1935=CARTESIAN_POINT('Ctrl Pts',(-268.013496294026,113.313839637531,4.5));
#1936=CARTESIAN_POINT('Ctrl Pts',(-268.398909775879,113.521314794506,4.5));
#1937=CARTESIAN_POINT('Ctrl Pts',(-268.968604368718,113.772637826788,4.5));
#1938=CARTESIAN_POINT('Ctrl Pts',(-269.33755954439,113.935403867912,4.5));
#1939=CARTESIAN_POINT('Ctrl Pts',(-269.832735893837,114.137631926289,4.5));
#1940=CARTESIAN_POINT('Ctrl Pts',(-270.498099691033,114.301936045022,4.5));
#1941=CARTESIAN_POINT('Ctrl Pts',(-271.151878123894,114.463379288117,4.5));
#1942=CARTESIAN_POINT('Ctrl Pts',(-271.914256162952,114.539038946653,4.5));
#1943=CARTESIAN_POINT('Ctrl Pts',(-272.420938893775,114.544876312915,4.5));
#1944=CARTESIAN_POINT('Ctrl Pts',(-273.207685565419,114.553940226482,4.5));
#1945=CARTESIAN_POINT('Ctrl Pts',(-273.451482346025,114.505406930107,4.5));
#1946=CARTESIAN_POINT('Ctrl Pts',(-273.683833900077,114.488375362126,4.5));
#1947=CARTESIAN_POINT('Ctrl Pts',(-274.007726998335,114.464633720526,4.5));
#1948=CARTESIAN_POINT('Ctrl Pts',(-274.294926085996,114.44992782337,4.5));
#1949=CARTESIAN_POINT('Ctrl Pts',(-274.610665438382,114.448065459893,4.5));
#1950=CARTESIAN_POINT('Ctrl Pts',(-275.151308594953,114.444876519201,4.5));
#1951=CARTESIAN_POINT('Ctrl Pts',(-275.645253099268,114.484941244193,4.5));
#1952=CARTESIAN_POINT('Ctrl Pts',(-276.487643199381,114.554165142933,4.5));
#1953=CARTESIAN_POINT('Ctrl Pts',(-277.198736125209,114.612599619651,4.5));
#1954=CARTESIAN_POINT('Ctrl Pts',(-278.077191738628,114.66678640546,4.5));
#1955=CARTESIAN_POINT('Ctrl Pts',(-278.909927316216,114.693050857978,4.5));
#1956=CARTESIAN_POINT('Ctrl Pts',(-279.882686558991,114.723731652256,4.5));
#1957=CARTESIAN_POINT('Ctrl Pts',(-280.858404809456,114.748256790104,4.5));
#1958=CARTESIAN_POINT('Ctrl Pts',(-282.131319905937,114.706129945497,4.5));
#1959=CARTESIAN_POINT('Ctrl Pts',(-283.556644232806,114.658959150998,4.5));
#1960=CARTESIAN_POINT('Ctrl Pts',(-285.341925512952,114.471072453682,4.5));
#1961=CARTESIAN_POINT('Ctrl Pts',(-287.042440102841,114.061105112809,4.5));
#1962=CARTESIAN_POINT('Ctrl Pts',(-287.937744708557,113.845261243749,4.5));
#1963=CARTESIAN_POINT('Ctrl Pts',(-288.804301601909,113.577538599039,4.5));
#1964=CARTESIAN_POINT('Ctrl Pts',(-289.623153149353,113.27464297371,4.5));
#1965=CARTESIAN_POINT('',(-282.91850935876,65.8878060147536,4.5));
#1966=CARTESIAN_POINT('Ctrl Pts',(-289.623153149353,113.27464297371,4.5));
#1967=CARTESIAN_POINT('Ctrl Pts',(-291.25269580424,112.523777476732,4.5));
#1968=CARTESIAN_POINT('Ctrl Pts',(-292.6781463635,111.585659565655,4.5));
#1969=CARTESIAN_POINT('Ctrl Pts',(-293.839959374514,110.700252664498,4.5));
#1970=CARTESIAN_POINT('Ctrl Pts',(-295.145568625948,109.705259984545,4.5));
#1971=CARTESIAN_POINT('Ctrl Pts',(-296.133183589146,108.80084219705,4.5));
#1972=CARTESIAN_POINT('Ctrl Pts',(-296.966269511673,108.023958562604,4.5));
#1973=CARTESIAN_POINT('Ctrl Pts',(-297.756628714439,107.286919184841,4.5));
#1974=CARTESIAN_POINT('Ctrl Pts',(-298.463446341918,106.613580015191,4.5));
#1975=CARTESIAN_POINT('Ctrl Pts',(-299.255880939535,105.725316194904,4.5));
#1976=CARTESIAN_POINT('Ctrl Pts',(-300.222761997288,104.64151008055,4.5));
#1977=CARTESIAN_POINT('Ctrl Pts',(-301.216524125709,103.253810632156,4.5));
#1978=CARTESIAN_POINT('Ctrl Pts',(-302.012157387117,101.760976047109,4.5));
#1979=CARTESIAN_POINT('Ctrl Pts',(-303.059580050086,99.7957128381818,4.5));
#1980=CARTESIAN_POINT('Ctrl Pts',(-303.892372153304,97.6077152306996,4.5));
#1981=CARTESIAN_POINT('Ctrl Pts',(-304.330573448514,95.2102104723594,4.5));
#1982=CARTESIAN_POINT('Ctrl Pts',(-304.671440001652,93.3452475157416,4.5));
#1983=CARTESIAN_POINT('Ctrl Pts',(-304.704048613197,91.3940955253309,4.5));
#1984=CARTESIAN_POINT('Ctrl Pts',(-304.523528260425,89.6543360546702,4.5));
#1985=CARTESIAN_POINT('Ctrl Pts',(-304.320264705499,87.6953896572558,4.5));
#1986=CARTESIAN_POINT('Ctrl Pts',(-303.922546135064,85.9312531086372,4.5));
#1987=CARTESIAN_POINT('Ctrl Pts',(-303.435079018865,84.1365019030793,4.5));
#1988=CARTESIAN_POINT('Ctrl Pts',(-302.825484573985,81.8921036072918,4.5));
#1989=CARTESIAN_POINT('Ctrl Pts',(-302.013447218587,79.6387619413767,4.5));
#1990=CARTESIAN_POINT('Ctrl Pts',(-301.214410077836,77.8540169925193,4.5));
#1991=CARTESIAN_POINT('Ctrl Pts',(-300.753965776607,76.8255596168368,4.5));
#1992=CARTESIAN_POINT('Ctrl Pts',(-300.332055443834,75.9709348245847,4.5));
#1993=CARTESIAN_POINT('Ctrl Pts',(-299.820571124481,75.0678667266178,4.5));
#1994=CARTESIAN_POINT('Ctrl Pts',(-299.430294052456,74.3788001027188,4.5));
#1995=CARTESIAN_POINT('Ctrl Pts',(-298.958082016958,73.6051474904193,4.5));
#1996=CARTESIAN_POINT('Ctrl Pts',(-298.251407069266,72.7519801442734,4.5));
#1997=CARTESIAN_POINT('Ctrl Pts',(-297.442303054937,71.7751503770447,4.5));
#1998=CARTESIAN_POINT('Ctrl Pts',(-296.327272533967,70.7877182809572,4.5));
#1999=CARTESIAN_POINT('Ctrl Pts',(-295.145497741879,70.040063767796,4.5));
#2000=CARTESIAN_POINT('Ctrl Pts',(-293.839426646406,69.213772704915,4.5));
#2001=CARTESIAN_POINT('Ctrl Pts',(-292.471737029841,68.6136754786214,4.5));
#2002=CARTESIAN_POINT('Ctrl Pts',(-290.958316770497,68.070806270274,4.5));
#2003=CARTESIAN_POINT('Ctrl Pts',(-288.727571346003,67.2706299840488,4.5));
#2004=CARTESIAN_POINT('Ctrl Pts',(-286.118310135543,66.5848542789721,4.5));
#2005=CARTESIAN_POINT('Ctrl Pts',(-282.91850935876,65.8878060147536,4.5));
#2006=CARTESIAN_POINT('',(-271.309419972312,60.9592317349453,4.5));
#2007=CARTESIAN_POINT('Ctrl Pts',(-282.91850935876,65.8878060147536,4.5));
#2008=CARTESIAN_POINT('Ctrl Pts',(-280.16937215907,65.0194405371275,4.5));
#2009=CARTESIAN_POINT('Ctrl Pts',(-277.852142918256,64.1981775322936,4.5));
#2010=CARTESIAN_POINT('Ctrl Pts',(-276.027437978858,63.4568743001462,4.5));
#2011=CARTESIAN_POINT('Ctrl Pts',(-273.758340171848,62.535032361717,4.5));
#2012=CARTESIAN_POINT('Ctrl Pts',(-272.282104606667,61.7118468558766,4.5));
#2013=CARTESIAN_POINT('Ctrl Pts',(-271.690991574649,61.2813747786388,4.5));
#2014=CARTESIAN_POINT('Ctrl Pts',(-271.365420804629,61.0442811635986,4.5));
#2015=CARTESIAN_POINT('Ctrl Pts',(-271.314517201092,60.9656424672908,4.5));
#2016=CARTESIAN_POINT('Ctrl Pts',(-271.309419972313,60.9592317349443,4.5));
#2017=CARTESIAN_POINT('',(-257.032542600985,38.322095943507,4.5));
#2018=CARTESIAN_POINT('Ctrl Pts',(-271.309419972312,60.9592317349453,4.5));
#2019=CARTESIAN_POINT('Ctrl Pts',(-271.306068309435,60.9543355918962,4.5));
#2020=CARTESIAN_POINT('Ctrl Pts',(-271.268653086958,60.9068285899164,4.5));
#2021=CARTESIAN_POINT('Ctrl Pts',(-271.148938298469,60.6295887462181,4.5));
#2022=CARTESIAN_POINT('Ctrl Pts',(-270.99457917867,60.2721183051269,4.5));
#2023=CARTESIAN_POINT('Ctrl Pts',(-270.728956379321,59.5358900118271,4.5));
#2024=CARTESIAN_POINT('Ctrl Pts',(-270.342611857291,58.5494171279493,4.5));
#2025=CARTESIAN_POINT('Ctrl Pts',(-269.808007454903,57.184384840738,4.5));
#2026=CARTESIAN_POINT('Ctrl Pts',(-269.031655078681,55.4260673231694,4.5));
#2027=CARTESIAN_POINT('Ctrl Pts',(-267.981234966733,53.523061429256,4.5));
#2028=CARTESIAN_POINT('Ctrl Pts',(-265.885881551973,49.7269898834387,4.5));
#2029=CARTESIAN_POINT('Ctrl Pts',(-262.700036888365,45.2435218048696,4.5));
#2030=CARTESIAN_POINT('Ctrl Pts',(-258.382406415109,39.9706167604053,4.5));
#2031=CARTESIAN_POINT('Ctrl Pts',(-257.932451810401,39.4211098214393,4.5));
#2032=CARTESIAN_POINT('Ctrl Pts',(-257.482497205693,38.8716028824732,4.5));
#2033=CARTESIAN_POINT('Ctrl Pts',(-257.032542600985,38.3220959435072,4.5));
#2034=CARTESIAN_POINT('',(-209.692123857885,33.2992120410132,4.5));
#2035=CARTESIAN_POINT('Ctrl Pts',(-257.032542600985,38.322095943507,4.5));
#2036=CARTESIAN_POINT('Ctrl Pts',(-256.352738543656,38.1164665051732,4.5));
#2037=CARTESIAN_POINT('Ctrl Pts',(-255.672934486327,37.9108370668394,4.5));
#2038=CARTESIAN_POINT('Ctrl Pts',(-254.993130428998,37.7052076285056,4.5));
#2039=CARTESIAN_POINT('Ctrl Pts',(-252.599187027501,36.9810795040175,4.5));
#2040=CARTESIAN_POINT('Ctrl Pts',(-250.26240349575,36.3562061047559,4.5));
#2041=CARTESIAN_POINT('Ctrl Pts',(-247.977354588675,35.8350933346664,4.5));
#2042=CARTESIAN_POINT('Ctrl Pts',(-243.281799255073,34.7642568027099,4.5));
#2043=CARTESIAN_POINT('Ctrl Pts',(-238.793350276068,34.1734748089028,4.5));
#2044=CARTESIAN_POINT('Ctrl Pts',(-234.604958110429,33.9451698925951,4.5));
#2045=CARTESIAN_POINT('Ctrl Pts',(-230.739548090765,33.7344703983419,4.5));
#2046=CARTESIAN_POINT('Ctrl Pts',(-227.160216383996,33.7674913157165,4.5));
#2047=CARTESIAN_POINT('Ctrl Pts',(-223.409472226164,33.7260179908545,4.5));
#2048=CARTESIAN_POINT('Ctrl Pts',(-219.485156273457,33.6826254203355,4.5));
#2049=CARTESIAN_POINT('Ctrl Pts',(-215.317112266884,33.571634684848,4.5));
#2050=CARTESIAN_POINT('Ctrl Pts',(-210.794051861992,33.3525792870171,4.5));
#2051=CARTESIAN_POINT('Ctrl Pts',(-210.42674252729,33.3347902050157,4.5));
#2052=CARTESIAN_POINT('Ctrl Pts',(-210.059433192589,33.3170011230143,4.5));
#2053=CARTESIAN_POINT('Ctrl Pts',(-209.692123857888,33.2992120410129,4.5));
#2054=CARTESIAN_POINT('',(-203.230368714519,36.5438763597679,4.5));
#2055=CARTESIAN_POINT('Ctrl Pts',(-209.692123857885,33.2992120410132,4.5));
#2056=CARTESIAN_POINT('Ctrl Pts',(-209.337147890175,33.395257140551,4.5));
#2057=CARTESIAN_POINT('Ctrl Pts',(-208.982171922464,33.4913022400889,4.5));
#2058=CARTESIAN_POINT('Ctrl Pts',(-208.627195954754,33.5873473396268,4.5));
#2059=CARTESIAN_POINT('Ctrl Pts',(-207.621515501709,33.8594521805235,4.5));
#2060=CARTESIAN_POINT('Ctrl Pts',(-206.625737411554,34.2578644553328,4.5));
#2061=CARTESIAN_POINT('Ctrl Pts',(-205.697356929276,34.7731985941239,4.5));
#2062=CARTESIAN_POINT('Ctrl Pts',(-204.780974194377,35.2818729108582,4.5));
#2063=CARTESIAN_POINT('Ctrl Pts',(-203.948106924565,35.9121978247165,4.5));
#2064=CARTESIAN_POINT('Ctrl Pts',(-203.230368714519,36.5438763597678,4.5));
#2065=CARTESIAN_POINT('',(-201.465164460977,38.409178908356,4.5));
#2066=CARTESIAN_POINT('Ctrl Pts',(-203.230368714519,36.5438763597679,4.5));
#2067=CARTESIAN_POINT('Ctrl Pts',(-202.991438908012,36.8189402398816,4.5));
#2068=CARTESIAN_POINT('Ctrl Pts',(-202.786376564929,37.0628502009671,4.5));
#2069=CARTESIAN_POINT('Ctrl Pts',(-202.596474417564,37.275748080673,4.5));
#2070=CARTESIAN_POINT('Ctrl Pts',(-202.095675575923,37.8371899233487,4.5));
#2071=CARTESIAN_POINT('Ctrl Pts',(-201.757960018875,38.1676223022316,4.5));
#2072=CARTESIAN_POINT('Ctrl Pts',(-201.465164460977,38.409178908356,4.5));
#2073=CARTESIAN_POINT('',(-200.599274003571,38.9984708477573,4.5));
#2074=CARTESIAN_POINT('Ctrl Pts',(-201.465164460977,38.409178908356,4.5));
#2075=CARTESIAN_POINT('Ctrl Pts',(-201.330266182317,38.5204701130419,4.5));
#2076=CARTESIAN_POINT('Ctrl Pts',(-201.204902967125,38.6128958647008,4.5));
#2077=CARTESIAN_POINT('Ctrl Pts',(-201.077518794174,38.7003564196114,4.5));
#2078=CARTESIAN_POINT('Ctrl Pts',(-200.917228669186,38.8104098348308,4.5));
#2079=CARTESIAN_POINT('Ctrl Pts',(-200.749907568,38.9127853531305,4.5));
#2080=CARTESIAN_POINT('Ctrl Pts',(-200.599274003571,38.9984708477563,4.5));
#2081=CARTESIAN_POINT('',(-181.621885735799,38.7654884332385,4.5));
#2082=CARTESIAN_POINT('Ctrl Pts',(-200.599274003571,38.9984708477573,4.5));
#2083=CARTESIAN_POINT('Ctrl Pts',(-200.340450596379,39.0084540899925,4.5));
#2084=CARTESIAN_POINT('Ctrl Pts',(-199.93660265127,39.0140777153842,4.5));
#2085=CARTESIAN_POINT('Ctrl Pts',(-199.408628265311,39.0099210500852,4.5));
#2086=CARTESIAN_POINT('Ctrl Pts',(-197.85984287894,38.9977276887359,4.5));
#2087=CARTESIAN_POINT('Ctrl Pts',(-195.191388007022,38.8974324254501,4.5));
#2088=CARTESIAN_POINT('Ctrl Pts',(-192.258521322884,38.8082896986662,4.5));
#2089=CARTESIAN_POINT('Ctrl Pts',(-189.5879858674,38.7271203725041,4.5));
#2090=CARTESIAN_POINT('Ctrl Pts',(-186.755737165002,38.6643570352595,4.5));
#2091=CARTESIAN_POINT('Ctrl Pts',(-184.465328816562,38.6846511953875,4.5));
#2092=CARTESIAN_POINT('Ctrl Pts',(-183.400942245692,38.6940821911843,4.5));
#2093=CARTESIAN_POINT('Ctrl Pts',(-182.451419341402,38.7201678481885,4.5));
#2094=CARTESIAN_POINT('Ctrl Pts',(-181.621885735799,38.7654884332388,4.5));
#2095=CARTESIAN_POINT('',(-172.895664287459,33.9682750060737,4.5));
#2096=CARTESIAN_POINT('Ctrl Pts',(-181.621885735799,38.7654884332385,4.5));
#2097=CARTESIAN_POINT('Ctrl Pts',(-181.459254650957,38.6349818000905,4.5));
#2098=CARTESIAN_POINT('Ctrl Pts',(-181.297639230279,38.5104041261944,4.5));
#2099=CARTESIAN_POINT('Ctrl Pts',(-181.137704810922,38.3906000542594,4.5));
#2100=CARTESIAN_POINT('Ctrl Pts',(-180.226080449615,37.7077182143242,4.5));
#2101=CARTESIAN_POINT('Ctrl Pts',(-179.292776512925,37.1063044550552,4.5));
#2102=CARTESIAN_POINT('Ctrl Pts',(-178.336762033171,36.5247133705579,4.5));
#2103=CARTESIAN_POINT('Ctrl Pts',(-177.324292689155,35.9087779885348,4.5));
#2104=CARTESIAN_POINT('Ctrl Pts',(-176.349490782719,35.3554337849668,4.5));
#2105=CARTESIAN_POINT('Ctrl Pts',(-175.358119036189,34.8790505431953,4.5));
#2106=CARTESIAN_POINT('Ctrl Pts',(-174.862433162925,34.6408589223096,4.5));
#2107=CARTESIAN_POINT('Ctrl Pts',(-174.372299518481,34.4173447830403,4.5));
#2108=CARTESIAN_POINT('Ctrl Pts',(-173.689977694458,34.1927734883894,4.5));
#2109=CARTESIAN_POINT('Ctrl Pts',(-173.459344580572,34.1168656467358,4.5));
#2110=CARTESIAN_POINT('Ctrl Pts',(-173.204709963288,34.0408027825724,4.5));
#2111=CARTESIAN_POINT('Ctrl Pts',(-172.895664287457,33.9682750060822,4.5));
#2112=CARTESIAN_POINT('',(-119.795052473535,125.434338985238,4.5));
#2113=CARTESIAN_POINT('Ctrl Pts',(-172.895664287459,33.9682750060737,4.5));
#2114=CARTESIAN_POINT('Ctrl Pts',(-171.486623839495,33.42849741259,4.5));
#2115=CARTESIAN_POINT('Ctrl Pts',(-169.989570846611,32.9927433874115,4.5));
#2116=CARTESIAN_POINT('Ctrl Pts',(-168.251728335625,32.5913797391634,4.5));
#2117=CARTESIAN_POINT('Ctrl Pts',(-166.001006840732,32.0715640569769,4.5));
#2118=CARTESIAN_POINT('Ctrl Pts',(-163.315211673647,31.6192249575604,4.5));
#2119=CARTESIAN_POINT('Ctrl Pts',(-160.31187099945,31.4353580758976,4.5));
#2120=CARTESIAN_POINT('Ctrl Pts',(-157.204359465345,31.2451137721406,4.5));
#2121=CARTESIAN_POINT('Ctrl Pts',(-153.805268325343,31.3909565750999,4.5));
#2122=CARTESIAN_POINT('Ctrl Pts',(-150.573858331572,31.8092687418334,4.5));
#2123=CARTESIAN_POINT('Ctrl Pts',(-147.766544051807,32.1726809121656,4.5));
#2124=CARTESIAN_POINT('Ctrl Pts',(-145.09199834228,32.6966302693082,4.5));
#2125=CARTESIAN_POINT('Ctrl Pts',(-142.509437219838,33.3263160418454,4.5));
#2126=CARTESIAN_POINT('Ctrl Pts',(-140.064619754126,33.9224168509346,4.5));
#2127=CARTESIAN_POINT('Ctrl Pts',(-137.633809562038,34.6258191229517,4.5));
#2128=CARTESIAN_POINT('Ctrl Pts',(-135.123981734362,35.6737738668411,4.5));
#2129=CARTESIAN_POINT('Ctrl Pts',(-132.635775716557,36.7127006296169,4.5));
#2130=CARTESIAN_POINT('Ctrl Pts',(-130.11527833299,38.1327119669741,4.5));
#2131=CARTESIAN_POINT('Ctrl Pts',(-127.807412858268,39.7959884920083,4.5));
#2132=CARTESIAN_POINT('Ctrl Pts',(-125.411993706114,41.5223648718425,4.5));
#2133=CARTESIAN_POINT('Ctrl Pts',(-123.253913706088,43.449122102042,4.5));
#2134=CARTESIAN_POINT('Ctrl Pts',(-121.437571447811,45.1386676636977,4.5));
#2135=CARTESIAN_POINT('Ctrl Pts',(-120.1559727052,46.330799519649,4.5));
#2136=CARTESIAN_POINT('Ctrl Pts',(-119.059131940971,47.3832973893481,4.5));
#2137=CARTESIAN_POINT('Ctrl Pts',(-118.03613704136,48.406745390266,4.5));
#2138=CARTESIAN_POINT('Ctrl Pts',(-117.147534660233,49.2957413480386,4.5));
#2139=CARTESIAN_POINT('Ctrl Pts',(-116.258709833496,50.215507174086,4.5));
#2140=CARTESIAN_POINT('Ctrl Pts',(-115.358290702319,51.3822981660354,4.5));
#2141=CARTESIAN_POINT('Ctrl Pts',(-114.414252712479,52.6056118257126,4.5));
#2142=CARTESIAN_POINT('Ctrl Pts',(-113.542867240152,54.0550796904413,4.5));
#2143=CARTESIAN_POINT('Ctrl Pts',(-112.814781286064,55.5842310175916,4.5));
#2144=CARTESIAN_POINT('Ctrl Pts',(-111.982075721748,57.3331080720823,4.5));
#2145=CARTESIAN_POINT('Ctrl Pts',(-111.270487754583,59.2423541952231,4.5));
#2146=CARTESIAN_POINT('Ctrl Pts',(-110.595503621902,61.1394963162137,4.5));
#2147=CARTESIAN_POINT('Ctrl Pts',(-109.889222138823,63.1246042409012,4.5));
#2148=CARTESIAN_POINT('Ctrl Pts',(-109.242156799442,65.038655312302,4.5));
#2149=CARTESIAN_POINT('Ctrl Pts',(-108.734832116563,66.4585429326721,4.5));
#2150=CARTESIAN_POINT('Ctrl Pts',(-108.416941017335,67.3482485820394,4.5));
#2151=CARTESIAN_POINT('Ctrl Pts',(-108.162770875095,68.0254064529942,4.5));
#2152=CARTESIAN_POINT('Ctrl Pts',(-107.922643419636,68.6677104795341,4.5));
#2153=CARTESIAN_POINT('Ctrl Pts',(-107.714832624819,69.2235724071658,4.5));
#2154=CARTESIAN_POINT('Ctrl Pts',(-107.488964702384,69.8232246952685,4.5));
#2155=CARTESIAN_POINT('Ctrl Pts',(-107.26807740856,70.5809028962887,4.5));
#2156=CARTESIAN_POINT('Ctrl Pts',(-107.024408402137,71.4167259589668,4.5));
#2157=CARTESIAN_POINT('Ctrl Pts',(-106.833054130256,72.3412956260564,4.5));
#2158=CARTESIAN_POINT('Ctrl Pts',(-106.687389429659,73.29153339057,4.5));
#2159=CARTESIAN_POINT('Ctrl Pts',(-106.514654945067,74.4183597927137,4.5));
#2160=CARTESIAN_POINT('Ctrl Pts',(-106.375525566901,75.6863792335129,4.5));
#2161=CARTESIAN_POINT('Ctrl Pts',(-106.23119940457,77.0951137716409,4.5));
#2162=CARTESIAN_POINT('Ctrl Pts',(-106.071949342772,78.6495170664501,4.5));
#2163=CARTESIAN_POINT('Ctrl Pts',(-105.913821380966,80.3275003137152,4.5));
#2164=CARTESIAN_POINT('Ctrl Pts',(-105.784690547157,81.6856718612892,4.5));
#2165=CARTESIAN_POINT('Ctrl Pts',(-105.691609320206,82.6646810593919,4.5));
#2166=CARTESIAN_POINT('Ctrl Pts',(-105.615669099417,83.4575163772693,4.5));
#2167=CARTESIAN_POINT('Ctrl Pts',(-105.561352599043,84.061713094134,4.5));
#2168=CARTESIAN_POINT('Ctrl Pts',(-105.518417482735,84.5393074923939,4.5));
#2169=CARTESIAN_POINT('Ctrl Pts',(-105.483931587279,84.9084318128712,4.5));
#2170=CARTESIAN_POINT('Ctrl Pts',(-105.466533533424,85.3988687263906,4.5));
#2171=CARTESIAN_POINT('Ctrl Pts',(-105.450830568487,85.8415224692029,4.5));
#2172=CARTESIAN_POINT('Ctrl Pts',(-105.468320018599,86.3681200227094,4.5));
#2173=CARTESIAN_POINT('Ctrl Pts',(-105.494195498035,86.7141364105561,4.5));
#2174=CARTESIAN_POINT('Ctrl Pts',(-105.524415020841,87.1182429373367,4.5));
#2175=CARTESIAN_POINT('Ctrl Pts',(-105.554195132688,87.3967298312761,4.5));
#2176=CARTESIAN_POINT('Ctrl Pts',(-105.60013542349,87.8547149386274,4.5));
#2177=CARTESIAN_POINT('Ctrl Pts',(-105.677182098037,88.6228038840405,4.5));
#2178=CARTESIAN_POINT('Ctrl Pts',(-105.798246029763,89.8404336692238,4.5));
#2179=CARTESIAN_POINT('Ctrl Pts',(-106.013725839622,91.3466091854981,4.5));
#2180=CARTESIAN_POINT('Ctrl Pts',(-106.305793371694,93.3881228019851,4.5));
#2181=CARTESIAN_POINT('Ctrl Pts',(-106.795423475433,95.8777731722193,4.5));
#2182=CARTESIAN_POINT('Ctrl Pts',(-107.542592477009,98.0579975449469,4.5));
#2183=CARTESIAN_POINT('Ctrl Pts',(-108.241839599089,100.09838682087,4.5));
#2184=CARTESIAN_POINT('Ctrl Pts',(-109.179857105653,101.867650171131,4.5));
#2185=CARTESIAN_POINT('Ctrl Pts',(-109.888687719773,103.06405839375,4.5));
#2186=CARTESIAN_POINT('Ctrl Pts',(-110.451521055125,104.014043364721,4.5));
#2187=CARTESIAN_POINT('Ctrl Pts',(-110.820184047947,104.598216284065,4.5));
#2188=CARTESIAN_POINT('Ctrl Pts',(-111.122291610704,105.169521408647,4.5));
#2189=CARTESIAN_POINT('Ctrl Pts',(-111.431129808377,105.753554603272,4.5));
#2190=CARTESIAN_POINT('Ctrl Pts',(-111.718476926827,106.388172668061,4.5));
#2191=CARTESIAN_POINT('Ctrl Pts',(-112.081621755985,107.350436651355,4.5));
#2192=CARTESIAN_POINT('Ctrl Pts',(-112.540047495502,108.56517672951,4.5));
#2193=CARTESIAN_POINT('Ctrl Pts',(-113.096676432377,110.291089791161,4.5));
#2194=CARTESIAN_POINT('Ctrl Pts',(-113.741877820168,112.234900447736,4.5));
#2195=CARTESIAN_POINT('Ctrl Pts',(-114.429699963013,114.307115474536,4.5));
#2196=CARTESIAN_POINT('Ctrl Pts',(-115.200266856971,116.546167873578,4.5));
#2197=CARTESIAN_POINT('Ctrl Pts',(-116.089467729615,118.517175685157,4.5));
#2198=CARTESIAN_POINT('Ctrl Pts',(-116.595627825072,119.639133088423,4.5));
#2199=CARTESIAN_POINT('Ctrl Pts',(-117.162523118678,120.705290062374,4.5));
#2200=CARTESIAN_POINT('Ctrl Pts',(-117.754604946509,121.615436040087,4.5));
#2201=CARTESIAN_POINT('Ctrl Pts',(-118.264459284571,122.399182227175,4.5));
#2202=CARTESIAN_POINT('Ctrl Pts',(-118.768246906867,123.029699810976,4.5));
#2203=CARTESIAN_POINT('Ctrl Pts',(-119.021420162871,123.353642054838,4.5));
#2204=CARTESIAN_POINT('Ctrl Pts',(-119.318893587317,123.734267600071,4.5));
#2205=CARTESIAN_POINT('Ctrl Pts',(-119.273292870097,123.67940498596,4.5));
#2206=CARTESIAN_POINT('Ctrl Pts',(-119.314052353774,123.757555321022,4.5));
#2207=CARTESIAN_POINT('Ctrl Pts',(-119.350049295445,123.826574179923,4.5));
#2208=CARTESIAN_POINT('Ctrl Pts',(-119.452333317917,124.052010842916,4.5));
#2209=CARTESIAN_POINT('Ctrl Pts',(-119.563337960598,124.424538851457,4.5));
#2210=CARTESIAN_POINT('Ctrl Pts',(-119.654355114161,124.729989489746,4.5));
#2211=CARTESIAN_POINT('Ctrl Pts',(-119.742769498151,125.11372074722,4.5));
#2212=CARTESIAN_POINT('Ctrl Pts',(-119.795052473535,125.434338985238,4.5));
#2213=CARTESIAN_POINT('',(-120.990057051818,162.855861940119,4.5));
#2214=CARTESIAN_POINT('Ctrl Pts',(-119.795052473535,125.434338985238,4.5));
#2215=CARTESIAN_POINT('Ctrl Pts',(-119.787425221767,125.447537679087,4.5));
#2216=CARTESIAN_POINT('Ctrl Pts',(-119.779725084498,125.460917616206,4.5));
#2217=CARTESIAN_POINT('Ctrl Pts',(-119.772013589677,125.474375261814,4.5));
#2218=CARTESIAN_POINT('Ctrl Pts',(-119.394876977344,126.132531818044,4.5));
#2219=CARTESIAN_POINT('Ctrl Pts',(-118.985215308955,127.03528457152,4.5));
#2220=CARTESIAN_POINT('Ctrl Pts',(-118.707100272731,127.917032500912,4.5));
#2221=CARTESIAN_POINT('Ctrl Pts',(-118.046573997228,130.011193548958,4.5));
#2222=CARTESIAN_POINT('Ctrl Pts',(-117.90283514313,132.047404340507,4.5));
#2223=CARTESIAN_POINT('Ctrl Pts',(-117.812160364857,134.062718535242,4.5));
#2224=CARTESIAN_POINT('Ctrl Pts',(-117.716746106138,136.183371197871,4.5));
#2225=CARTESIAN_POINT('Ctrl Pts',(-117.713284482005,138.217558183393,4.5));
#2226=CARTESIAN_POINT('Ctrl Pts',(-117.666236394605,140.084375198929,4.5));
#2227=CARTESIAN_POINT('Ctrl Pts',(-117.614981673872,142.118106856858,4.5));
#2228=CARTESIAN_POINT('Ctrl Pts',(-117.520370608293,144.007223711416,4.5));
#2229=CARTESIAN_POINT('Ctrl Pts',(-117.40580983748,146.076839431997,4.5));
#2230=CARTESIAN_POINT('Ctrl Pts',(-117.289880797877,148.171173828773,4.5));
#2231=CARTESIAN_POINT('Ctrl Pts',(-117.155402840865,150.474480748979,4.5));
#2232=CARTESIAN_POINT('Ctrl Pts',(-117.169816412581,152.718289631396,4.5));
#2233=CARTESIAN_POINT('Ctrl Pts',(-117.177422169635,153.902303252141,4.5));
#2234=CARTESIAN_POINT('Ctrl Pts',(-117.216565950412,155.039834162248,4.5));
#2235=CARTESIAN_POINT('Ctrl Pts',(-117.392136524051,156.263982693658,4.5));
#2236=CARTESIAN_POINT('Ctrl Pts',(-117.503679401327,157.041704418757,4.5));
#2237=CARTESIAN_POINT('Ctrl Pts',(-117.667475635087,157.877009199188,4.5));
#2238=CARTESIAN_POINT('Ctrl Pts',(-118.030530883078,158.838006245314,4.5));
#2239=CARTESIAN_POINT('Ctrl Pts',(-118.320872090842,159.60653126891,4.5));
#2240=CARTESIAN_POINT('Ctrl Pts',(-118.776051136764,160.465971860116,4.5));
#2241=CARTESIAN_POINT('Ctrl Pts',(-119.327449278007,161.184996203218,4.5));
#2242=CARTESIAN_POINT('Ctrl Pts',(-119.890213228511,161.918841585649,4.5));
#2243=CARTESIAN_POINT('Ctrl Pts',(-120.493291595972,162.447728763339,4.5));
#2244=CARTESIAN_POINT('Ctrl Pts',(-120.815299904217,162.713803418657,4.5));
#2245=CARTESIAN_POINT('Ctrl Pts',(-120.88478529571,162.771219022906,4.5));
#2246=CARTESIAN_POINT('Ctrl Pts',(-120.943275843404,162.81836009905,4.5));
#2247=CARTESIAN_POINT('Ctrl Pts',(-120.990057051818,162.855861940118,4.5));
#2248=CARTESIAN_POINT('',(-132.517357984651,233.881336154912,4.5));
#2249=CARTESIAN_POINT('Ctrl Pts',(-120.990057051818,162.855861940119,4.5));
#2250=CARTESIAN_POINT('Ctrl Pts',(-121.108197249357,163.040962988302,4.5));
#2251=CARTESIAN_POINT('Ctrl Pts',(-121.335832355756,163.441289934079,4.5));
#2252=CARTESIAN_POINT('Ctrl Pts',(-121.622420354019,164.01234683235,4.5));
#2253=CARTESIAN_POINT('Ctrl Pts',(-122.23649598693,165.235957480246,4.5));
#2254=CARTESIAN_POINT('Ctrl Pts',(-123.104020896902,167.173365376661,4.5));
#2255=CARTESIAN_POINT('Ctrl Pts',(-124.066128594285,169.220539203862,4.5));
#2256=CARTESIAN_POINT('Ctrl Pts',(-125.360992066605,171.975751138602,4.5));
#2257=CARTESIAN_POINT('Ctrl Pts',(-126.866763173951,174.960121243213,4.5));
#2258=CARTESIAN_POINT('Ctrl Pts',(-128.303228852126,177.652866531455,4.5));
#2259=CARTESIAN_POINT('Ctrl Pts',(-130.094422987387,181.010572630065,4.5));
#2260=CARTESIAN_POINT('Ctrl Pts',(-131.741605801198,183.980231019625,4.5));
#2261=CARTESIAN_POINT('Ctrl Pts',(-132.549719771166,185.900608233562,4.5));
#2262=CARTESIAN_POINT('Ctrl Pts',(-132.963526684086,186.883966269773,4.5));
#2263=CARTESIAN_POINT('Ctrl Pts',(-133.155935746851,187.557992120763,4.5));
#2264=CARTESIAN_POINT('Ctrl Pts',(-133.236028797141,188.007407709596,4.5));
#2265=CARTESIAN_POINT('Ctrl Pts',(-133.321155768351,188.485069476174,4.5));
#2266=CARTESIAN_POINT('Ctrl Pts',(-133.32676400518,188.773257595213,4.5));
#2267=CARTESIAN_POINT('Ctrl Pts',(-133.261605820839,189.331499294939,4.5));
#2268=CARTESIAN_POINT('Ctrl Pts',(-133.157626291561,190.222342245029,4.5));
#2269=CARTESIAN_POINT('Ctrl Pts',(-132.785729126363,191.741349460362,4.5));
#2270=CARTESIAN_POINT('Ctrl Pts',(-132.092936102901,193.7301422653,4.5));
#2271=CARTESIAN_POINT('Ctrl Pts',(-131.533141951529,195.337136768411,4.5));
#2272=CARTESIAN_POINT('Ctrl Pts',(-130.744356761491,197.292459120957,4.5));
#2273=CARTESIAN_POINT('Ctrl Pts',(-129.858402308928,199.346887272412,4.5));
#2274=CARTESIAN_POINT('Ctrl Pts',(-129.164466097126,200.9560468457,4.5));
#2275=CARTESIAN_POINT('Ctrl Pts',(-128.431615737823,202.576831830417,4.5));
#2276=CARTESIAN_POINT('Ctrl Pts',(-127.771790889157,204.180348469913,4.5));
#2277=CARTESIAN_POINT('Ctrl Pts',(-127.198051494969,205.574658895134,4.5));
#2278=CARTESIAN_POINT('Ctrl Pts',(-126.647141013472,206.986876723236,4.5));
#2279=CARTESIAN_POINT('Ctrl Pts',(-126.286678387175,208.694097702503,4.5));
#2280=CARTESIAN_POINT('Ctrl Pts',(-125.987001592456,210.113425182306,4.5));
#2281=CARTESIAN_POINT('Ctrl Pts',(-125.890630843459,211.72174408105,4.5));
#2282=CARTESIAN_POINT('Ctrl Pts',(-126.009618954811,213.161093222748,4.5));
#2283=CARTESIAN_POINT('Ctrl Pts',(-126.17876715092,215.207207814544,4.5));
#2284=CARTESIAN_POINT('Ctrl Pts',(-126.637075478605,216.92112383261,4.5));
#2285=CARTESIAN_POINT('Ctrl Pts',(-127.112676918996,218.678812615196,4.5));
#2286=CARTESIAN_POINT('Ctrl Pts',(-127.658309016529,220.695314954762,4.5));
#2287=CARTESIAN_POINT('Ctrl Pts',(-128.259100014225,222.729178777714,4.5));
#2288=CARTESIAN_POINT('Ctrl Pts',(-128.779837938441,224.488046453054,4.5));
#2289=CARTESIAN_POINT('Ctrl Pts',(-129.240279660552,226.043254982602,4.5));
#2290=CARTESIAN_POINT('Ctrl Pts',(-129.645296516787,227.401620449151,4.5));
#2291=CARTESIAN_POINT('Ctrl Pts',(-130.186728691954,228.809790324361,4.5));
#2292=CARTESIAN_POINT('Ctrl Pts',(-130.73591958676,230.238139264959,4.5));
#2293=CARTESIAN_POINT('Ctrl Pts',(-131.421071996409,231.613328492569,4.5));
#2294=CARTESIAN_POINT('Ctrl Pts',(-132.019317417534,232.836963329425,4.5));
#2295=CARTESIAN_POINT('Ctrl Pts',(-132.198162444149,233.202768059788,4.5));
#2296=CARTESIAN_POINT('Ctrl Pts',(-132.367710154239,233.55492998869,4.5));
#2297=CARTESIAN_POINT('Ctrl Pts',(-132.517357984651,233.881336154912,4.5));
#2298=CARTESIAN_POINT('',(-128.711648416842,239.421639349834,4.5));
#2299=CARTESIAN_POINT('Ctrl Pts',(-132.517357984651,233.881336154912,4.5));
#2300=CARTESIAN_POINT('Ctrl Pts',(-131.814487784321,234.654836588213,4.5));
#2301=CARTESIAN_POINT('Ctrl Pts',(-131.062120568822,235.606071655664,4.5));
#2302=CARTESIAN_POINT('Ctrl Pts',(-130.441186385278,236.519737139194,4.5));
#2303=CARTESIAN_POINT('Ctrl Pts',(-129.758308616786,237.524548700673,4.5));
#2304=CARTESIAN_POINT('Ctrl Pts',(-129.210174728718,238.470816656026,4.5));
#2305=CARTESIAN_POINT('Ctrl Pts',(-128.726859661351,239.392599504246,4.5));
#2306=CARTESIAN_POINT('Ctrl Pts',(-128.721786503125,239.402275077294,4.5));
#2307=CARTESIAN_POINT('Ctrl Pts',(-128.716716078656,239.41195493768,4.5));
#2308=CARTESIAN_POINT('Ctrl Pts',(-128.711648416842,239.421639349835,4.5));
#2309=CARTESIAN_POINT('',(-134.232887307327,264.212899001151,4.5));
#2310=CARTESIAN_POINT('Ctrl Pts',(-128.711648416842,239.421639349834,4.5));
#2311=CARTESIAN_POINT('Ctrl Pts',(-128.645756423106,239.620870718817,4.5));
#2312=CARTESIAN_POINT('Ctrl Pts',(-128.583755145707,239.820136059542,4.5));
#2313=CARTESIAN_POINT('Ctrl Pts',(-128.525785784949,240.021284305993,4.5));
#2314=CARTESIAN_POINT('Ctrl Pts',(-128.12847327624,241.399921458034,4.5));
#2315=CARTESIAN_POINT('Ctrl Pts',(-127.939293030868,242.789927464525,4.5));
#2316=CARTESIAN_POINT('Ctrl Pts',(-127.861643838141,244.138623683781,4.5));
#2317=CARTESIAN_POINT('Ctrl Pts',(-127.772106253125,245.693810520256,4.5));
#2318=CARTESIAN_POINT('Ctrl Pts',(-127.802734879281,247.27965488878,4.5));
#2319=CARTESIAN_POINT('Ctrl Pts',(-127.922209217931,249.029505513407,4.5));
#2320=CARTESIAN_POINT('Ctrl Pts',(-128.062234461453,251.080349758377,4.5));
#2321=CARTESIAN_POINT('Ctrl Pts',(-128.336892092057,253.309442646855,4.5));
#2322=CARTESIAN_POINT('Ctrl Pts',(-128.866628560774,255.430988551446,4.5));
#2323=CARTESIAN_POINT('Ctrl Pts',(-129.386189356282,257.511781819402,4.5));
#2324=CARTESIAN_POINT('Ctrl Pts',(-130.154775206136,259.440766471263,4.5));
#2325=CARTESIAN_POINT('Ctrl Pts',(-131.211205765679,261.057531248935,4.5));
#2326=CARTESIAN_POINT('Ctrl Pts',(-131.856118764574,262.044508208148,4.5));
#2327=CARTESIAN_POINT('Ctrl Pts',(-132.573927010166,262.940166009621,4.5));
#2328=CARTESIAN_POINT('Ctrl Pts',(-133.687754032154,263.815229029464,4.5));
#2329=CARTESIAN_POINT('Ctrl Pts',(-133.858347438887,263.949253414502,4.5));
#2330=CARTESIAN_POINT('Ctrl Pts',(-134.037800068091,264.081145196853,4.5));
#2331=CARTESIAN_POINT('Ctrl Pts',(-134.232887307327,264.212899001151,4.5));
#2332=CARTESIAN_POINT('',(-180.745678801855,268.563752019971,4.5));
#2333=CARTESIAN_POINT('Ctrl Pts',(-134.232887307327,264.212899001151,4.5));
#2334=CARTESIAN_POINT('Ctrl Pts',(-134.579640008148,264.58158667765,4.5));
#2335=CARTESIAN_POINT('Ctrl Pts',(-134.929124244692,264.938432520293,4.5));
#2336=CARTESIAN_POINT('Ctrl Pts',(-135.282537680578,265.283512658289,4.5));
#2337=CARTESIAN_POINT('Ctrl Pts',(-137.18698955162,267.143058583072,4.5));
#2338=CARTESIAN_POINT('Ctrl Pts',(-139.216912287267,268.696147982205,4.5));
#2339=CARTESIAN_POINT('Ctrl Pts',(-141.567837365603,269.760818673538,4.5));
#2340=CARTESIAN_POINT('Ctrl Pts',(-143.371114620005,270.577474405702,4.5));
#2341=CARTESIAN_POINT('Ctrl Pts',(-145.378975059581,271.048462628773,4.5));
#2342=CARTESIAN_POINT('Ctrl Pts',(-147.242940484474,271.125727397531,4.5));
#2343=CARTESIAN_POINT('Ctrl Pts',(-149.046785672816,271.200500072759,4.5));
#2344=CARTESIAN_POINT('Ctrl Pts',(-150.653712237116,270.953162741831,4.5));
#2345=CARTESIAN_POINT('Ctrl Pts',(-152.035371203362,270.653806565623,4.5));
#2346=CARTESIAN_POINT('Ctrl Pts',(-153.803248635943,270.270770634797,4.5));
#2347=CARTESIAN_POINT('Ctrl Pts',(-155.275760152946,269.811451250203,4.5));
#2348=CARTESIAN_POINT('Ctrl Pts',(-156.788616774534,269.386493449649,4.5));
#2349=CARTESIAN_POINT('Ctrl Pts',(-158.805758936652,268.819883048912,4.5));
#2350=CARTESIAN_POINT('Ctrl Pts',(-160.902394194875,268.283659738281,4.5));
#2351=CARTESIAN_POINT('Ctrl Pts',(-163.068221467855,267.862163125812,4.5));
#2352=CARTESIAN_POINT('Ctrl Pts',(-165.955991165162,267.30016764252,4.5));
#2353=CARTESIAN_POINT('Ctrl Pts',(-168.864259433339,266.967227825089,4.5));
#2354=CARTESIAN_POINT('Ctrl Pts',(-171.233341767403,266.941310189527,4.5));
#2355=CARTESIAN_POINT('Ctrl Pts',(-173.328393258378,266.91839043691,4.5));
#2356=CARTESIAN_POINT('Ctrl Pts',(-175.008177039507,267.111138283452,4.5));
#2357=CARTESIAN_POINT('Ctrl Pts',(-176.576770328204,267.421750665103,4.5));
#2358=CARTESIAN_POINT('Ctrl Pts',(-178.093251690681,267.722043858451,4.5));
#2359=CARTESIAN_POINT('Ctrl Pts',(-179.522505489935,268.132774609009,4.5));
#2360=CARTESIAN_POINT('Ctrl Pts',(-180.745678801853,268.563752019975,4.5));
#2361=CARTESIAN_POINT('',(-215.942998666809,265.790336112923,4.5));
#2362=CARTESIAN_POINT('Ctrl Pts',(-180.745678801855,268.563752019971,4.5));
#2363=CARTESIAN_POINT('Ctrl Pts',(-181.01930327844,268.704913944201,4.5));
#2364=CARTESIAN_POINT('Ctrl Pts',(-181.295408984893,268.836652953403,4.5));
#2365=CARTESIAN_POINT('Ctrl Pts',(-181.57346473687,268.959687285084,4.5));
#2366=CARTESIAN_POINT('Ctrl Pts',(-184.049792653671,270.055414843676,4.5));
#2367=CARTESIAN_POINT('Ctrl Pts',(-186.648490601244,270.490000773054,4.5));
#2368=CARTESIAN_POINT('Ctrl Pts',(-189.359276832987,270.623060275816,4.5));
#2369=CARTESIAN_POINT('Ctrl Pts',(-192.463012293624,270.775407772738,4.5));
#2370=CARTESIAN_POINT('Ctrl Pts',(-195.771101457027,270.503275444701,4.5));
#2371=CARTESIAN_POINT('Ctrl Pts',(-198.963880187672,270.046139903988,4.5));
#2372=CARTESIAN_POINT('Ctrl Pts',(-202.476957744939,269.543144631159,4.5));
#2373=CARTESIAN_POINT('Ctrl Pts',(-205.764845939228,268.816060741536,4.5));
#2374=CARTESIAN_POINT('Ctrl Pts',(-208.35386903045,268.116411095623,4.5));
#2375=CARTESIAN_POINT('Ctrl Pts',(-210.609955646287,267.506733179936,4.5));
#2376=CARTESIAN_POINT('Ctrl Pts',(-212.341616974398,266.92646406633,4.5));
#2377=CARTESIAN_POINT('Ctrl Pts',(-213.714167271864,266.482949525431,4.5));
#2378=CARTESIAN_POINT('Ctrl Pts',(-214.544262954541,266.214719278216,4.5));
#2379=CARTESIAN_POINT('Ctrl Pts',(-215.266003979099,265.9879484276,4.5));
#2380=CARTESIAN_POINT('Ctrl Pts',(-215.942998666809,265.790336112923,4.5));
#2381=CARTESIAN_POINT('',(-233.014509021231,268.572974390636,4.5));
#2382=CARTESIAN_POINT('',(-215.942998666809,265.790336112923,4.5));
#2383=CARTESIAN_POINT('',(-235.333562418028,268.939133852858,4.5));
#2384=CARTESIAN_POINT('',(-233.014509021231,268.572974390636,4.5));
#2385=CARTESIAN_POINT('',(-257.923663247829,247.905312637166,4.5));
#2386=CARTESIAN_POINT('Ctrl Pts',(-235.333562418028,268.939133852858,4.5));
#2387=CARTESIAN_POINT('Ctrl Pts',(-235.469057656039,268.944623804254,4.5));
#2388=CARTESIAN_POINT('Ctrl Pts',(-235.604552894049,268.950113755651,4.5));
#2389=CARTESIAN_POINT('Ctrl Pts',(-235.740048132059,268.955603707047,4.5));
#2390=CARTESIAN_POINT('Ctrl Pts',(-236.956338165382,269.004884945744,4.5));
#2391=CARTESIAN_POINT('Ctrl Pts',(-238.154139152217,269.059442899307,4.5));
#2392=CARTESIAN_POINT('Ctrl Pts',(-239.420556044036,269.108175496642,4.5));
#2393=CARTESIAN_POINT('Ctrl Pts',(-240.723888515411,269.158328630995,4.5));
#2394=CARTESIAN_POINT('Ctrl Pts',(-242.090925809899,269.231008254658,4.5));
#2395=CARTESIAN_POINT('Ctrl Pts',(-243.852928810449,269.111206228403,4.5));
#2396=CARTESIAN_POINT('Ctrl Pts',(-245.100735965698,269.026365382203,4.5));
#2397=CARTESIAN_POINT('Ctrl Pts',(-246.594249934864,268.830362723226,4.5));
#2398=CARTESIAN_POINT('Ctrl Pts',(-248.230315178724,268.222278349942,4.5));
#2399=CARTESIAN_POINT('Ctrl Pts',(-249.703058889955,267.674896489707,4.5));
#2400=CARTESIAN_POINT('Ctrl Pts',(-251.248875338428,266.746404588359,4.5));
#2401=CARTESIAN_POINT('Ctrl Pts',(-252.49123747321,265.560061372139,4.5));
#2402=CARTESIAN_POINT('Ctrl Pts',(-253.781929764908,264.327567237284,4.5));
#2403=CARTESIAN_POINT('Ctrl Pts',(-254.733817284662,262.890902014413,4.5));
#2404=CARTESIAN_POINT('Ctrl Pts',(-255.431738015347,261.486392485219,4.5));
#2405=CARTESIAN_POINT('Ctrl Pts',(-256.497095545658,259.342445848398,4.5));
#2406=CARTESIAN_POINT('Ctrl Pts',(-257.058353981418,257.219023152529,4.5));
#2407=CARTESIAN_POINT('Ctrl Pts',(-257.432701457849,255.231511960488,4.5));
#2408=CARTESIAN_POINT('Ctrl Pts',(-257.853528013403,252.997230866766,4.5));
#2409=CARTESIAN_POINT('Ctrl Pts',(-258.023131151256,250.964272894736,4.5));
#2410=CARTESIAN_POINT('Ctrl Pts',(-257.97954358509,249.040310206172,4.5));
#2411=CARTESIAN_POINT('Ctrl Pts',(-257.970929303515,248.660074331635,4.5));
#2412=CARTESIAN_POINT('Ctrl Pts',(-257.95532291217,248.28319382526,4.5));
#2413=CARTESIAN_POINT('Ctrl Pts',(-257.92366324783,247.905312637166,4.5));
#2414=CARTESIAN_POINT('',(-250.972333174688,233.576499460623,4.5));
#2415=CARTESIAN_POINT('Ctrl Pts',(-257.923663247829,247.905312637166,4.5));
#2416=CARTESIAN_POINT('Ctrl Pts',(-257.895038072457,247.713619913018,4.5));
#2417=CARTESIAN_POINT('Ctrl Pts',(-257.864088707456,247.521766148622,4.5));
#2418=CARTESIAN_POINT('Ctrl Pts',(-257.830727183482,247.329700156299,4.5));
#2419=CARTESIAN_POINT('Ctrl Pts',(-257.575464408975,245.860124062392,4.5));
#2420=CARTESIAN_POINT('Ctrl Pts',(-257.156362178535,244.354408003573,4.5));
#2421=CARTESIAN_POINT('Ctrl Pts',(-256.470739228139,242.913620179243,4.5));
#2422=CARTESIAN_POINT('Ctrl Pts',(-255.824466669956,241.555524403,4.5));
#2423=CARTESIAN_POINT('Ctrl Pts',(-254.905124025875,240.287527781931,4.5));
#2424=CARTESIAN_POINT('Ctrl Pts',(-254.065571901317,239.382797201435,4.5));
#2425=CARTESIAN_POINT('Ctrl Pts',(-253.28206840913,238.538466577317,4.5));
#2426=CARTESIAN_POINT('Ctrl Pts',(-252.645473872935,238.004861693842,4.5));
#2427=CARTESIAN_POINT('Ctrl Pts',(-252.305455862427,237.685510497354,4.5));
#2428=CARTESIAN_POINT('Ctrl Pts',(-251.873115974825,237.279448888472,4.5));
#2429=CARTESIAN_POINT('Ctrl Pts',(-251.857539820539,237.242594506103,4.5));
#2430=CARTESIAN_POINT('Ctrl Pts',(-251.759475463521,237.076147503248,4.5));
#2431=CARTESIAN_POINT('Ctrl Pts',(-251.678914672663,236.939409726202,4.5));
#2432=CARTESIAN_POINT('Ctrl Pts',(-251.540363852705,236.655728796864,4.5));
#2433=CARTESIAN_POINT('Ctrl Pts',(-251.390581493788,236.114646258416,4.5));
#2434=CARTESIAN_POINT('Ctrl Pts',(-251.210701274574,235.464836452157,4.5));
#2435=CARTESIAN_POINT('Ctrl Pts',(-251.053395128334,234.482259200139,4.5));
#2436=CARTESIAN_POINT('Ctrl Pts',(-250.972333174689,233.576499460623,4.5));
#2437=CARTESIAN_POINT('',(-250.266689795037,232.50068054643,4.5));
#2438=CARTESIAN_POINT('Ctrl Pts',(-250.972333174688,233.576499460623,4.5));
#2439=CARTESIAN_POINT('Ctrl Pts',(-250.847079041749,233.391352912485,4.5));
#2440=CARTESIAN_POINT('Ctrl Pts',(-250.73186307674,233.219350307916,4.5));
#2441=CARTESIAN_POINT('Ctrl Pts',(-250.626717171489,233.060281960951,4.5));
#2442=CARTESIAN_POINT('Ctrl Pts',(-250.486526197397,232.848196226802,4.5));
#2443=CARTESIAN_POINT('Ctrl Pts',(-250.36445430005,232.658583250839,4.5));
#2444=CARTESIAN_POINT('Ctrl Pts',(-250.266689795037,232.50068054643,4.5));
#2445=CARTESIAN_POINT('',(-250.325078242983,232.379578900127,4.5));
#2446=CARTESIAN_POINT('',(-250.266689795037,232.50068054643,4.5));
#2447=CARTESIAN_POINT('',(-255.129836705679,197.023888826471,4.5));
#2448=CARTESIAN_POINT('Ctrl Pts',(-250.325078242983,232.379578900127,4.5));
#2449=CARTESIAN_POINT('Ctrl Pts',(-250.382527326782,232.080917404972,4.5));
#2450=CARTESIAN_POINT('Ctrl Pts',(-250.439976410581,231.782255909818,4.5));
#2451=CARTESIAN_POINT('Ctrl Pts',(-250.497425494379,231.483594414664,4.5));
#2452=CARTESIAN_POINT('Ctrl Pts',(-250.775588295618,230.037504892932,4.5));
#2453=CARTESIAN_POINT('Ctrl Pts',(-251.219615146436,228.434176467719,4.5));
#2454=CARTESIAN_POINT('Ctrl Pts',(-251.858173520375,226.549744556801,4.5));
#2455=CARTESIAN_POINT('Ctrl Pts',(-252.411531858043,224.916744110435,4.5));
#2456=CARTESIAN_POINT('Ctrl Pts',(-253.136630242054,223.034433126304,4.5));
#2457=CARTESIAN_POINT('Ctrl Pts',(-253.819460566601,220.863863477392,4.5));
#2458=CARTESIAN_POINT('Ctrl Pts',(-254.441365522993,218.88696237279,4.5));
#2459=CARTESIAN_POINT('Ctrl Pts',(-254.986353365762,216.654642557272,4.5));
#2460=CARTESIAN_POINT('Ctrl Pts',(-255.247804725358,214.488983759944,4.5));
#2461=CARTESIAN_POINT('Ctrl Pts',(-255.510504742168,212.312982061803,4.5));
#2462=CARTESIAN_POINT('Ctrl Pts',(-255.502348692023,210.27690813485,4.5));
#2463=CARTESIAN_POINT('Ctrl Pts',(-255.434519335758,208.599155263503,4.5));
#2464=CARTESIAN_POINT('Ctrl Pts',(-255.33618960941,206.166978551147,4.5));
#2465=CARTESIAN_POINT('Ctrl Pts',(-255.184773426609,204.436200059848,4.5));
#2466=CARTESIAN_POINT('Ctrl Pts',(-255.126592780399,202.652324182066,4.5));
#2467=CARTESIAN_POINT('Ctrl Pts',(-255.071885836489,200.974955435846,4.5));
#2468=CARTESIAN_POINT('Ctrl Pts',(-255.069167838389,199.237539903918,4.5));
#2469=CARTESIAN_POINT('Ctrl Pts',(-255.120813503186,197.353122300151,4.5));
#2470=CARTESIAN_POINT('Ctrl Pts',(-255.12382123735,197.243377808925,4.5));
#2471=CARTESIAN_POINT('Ctrl Pts',(-255.126828971515,197.133633317698,4.5));
#2472=CARTESIAN_POINT('Ctrl Pts',(-255.12983670568,197.023888826472,4.5));
#2473=CARTESIAN_POINT('',(-254.89830501496,195.389883347371,4.5));
#2474=CARTESIAN_POINT('Ctrl Pts',(-255.129836705679,197.023888826471,4.5));
#2475=CARTESIAN_POINT('Ctrl Pts',(-255.107840268668,196.743056608354,4.5));
#2476=CARTESIAN_POINT('Ctrl Pts',(-255.075486750274,196.461552543346,4.5));
#2477=CARTESIAN_POINT('Ctrl Pts',(-255.035609788941,196.189328188398,4.5));
#2478=CARTESIAN_POINT('Ctrl Pts',(-254.995092055308,195.912729532594,4.5));
#2479=CARTESIAN_POINT('Ctrl Pts',(-254.949039462255,195.646902544071,4.5));
#2480=CARTESIAN_POINT('Ctrl Pts',(-254.89830501496,195.389883347371,4.5));
#2481=CARTESIAN_POINT('Ctrl Pts',(-254.89830501496,195.389883347371,4.5));
#2482=CARTESIAN_POINT('Ctrl Pts',(-254.880422241278,195.328429046412,4.5));
#2483=CARTESIAN_POINT('Ctrl Pts',(-254.862539467595,195.266974745453,4.5));
#2484=CARTESIAN_POINT('Ctrl Pts',(-254.844656693913,195.205520444493,4.5));
#2485=CARTESIAN_POINT('Ctrl Pts',(-254.393229112176,193.654185793513,4.5));
#2486=CARTESIAN_POINT('Ctrl Pts',(-253.923924242328,192.175419918637,4.5));
#2487=CARTESIAN_POINT('Ctrl Pts',(-253.393642814081,190.72647498416,4.5));
#2488=CARTESIAN_POINT('',(-262.911760493268,101.306721764533,4.5));
#2489=CARTESIAN_POINT('',(-241.634867997309,184.249668751113,4.5));
#2490=CARTESIAN_POINT('Ctrl Pts',(-262.911760493268,101.306721764533,4.5));
#2491=CARTESIAN_POINT('Ctrl Pts',(-262.899319436282,101.386039306624,4.5));
#2492=CARTESIAN_POINT('Ctrl Pts',(-262.864378233141,101.563871036682,4.5));
#2493=CARTESIAN_POINT('Ctrl Pts',(-262.778981598625,101.887478249667,4.5));
#2494=CARTESIAN_POINT('Ctrl Pts',(-262.599175772525,102.425592136415,4.5));
#2495=CARTESIAN_POINT('Ctrl Pts',(-262.300302904959,103.203552968967,4.5));
#2496=CARTESIAN_POINT('Ctrl Pts',(-261.979346907266,103.992285954255,4.5));
#2497=CARTESIAN_POINT('Ctrl Pts',(-261.686859123446,104.702845464868,4.5));
#2498=CARTESIAN_POINT('Ctrl Pts',(-261.441187176862,105.308914783674,4.5));
#2499=CARTESIAN_POINT('Ctrl Pts',(-261.233408717166,105.835001896857,4.5));
#2500=CARTESIAN_POINT('Ctrl Pts',(-261.040371502188,106.331141694116,4.5));
#2501=CARTESIAN_POINT('Ctrl Pts',(-260.833878483522,106.854744997861,4.5));
#2502=CARTESIAN_POINT('Ctrl Pts',(-260.592799442838,107.446768219072,4.5));
#2503=CARTESIAN_POINT('Ctrl Pts',(-260.309649912676,108.119077761894,4.5));
#2504=CARTESIAN_POINT('Ctrl Pts',(-259.985857408864,108.865063103135,4.5));
#2505=CARTESIAN_POINT('Ctrl Pts',(-259.629274673253,109.665590429895,4.5));
#2506=CARTESIAN_POINT('Ctrl Pts',(-259.250696378447,110.497080274791,4.5));
#2507=CARTESIAN_POINT('Ctrl Pts',(-258.861046397046,111.338039386446,4.5));
#2508=CARTESIAN_POINT('Ctrl Pts',(-258.46765747417,112.177871803174,4.5));
#2509=CARTESIAN_POINT('Ctrl Pts',(-258.074064084081,113.0165699083,4.5));
#2510=CARTESIAN_POINT('Ctrl Pts',(-257.68156554314,113.859779780694,4.5));
#2511=CARTESIAN_POINT('Ctrl Pts',(-257.29024706668,114.715277091153,4.5));
#2512=CARTESIAN_POINT('Ctrl Pts',(-256.900212868296,115.588908397916,4.5));
#2513=CARTESIAN_POINT('Ctrl Pts',(-256.512757274964,116.480646305752,4.5));
#2514=CARTESIAN_POINT('Ctrl Pts',(-256.131494235407,117.380867508506,4.5));
#2515=CARTESIAN_POINT('Ctrl Pts',(-255.763688531985,118.265802785007,4.5));
#2516=CARTESIAN_POINT('Ctrl Pts',(-255.41870107824,119.104500548896,4.5));
#2517=CARTESIAN_POINT('Ctrl Pts',(-255.106150881163,119.866919462799,4.5));
#2518=CARTESIAN_POINT('Ctrl Pts',(-254.834184162607,120.531586384944,4.5));
#2519=CARTESIAN_POINT('Ctrl Pts',(-254.607686271378,121.093503721879,4.5));
#2520=CARTESIAN_POINT('Ctrl Pts',(-254.426545993855,121.571796635995,4.5));
#2521=CARTESIAN_POINT('Ctrl Pts',(-254.283824896268,122.017868032178,4.5));
#2522=CARTESIAN_POINT('Ctrl Pts',(-254.169047145317,122.49689305821,4.5));
#2523=CARTESIAN_POINT('Ctrl Pts',(-254.071372460167,123.07004893426,4.5));
#2524=CARTESIAN_POINT('Ctrl Pts',(-253.983159848263,123.774404212263,4.5));
#2525=CARTESIAN_POINT('Ctrl Pts',(-253.902316796807,124.610042109159,4.5));
#2526=CARTESIAN_POINT('Ctrl Pts',(-253.830403300778,125.552436619968,4.5));
#2527=CARTESIAN_POINT('Ctrl Pts',(-253.771413020564,126.560808651454,4.5));
#2528=CARTESIAN_POINT('Ctrl Pts',(-253.73031136605,127.587909485356,4.5));
#2529=CARTESIAN_POINT('Ctrl Pts',(-253.711625479677,128.589538460492,4.5));
#2530=CARTESIAN_POINT('Ctrl Pts',(-253.718133332832,129.53337045288,4.5));
#2531=CARTESIAN_POINT('Ctrl Pts',(-253.749197010062,130.410155019095,4.5));
#2532=CARTESIAN_POINT('Ctrl Pts',(-253.801237958039,131.230721866165,4.5));
#2533=CARTESIAN_POINT('Ctrl Pts',(-253.868945766442,132.01813541511,4.5));
#2534=CARTESIAN_POINT('Ctrl Pts',(-253.946226389232,132.801563695828,4.5));
#2535=CARTESIAN_POINT('Ctrl Pts',(-254.027298008658,133.609193569945,4.5));
#2536=CARTESIAN_POINT('Ctrl Pts',(-254.107632951382,134.462110019356,4.5));
#2537=CARTESIAN_POINT('Ctrl Pts',(-254.185198903241,135.366333410434,4.5));
#2538=CARTESIAN_POINT('Ctrl Pts',(-254.260121116774,136.314530772135,4.5));
#2539=CARTESIAN_POINT('Ctrl Pts',(-254.333806606741,137.291020857349,4.5));
#2540=CARTESIAN_POINT('Ctrl Pts',(-254.40824422406,138.27570152992,4.5));
#2541=CARTESIAN_POINT('Ctrl Pts',(-254.48523394288,139.248413252482,4.5));
#2542=CARTESIAN_POINT('Ctrl Pts',(-254.565640497935,140.193146744035,4.5));
#2543=CARTESIAN_POINT('Ctrl Pts',(-254.648650785034,141.102243531643,4.5));
#2544=CARTESIAN_POINT('Ctrl Pts',(-254.730990191779,141.980804756543,4.5));
#2545=CARTESIAN_POINT('Ctrl Pts',(-254.807747189822,142.84276145353,4.5));
#2546=CARTESIAN_POINT('Ctrl Pts',(-254.873262503654,143.706613391539,4.5));
#2547=CARTESIAN_POINT('Ctrl Pts',(-254.921974243412,144.591386472387,4.5));
#2548=CARTESIAN_POINT('Ctrl Pts',(-254.949327391451,145.512280074277,4.5));
#2549=CARTESIAN_POINT('Ctrl Pts',(-254.952549083585,146.476954828776,4.5));
#2550=CARTESIAN_POINT('Ctrl Pts',(-254.931746665087,147.480283419631,4.5));
#2551=CARTESIAN_POINT('Ctrl Pts',(-254.889759518679,148.505033283053,4.5));
#2552=CARTESIAN_POINT('Ctrl Pts',(-254.830974255712,149.527482780984,4.5));
#2553=CARTESIAN_POINT('Ctrl Pts',(-254.760421868516,150.521696182754,4.5));
#2554=CARTESIAN_POINT('Ctrl Pts',(-254.68278501405,151.464224703239,4.5));
#2555=CARTESIAN_POINT('Ctrl Pts',(-254.60138428869,152.338911468925,4.5));
#2556=CARTESIAN_POINT('Ctrl Pts',(-254.517312751521,153.140981795231,4.5));
#2557=CARTESIAN_POINT('Ctrl Pts',(-254.428155878835,153.883129293302,4.5));
#2558=CARTESIAN_POINT('Ctrl Pts',(-254.328560446344,154.592703211666,4.5));
#2559=CARTESIAN_POINT('Ctrl Pts',(-254.211891860269,155.303658053033,4.5));
#2560=CARTESIAN_POINT('Ctrl Pts',(-254.071581375083,156.049994393921,4.5));
#2561=CARTESIAN_POINT('Ctrl Pts',(-253.90255359394,156.858816272228,4.5));
#2562=CARTESIAN_POINT('Ctrl Pts',(-253.702733409598,157.742999326155,4.5));
#2563=CARTESIAN_POINT('Ctrl Pts',(-253.474182098975,158.695663476541,4.5));
#2564=CARTESIAN_POINT('Ctrl Pts',(-253.221817159901,159.696393516969,4.5));
#2565=CARTESIAN_POINT('Ctrl Pts',(-252.952408888084,160.716114791118,4.5));
#2566=CARTESIAN_POINT('Ctrl Pts',(-252.67347419739,161.722467392131,4.5));
#2567=CARTESIAN_POINT('Ctrl Pts',(-252.392204800106,162.685015726394,4.5));
#2568=CARTESIAN_POINT('Ctrl Pts',(-252.114402513276,163.58041788513,4.5));
#2569=CARTESIAN_POINT('Ctrl Pts',(-251.843359304267,164.397876818333,4.5));
#2570=CARTESIAN_POINT('Ctrl Pts',(-251.578911993003,165.143706487575,4.5));
#2571=CARTESIAN_POINT('Ctrl Pts',(-251.31867724244,165.83491999186,4.5));
#2572=CARTESIAN_POINT('Ctrl Pts',(-251.059099700159,166.493736811942,4.5));
#2573=CARTESIAN_POINT('Ctrl Pts',(-250.796640819262,167.141433171586,4.5));
#2574=CARTESIAN_POINT('Ctrl Pts',(-250.528748369945,167.793175892427,4.5));
#2575=CARTESIAN_POINT('Ctrl Pts',(-250.255320086461,168.450666845965,4.5));
#2576=CARTESIAN_POINT('Ctrl Pts',(-249.978081528926,169.104033880431,4.5));
#2577=CARTESIAN_POINT('Ctrl Pts',(-249.698777578781,169.739079358118,4.5));
#2578=CARTESIAN_POINT('Ctrl Pts',(-249.417610057046,170.343245465594,4.5));
#2579=CARTESIAN_POINT('Ctrl Pts',(-249.131825760513,170.911351452123,4.5));
#2580=CARTESIAN_POINT('Ctrl Pts',(-248.83360722263,171.453332179262,4.5));
#2581=CARTESIAN_POINT('Ctrl Pts',(-248.511413244634,171.99163351426,4.5));
#2582=CARTESIAN_POINT('Ctrl Pts',(-248.153144631368,172.553075826227,4.5));
#2583=CARTESIAN_POINT('Ctrl Pts',(-247.748810397508,173.162267684197,4.5));
#2584=CARTESIAN_POINT('Ctrl Pts',(-247.293248043392,173.83476475723,4.5));
#2585=CARTESIAN_POINT('Ctrl Pts',(-246.789224272119,174.569314727395,4.5));
#2586=CARTESIAN_POINT('Ctrl Pts',(-246.246114671453,175.351299698597,4.5));
#2587=CARTESIAN_POINT('Ctrl Pts',(-245.677871921546,176.158001606556,4.5));
#2588=CARTESIAN_POINT('Ctrl Pts',(-245.101259204665,176.963172905597,4.5));
#2589=CARTESIAN_POINT('Ctrl Pts',(-244.533942001161,177.742009550512,4.5));
#2590=CARTESIAN_POINT('Ctrl Pts',(-243.992710509275,178.47569632963,4.5));
#2591=CARTESIAN_POINT('Ctrl Pts',(-243.491478763438,179.156747127878,4.5));
#2592=CARTESIAN_POINT('Ctrl Pts',(-243.039889599228,179.792138563028,4.5));
#2593=CARTESIAN_POINT('Ctrl Pts',(-242.644421362411,180.397255487905,4.5));
#2594=CARTESIAN_POINT('Ctrl Pts',(-242.309123993194,180.991225107057,4.5));
#2595=CARTESIAN_POINT('Ctrl Pts',(-242.036515832266,181.591595372598,4.5));
#2596=CARTESIAN_POINT('Ctrl Pts',(-241.82837421168,182.2095571147,4.5));
#2597=CARTESIAN_POINT('Ctrl Pts',(-241.68667215844,182.844226901543,4.5));
#2598=CARTESIAN_POINT('Ctrl Pts',(-241.624730873253,183.385422243019,4.5));
#2599=CARTESIAN_POINT('Ctrl Pts',(-241.613405359939,183.794587519168,4.5));
#2600=CARTESIAN_POINT('Ctrl Pts',(-241.622675505315,184.072150624168,4.5));
#2601=CARTESIAN_POINT('Ctrl Pts',(-241.63288313909,184.222829917662,4.5));
#2602=CARTESIAN_POINT('Ctrl Pts',(-241.634867997309,184.249668751113,4.5));
#2603=CARTESIAN_POINT('',(-246.88685580904,193.318165612886,4.5));
#2604=CARTESIAN_POINT('Ctrl Pts',(-241.634867997309,184.249668751113,4.5));
#2605=CARTESIAN_POINT('Ctrl Pts',(-241.698279042574,184.350781954738,4.5));
#2606=CARTESIAN_POINT('Ctrl Pts',(-241.842976107483,184.569744305787,4.5));
#2607=CARTESIAN_POINT('Ctrl Pts',(-242.086734410506,184.904350722942,4.5));
#2608=CARTESIAN_POINT('Ctrl Pts',(-242.450403376106,185.354915020363,4.5));
#2609=CARTESIAN_POINT('Ctrl Pts',(-242.940615039212,185.934102333539,4.5));
#2610=CARTESIAN_POINT('Ctrl Pts',(-243.452510647216,186.559219213573,4.5));
#2611=CARTESIAN_POINT('Ctrl Pts',(-243.951663926461,187.223262525906,4.5));
#2612=CARTESIAN_POINT('Ctrl Pts',(-244.427719734912,187.931585657788,4.5));
#2613=CARTESIAN_POINT('Ctrl Pts',(-244.876643130886,188.685785500462,4.5));
#2614=CARTESIAN_POINT('Ctrl Pts',(-245.299154798149,189.484617181528,4.5));
#2615=CARTESIAN_POINT('Ctrl Pts',(-245.698741242333,190.325201594808,4.5));
#2616=CARTESIAN_POINT('Ctrl Pts',(-246.079979116782,191.204018538059,4.5));
#2617=CARTESIAN_POINT('Ctrl Pts',(-246.391835871853,191.981674642909,4.5));
#2618=CARTESIAN_POINT('Ctrl Pts',(-246.623995668673,192.593945625323,4.5));
#2619=CARTESIAN_POINT('Ctrl Pts',(-246.78208932572,193.026071715289,4.5));
#2620=CARTESIAN_POINT('Ctrl Pts',(-246.869243688727,193.268904741459,4.5));
#2621=CARTESIAN_POINT('Ctrl Pts',(-246.88685580904,193.318165612886,4.5));
#2622=CARTESIAN_POINT('',(-248.076719455222,197.001414363633,4.5));
#2623=CARTESIAN_POINT('Ctrl Pts',(-246.88685580904,193.318165612886,4.5));
#2624=CARTESIAN_POINT('Ctrl Pts',(-246.929344669996,193.413309014693,4.5));
#2625=CARTESIAN_POINT('Ctrl Pts',(-247.021838619221,193.624418626975,4.5));
#2626=CARTESIAN_POINT('Ctrl Pts',(-247.158000093713,193.949150400469,4.5));
#2627=CARTESIAN_POINT('Ctrl Pts',(-247.329684606125,194.388459131726,4.5));
#2628=CARTESIAN_POINT('Ctrl Pts',(-247.530186552236,194.95334015874,4.5));
#2629=CARTESIAN_POINT('Ctrl Pts',(-247.723385493033,195.556194209301,4.5));
#2630=CARTESIAN_POINT('Ctrl Pts',(-247.879155010964,196.103389896453,4.5));
#2631=CARTESIAN_POINT('Ctrl Pts',(-247.97954108622,196.512175273574,4.5));
#2632=CARTESIAN_POINT('Ctrl Pts',(-248.03758601562,196.788121490455,4.5));
#2633=CARTESIAN_POINT('Ctrl Pts',(-248.067175449913,196.947398949185,4.5));
#2634=CARTESIAN_POINT('Ctrl Pts',(-248.076719455222,197.001414363633,4.5));
#2635=CARTESIAN_POINT('',(-248.123440968005,197.161347421967,4.5));
#2636=CARTESIAN_POINT('Ctrl Pts',(-248.076719455222,197.001414363633,4.5));
#2637=CARTESIAN_POINT('Ctrl Pts',(-248.086081855411,197.033338002191,4.5));
#2638=CARTESIAN_POINT('Ctrl Pts',(-248.095435206344,197.065293128685,4.5));
#2639=CARTESIAN_POINT('Ctrl Pts',(-248.104779508631,197.09727974126,4.5));
#2640=CARTESIAN_POINT('Ctrl Pts',(-248.114114762523,197.129297839017,4.5));
#2641=CARTESIAN_POINT('Ctrl Pts',(-248.123440968005,197.161347421967,4.5));
#2642=CARTESIAN_POINT('',(-248.120242470699,197.280366269655,4.5));
#2643=CARTESIAN_POINT('Ctrl Pts',(-248.123440968005,197.161347421967,4.5));
#2644=CARTESIAN_POINT('Ctrl Pts',(-248.122787879583,197.185176940382,4.5));
#2645=CARTESIAN_POINT('Ctrl Pts',(-248.122141485626,197.208993584495,4.5));
#2646=CARTESIAN_POINT('Ctrl Pts',(-248.121501786109,197.232797354225,4.5));
#2647=CARTESIAN_POINT('Ctrl Pts',(-248.120868781088,197.256588249366,4.5));
#2648=CARTESIAN_POINT('Ctrl Pts',(-248.120242470699,197.280366269655,4.5));
#2649=CARTESIAN_POINT('',(-248.143440968303,199.521347457134,4.5));
#2650=CARTESIAN_POINT('Ctrl Pts',(-248.120242470699,197.280366269655,4.5));
#2651=CARTESIAN_POINT('Ctrl Pts',(-248.131727702975,197.366276603797,4.5));
#2652=CARTESIAN_POINT('Ctrl Pts',(-248.151678416151,197.540535044299,4.5));
#2653=CARTESIAN_POINT('Ctrl Pts',(-248.168922332547,197.78578815355,4.5));
#2654=CARTESIAN_POINT('Ctrl Pts',(-248.168488898616,198.077161754743,4.5));
#2655=CARTESIAN_POINT('Ctrl Pts',(-248.147952406252,198.40967204168,4.5));
#2656=CARTESIAN_POINT('Ctrl Pts',(-248.128795734681,198.751043595199,4.5));
#2657=CARTESIAN_POINT('Ctrl Pts',(-248.125303597738,199.04369568997,4.5));
#2658=CARTESIAN_POINT('Ctrl Pts',(-248.131085017314,199.277080849376,4.5));
#2659=CARTESIAN_POINT('Ctrl Pts',(-248.138696966311,199.438890354611,4.5));
#2660=CARTESIAN_POINT('Ctrl Pts',(-248.143440968303,199.521347457134,4.5));
#2661=CARTESIAN_POINT('',(-244.225255781806,236.03908348142,4.5));
#2662=CARTESIAN_POINT('Ctrl Pts',(-248.143440968303,199.521347457134,4.5));
#2663=CARTESIAN_POINT('Ctrl Pts',(-248.241926578036,199.5018887056,4.5));
#2664=CARTESIAN_POINT('Ctrl Pts',(-248.426884543045,199.514070766282,4.5));
#2665=CARTESIAN_POINT('Ctrl Pts',(-248.668284121303,199.68563173683,4.5));
#2666=CARTESIAN_POINT('Ctrl Pts',(-248.918048284283,200.221076615759,4.5));
#2667=CARTESIAN_POINT('Ctrl Pts',(-249.113542943755,201.384844588382,4.5));
#2668=CARTESIAN_POINT('Ctrl Pts',(-249.202382162928,202.994450609334,4.5));
#2669=CARTESIAN_POINT('Ctrl Pts',(-249.205442408645,204.949198361414,4.5));
#2670=CARTESIAN_POINT('Ctrl Pts',(-249.155268651657,207.091429223633,4.5));
#2671=CARTESIAN_POINT('Ctrl Pts',(-249.088418505188,209.240065571949,4.5));
#2672=CARTESIAN_POINT('Ctrl Pts',(-249.039367478588,211.217066478142,4.5));
#2673=CARTESIAN_POINT('Ctrl Pts',(-249.033912212978,212.876225312567,4.5));
#2674=CARTESIAN_POINT('Ctrl Pts',(-249.082517582917,214.132044253459,4.5));
#2675=CARTESIAN_POINT('Ctrl Pts',(-249.174305341602,214.986114523072,4.5));
#2676=CARTESIAN_POINT('Ctrl Pts',(-249.269278755512,215.560501210421,4.5));
#2677=CARTESIAN_POINT('Ctrl Pts',(-249.295542235115,216.111232160239,4.5));
#2678=CARTESIAN_POINT('Ctrl Pts',(-249.179219142408,216.911471920301,4.5));
#2679=CARTESIAN_POINT('Ctrl Pts',(-248.873362272336,218.13870556016,4.5));
#2680=CARTESIAN_POINT('Ctrl Pts',(-248.381416751649,219.783661497936,4.5));
#2681=CARTESIAN_POINT('Ctrl Pts',(-247.741289774302,221.716337796427,4.5));
#2682=CARTESIAN_POINT('Ctrl Pts',(-247.014222712786,223.732911763262,4.5));
#2683=CARTESIAN_POINT('Ctrl Pts',(-246.271866530818,225.609746576471,4.5));
#2684=CARTESIAN_POINT('Ctrl Pts',(-245.583992363656,227.155042336377,4.5));
#2685=CARTESIAN_POINT('Ctrl Pts',(-245.006244622896,228.259924458276,4.5));
#2686=CARTESIAN_POINT('Ctrl Pts',(-244.5671220605,228.953566104391,4.5));
#2687=CARTESIAN_POINT('Ctrl Pts',(-244.257448322961,229.44573373786,4.5));
#2688=CARTESIAN_POINT('Ctrl Pts',(-244.051664746548,230.008919570986,4.5));
#2689=CARTESIAN_POINT('Ctrl Pts',(-243.926503340993,230.873848226274,4.5));
#2690=CARTESIAN_POINT('Ctrl Pts',(-243.881678275065,232.114305736696,4.5));
#2691=CARTESIAN_POINT('Ctrl Pts',(-243.925933744114,233.470903983893,4.5));
#2692=CARTESIAN_POINT('Ctrl Pts',(-244.025855952237,234.625285921771,4.5));
#2693=CARTESIAN_POINT('Ctrl Pts',(-244.132785425235,235.452280371932,4.5));
#2694=CARTESIAN_POINT('Ctrl Pts',(-244.206430946561,235.923631831365,4.5));
#2695=CARTESIAN_POINT('Ctrl Pts',(-244.225255781805,236.03908348142,4.5));
#2696=CARTESIAN_POINT('',(-250.623441005258,246.661348159575,4.5));
#2697=CARTESIAN_POINT('Ctrl Pts',(-244.225255781806,236.03908348142,4.5));
#2698=CARTESIAN_POINT('Ctrl Pts',(-244.274867839541,236.120803205602,4.5));
#2699=CARTESIAN_POINT('Ctrl Pts',(-244.441025939422,236.39057963794,4.5));
#2700=CARTESIAN_POINT('Ctrl Pts',(-244.740032611459,236.856316516225,4.5));
#2701=CARTESIAN_POINT('Ctrl Pts',(-245.197455003875,237.536894754682,4.5));
#2702=CARTESIAN_POINT('Ctrl Pts',(-245.836181657582,238.4699517929,4.5));
#2703=CARTESIAN_POINT('Ctrl Pts',(-246.596575563205,239.605516963654,4.5));
#2704=CARTESIAN_POINT('Ctrl Pts',(-247.382100389984,240.831303521484,4.5));
#2705=CARTESIAN_POINT('Ctrl Pts',(-248.182270383974,242.149038439545,4.5));
#2706=CARTESIAN_POINT('Ctrl Pts',(-248.990829363812,243.557752593444,4.5));
#2707=CARTESIAN_POINT('Ctrl Pts',(-249.641835073941,244.755841729089,4.5));
#2708=CARTESIAN_POINT('Ctrl Pts',(-250.131928349132,245.693501756543,4.5));
#2709=CARTESIAN_POINT('Ctrl Pts',(-250.459468261018,246.33585779907,4.5));
#2710=CARTESIAN_POINT('Ctrl Pts',(-250.623441005258,246.661348159575,4.5));
#2711=CARTESIAN_POINT('',(-250.960959981042,248.688104275253,4.5));
#2712=CARTESIAN_POINT('Ctrl Pts',(-250.623441005258,246.661348159575,4.5));
#2713=CARTESIAN_POINT('Ctrl Pts',(-250.674306634602,246.817292304421,4.5));
#2714=CARTESIAN_POINT('Ctrl Pts',(-250.767190744296,247.147237031018,4.5));
#2715=CARTESIAN_POINT('Ctrl Pts',(-250.845861362362,247.53024147862,4.5));
#2716=CARTESIAN_POINT('Ctrl Pts',(-250.905081840931,247.952934832566,4.5));
#2717=CARTESIAN_POINT('Ctrl Pts',(-250.944552882352,248.414934196217,4.5));
#2718=CARTESIAN_POINT('Ctrl Pts',(-250.959714398472,248.666695332595,4.5));
#2719=CARTESIAN_POINT('Ctrl Pts',(-250.960959981043,248.688104275253,4.5));
#2720=CARTESIAN_POINT('',(-143.083439402784,265.821348445081,4.5));
#2721=CARTESIAN_POINT('Ctrl Pts',(-250.960959981042,248.688104275253,4.5));
#2722=CARTESIAN_POINT('Ctrl Pts',(-251.002156235123,248.941623677461,4.5));
#2723=CARTESIAN_POINT('Ctrl Pts',(-251.082968748781,249.513237069229,4.5));
#2724=CARTESIAN_POINT('Ctrl Pts',(-251.174675125791,250.438859223144,4.5));
#2725=CARTESIAN_POINT('Ctrl Pts',(-251.232525701999,251.763981108456,4.5));
#2726=CARTESIAN_POINT('Ctrl Pts',(-251.19986857789,253.508783686531,4.5));
#2727=CARTESIAN_POINT('Ctrl Pts',(-251.052538895213,255.331600819117,4.5));
#2728=CARTESIAN_POINT('Ctrl Pts',(-250.784075386421,257.10847569183,4.5));
#2729=CARTESIAN_POINT('Ctrl Pts',(-250.383746137571,258.779352657672,4.5));
#2730=CARTESIAN_POINT('Ctrl Pts',(-249.841298127163,260.29087241199,4.5));
#2731=CARTESIAN_POINT('Ctrl Pts',(-249.15108930657,261.59985463262,4.5));
#2732=CARTESIAN_POINT('Ctrl Pts',(-248.316157454094,262.677041086237,4.5));
#2733=CARTESIAN_POINT('Ctrl Pts',(-247.351943268867,263.510414706219,4.5));
#2734=CARTESIAN_POINT('Ctrl Pts',(-246.291160592606,264.109545389307,4.5));
#2735=CARTESIAN_POINT('Ctrl Pts',(-245.178454858841,264.501312703104,4.5));
#2736=CARTESIAN_POINT('Ctrl Pts',(-244.063279057044,264.724148012946,4.5));
#2737=CARTESIAN_POINT('Ctrl Pts',(-242.99344853923,264.822828541158,4.5));
#2738=CARTESIAN_POINT('Ctrl Pts',(-242.008291762205,264.842974975425,4.5));
#2739=CARTESIAN_POINT('Ctrl Pts',(-241.13225274758,264.825837367976,4.5));
#2740=CARTESIAN_POINT('Ctrl Pts',(-240.369439395318,264.803722100081,4.5));
#2741=CARTESIAN_POINT('Ctrl Pts',(-239.699761886911,264.79631283054,4.5));
#2742=CARTESIAN_POINT('Ctrl Pts',(-239.07116266,264.804800928148,4.5));
#2743=CARTESIAN_POINT('Ctrl Pts',(-238.404786264817,264.813270708537,4.5));
#2744=CARTESIAN_POINT('Ctrl Pts',(-237.616856757881,264.799497165913,4.5));
#2745=CARTESIAN_POINT('Ctrl Pts',(-236.639339146105,264.744987120209,4.5));
#2746=CARTESIAN_POINT('Ctrl Pts',(-235.431522137146,264.640166598943,4.5));
#2747=CARTESIAN_POINT('Ctrl Pts',(-233.976996397604,264.481636120874,4.5));
#2748=CARTESIAN_POINT('Ctrl Pts',(-232.284358630504,264.271507958721,4.5));
#2749=CARTESIAN_POINT('Ctrl Pts',(-230.386596537037,264.015874972175,4.5));
#2750=CARTESIAN_POINT('Ctrl Pts',(-228.340608403792,263.723702433255,4.5));
#2751=CARTESIAN_POINT('Ctrl Pts',(-226.227726837268,263.405420760265,4.5));
#2752=CARTESIAN_POINT('Ctrl Pts',(-224.150609176554,263.072008303027,4.5));
#2753=CARTESIAN_POINT('Ctrl Pts',(-222.215769652574,262.735646174076,4.5));
#2754=CARTESIAN_POINT('Ctrl Pts',(-220.517934078012,262.410190135454,4.5));
#2755=CARTESIAN_POINT('Ctrl Pts',(-219.124425281621,262.111619186698,4.5));
#2756=CARTESIAN_POINT('Ctrl Pts',(-218.057822520639,261.858711374362,4.5));
#2757=CARTESIAN_POINT('Ctrl Pts',(-217.283312013418,261.673119289822,4.5));
#2758=CARTESIAN_POINT('Ctrl Pts',(-216.684460534924,261.580915094803,4.5));
#2759=CARTESIAN_POINT('Ctrl Pts',(-216.074023039391,261.609721428045,4.5));
#2760=CARTESIAN_POINT('Ctrl Pts',(-215.277181826761,261.777223948169,4.5));
#2761=CARTESIAN_POINT('Ctrl Pts',(-214.215148171082,262.078993123025,4.5));
#2762=CARTESIAN_POINT('Ctrl Pts',(-212.945319647001,262.48366301926,4.5));
#2763=CARTESIAN_POINT('Ctrl Pts',(-211.593848551888,262.945604599369,4.5));
#2764=CARTESIAN_POINT('Ctrl Pts',(-210.310440596366,263.414009514765,4.5));
#2765=CARTESIAN_POINT('Ctrl Pts',(-209.215660872803,263.843173374469,4.5));
#2766=CARTESIAN_POINT('Ctrl Pts',(-208.34814070128,264.202818403945,4.5));
#2767=CARTESIAN_POINT('Ctrl Pts',(-207.621534704587,264.486787522061,4.5));
#2768=CARTESIAN_POINT('Ctrl Pts',(-206.888845490279,264.704477000422,4.5));
#2769=CARTESIAN_POINT('Ctrl Pts',(-205.99270812406,264.874271130956,4.5));
#2770=CARTESIAN_POINT('Ctrl Pts',(-204.830009377115,265.015317571218,4.5));
#2771=CARTESIAN_POINT('Ctrl Pts',(-203.379323789259,265.143117564256,4.5));
#2772=CARTESIAN_POINT('Ctrl Pts',(-201.675176865764,265.270390172313,4.5));
#2773=CARTESIAN_POINT('Ctrl Pts',(-199.794757031071,265.406709767895,4.5));
#2774=CARTESIAN_POINT('Ctrl Pts',(-197.839795228284,265.558622321021,4.5));
#2775=CARTESIAN_POINT('Ctrl Pts',(-195.920139802407,265.729587758471,4.5));
#2776=CARTESIAN_POINT('Ctrl Pts',(-194.137501024002,265.919921392913,4.5));
#2777=CARTESIAN_POINT('Ctrl Pts',(-192.566897173889,266.126917884219,4.5));
#2778=CARTESIAN_POINT('Ctrl Pts',(-191.248358401475,266.34418802159,4.5));
#2779=CARTESIAN_POINT('Ctrl Pts',(-190.188518803404,266.560519367762,4.5));
#2780=CARTESIAN_POINT('Ctrl Pts',(-189.35850244904,266.758513288053,4.5));
#2781=CARTESIAN_POINT('Ctrl Pts',(-188.695315018123,266.914090219515,4.5));
#2782=CARTESIAN_POINT('Ctrl Pts',(-188.096904684008,266.993744140446,4.5));
#2783=CARTESIAN_POINT('Ctrl Pts',(-187.436595517792,266.959254076935,4.5));
#2784=CARTESIAN_POINT('Ctrl Pts',(-186.599698585311,266.781070133857,4.5));
#2785=CARTESIAN_POINT('Ctrl Pts',(-185.521903584319,266.452388431034,4.5));
#2786=CARTESIAN_POINT('Ctrl Pts',(-184.202620819313,265.993437960162,4.5));
#2787=CARTESIAN_POINT('Ctrl Pts',(-182.682236412374,265.44165900334,4.5));
#2788=CARTESIAN_POINT('Ctrl Pts',(-181.028723608471,264.845540044601,4.5));
#2789=CARTESIAN_POINT('Ctrl Pts',(-179.320359188952,264.256932137898,4.5));
#2790=CARTESIAN_POINT('Ctrl Pts',(-177.630340162925,263.724105359285,4.5));
#2791=CARTESIAN_POINT('Ctrl Pts',(-176.010044031377,263.284276217148,4.5));
#2792=CARTESIAN_POINT('Ctrl Pts',(-174.47439940132,262.956955517778,4.5));
#2793=CARTESIAN_POINT('Ctrl Pts',(-173.013215280001,262.74746541774,4.5));
#2794=CARTESIAN_POINT('Ctrl Pts',(-171.60112119127,262.649886449102,4.5));
#2795=CARTESIAN_POINT('Ctrl Pts',(-170.207867794607,262.650202575104,4.5));
#2796=CARTESIAN_POINT('Ctrl Pts',(-168.808824395443,262.729385852379,4.5));
#2797=CARTESIAN_POINT('Ctrl Pts',(-167.394564357782,262.866440930933,4.5));
#2798=CARTESIAN_POINT('Ctrl Pts',(-165.983028737649,263.041635335998,4.5));
#2799=CARTESIAN_POINT('Ctrl Pts',(-164.609961294884,263.237955609037,4.5));
#2800=CARTESIAN_POINT('Ctrl Pts',(-163.315861686208,263.44218721507,4.5));
#2801=CARTESIAN_POINT('Ctrl Pts',(-162.133577159241,263.646243021858,4.5));
#2802=CARTESIAN_POINT('Ctrl Pts',(-161.076928403087,263.848128768357,4.5));
#2803=CARTESIAN_POINT('Ctrl Pts',(-160.12573715135,264.05369500135,4.5));
#2804=CARTESIAN_POINT('Ctrl Pts',(-159.222916579353,264.275949245933,4.5));
#2805=CARTESIAN_POINT('Ctrl Pts',(-158.297258175479,264.529204643929,4.5));
#2806=CARTESIAN_POINT('Ctrl Pts',(-157.280411041102,264.824437017911,4.5));
#2807=CARTESIAN_POINT('Ctrl Pts',(-156.127069622683,265.163883109388,4.5));
#2808=CARTESIAN_POINT('Ctrl Pts',(-154.831254428608,265.536748563699,4.5));
#2809=CARTESIAN_POINT('Ctrl Pts',(-153.41607607872,265.923198937336,4.5));
#2810=CARTESIAN_POINT('Ctrl Pts',(-151.925693398814,266.297640992173,4.5));
#2811=CARTESIAN_POINT('Ctrl Pts',(-150.416359979639,266.632317457409,4.5));
#2812=CARTESIAN_POINT('Ctrl Pts',(-148.948069101383,266.900661570777,4.5));
#2813=CARTESIAN_POINT('Ctrl Pts',(-147.575453623678,267.081007168526,4.5));
#2814=CARTESIAN_POINT('Ctrl Pts',(-146.340467890363,267.159397375291,4.5));
#2815=CARTESIAN_POINT('Ctrl Pts',(-145.274575730487,267.127595349974,4.5));
#2816=CARTESIAN_POINT('Ctrl Pts',(-144.39975743066,266.981638387183,4.5));
#2817=CARTESIAN_POINT('Ctrl Pts',(-143.730031686739,266.720264337144,4.5));
#2818=CARTESIAN_POINT('Ctrl Pts',(-143.364089234335,266.418610897384,4.5));
#2819=CARTESIAN_POINT('Ctrl Pts',(-143.186208344526,266.140245751074,4.5));
#2820=CARTESIAN_POINT('Ctrl Pts',(-143.110542276013,265.93150786801,4.5));
#2821=CARTESIAN_POINT('Ctrl Pts',(-143.083439402784,265.821348445081,4.5));
#2822=CARTESIAN_POINT('',(-135.205942268139,242.125747783935,4.5));
#2823=CARTESIAN_POINT('Ctrl Pts',(-143.083439402784,265.821348445081,4.5));
#2824=CARTESIAN_POINT('Ctrl Pts',(-142.962011283427,265.78794976392,4.5));
#2825=CARTESIAN_POINT('Ctrl Pts',(-142.712154182554,265.708067422747,4.5));
#2826=CARTESIAN_POINT('Ctrl Pts',(-142.316363920672,265.548985382304,4.5));
#2827=CARTESIAN_POINT('Ctrl Pts',(-141.74665003034,265.258386591062,4.5));
#2828=CARTESIAN_POINT('Ctrl Pts',(-140.968796665014,264.769713949982,4.5));
#2829=CARTESIAN_POINT('Ctrl Pts',(-140.138423538679,264.172427561695,4.5));
#2830=CARTESIAN_POINT('Ctrl Pts',(-139.281137628333,263.498738100272,4.5));
#2831=CARTESIAN_POINT('Ctrl Pts',(-138.427903561677,262.779504377302,4.5));
#2832=CARTESIAN_POINT('Ctrl Pts',(-137.609246036288,262.030673386397,4.5));
#2833=CARTESIAN_POINT('Ctrl Pts',(-136.848241623861,261.235572681048,4.5));
#2834=CARTESIAN_POINT('Ctrl Pts',(-136.156231179816,260.337786513702,4.5));
#2835=CARTESIAN_POINT('Ctrl Pts',(-135.537462754131,259.269316742524,4.5));
#2836=CARTESIAN_POINT('Ctrl Pts',(-134.992414991131,257.973996401259,4.5));
#2837=CARTESIAN_POINT('Ctrl Pts',(-134.521433293109,256.430916845619,4.5));
#2838=CARTESIAN_POINT('Ctrl Pts',(-134.128757198435,254.682634341526,4.5));
#2839=CARTESIAN_POINT('Ctrl Pts',(-133.821754500472,252.819059609008,4.5));
#2840=CARTESIAN_POINT('Ctrl Pts',(-133.609123426405,250.951989483445,4.5));
#2841=CARTESIAN_POINT('Ctrl Pts',(-133.499491717986,249.193510092124,4.5));
#2842=CARTESIAN_POINT('Ctrl Pts',(-133.49976910441,247.631404965324,4.5));
#2843=CARTESIAN_POINT('Ctrl Pts',(-133.613791707052,246.309042547356,4.5));
#2844=CARTESIAN_POINT('Ctrl Pts',(-133.840360882396,245.195158550768,4.5));
#2845=CARTESIAN_POINT('Ctrl Pts',(-134.174307411075,244.203308374419,4.5));
#2846=CARTESIAN_POINT('Ctrl Pts',(-134.528774790344,243.41528447152,4.5));
#2847=CARTESIAN_POINT('Ctrl Pts',(-134.841219038776,242.796360417073,4.5));
#2848=CARTESIAN_POINT('Ctrl Pts',(-135.0722581378,242.366607069588,4.5));
#2849=CARTESIAN_POINT('Ctrl Pts',(-135.197287945244,242.141309182638,4.5));
#2850=CARTESIAN_POINT('Ctrl Pts',(-135.205942268139,242.125747783935,4.5));
#2851=CARTESIAN_POINT('',(-137.459228324642,238.006009858348,4.5));
#2852=CARTESIAN_POINT('Ctrl Pts',(-135.205942268139,242.125747783935,4.5));
#2853=CARTESIAN_POINT('Ctrl Pts',(-135.239356292162,242.000693253385,4.5));
#2854=CARTESIAN_POINT('Ctrl Pts',(-135.317026438187,241.72993315317,4.5));
#2855=CARTESIAN_POINT('Ctrl Pts',(-135.452488556339,241.320986115496,4.5));
#2856=CARTESIAN_POINT('Ctrl Pts',(-135.669814864967,240.779980655566,4.5));
#2857=CARTESIAN_POINT('Ctrl Pts',(-136.004556465253,240.106153990483,4.5));
#2858=CARTESIAN_POINT('Ctrl Pts',(-136.417054835527,239.410573074616,4.5));
#2859=CARTESIAN_POINT('Ctrl Pts',(-136.800613569924,238.851214642847,4.5));
#2860=CARTESIAN_POINT('Ctrl Pts',(-137.118283987496,238.429474431179,4.5));
#2861=CARTESIAN_POINT('Ctrl Pts',(-137.343363653231,238.147328918756,4.5));
#2862=CARTESIAN_POINT('Ctrl Pts',(-137.459228324642,238.006009858348,4.5));
#2863=CARTESIAN_POINT('',(-140.040314622297,234.95766709076,4.5));
#2864=CARTESIAN_POINT('Ctrl Pts',(-137.459228324642,238.006009858348,4.5));
#2865=CARTESIAN_POINT('Ctrl Pts',(-137.4413710872,238.003979721498,4.5));
#2866=CARTESIAN_POINT('Ctrl Pts',(-137.414596537497,237.992373295014,4.5));
#2867=CARTESIAN_POINT('Ctrl Pts',(-137.401264737796,237.952315135191,4.5));
#2868=CARTESIAN_POINT('Ctrl Pts',(-137.437080575159,237.853677285738,4.5));
#2869=CARTESIAN_POINT('Ctrl Pts',(-137.566238975782,237.659775408422,4.5));
#2870=CARTESIAN_POINT('Ctrl Pts',(-137.763006365445,237.411512627168,4.5));
#2871=CARTESIAN_POINT('Ctrl Pts',(-137.999478130315,237.135804972055,4.5));
#2872=CARTESIAN_POINT('Ctrl Pts',(-138.244572454814,236.862360931032,4.5));
#2873=CARTESIAN_POINT('Ctrl Pts',(-138.470371694674,236.617364031117,4.5));
#2874=CARTESIAN_POINT('Ctrl Pts',(-138.658387196683,236.417260699989,4.5));
#2875=CARTESIAN_POINT('Ctrl Pts',(-138.807639111467,236.260692325491,4.5));
#2876=CARTESIAN_POINT('Ctrl Pts',(-138.935845584535,236.127434566985,4.5));
#2877=CARTESIAN_POINT('Ctrl Pts',(-139.067205029763,235.990989755239,4.5));
#2878=CARTESIAN_POINT('Ctrl Pts',(-139.224110665183,235.827140107005,4.5));
#2879=CARTESIAN_POINT('Ctrl Pts',(-139.415171572165,235.626359132843,4.5));
#2880=CARTESIAN_POINT('Ctrl Pts',(-139.623215813864,235.406272631024,4.5));
#2881=CARTESIAN_POINT('Ctrl Pts',(-139.79837612504,235.219429041061,4.5));
#2882=CARTESIAN_POINT('Ctrl Pts',(-139.926845110467,235.081070091127,4.5));
#2883=CARTESIAN_POINT('Ctrl Pts',(-140.006940073086,234.994070216642,4.5));
#2884=CARTESIAN_POINT('Ctrl Pts',(-140.040314622297,234.95766709076,4.5));
#2885=CARTESIAN_POINT('',(-171.006258425214,40.7559415626632,4.5));
#2886=CARTESIAN_POINT('Ctrl Pts',(-140.040314622297,234.95766709076,4.5));
#2887=CARTESIAN_POINT('Ctrl Pts',(-140.041529690211,234.908954166298,4.5));
#2888=CARTESIAN_POINT('Ctrl Pts',(-140.043619809506,234.644717064161,4.5));
#2889=CARTESIAN_POINT('Ctrl Pts',(-140.004352609913,234.139885920827,4.5));
#2890=CARTESIAN_POINT('Ctrl Pts',(-139.837629024564,233.342912771603,4.5));
#2891=CARTESIAN_POINT('Ctrl Pts',(-139.445172884642,232.205399724552,4.5));
#2892=CARTESIAN_POINT('Ctrl Pts',(-138.830343154169,230.820013436099,4.5));
#2893=CARTESIAN_POINT('Ctrl Pts',(-138.177665413103,229.493147049076,4.5));
#2894=CARTESIAN_POINT('Ctrl Pts',(-137.58009593624,228.290999902631,4.5));
#2895=CARTESIAN_POINT('Ctrl Pts',(-137.075110465938,227.202438074101,4.5));
#2896=CARTESIAN_POINT('Ctrl Pts',(-136.649023318704,226.151077316667,4.5));
#2897=CARTESIAN_POINT('Ctrl Pts',(-136.262347610455,225.037587299019,4.5));
#2898=CARTESIAN_POINT('Ctrl Pts',(-135.867738933939,223.770813701633,4.5));
#2899=CARTESIAN_POINT('Ctrl Pts',(-135.432765785924,222.307277267998,4.5));
#2900=CARTESIAN_POINT('Ctrl Pts',(-134.955303944994,220.675742652336,4.5));
#2901=CARTESIAN_POINT('Ctrl Pts',(-134.454150761482,218.948153244515,4.5));
#2902=CARTESIAN_POINT('Ctrl Pts',(-133.963205625089,217.218641064501,4.5));
#2903=CARTESIAN_POINT('Ctrl Pts',(-133.524185402245,215.578699365778,4.5));
#2904=CARTESIAN_POINT('Ctrl Pts',(-133.180157701615,214.095594291496,4.5));
#2905=CARTESIAN_POINT('Ctrl Pts',(-132.968261744107,212.785531486982,4.5));
#2906=CARTESIAN_POINT('Ctrl Pts',(-132.914235233524,211.601129158744,4.5));
#2907=CARTESIAN_POINT('Ctrl Pts',(-133.032316256857,210.461850829221,4.5));
#2908=CARTESIAN_POINT('Ctrl Pts',(-133.324118007038,209.277843105405,4.5));
#2909=CARTESIAN_POINT('Ctrl Pts',(-133.778145052824,207.974751806105,4.5));
#2910=CARTESIAN_POINT('Ctrl Pts',(-134.368417486477,206.522264544881,4.5));
#2911=CARTESIAN_POINT('Ctrl Pts',(-135.058170754391,204.929704834719,4.5));
#2912=CARTESIAN_POINT('Ctrl Pts',(-135.804830853731,203.232984309104,4.5));
#2913=CARTESIAN_POINT('Ctrl Pts',(-136.564452021195,201.484681467891,4.5));
#2914=CARTESIAN_POINT('Ctrl Pts',(-137.296612775,199.742456956874,4.5));
#2915=CARTESIAN_POINT('Ctrl Pts',(-137.9685716805,198.059011969433,4.5));
#2916=CARTESIAN_POINT('Ctrl Pts',(-138.56109969756,196.469317865506,4.5));
#2917=CARTESIAN_POINT('Ctrl Pts',(-139.067705135219,194.988000824134,4.5));
#2918=CARTESIAN_POINT('Ctrl Pts',(-139.488983620353,193.614235235782,4.5));
#2919=CARTESIAN_POINT('Ctrl Pts',(-139.828273930448,192.334464211292,4.5));
#2920=CARTESIAN_POINT('Ctrl Pts',(-140.087021955388,191.125997056921,4.5));
#2921=CARTESIAN_POINT('Ctrl Pts',(-140.259688763244,189.960263583886,4.5));
#2922=CARTESIAN_POINT('Ctrl Pts',(-140.330604032803,188.806107726734,4.5));
#2923=CARTESIAN_POINT('Ctrl Pts',(-140.280181480942,187.632368945472,4.5));
#2924=CARTESIAN_POINT('Ctrl Pts',(-140.089933663325,186.410629771803,4.5));
#2925=CARTESIAN_POINT('Ctrl Pts',(-139.747754274323,185.117798183032,4.5));
#2926=CARTESIAN_POINT('Ctrl Pts',(-139.25361441736,183.739023398655,4.5));
#2927=CARTESIAN_POINT('Ctrl Pts',(-138.617768872718,182.266822999591,4.5));
#2928=CARTESIAN_POINT('Ctrl Pts',(-137.858104866489,180.699801090741,4.5));
#2929=CARTESIAN_POINT('Ctrl Pts',(-136.997812457184,179.041528958901,4.5));
#2930=CARTESIAN_POINT('Ctrl Pts',(-136.062895764017,177.299323311467,4.5));
#2931=CARTESIAN_POINT('Ctrl Pts',(-135.079810935993,175.483151319506,4.5));
#2932=CARTESIAN_POINT('Ctrl Pts',(-134.072895561838,173.604263773462,4.5));
#2933=CARTESIAN_POINT('Ctrl Pts',(-133.063905753569,171.676691793217,4.5));
#2934=CARTESIAN_POINT('Ctrl Pts',(-132.071799215865,169.71901578054,4.5));
#2935=CARTESIAN_POINT('Ctrl Pts',(-131.112417852778,167.756148058503,4.5));
#2936=CARTESIAN_POINT('Ctrl Pts',(-130.198240696077,165.820864584696,4.5));
#2937=CARTESIAN_POINT('Ctrl Pts',(-129.338039881765,163.956015651493,4.5));
#2938=CARTESIAN_POINT('Ctrl Pts',(-128.536731723892,162.215118198242,4.5));
#2939=CARTESIAN_POINT('Ctrl Pts',(-127.794770891409,160.666853531851,4.5));
#2940=CARTESIAN_POINT('Ctrl Pts',(-127.108950235714,159.387487601384,4.5));
#2941=CARTESIAN_POINT('Ctrl Pts',(-126.475976530347,158.429745758427,4.5));
#2942=CARTESIAN_POINT('Ctrl Pts',(-125.895786770288,157.793486226985,4.5));
#2943=CARTESIAN_POINT('Ctrl Pts',(-125.374306705392,157.402113024546,4.5));
#2944=CARTESIAN_POINT('Ctrl Pts',(-124.92814026195,157.059967592554,4.5));
#2945=CARTESIAN_POINT('Ctrl Pts',(-124.578152184581,156.519321302125,4.5));
#2946=CARTESIAN_POINT('Ctrl Pts',(-124.335876354313,155.620075617747,4.5));
#2947=CARTESIAN_POINT('Ctrl Pts',(-124.198117638493,154.343156945757,4.5));
#2948=CARTESIAN_POINT('Ctrl Pts',(-124.151956227995,152.752902608647,4.5));
#2949=CARTESIAN_POINT('Ctrl Pts',(-124.177569439112,150.961943236102,4.5));
#2950=CARTESIAN_POINT('Ctrl Pts',(-124.251826698354,149.090061280361,4.5));
#2951=CARTESIAN_POINT('Ctrl Pts',(-124.351781584085,147.218566658979,4.5));
#2952=CARTESIAN_POINT('Ctrl Pts',(-124.457389061649,145.371751605003,4.5));
#2953=CARTESIAN_POINT('Ctrl Pts',(-124.552726470459,143.541342234396,4.5));
#2954=CARTESIAN_POINT('Ctrl Pts',(-124.627646315551,141.700728710863,4.5));
#2955=CARTESIAN_POINT('Ctrl Pts',(-124.679129546646,139.822790096737,4.5));
#2956=CARTESIAN_POINT('Ctrl Pts',(-124.713055906873,137.897417586194,4.5));
#2957=CARTESIAN_POINT('Ctrl Pts',(-124.745122895265,135.946271585432,4.5));
#2958=CARTESIAN_POINT('Ctrl Pts',(-124.803847077754,134.046115854961,4.5));
#2959=CARTESIAN_POINT('Ctrl Pts',(-124.923267634161,132.307781018769,4.5));
#2960=CARTESIAN_POINT('Ctrl Pts',(-125.131773191346,130.837823136645,4.5));
#2961=CARTESIAN_POINT('Ctrl Pts',(-125.441396029383,129.703180134267,4.5));
#2962=CARTESIAN_POINT('Ctrl Pts',(-125.838636974108,128.900287751984,4.5));
#2963=CARTESIAN_POINT('Ctrl Pts',(-126.270514159806,128.308667911905,4.5));
#2964=CARTESIAN_POINT('Ctrl Pts',(-126.645249259995,127.692665734719,4.5));
#2965=CARTESIAN_POINT('Ctrl Pts',(-126.870988566103,126.826221621476,4.5));
#2966=CARTESIAN_POINT('Ctrl Pts',(-126.894691124542,125.620932156058,4.5));
#2967=CARTESIAN_POINT('Ctrl Pts',(-126.720118330215,124.177077499186,4.5));
#2968=CARTESIAN_POINT('Ctrl Pts',(-126.38300888777,122.68063155512,4.5));
#2969=CARTESIAN_POINT('Ctrl Pts',(-125.935312372456,121.331287822448,4.5));
#2970=CARTESIAN_POINT('Ctrl Pts',(-125.427405069507,120.267037021493,4.5));
#2971=CARTESIAN_POINT('Ctrl Pts',(-124.887107268094,119.467669417763,4.5));
#2972=CARTESIAN_POINT('Ctrl Pts',(-124.320003339524,118.777942236251,4.5));
#2973=CARTESIAN_POINT('Ctrl Pts',(-123.722381179291,118.000255424937,4.5));
#2974=CARTESIAN_POINT('Ctrl Pts',(-123.090179050541,116.965272849111,4.5));
#2975=CARTESIAN_POINT('Ctrl Pts',(-122.429753777956,115.612957936479,4.5));
#2976=CARTESIAN_POINT('Ctrl Pts',(-121.754254687168,113.967213989273,4.5));
#2977=CARTESIAN_POINT('Ctrl Pts',(-121.080037109506,112.110415443198,4.5));
#2978=CARTESIAN_POINT('Ctrl Pts',(-120.423138530103,110.158226904168,4.5));
#2979=CARTESIAN_POINT('Ctrl Pts',(-119.795514526024,108.233551088997,4.5));
#2980=CARTESIAN_POINT('Ctrl Pts',(-119.201879411109,106.442636328964,4.5));
#2981=CARTESIAN_POINT('Ctrl Pts',(-118.635004048382,104.845694130154,4.5));
#2982=CARTESIAN_POINT('Ctrl Pts',(-118.078905177557,103.45591576545,4.5));
#2983=CARTESIAN_POINT('Ctrl Pts',(-117.515081163201,102.250199565192,4.5));
#2984=CARTESIAN_POINT('Ctrl Pts',(-116.928047577685,101.175834203168,4.5));
#2985=CARTESIAN_POINT('Ctrl Pts',(-116.310530951905,100.159425176554,4.5));
#2986=CARTESIAN_POINT('Ctrl Pts',(-115.670350128624,99.1134851311586,4.5));
#2987=CARTESIAN_POINT('Ctrl Pts',(-115.031055156163,97.9488824593994,4.5));
#2988=CARTESIAN_POINT('Ctrl Pts',(-114.423542450534,96.5946566864613,4.5));
#2989=CARTESIAN_POINT('Ctrl Pts',(-113.879758310254,95.0167232751876,4.5));
#2990=CARTESIAN_POINT('Ctrl Pts',(-113.425784713098,93.2356403528408,4.5));
#2991=CARTESIAN_POINT('Ctrl Pts',(-113.074655278805,91.3480637127051,4.5));
#2992=CARTESIAN_POINT('Ctrl Pts',(-112.82084369685,89.5370595185593,4.5));
#2993=CARTESIAN_POINT('Ctrl Pts',(-112.64835295057,87.9996264579596,4.5));
#2994=CARTESIAN_POINT('Ctrl Pts',(-112.537459641584,86.882084004592,4.5));
#2995=CARTESIAN_POINT('Ctrl Pts',(-112.471919330039,86.2131589616864,4.5));
#2996=CARTESIAN_POINT('Ctrl Pts',(-112.446106670874,85.836323051939,4.5));
#2997=CARTESIAN_POINT('Ctrl Pts',(-112.471779111483,85.3478134921495,4.5));
#2998=CARTESIAN_POINT('Ctrl Pts',(-112.559849133207,84.3818656530031,4.5));
#2999=CARTESIAN_POINT('Ctrl Pts',(-112.70440633429,82.8629151674224,4.5));
#3000=CARTESIAN_POINT('Ctrl Pts',(-112.88962776573,80.9112877788676,4.5));
#3001=CARTESIAN_POINT('Ctrl Pts',(-113.095470540749,78.7674839695108,4.5));
#3002=CARTESIAN_POINT('Ctrl Pts',(-113.303815635288,76.7095504762837,4.5));
#3003=CARTESIAN_POINT('Ctrl Pts',(-113.504426369325,74.9733586392965,4.5));
#3004=CARTESIAN_POINT('Ctrl Pts',(-113.70097397098,73.6717141024165,4.5));
#3005=CARTESIAN_POINT('Ctrl Pts',(-113.917067137117,72.7137683082876,4.5));
#3006=CARTESIAN_POINT('Ctrl Pts',(-114.185411679991,71.8919280243918,4.5));
#3007=CARTESIAN_POINT('Ctrl Pts',(-114.537235870406,70.9669597858218,4.5));
#3008=CARTESIAN_POINT('Ctrl Pts',(-114.991096820377,69.7573192881559,4.5));
#3009=CARTESIAN_POINT('Ctrl Pts',(-115.543408137919,68.2166752111316,4.5));
#3010=CARTESIAN_POINT('Ctrl Pts',(-116.175983958906,66.394195142925,4.5));
#3011=CARTESIAN_POINT('Ctrl Pts',(-116.862318519383,64.403762214055,4.5));
#3012=CARTESIAN_POINT('Ctrl Pts',(-117.574188843677,62.390442527666,4.5));
#3013=CARTESIAN_POINT('Ctrl Pts',(-118.288475646378,60.4966744997125,4.5));
#3014=CARTESIAN_POINT('Ctrl Pts',(-118.993059829757,58.8319725510344,4.5));
#3015=CARTESIAN_POINT('Ctrl Pts',(-119.695187125765,57.432667107502,4.5));
#3016=CARTESIAN_POINT('Ctrl Pts',(-120.420025567948,56.2616864483272,4.5));
#3017=CARTESIAN_POINT('Ctrl Pts',(-121.201499819492,55.2401299890981,4.5));
#3018=CARTESIAN_POINT('Ctrl Pts',(-122.075064446805,54.2705456567154,4.5));
#3019=CARTESIAN_POINT('Ctrl Pts',(-123.070283474986,53.2618129304221,4.5));
#3020=CARTESIAN_POINT('Ctrl Pts',(-124.202033712256,52.1576933405721,4.5));
#3021=CARTESIAN_POINT('Ctrl Pts',(-125.467484259545,50.9483176358635,4.5));
#3022=CARTESIAN_POINT('Ctrl Pts',(-126.85200276155,49.6549131109773,4.5));
#3023=CARTESIAN_POINT('Ctrl Pts',(-128.33294131569,48.3209219047943,4.5));
#3024=CARTESIAN_POINT('Ctrl Pts',(-129.884216955774,47.0006788724905,4.5));
#3025=CARTESIAN_POINT('Ctrl Pts',(-131.480690747041,45.7488169606045,4.5));
#3026=CARTESIAN_POINT('Ctrl Pts',(-133.102306221733,44.6101093538412,4.5));
#3027=CARTESIAN_POINT('Ctrl Pts',(-134.739180446056,43.6071802689805,4.5));
#3028=CARTESIAN_POINT('Ctrl Pts',(-136.390429634072,42.7425380937684,4.5));
#3029=CARTESIAN_POINT('Ctrl Pts',(-138.061159055367,42.004819950134,4.5));
#3030=CARTESIAN_POINT('Ctrl Pts',(-139.76008180373,41.3735931148598,4.5));
#3031=CARTESIAN_POINT('Ctrl Pts',(-141.496852812979,40.8248088021566,4.5));
#3032=CARTESIAN_POINT('Ctrl Pts',(-143.279577086834,40.335858702622,4.5));
#3033=CARTESIAN_POINT('Ctrl Pts',(-145.112119845176,39.8910790013566,4.5));
#3034=CARTESIAN_POINT('Ctrl Pts',(-146.991859080531,39.4862582734489,4.5));
#3035=CARTESIAN_POINT('Ctrl Pts',(-148.910927057652,39.1253162458254,4.5));
#3036=CARTESIAN_POINT('Ctrl Pts',(-150.857137875012,38.8176785175597,4.5));
#3037=CARTESIAN_POINT('Ctrl Pts',(-152.81503176921,38.5754075779175,4.5));
#3038=CARTESIAN_POINT('Ctrl Pts',(-154.766874462747,38.4103902073529,4.5));
#3039=CARTESIAN_POINT('Ctrl Pts',(-156.693662872746,38.3316120121096,4.5));
#3040=CARTESIAN_POINT('Ctrl Pts',(-158.576157600383,38.3421278838022,4.5));
#3041=CARTESIAN_POINT('Ctrl Pts',(-160.395814312978,38.4369629169296,4.5));
#3042=CARTESIAN_POINT('Ctrl Pts',(-162.135199635061,38.6056733402476,4.5));
#3043=CARTESIAN_POINT('Ctrl Pts',(-163.778471409707,38.8342861490331,4.5));
#3044=CARTESIAN_POINT('Ctrl Pts',(-165.311841957196,39.1074987055448,4.5));
#3045=CARTESIAN_POINT('Ctrl Pts',(-166.724031299234,39.4107227572589,4.5));
#3046=CARTESIAN_POINT('Ctrl Pts',(-168.006767143321,39.7323010869111,4.5));
#3047=CARTESIAN_POINT('Ctrl Pts',(-169.15514346293,40.0653434209998,4.5));
#3048=CARTESIAN_POINT('Ctrl Pts',(-169.964394813839,40.3381648408776,4.5));
#3049=CARTESIAN_POINT('Ctrl Pts',(-170.509407882959,40.5458574109436,4.5));
#3050=CARTESIAN_POINT('Ctrl Pts',(-170.845228476076,40.6856857200541,4.5));
#3051=CARTESIAN_POINT('Ctrl Pts',(-171.006258425214,40.7559415626632,4.5));
#3052=CARTESIAN_POINT('',(-178.108601046939,45.2560367394325,4.5));
#3053=CARTESIAN_POINT('Ctrl Pts',(-171.006258425214,40.7559415626632,4.5));
#3054=CARTESIAN_POINT('Ctrl Pts',(-171.047266164609,40.7500083829324,4.5));
#3055=CARTESIAN_POINT('Ctrl Pts',(-171.142725121932,40.7486973539557,4.5));
#3056=CARTESIAN_POINT('Ctrl Pts',(-171.326242139921,40.7783956858898,4.5));
#3057=CARTESIAN_POINT('Ctrl Pts',(-171.651605585539,40.8813335569617,4.5));
#3058=CARTESIAN_POINT('Ctrl Pts',(-172.188707830458,41.1131497287237,4.5));
#3059=CARTESIAN_POINT('Ctrl Pts',(-172.844326433305,41.441016923746,4.5));
#3060=CARTESIAN_POINT('Ctrl Pts',(-173.594074754884,41.8503717338758,4.5));
#3061=CARTESIAN_POINT('Ctrl Pts',(-174.403067520503,42.3204711353476,4.5));
#3062=CARTESIAN_POINT('Ctrl Pts',(-175.229129287309,42.8264827976986,4.5));
#3063=CARTESIAN_POINT('Ctrl Pts',(-176.025913925273,43.3413830078698,4.5));
#3064=CARTESIAN_POINT('Ctrl Pts',(-176.745334022209,43.8377495016805,4.5));
#3065=CARTESIAN_POINT('Ctrl Pts',(-177.341978431693,44.2900314481996,4.5));
#3066=CARTESIAN_POINT('Ctrl Pts',(-177.772479881469,44.6755447752652,4.5));
#3067=CARTESIAN_POINT('Ctrl Pts',(-177.980114648854,44.9371068386684,4.5));
#3068=CARTESIAN_POINT('Ctrl Pts',(-178.053448669609,45.0960663193633,4.5));
#3069=CARTESIAN_POINT('Ctrl Pts',(-178.085770217081,45.1927179032619,4.5));
#3070=CARTESIAN_POINT('Ctrl Pts',(-178.104338866599,45.2445136982476,4.5));
#3071=CARTESIAN_POINT('Ctrl Pts',(-178.108601046939,45.2560367394325,4.5));
#3072=CARTESIAN_POINT('',(-178.417946434676,45.6105866717537,4.5));
#3073=CARTESIAN_POINT('Ctrl Pts',(-178.108601046939,45.2560367394325,4.5));
#3074=CARTESIAN_POINT('Ctrl Pts',(-178.173589972602,45.3260455615066,4.5));
#3075=CARTESIAN_POINT('Ctrl Pts',(-178.237019708854,45.3965052666823,4.5));
#3076=CARTESIAN_POINT('Ctrl Pts',(-178.298889380296,45.4674155219799,4.5));
#3077=CARTESIAN_POINT('Ctrl Pts',(-178.3591984127,45.5387760609993,4.5));
#3078=CARTESIAN_POINT('Ctrl Pts',(-178.417946434676,45.6105866717537,4.5));
#3079=CARTESIAN_POINT('',(-206.535929425476,43.2670826147294,4.5));
#3080=CARTESIAN_POINT('Ctrl Pts',(-178.417946434676,45.6105866717537,4.5));
#3081=CARTESIAN_POINT('Ctrl Pts',(-178.47488221408,45.647977893011,4.5));
#3082=CARTESIAN_POINT('Ctrl Pts',(-178.608231950949,45.7272581566832,4.5));
#3083=CARTESIAN_POINT('Ctrl Pts',(-178.848132260796,45.8477331625684,4.5));
#3084=CARTESIAN_POINT('Ctrl Pts',(-179.184600168829,45.9882151398608,4.5));
#3085=CARTESIAN_POINT('Ctrl Pts',(-179.474781122731,46.0716597767428,4.5));
#3086=CARTESIAN_POINT('Ctrl Pts',(-179.66180488667,46.0504013769331,4.5));
#3087=CARTESIAN_POINT('Ctrl Pts',(-179.960854267836,45.9679414829212,4.5));
#3088=CARTESIAN_POINT('Ctrl Pts',(-180.547787729934,45.8659294332115,4.5));
#3089=CARTESIAN_POINT('Ctrl Pts',(-181.512539425269,45.7723035143351,4.5));
#3090=CARTESIAN_POINT('Ctrl Pts',(-182.88263663278,45.7052479348071,4.5));
#3091=CARTESIAN_POINT('Ctrl Pts',(-184.630472061568,45.6737207005093,4.5));
#3092=CARTESIAN_POINT('Ctrl Pts',(-186.687107553225,45.6793495739826,4.5));
#3093=CARTESIAN_POINT('Ctrl Pts',(-188.953272607853,45.717741931147,4.5));
#3094=CARTESIAN_POINT('Ctrl Pts',(-191.311593778396,45.7800496580199,4.5));
#3095=CARTESIAN_POINT('Ctrl Pts',(-193.63823415081,45.8544166647181,4.5));
#3096=CARTESIAN_POINT('Ctrl Pts',(-195.814923387793,45.9274938724701,4.5));
#3097=CARTESIAN_POINT('Ctrl Pts',(-197.740501460912,45.9858853764449,4.5));
#3098=CARTESIAN_POINT('Ctrl Pts',(-199.343412182477,46.0177164746217,4.5));
#3099=CARTESIAN_POINT('Ctrl Pts',(-200.592054294388,46.013932989688,4.5));
#3100=CARTESIAN_POINT('Ctrl Pts',(-201.510467955033,45.9702656943381,4.5));
#3101=CARTESIAN_POINT('Ctrl Pts',(-202.168082962297,45.8859873852495,4.5));
#3102=CARTESIAN_POINT('Ctrl Pts',(-202.658177739388,45.7613335639087,4.5));
#3103=CARTESIAN_POINT('Ctrl Pts',(-203.079156877408,45.595152997078,4.5));
#3104=CARTESIAN_POINT('Ctrl Pts',(-203.516385148757,45.3828980577593,4.5));
#3105=CARTESIAN_POINT('Ctrl Pts',(-204.019484139188,45.1133874122564,4.5));
#3106=CARTESIAN_POINT('Ctrl Pts',(-204.600871514981,44.7709189544423,4.5));
#3107=CARTESIAN_POINT('Ctrl Pts',(-205.230886104268,44.3529624114545,4.5));
#3108=CARTESIAN_POINT('Ctrl Pts',(-205.761440923851,43.9494206270447,4.5));
#3109=CARTESIAN_POINT('Ctrl Pts',(-206.159106453788,43.6119209935294,4.5));
#3110=CARTESIAN_POINT('Ctrl Pts',(-206.417030785899,43.378036233263,4.5));
#3111=CARTESIAN_POINT('Ctrl Pts',(-206.535929425476,43.2670826147293,4.5));
#3112=CARTESIAN_POINT('',(-208.212649898473,41.4905046632704,4.5));
#3113=CARTESIAN_POINT('Ctrl Pts',(-206.535929425476,43.2670826147294,4.5));
#3114=CARTESIAN_POINT('Ctrl Pts',(-206.564403538596,43.2316385937741,4.5));
#3115=CARTESIAN_POINT('Ctrl Pts',(-206.671639721696,43.0984516286081,4.5));
#3116=CARTESIAN_POINT('Ctrl Pts',(-206.858358738499,42.8689017659708,4.5));
#3117=CARTESIAN_POINT('Ctrl Pts',(-207.127098356701,42.5481009920873,4.5));
#3118=CARTESIAN_POINT('Ctrl Pts',(-207.456437104755,42.1820079103642,4.5));
#3119=CARTESIAN_POINT('Ctrl Pts',(-207.768708589725,41.8727194109639,4.5));
#3120=CARTESIAN_POINT('Ctrl Pts',(-208.003536484295,41.663039646463,4.5));
#3121=CARTESIAN_POINT('Ctrl Pts',(-208.153135999779,41.5385956465741,4.5));
#3122=CARTESIAN_POINT('Ctrl Pts',(-208.212649898472,41.4905046632708,4.5));
#3123=CARTESIAN_POINT('',(-268.425279188019,66.1554680057544,4.5));
#3124=CARTESIAN_POINT('Ctrl Pts',(-208.212649898473,41.4905046632704,4.5));
#3125=CARTESIAN_POINT('Ctrl Pts',(-208.291254910177,41.4007465854961,4.5));
#3126=CARTESIAN_POINT('Ctrl Pts',(-208.495121435915,41.1676136628681,4.5));
#3127=CARTESIAN_POINT('Ctrl Pts',(-208.819302908219,40.7977497690792,4.5));
#3128=CARTESIAN_POINT('Ctrl Pts',(-209.256729751944,40.3148242171606,4.5));
#3129=CARTESIAN_POINT('Ctrl Pts',(-209.805530930748,39.7809069660949,4.5));
#3130=CARTESIAN_POINT('Ctrl Pts',(-210.405854547076,39.3373367968884,4.5));
#3131=CARTESIAN_POINT('Ctrl Pts',(-211.034504698757,39.0478579478493,4.5));
#3132=CARTESIAN_POINT('Ctrl Pts',(-211.716003320069,38.9105075045963,4.5));
#3133=CARTESIAN_POINT('Ctrl Pts',(-212.475323100355,38.9067959168634,4.5));
#3134=CARTESIAN_POINT('Ctrl Pts',(-213.335666350223,39.0069421396842,4.5));
#3135=CARTESIAN_POINT('Ctrl Pts',(-214.316242153647,39.175149406678,4.5));
#3136=CARTESIAN_POINT('Ctrl Pts',(-215.430028862603,39.3748877349124,4.5));
#3137=CARTESIAN_POINT('Ctrl Pts',(-216.681578644602,39.5741162392391,4.5));
#3138=CARTESIAN_POINT('Ctrl Pts',(-218.0647049246,39.7506882040692,4.5));
#3139=CARTESIAN_POINT('Ctrl Pts',(-219.564290066147,39.891211171397,4.5));
#3140=CARTESIAN_POINT('Ctrl Pts',(-221.158220212752,39.9897041278649,4.5));
#3141=CARTESIAN_POINT('Ctrl Pts',(-222.8192734422,40.0463293312891,4.5));
#3142=CARTESIAN_POINT('Ctrl Pts',(-224.517026810298,40.0660931655851,4.5));
#3143=CARTESIAN_POINT('Ctrl Pts',(-226.219756516701,40.0575598073129,4.5));
#3144=CARTESIAN_POINT('Ctrl Pts',(-227.896337673074,40.0315612599804,4.5));
#3145=CARTESIAN_POINT('Ctrl Pts',(-229.518151848185,39.9999051087227,4.5));
#3146=CARTESIAN_POINT('Ctrl Pts',(-231.06097368684,39.9740925224504,4.5));
#3147=CARTESIAN_POINT('Ctrl Pts',(-232.506907801293,39.9640104353083,4.5));
#3148=CARTESIAN_POINT('Ctrl Pts',(-233.846207313041,39.9766853182219,4.5));
#3149=CARTESIAN_POINT('Ctrl Pts',(-235.079404376395,40.0148744507661,4.5));
#3150=CARTESIAN_POINT('Ctrl Pts',(-236.215249989092,40.0778436372952,4.5));
#3151=CARTESIAN_POINT('Ctrl Pts',(-237.268271934423,40.1623453431149,4.5));
#3152=CARTESIAN_POINT('Ctrl Pts',(-238.25645723692,40.263529293395,4.5));
#3153=CARTESIAN_POINT('Ctrl Pts',(-239.198911053107,40.3758713499841,4.5));
#3154=CARTESIAN_POINT('Ctrl Pts',(-240.113459152151,40.4941179478364,4.5));
#3155=CARTESIAN_POINT('Ctrl Pts',(-241.014429855112,40.6141691861518,4.5));
#3156=CARTESIAN_POINT('Ctrl Pts',(-241.909985484411,40.7341197465075,4.5));
#3157=CARTESIAN_POINT('Ctrl Pts',(-242.800811973631,40.8548217852115,4.5));
#3158=CARTESIAN_POINT('Ctrl Pts',(-243.683298602504,40.9788634843551,4.5));
#3159=CARTESIAN_POINT('Ctrl Pts',(-244.551984000898,41.1098089488605,4.5));
#3160=CARTESIAN_POINT('Ctrl Pts',(-245.402262678323,41.2513402308371,4.5));
#3161=CARTESIAN_POINT('Ctrl Pts',(-246.233044205917,41.4064300351841,4.5));
#3162=CARTESIAN_POINT('Ctrl Pts',(-247.049282355881,41.5765273067529,4.5));
#3163=CARTESIAN_POINT('Ctrl Pts',(-247.864973534621,41.7606667425029,4.5));
#3164=CARTESIAN_POINT('Ctrl Pts',(-248.696952575708,41.9560234975425,4.5));
#3165=CARTESIAN_POINT('Ctrl Pts',(-249.55784253387,42.1585582222481,4.5));
#3166=CARTESIAN_POINT('Ctrl Pts',(-250.44972777106,42.3636465711279,4.5));
#3167=CARTESIAN_POINT('Ctrl Pts',(-251.35658194804,42.566676172919,4.5));
#3168=CARTESIAN_POINT('Ctrl Pts',(-252.239424490095,42.7637489912619,4.5));
#3169=CARTESIAN_POINT('Ctrl Pts',(-253.024712736856,42.9521022668603,4.5));
#3170=CARTESIAN_POINT('Ctrl Pts',(-253.624727804124,43.1319746636298,4.5));
#3171=CARTESIAN_POINT('Ctrl Pts',(-253.979217763315,43.3097169122575,4.5));
#3172=CARTESIAN_POINT('Ctrl Pts',(-254.083939971636,43.4997581202896,4.5));
#3173=CARTESIAN_POINT('Ctrl Pts',(-254.039931832607,43.7288298915732,4.5));
#3174=CARTESIAN_POINT('Ctrl Pts',(-254.034996306787,44.0323092297296,4.5));
#3175=CARTESIAN_POINT('Ctrl Pts',(-254.188913784431,44.4341540320193,4.5));
#3176=CARTESIAN_POINT('Ctrl Pts',(-254.52909695858,44.9432061766663,4.5));
#3177=CARTESIAN_POINT('Ctrl Pts',(-255.029338844613,45.5575932045796,4.5));
#3178=CARTESIAN_POINT('Ctrl Pts',(-255.631250708647,46.2669085083588,4.5));
#3179=CARTESIAN_POINT('Ctrl Pts',(-256.27318413722,47.0553214956005,4.5));
#3180=CARTESIAN_POINT('Ctrl Pts',(-256.914729228919,47.9042201744626,4.5));
#3181=CARTESIAN_POINT('Ctrl Pts',(-257.53249638844,48.793337442418,4.5));
#3182=CARTESIAN_POINT('Ctrl Pts',(-258.116640663971,49.7018740704764,4.5));
#3183=CARTESIAN_POINT('Ctrl Pts',(-258.667109903007,50.6096339324011,4.5));
#3184=CARTESIAN_POINT('Ctrl Pts',(-259.190071244713,51.4981376450529,4.5));
#3185=CARTESIAN_POINT('Ctrl Pts',(-259.694117328796,52.3517831365009,4.5));
#3186=CARTESIAN_POINT('Ctrl Pts',(-260.186904780886,53.1588981274976,4.5));
#3187=CARTESIAN_POINT('Ctrl Pts',(-260.670754844758,53.9130611841671,4.5));
#3188=CARTESIAN_POINT('Ctrl Pts',(-261.142868786796,54.6132317143297,4.5));
#3189=CARTESIAN_POINT('Ctrl Pts',(-261.598173171689,55.2632328933772,4.5));
#3190=CARTESIAN_POINT('Ctrl Pts',(-262.031306136748,55.8713941232955,4.5));
#3191=CARTESIAN_POINT('Ctrl Pts',(-262.439070505419,56.4502148786592,4.5));
#3192=CARTESIAN_POINT('Ctrl Pts',(-262.822427552318,57.0158160575307,4.5));
#3193=CARTESIAN_POINT('Ctrl Pts',(-263.189365189593,57.588010794579,4.5));
#3194=CARTESIAN_POINT('Ctrl Pts',(-263.551804567499,58.1859117725602,4.5));
#3195=CARTESIAN_POINT('Ctrl Pts',(-263.921444111829,58.822919898858,4.5));
#3196=CARTESIAN_POINT('Ctrl Pts',(-264.305663252732,59.5013452666658,4.5));
#3197=CARTESIAN_POINT('Ctrl Pts',(-264.704089823351,60.2084909193772,4.5));
#3198=CARTESIAN_POINT('Ctrl Pts',(-265.103162019173,60.9088424559362,4.5));
#3199=CARTESIAN_POINT('Ctrl Pts',(-265.479483069102,61.552899451932,4.5));
#3200=CARTESIAN_POINT('Ctrl Pts',(-265.808543929967,62.0958108074847,4.5));
#3201=CARTESIAN_POINT('Ctrl Pts',(-266.072199915176,62.5142650369737,4.5));
#3202=CARTESIAN_POINT('Ctrl Pts',(-266.265835714774,62.8214146920915,4.5));
#3203=CARTESIAN_POINT('Ctrl Pts',(-266.40782295284,63.0897250589579,4.5));
#3204=CARTESIAN_POINT('Ctrl Pts',(-266.530973711865,63.4119387264088,4.5));
#3205=CARTESIAN_POINT('Ctrl Pts',(-266.66796315126,63.8377430137292,4.5));
#3206=CARTESIAN_POINT('Ctrl Pts',(-266.842067716223,64.3389325311833,4.5));
#3207=CARTESIAN_POINT('Ctrl Pts',(-267.069857230134,64.8540208906469,4.5));
#3208=CARTESIAN_POINT('Ctrl Pts',(-267.362086929817,65.3172394881731,4.5));
#3209=CARTESIAN_POINT('Ctrl Pts',(-267.688444079133,65.6620113618908,4.5));
#3210=CARTESIAN_POINT('Ctrl Pts',(-267.987570692634,65.889415479565,4.5));
#3211=CARTESIAN_POINT('Ctrl Pts',(-268.224509061616,66.0393756343847,4.5));
#3212=CARTESIAN_POINT('Ctrl Pts',(-268.374802767166,66.1268163176807,4.5));
#3213=CARTESIAN_POINT('Ctrl Pts',(-268.425279188019,66.1554680057545,4.5));
#3214=CARTESIAN_POINT('',(-262.911760493268,101.306721764533,4.5));
#3215=CARTESIAN_POINT('Origin',(-136.053490561036,233.823565343028,0.));
#3216=CARTESIAN_POINT('',(-138.503490561036,233.823565343028,0.));
#3217=CARTESIAN_POINT('Origin',(-136.053490561036,233.823565343028,0.));
#3218=CARTESIAN_POINT('',(-138.503490561036,233.823565343028,3.9));
#3219=CARTESIAN_POINT('',(-138.503490561036,233.823565343028,0.));
#3220=CARTESIAN_POINT('Origin',(-136.053490561036,233.823565343028,3.9));
#3221=CARTESIAN_POINT('Origin',(-136.053490561036,233.823565343028,3.9));
#3222=CARTESIAN_POINT('Origin',(-264.123441206424,108.661346103215,0.));
#3223=CARTESIAN_POINT('',(-261.673441206424,108.661346103215,0.));
#3224=CARTESIAN_POINT('Origin',(-264.123441206424,108.661346103215,0.));
#3225=CARTESIAN_POINT('',(-261.673441206424,108.661346103215,3.9));
#3226=CARTESIAN_POINT('',(-261.673441206424,108.661346103215,0.));
#3227=CARTESIAN_POINT('Origin',(-264.123441206424,108.661346103215,3.9));
#3228=CARTESIAN_POINT('Origin',(-264.123441206424,108.661346103215,3.9));
#3229=CARTESIAN_POINT('Origin',(-247.303870677881,233.980052916053,0.));
#3230=CARTESIAN_POINT('',(-244.853870677881,233.980052916053,0.));
#3231=CARTESIAN_POINT('Origin',(-247.303870677881,233.980052916053,0.));
#3232=CARTESIAN_POINT('',(-244.853870677881,233.980052916053,3.9));
#3233=CARTESIAN_POINT('',(-244.853870677881,233.980052916053,0.));
#3234=CARTESIAN_POINT('Origin',(-247.303870677881,233.980052916053,3.9));
#3235=CARTESIAN_POINT('Origin',(-247.303870677881,233.980052916053,3.9));
#3236=CARTESIAN_POINT('Origin',(-116.123441206419,108.661346103215,0.));
#3237=CARTESIAN_POINT('',(-113.673441206419,108.661346103215,0.));
#3238=CARTESIAN_POINT('Origin',(-116.123441206419,108.661346103215,0.));
#3239=CARTESIAN_POINT('',(-113.673441206419,108.661346103215,3.9));
#3240=CARTESIAN_POINT('',(-113.673441206419,108.661346103215,0.));
#3241=CARTESIAN_POINT('Origin',(-116.123441206419,108.661346103215,3.9));
#3242=CARTESIAN_POINT('Origin',(-116.123441206419,108.661346103215,3.9));
#3243=CARTESIAN_POINT('Origin',(-268.425279188019,66.1554680057544,0.));
#3244=CARTESIAN_POINT('',(-268.425279188019,66.1554680057544,0.));
#3245=CARTESIAN_POINT('',(-262.911760493268,101.306721764533,0.));
#3246=CARTESIAN_POINT('',(-262.911760493268,101.306721764533,0.));
#3247=CARTESIAN_POINT('',(-262.911760493268,101.306721764533,0.));
#3248=CARTESIAN_POINT('',(-268.425279188019,66.1554680057544,0.));
#3249=CARTESIAN_POINT('Ctrl Pts',(-208.212649898473,41.4905046632704,0.));
#3250=CARTESIAN_POINT('Ctrl Pts',(-208.212649898473,41.4905046632704,4.5));
#3251=CARTESIAN_POINT('Ctrl Pts',(-208.291254910177,41.4007465854961,0.));
#3252=CARTESIAN_POINT('Ctrl Pts',(-208.291254910177,41.4007465854961,4.5));
#3253=CARTESIAN_POINT('Ctrl Pts',(-208.495121435915,41.1676136628681,0.));
#3254=CARTESIAN_POINT('Ctrl Pts',(-208.495121435915,41.1676136628681,4.5));
#3255=CARTESIAN_POINT('Ctrl Pts',(-208.819302908219,40.7977497690792,0.));
#3256=CARTESIAN_POINT('Ctrl Pts',(-208.819302908219,40.7977497690792,4.5));
#3257=CARTESIAN_POINT('Ctrl Pts',(-209.256729751944,40.3148242171606,0.));
#3258=CARTESIAN_POINT('Ctrl Pts',(-209.256729751944,40.3148242171606,4.5));
#3259=CARTESIAN_POINT('Ctrl Pts',(-209.805530930748,39.7809069660949,0.));
#3260=CARTESIAN_POINT('Ctrl Pts',(-209.805530930748,39.7809069660949,4.5));
#3261=CARTESIAN_POINT('Ctrl Pts',(-210.405854547076,39.3373367968884,0.));
#3262=CARTESIAN_POINT('Ctrl Pts',(-210.405854547076,39.3373367968884,4.5));
#3263=CARTESIAN_POINT('Ctrl Pts',(-211.034504698757,39.0478579478493,0.));
#3264=CARTESIAN_POINT('Ctrl Pts',(-211.034504698757,39.0478579478493,4.5));
#3265=CARTESIAN_POINT('Ctrl Pts',(-211.716003320069,38.9105075045963,0.));
#3266=CARTESIAN_POINT('Ctrl Pts',(-211.716003320069,38.9105075045963,4.5));
#3267=CARTESIAN_POINT('Ctrl Pts',(-212.475323100355,38.9067959168634,0.));
#3268=CARTESIAN_POINT('Ctrl Pts',(-212.475323100355,38.9067959168634,4.5));
#3269=CARTESIAN_POINT('Ctrl Pts',(-213.335666350223,39.0069421396842,0.));
#3270=CARTESIAN_POINT('Ctrl Pts',(-213.335666350223,39.0069421396842,4.5));
#3271=CARTESIAN_POINT('Ctrl Pts',(-214.316242153647,39.175149406678,0.));
#3272=CARTESIAN_POINT('Ctrl Pts',(-214.316242153647,39.175149406678,4.5));
#3273=CARTESIAN_POINT('Ctrl Pts',(-215.430028862603,39.3748877349124,0.));
#3274=CARTESIAN_POINT('Ctrl Pts',(-215.430028862603,39.3748877349124,4.5));
#3275=CARTESIAN_POINT('Ctrl Pts',(-216.681578644602,39.5741162392391,0.));
#3276=CARTESIAN_POINT('Ctrl Pts',(-216.681578644602,39.5741162392391,4.5));
#3277=CARTESIAN_POINT('Ctrl Pts',(-218.0647049246,39.7506882040692,0.));
#3278=CARTESIAN_POINT('Ctrl Pts',(-218.0647049246,39.7506882040692,4.5));
#3279=CARTESIAN_POINT('Ctrl Pts',(-219.564290066147,39.891211171397,0.));
#3280=CARTESIAN_POINT('Ctrl Pts',(-219.564290066147,39.891211171397,4.5));
#3281=CARTESIAN_POINT('Ctrl Pts',(-221.158220212752,39.9897041278649,0.));
#3282=CARTESIAN_POINT('Ctrl Pts',(-221.158220212752,39.9897041278649,4.5));
#3283=CARTESIAN_POINT('Ctrl Pts',(-222.8192734422,40.0463293312891,0.));
#3284=CARTESIAN_POINT('Ctrl Pts',(-222.8192734422,40.0463293312891,4.5));
#3285=CARTESIAN_POINT('Ctrl Pts',(-224.517026810298,40.0660931655851,0.));
#3286=CARTESIAN_POINT('Ctrl Pts',(-224.517026810298,40.0660931655851,4.5));
#3287=CARTESIAN_POINT('Ctrl Pts',(-226.219756516701,40.0575598073129,0.));
#3288=CARTESIAN_POINT('Ctrl Pts',(-226.219756516701,40.0575598073129,4.5));
#3289=CARTESIAN_POINT('Ctrl Pts',(-227.896337673074,40.0315612599804,0.));
#3290=CARTESIAN_POINT('Ctrl Pts',(-227.896337673074,40.0315612599804,4.5));
#3291=CARTESIAN_POINT('Ctrl Pts',(-229.518151848185,39.9999051087227,0.));
#3292=CARTESIAN_POINT('Ctrl Pts',(-229.518151848185,39.9999051087227,4.5));
#3293=CARTESIAN_POINT('Ctrl Pts',(-231.06097368684,39.9740925224504,0.));
#3294=CARTESIAN_POINT('Ctrl Pts',(-231.06097368684,39.9740925224504,4.5));
#3295=CARTESIAN_POINT('Ctrl Pts',(-232.506907801293,39.9640104353083,0.));
#3296=CARTESIAN_POINT('Ctrl Pts',(-232.506907801293,39.9640104353083,4.5));
#3297=CARTESIAN_POINT('Ctrl Pts',(-233.846207313041,39.9766853182219,0.));
#3298=CARTESIAN_POINT('Ctrl Pts',(-233.846207313041,39.9766853182219,4.5));
#3299=CARTESIAN_POINT('Ctrl Pts',(-235.079404376395,40.0148744507661,0.));
#3300=CARTESIAN_POINT('Ctrl Pts',(-235.079404376395,40.0148744507661,4.5));
#3301=CARTESIAN_POINT('Ctrl Pts',(-236.215249989092,40.0778436372952,0.));
#3302=CARTESIAN_POINT('Ctrl Pts',(-236.215249989092,40.0778436372952,4.5));
#3303=CARTESIAN_POINT('Ctrl Pts',(-237.268271934423,40.1623453431149,0.));
#3304=CARTESIAN_POINT('Ctrl Pts',(-237.268271934423,40.1623453431149,4.5));
#3305=CARTESIAN_POINT('Ctrl Pts',(-238.25645723692,40.263529293395,0.));
#3306=CARTESIAN_POINT('Ctrl Pts',(-238.25645723692,40.263529293395,4.5));
#3307=CARTESIAN_POINT('Ctrl Pts',(-239.198911053107,40.3758713499841,0.));
#3308=CARTESIAN_POINT('Ctrl Pts',(-239.198911053107,40.3758713499841,4.5));
#3309=CARTESIAN_POINT('Ctrl Pts',(-240.113459152151,40.4941179478364,0.));
#3310=CARTESIAN_POINT('Ctrl Pts',(-240.113459152151,40.4941179478364,4.5));
#3311=CARTESIAN_POINT('Ctrl Pts',(-241.014429855112,40.6141691861518,0.));
#3312=CARTESIAN_POINT('Ctrl Pts',(-241.014429855112,40.6141691861518,4.5));
#3313=CARTESIAN_POINT('Ctrl Pts',(-241.909985484411,40.7341197465075,0.));
#3314=CARTESIAN_POINT('Ctrl Pts',(-241.909985484411,40.7341197465075,4.5));
#3315=CARTESIAN_POINT('Ctrl Pts',(-242.800811973631,40.8548217852115,0.));
#3316=CARTESIAN_POINT('Ctrl Pts',(-242.800811973631,40.8548217852115,4.5));
#3317=CARTESIAN_POINT('Ctrl Pts',(-243.683298602504,40.9788634843551,0.));
#3318=CARTESIAN_POINT('Ctrl Pts',(-243.683298602504,40.9788634843551,4.5));
#3319=CARTESIAN_POINT('Ctrl Pts',(-244.551984000898,41.1098089488605,0.));
#3320=CARTESIAN_POINT('Ctrl Pts',(-244.551984000898,41.1098089488605,4.5));
#3321=CARTESIAN_POINT('Ctrl Pts',(-245.402262678323,41.2513402308371,0.));
#3322=CARTESIAN_POINT('Ctrl Pts',(-245.402262678323,41.2513402308371,4.5));
#3323=CARTESIAN_POINT('Ctrl Pts',(-246.233044205917,41.4064300351841,0.));
#3324=CARTESIAN_POINT('Ctrl Pts',(-246.233044205917,41.4064300351841,4.5));
#3325=CARTESIAN_POINT('Ctrl Pts',(-247.049282355881,41.5765273067529,0.));
#3326=CARTESIAN_POINT('Ctrl Pts',(-247.049282355881,41.5765273067529,4.5));
#3327=CARTESIAN_POINT('Ctrl Pts',(-247.864973534621,41.7606667425029,0.));
#3328=CARTESIAN_POINT('Ctrl Pts',(-247.864973534621,41.7606667425029,4.5));
#3329=CARTESIAN_POINT('Ctrl Pts',(-248.696952575708,41.9560234975425,0.));
#3330=CARTESIAN_POINT('Ctrl Pts',(-248.696952575708,41.9560234975425,4.5));
#3331=CARTESIAN_POINT('Ctrl Pts',(-249.55784253387,42.1585582222481,0.));
#3332=CARTESIAN_POINT('Ctrl Pts',(-249.55784253387,42.1585582222481,4.5));
#3333=CARTESIAN_POINT('Ctrl Pts',(-250.44972777106,42.3636465711279,0.));
#3334=CARTESIAN_POINT('Ctrl Pts',(-250.44972777106,42.3636465711279,4.5));
#3335=CARTESIAN_POINT('Ctrl Pts',(-251.35658194804,42.566676172919,0.));
#3336=CARTESIAN_POINT('Ctrl Pts',(-251.35658194804,42.566676172919,4.5));
#3337=CARTESIAN_POINT('Ctrl Pts',(-252.239424490095,42.7637489912619,0.));
#3338=CARTESIAN_POINT('Ctrl Pts',(-252.239424490095,42.7637489912619,4.5));
#3339=CARTESIAN_POINT('Ctrl Pts',(-253.024712736856,42.9521022668603,0.));
#3340=CARTESIAN_POINT('Ctrl Pts',(-253.024712736856,42.9521022668603,4.5));
#3341=CARTESIAN_POINT('Ctrl Pts',(-253.624727804124,43.1319746636298,0.));
#3342=CARTESIAN_POINT('Ctrl Pts',(-253.624727804124,43.1319746636298,4.5));
#3343=CARTESIAN_POINT('Ctrl Pts',(-253.979217763315,43.3097169122575,0.));
#3344=CARTESIAN_POINT('Ctrl Pts',(-253.979217763315,43.3097169122575,4.5));
#3345=CARTESIAN_POINT('Ctrl Pts',(-254.083939971636,43.4997581202896,0.));
#3346=CARTESIAN_POINT('Ctrl Pts',(-254.083939971636,43.4997581202896,4.5));
#3347=CARTESIAN_POINT('Ctrl Pts',(-254.039931832607,43.7288298915732,0.));
#3348=CARTESIAN_POINT('Ctrl Pts',(-254.039931832607,43.7288298915732,4.5));
#3349=CARTESIAN_POINT('Ctrl Pts',(-254.034996306787,44.0323092297296,0.));
#3350=CARTESIAN_POINT('Ctrl Pts',(-254.034996306787,44.0323092297296,4.5));
#3351=CARTESIAN_POINT('Ctrl Pts',(-254.188913784431,44.4341540320193,0.));
#3352=CARTESIAN_POINT('Ctrl Pts',(-254.188913784431,44.4341540320193,4.5));
#3353=CARTESIAN_POINT('Ctrl Pts',(-254.52909695858,44.9432061766663,0.));
#3354=CARTESIAN_POINT('Ctrl Pts',(-254.52909695858,44.9432061766663,4.5));
#3355=CARTESIAN_POINT('Ctrl Pts',(-255.029338844613,45.5575932045796,0.));
#3356=CARTESIAN_POINT('Ctrl Pts',(-255.029338844613,45.5575932045796,4.5));
#3357=CARTESIAN_POINT('Ctrl Pts',(-255.631250708647,46.2669085083588,0.));
#3358=CARTESIAN_POINT('Ctrl Pts',(-255.631250708647,46.2669085083588,4.5));
#3359=CARTESIAN_POINT('Ctrl Pts',(-256.27318413722,47.0553214956005,0.));
#3360=CARTESIAN_POINT('Ctrl Pts',(-256.27318413722,47.0553214956005,4.5));
#3361=CARTESIAN_POINT('Ctrl Pts',(-256.914729228919,47.9042201744626,0.));
#3362=CARTESIAN_POINT('Ctrl Pts',(-256.914729228919,47.9042201744626,4.5));
#3363=CARTESIAN_POINT('Ctrl Pts',(-257.53249638844,48.793337442418,0.));
#3364=CARTESIAN_POINT('Ctrl Pts',(-257.53249638844,48.793337442418,4.5));
#3365=CARTESIAN_POINT('Ctrl Pts',(-258.116640663971,49.7018740704764,0.));
#3366=CARTESIAN_POINT('Ctrl Pts',(-258.116640663971,49.7018740704764,4.5));
#3367=CARTESIAN_POINT('Ctrl Pts',(-258.667109903007,50.6096339324011,0.));
#3368=CARTESIAN_POINT('Ctrl Pts',(-258.667109903007,50.6096339324011,4.5));
#3369=CARTESIAN_POINT('Ctrl Pts',(-259.190071244713,51.4981376450529,0.));
#3370=CARTESIAN_POINT('Ctrl Pts',(-259.190071244713,51.4981376450529,4.5));
#3371=CARTESIAN_POINT('Ctrl Pts',(-259.694117328796,52.3517831365009,0.));
#3372=CARTESIAN_POINT('Ctrl Pts',(-259.694117328796,52.3517831365009,4.5));
#3373=CARTESIAN_POINT('Ctrl Pts',(-260.186904780886,53.1588981274976,0.));
#3374=CARTESIAN_POINT('Ctrl Pts',(-260.186904780886,53.1588981274976,4.5));
#3375=CARTESIAN_POINT('Ctrl Pts',(-260.670754844758,53.9130611841671,0.));
#3376=CARTESIAN_POINT('Ctrl Pts',(-260.670754844758,53.9130611841671,4.5));
#3377=CARTESIAN_POINT('Ctrl Pts',(-261.142868786796,54.6132317143297,0.));
#3378=CARTESIAN_POINT('Ctrl Pts',(-261.142868786796,54.6132317143297,4.5));
#3379=CARTESIAN_POINT('Ctrl Pts',(-261.598173171689,55.2632328933772,0.));
#3380=CARTESIAN_POINT('Ctrl Pts',(-261.598173171689,55.2632328933772,4.5));
#3381=CARTESIAN_POINT('Ctrl Pts',(-262.031306136748,55.8713941232955,0.));
#3382=CARTESIAN_POINT('Ctrl Pts',(-262.031306136748,55.8713941232955,4.5));
#3383=CARTESIAN_POINT('Ctrl Pts',(-262.439070505419,56.4502148786592,0.));
#3384=CARTESIAN_POINT('Ctrl Pts',(-262.439070505419,56.4502148786592,4.5));
#3385=CARTESIAN_POINT('Ctrl Pts',(-262.822427552318,57.0158160575307,0.));
#3386=CARTESIAN_POINT('Ctrl Pts',(-262.822427552318,57.0158160575307,4.5));
#3387=CARTESIAN_POINT('Ctrl Pts',(-263.189365189593,57.588010794579,0.));
#3388=CARTESIAN_POINT('Ctrl Pts',(-263.189365189593,57.588010794579,4.5));
#3389=CARTESIAN_POINT('Ctrl Pts',(-263.551804567499,58.1859117725602,0.));
#3390=CARTESIAN_POINT('Ctrl Pts',(-263.551804567499,58.1859117725602,4.5));
#3391=CARTESIAN_POINT('Ctrl Pts',(-263.921444111829,58.822919898858,0.));
#3392=CARTESIAN_POINT('Ctrl Pts',(-263.921444111829,58.822919898858,4.5));
#3393=CARTESIAN_POINT('Ctrl Pts',(-264.305663252732,59.5013452666658,0.));
#3394=CARTESIAN_POINT('Ctrl Pts',(-264.305663252732,59.5013452666658,4.5));
#3395=CARTESIAN_POINT('Ctrl Pts',(-264.704089823351,60.2084909193772,0.));
#3396=CARTESIAN_POINT('Ctrl Pts',(-264.704089823351,60.2084909193772,4.5));
#3397=CARTESIAN_POINT('Ctrl Pts',(-265.103162019173,60.9088424559362,0.));
#3398=CARTESIAN_POINT('Ctrl Pts',(-265.103162019173,60.9088424559362,4.5));
#3399=CARTESIAN_POINT('Ctrl Pts',(-265.479483069102,61.552899451932,0.));
#3400=CARTESIAN_POINT('Ctrl Pts',(-265.479483069102,61.552899451932,4.5));
#3401=CARTESIAN_POINT('Ctrl Pts',(-265.808543929967,62.0958108074847,0.));
#3402=CARTESIAN_POINT('Ctrl Pts',(-265.808543929967,62.0958108074847,4.5));
#3403=CARTESIAN_POINT('Ctrl Pts',(-266.072199915176,62.5142650369737,0.));
#3404=CARTESIAN_POINT('Ctrl Pts',(-266.072199915176,62.5142650369737,4.5));
#3405=CARTESIAN_POINT('Ctrl Pts',(-266.265835714774,62.8214146920915,0.));
#3406=CARTESIAN_POINT('Ctrl Pts',(-266.265835714774,62.8214146920915,4.5));
#3407=CARTESIAN_POINT('Ctrl Pts',(-266.40782295284,63.0897250589579,0.));
#3408=CARTESIAN_POINT('Ctrl Pts',(-266.40782295284,63.0897250589579,4.5));
#3409=CARTESIAN_POINT('Ctrl Pts',(-266.530973711865,63.4119387264088,0.));
#3410=CARTESIAN_POINT('Ctrl Pts',(-266.530973711865,63.4119387264088,4.5));
#3411=CARTESIAN_POINT('Ctrl Pts',(-266.66796315126,63.8377430137292,0.));
#3412=CARTESIAN_POINT('Ctrl Pts',(-266.66796315126,63.8377430137292,4.5));
#3413=CARTESIAN_POINT('Ctrl Pts',(-266.842067716223,64.3389325311833,0.));
#3414=CARTESIAN_POINT('Ctrl Pts',(-266.842067716223,64.3389325311833,4.5));
#3415=CARTESIAN_POINT('Ctrl Pts',(-267.069857230134,64.8540208906469,0.));
#3416=CARTESIAN_POINT('Ctrl Pts',(-267.069857230134,64.8540208906469,4.5));
#3417=CARTESIAN_POINT('Ctrl Pts',(-267.362086929817,65.3172394881731,0.));
#3418=CARTESIAN_POINT('Ctrl Pts',(-267.362086929817,65.3172394881731,4.5));
#3419=CARTESIAN_POINT('Ctrl Pts',(-267.688444079133,65.6620113618908,0.));
#3420=CARTESIAN_POINT('Ctrl Pts',(-267.688444079133,65.6620113618908,4.5));
#3421=CARTESIAN_POINT('Ctrl Pts',(-267.987570692634,65.889415479565,0.));
#3422=CARTESIAN_POINT('Ctrl Pts',(-267.987570692634,65.889415479565,4.5));
#3423=CARTESIAN_POINT('Ctrl Pts',(-268.224509061616,66.0393756343847,0.));
#3424=CARTESIAN_POINT('Ctrl Pts',(-268.224509061616,66.0393756343847,4.5));
#3425=CARTESIAN_POINT('Ctrl Pts',(-268.374802767166,66.1268163176807,0.));
#3426=CARTESIAN_POINT('Ctrl Pts',(-268.374802767166,66.1268163176807,4.5));
#3427=CARTESIAN_POINT('Ctrl Pts',(-268.425279188019,66.1554680057544,0.));
#3428=CARTESIAN_POINT('Ctrl Pts',(-268.425279188019,66.1554680057544,4.5));
#3429=CARTESIAN_POINT('',(-208.212649898473,41.4905046632704,0.));
#3430=CARTESIAN_POINT('Ctrl Pts',(-208.212649898473,41.4905046632704,0.));
#3431=CARTESIAN_POINT('Ctrl Pts',(-208.291254910177,41.4007465854961,0.));
#3432=CARTESIAN_POINT('Ctrl Pts',(-208.495121435915,41.1676136628681,0.));
#3433=CARTESIAN_POINT('Ctrl Pts',(-208.819302908219,40.7977497690792,0.));
#3434=CARTESIAN_POINT('Ctrl Pts',(-209.256729751944,40.3148242171606,0.));
#3435=CARTESIAN_POINT('Ctrl Pts',(-209.805530930748,39.7809069660949,0.));
#3436=CARTESIAN_POINT('Ctrl Pts',(-210.405854547076,39.3373367968884,0.));
#3437=CARTESIAN_POINT('Ctrl Pts',(-211.034504698757,39.0478579478493,0.));
#3438=CARTESIAN_POINT('Ctrl Pts',(-211.716003320069,38.9105075045963,0.));
#3439=CARTESIAN_POINT('Ctrl Pts',(-212.475323100355,38.9067959168634,0.));
#3440=CARTESIAN_POINT('Ctrl Pts',(-213.335666350223,39.0069421396842,0.));
#3441=CARTESIAN_POINT('Ctrl Pts',(-214.316242153647,39.175149406678,0.));
#3442=CARTESIAN_POINT('Ctrl Pts',(-215.430028862603,39.3748877349124,0.));
#3443=CARTESIAN_POINT('Ctrl Pts',(-216.681578644602,39.5741162392391,0.));
#3444=CARTESIAN_POINT('Ctrl Pts',(-218.0647049246,39.7506882040692,0.));
#3445=CARTESIAN_POINT('Ctrl Pts',(-219.564290066147,39.891211171397,0.));
#3446=CARTESIAN_POINT('Ctrl Pts',(-221.158220212752,39.9897041278649,0.));
#3447=CARTESIAN_POINT('Ctrl Pts',(-222.8192734422,40.0463293312891,0.));
#3448=CARTESIAN_POINT('Ctrl Pts',(-224.517026810298,40.0660931655851,0.));
#3449=CARTESIAN_POINT('Ctrl Pts',(-226.219756516701,40.0575598073129,0.));
#3450=CARTESIAN_POINT('Ctrl Pts',(-227.896337673074,40.0315612599804,0.));
#3451=CARTESIAN_POINT('Ctrl Pts',(-229.518151848185,39.9999051087227,0.));
#3452=CARTESIAN_POINT('Ctrl Pts',(-231.06097368684,39.9740925224504,0.));
#3453=CARTESIAN_POINT('Ctrl Pts',(-232.506907801293,39.9640104353083,0.));
#3454=CARTESIAN_POINT('Ctrl Pts',(-233.846207313041,39.9766853182219,0.));
#3455=CARTESIAN_POINT('Ctrl Pts',(-235.079404376395,40.0148744507661,0.));
#3456=CARTESIAN_POINT('Ctrl Pts',(-236.215249989092,40.0778436372952,0.));
#3457=CARTESIAN_POINT('Ctrl Pts',(-237.268271934423,40.1623453431149,0.));
#3458=CARTESIAN_POINT('Ctrl Pts',(-238.25645723692,40.263529293395,0.));
#3459=CARTESIAN_POINT('Ctrl Pts',(-239.198911053107,40.3758713499841,0.));
#3460=CARTESIAN_POINT('Ctrl Pts',(-240.113459152151,40.4941179478364,0.));
#3461=CARTESIAN_POINT('Ctrl Pts',(-241.014429855112,40.6141691861518,0.));
#3462=CARTESIAN_POINT('Ctrl Pts',(-241.909985484411,40.7341197465075,0.));
#3463=CARTESIAN_POINT('Ctrl Pts',(-242.800811973631,40.8548217852115,0.));
#3464=CARTESIAN_POINT('Ctrl Pts',(-243.683298602504,40.9788634843551,0.));
#3465=CARTESIAN_POINT('Ctrl Pts',(-244.551984000898,41.1098089488605,0.));
#3466=CARTESIAN_POINT('Ctrl Pts',(-245.402262678323,41.2513402308371,0.));
#3467=CARTESIAN_POINT('Ctrl Pts',(-246.233044205917,41.4064300351841,0.));
#3468=CARTESIAN_POINT('Ctrl Pts',(-247.049282355881,41.5765273067529,0.));
#3469=CARTESIAN_POINT('Ctrl Pts',(-247.864973534621,41.7606667425029,0.));
#3470=CARTESIAN_POINT('Ctrl Pts',(-248.696952575708,41.9560234975425,0.));
#3471=CARTESIAN_POINT('Ctrl Pts',(-249.55784253387,42.1585582222481,0.));
#3472=CARTESIAN_POINT('Ctrl Pts',(-250.44972777106,42.3636465711279,0.));
#3473=CARTESIAN_POINT('Ctrl Pts',(-251.35658194804,42.566676172919,0.));
#3474=CARTESIAN_POINT('Ctrl Pts',(-252.239424490095,42.7637489912619,0.));
#3475=CARTESIAN_POINT('Ctrl Pts',(-253.024712736856,42.9521022668603,0.));
#3476=CARTESIAN_POINT('Ctrl Pts',(-253.624727804124,43.1319746636298,0.));
#3477=CARTESIAN_POINT('Ctrl Pts',(-253.979217763315,43.3097169122575,0.));
#3478=CARTESIAN_POINT('Ctrl Pts',(-254.083939971636,43.4997581202896,0.));
#3479=CARTESIAN_POINT('Ctrl Pts',(-254.039931832607,43.7288298915732,0.));
#3480=CARTESIAN_POINT('Ctrl Pts',(-254.034996306787,44.0323092297296,0.));
#3481=CARTESIAN_POINT('Ctrl Pts',(-254.188913784431,44.4341540320193,0.));
#3482=CARTESIAN_POINT('Ctrl Pts',(-254.52909695858,44.9432061766663,0.));
#3483=CARTESIAN_POINT('Ctrl Pts',(-255.029338844613,45.5575932045796,0.));
#3484=CARTESIAN_POINT('Ctrl Pts',(-255.631250708647,46.2669085083588,0.));
#3485=CARTESIAN_POINT('Ctrl Pts',(-256.27318413722,47.0553214956005,0.));
#3486=CARTESIAN_POINT('Ctrl Pts',(-256.914729228919,47.9042201744626,0.));
#3487=CARTESIAN_POINT('Ctrl Pts',(-257.53249638844,48.793337442418,0.));
#3488=CARTESIAN_POINT('Ctrl Pts',(-258.116640663971,49.7018740704764,0.));
#3489=CARTESIAN_POINT('Ctrl Pts',(-258.667109903007,50.6096339324011,0.));
#3490=CARTESIAN_POINT('Ctrl Pts',(-259.190071244713,51.4981376450529,0.));
#3491=CARTESIAN_POINT('Ctrl Pts',(-259.694117328796,52.3517831365009,0.));
#3492=CARTESIAN_POINT('Ctrl Pts',(-260.186904780886,53.1588981274976,0.));
#3493=CARTESIAN_POINT('Ctrl Pts',(-260.670754844758,53.9130611841671,0.));
#3494=CARTESIAN_POINT('Ctrl Pts',(-261.142868786796,54.6132317143297,0.));
#3495=CARTESIAN_POINT('Ctrl Pts',(-261.598173171689,55.2632328933772,0.));
#3496=CARTESIAN_POINT('Ctrl Pts',(-262.031306136748,55.8713941232955,0.));
#3497=CARTESIAN_POINT('Ctrl Pts',(-262.439070505419,56.4502148786592,0.));
#3498=CARTESIAN_POINT('Ctrl Pts',(-262.822427552318,57.0158160575307,0.));
#3499=CARTESIAN_POINT('Ctrl Pts',(-263.189365189593,57.588010794579,0.));
#3500=CARTESIAN_POINT('Ctrl Pts',(-263.551804567499,58.1859117725602,0.));
#3501=CARTESIAN_POINT('Ctrl Pts',(-263.921444111829,58.822919898858,0.));
#3502=CARTESIAN_POINT('Ctrl Pts',(-264.305663252732,59.5013452666658,0.));
#3503=CARTESIAN_POINT('Ctrl Pts',(-264.704089823351,60.2084909193772,0.));
#3504=CARTESIAN_POINT('Ctrl Pts',(-265.103162019173,60.9088424559362,0.));
#3505=CARTESIAN_POINT('Ctrl Pts',(-265.479483069102,61.552899451932,0.));
#3506=CARTESIAN_POINT('Ctrl Pts',(-265.808543929967,62.0958108074847,0.));
#3507=CARTESIAN_POINT('Ctrl Pts',(-266.072199915176,62.5142650369737,0.));
#3508=CARTESIAN_POINT('Ctrl Pts',(-266.265835714774,62.8214146920915,0.));
#3509=CARTESIAN_POINT('Ctrl Pts',(-266.40782295284,63.0897250589579,0.));
#3510=CARTESIAN_POINT('Ctrl Pts',(-266.530973711865,63.4119387264088,0.));
#3511=CARTESIAN_POINT('Ctrl Pts',(-266.66796315126,63.8377430137292,0.));
#3512=CARTESIAN_POINT('Ctrl Pts',(-266.842067716223,64.3389325311833,0.));
#3513=CARTESIAN_POINT('Ctrl Pts',(-267.069857230134,64.8540208906469,0.));
#3514=CARTESIAN_POINT('Ctrl Pts',(-267.362086929817,65.3172394881731,0.));
#3515=CARTESIAN_POINT('Ctrl Pts',(-267.688444079133,65.6620113618908,0.));
#3516=CARTESIAN_POINT('Ctrl Pts',(-267.987570692634,65.889415479565,0.));
#3517=CARTESIAN_POINT('Ctrl Pts',(-268.224509061616,66.0393756343847,0.));
#3518=CARTESIAN_POINT('Ctrl Pts',(-268.374802767166,66.1268163176807,0.));
#3519=CARTESIAN_POINT('Ctrl Pts',(-268.425279188019,66.1554680057545,0.));
#3520=CARTESIAN_POINT('',(-208.212649898473,41.4905046632704,0.));
#3521=CARTESIAN_POINT('Ctrl Pts',(-206.535929425476,43.2670826147294,0.));
#3522=CARTESIAN_POINT('Ctrl Pts',(-206.535929425476,43.2670826147294,4.5));
#3523=CARTESIAN_POINT('Ctrl Pts',(-206.564403538596,43.2316385937741,0.));
#3524=CARTESIAN_POINT('Ctrl Pts',(-206.564403538596,43.2316385937741,4.5));
#3525=CARTESIAN_POINT('Ctrl Pts',(-206.671639721696,43.0984516286081,0.));
#3526=CARTESIAN_POINT('Ctrl Pts',(-206.671639721696,43.0984516286081,4.5));
#3527=CARTESIAN_POINT('Ctrl Pts',(-206.858358738499,42.8689017659708,0.));
#3528=CARTESIAN_POINT('Ctrl Pts',(-206.858358738499,42.8689017659708,4.5));
#3529=CARTESIAN_POINT('Ctrl Pts',(-207.127098356701,42.5481009920873,0.));
#3530=CARTESIAN_POINT('Ctrl Pts',(-207.127098356701,42.5481009920873,4.5));
#3531=CARTESIAN_POINT('Ctrl Pts',(-207.456437104755,42.1820079103642,0.));
#3532=CARTESIAN_POINT('Ctrl Pts',(-207.456437104755,42.1820079103642,4.5));
#3533=CARTESIAN_POINT('Ctrl Pts',(-207.768708589725,41.8727194109639,0.));
#3534=CARTESIAN_POINT('Ctrl Pts',(-207.768708589725,41.8727194109639,4.5));
#3535=CARTESIAN_POINT('Ctrl Pts',(-208.003536484295,41.663039646463,0.));
#3536=CARTESIAN_POINT('Ctrl Pts',(-208.003536484295,41.663039646463,4.5));
#3537=CARTESIAN_POINT('Ctrl Pts',(-208.153135999779,41.5385956465741,0.));
#3538=CARTESIAN_POINT('Ctrl Pts',(-208.153135999779,41.5385956465741,4.5));
#3539=CARTESIAN_POINT('Ctrl Pts',(-208.212649898472,41.4905046632708,0.));
#3540=CARTESIAN_POINT('Ctrl Pts',(-208.212649898472,41.4905046632708,4.5));
#3541=CARTESIAN_POINT('',(-206.535929425476,43.2670826147294,0.));
#3542=CARTESIAN_POINT('Ctrl Pts',(-206.535929425476,43.2670826147294,0.));
#3543=CARTESIAN_POINT('Ctrl Pts',(-206.564403538596,43.2316385937741,0.));
#3544=CARTESIAN_POINT('Ctrl Pts',(-206.671639721696,43.0984516286081,0.));
#3545=CARTESIAN_POINT('Ctrl Pts',(-206.858358738499,42.8689017659708,0.));
#3546=CARTESIAN_POINT('Ctrl Pts',(-207.127098356701,42.5481009920873,0.));
#3547=CARTESIAN_POINT('Ctrl Pts',(-207.456437104755,42.1820079103642,0.));
#3548=CARTESIAN_POINT('Ctrl Pts',(-207.768708589725,41.8727194109639,0.));
#3549=CARTESIAN_POINT('Ctrl Pts',(-208.003536484295,41.663039646463,0.));
#3550=CARTESIAN_POINT('Ctrl Pts',(-208.153135999779,41.5385956465741,0.));
#3551=CARTESIAN_POINT('Ctrl Pts',(-208.212649898472,41.4905046632708,0.));
#3552=CARTESIAN_POINT('',(-206.535929425476,43.2670826147294,0.));
#3553=CARTESIAN_POINT('Ctrl Pts',(-178.417946434676,45.6105866717537,0.));
#3554=CARTESIAN_POINT('Ctrl Pts',(-178.417946434676,45.6105866717537,4.5));
#3555=CARTESIAN_POINT('Ctrl Pts',(-178.47488221408,45.647977893011,0.));
#3556=CARTESIAN_POINT('Ctrl Pts',(-178.47488221408,45.647977893011,4.5));
#3557=CARTESIAN_POINT('Ctrl Pts',(-178.608231950949,45.7272581566832,0.));
#3558=CARTESIAN_POINT('Ctrl Pts',(-178.608231950949,45.7272581566832,4.5));
#3559=CARTESIAN_POINT('Ctrl Pts',(-178.848132260796,45.8477331625684,0.));
#3560=CARTESIAN_POINT('Ctrl Pts',(-178.848132260796,45.8477331625684,4.5));
#3561=CARTESIAN_POINT('Ctrl Pts',(-179.184600168829,45.9882151398608,0.));
#3562=CARTESIAN_POINT('Ctrl Pts',(-179.184600168829,45.9882151398608,4.5));
#3563=CARTESIAN_POINT('Ctrl Pts',(-179.474781122731,46.0716597767428,0.));
#3564=CARTESIAN_POINT('Ctrl Pts',(-179.474781122731,46.0716597767428,4.5));
#3565=CARTESIAN_POINT('Ctrl Pts',(-179.66180488667,46.0504013769331,0.));
#3566=CARTESIAN_POINT('Ctrl Pts',(-179.66180488667,46.0504013769331,4.5));
#3567=CARTESIAN_POINT('Ctrl Pts',(-179.960854267836,45.9679414829212,0.));
#3568=CARTESIAN_POINT('Ctrl Pts',(-179.960854267836,45.9679414829212,4.5));
#3569=CARTESIAN_POINT('Ctrl Pts',(-180.547787729934,45.8659294332115,0.));
#3570=CARTESIAN_POINT('Ctrl Pts',(-180.547787729934,45.8659294332115,4.5));
#3571=CARTESIAN_POINT('Ctrl Pts',(-181.512539425269,45.7723035143351,0.));
#3572=CARTESIAN_POINT('Ctrl Pts',(-181.512539425269,45.7723035143351,4.5));
#3573=CARTESIAN_POINT('Ctrl Pts',(-182.88263663278,45.7052479348071,0.));
#3574=CARTESIAN_POINT('Ctrl Pts',(-182.88263663278,45.7052479348071,4.5));
#3575=CARTESIAN_POINT('Ctrl Pts',(-184.630472061568,45.6737207005093,0.));
#3576=CARTESIAN_POINT('Ctrl Pts',(-184.630472061568,45.6737207005093,4.5));
#3577=CARTESIAN_POINT('Ctrl Pts',(-186.687107553225,45.6793495739826,0.));
#3578=CARTESIAN_POINT('Ctrl Pts',(-186.687107553225,45.6793495739826,4.5));
#3579=CARTESIAN_POINT('Ctrl Pts',(-188.953272607853,45.717741931147,0.));
#3580=CARTESIAN_POINT('Ctrl Pts',(-188.953272607853,45.717741931147,4.5));
#3581=CARTESIAN_POINT('Ctrl Pts',(-191.311593778396,45.7800496580199,0.));
#3582=CARTESIAN_POINT('Ctrl Pts',(-191.311593778396,45.7800496580199,4.5));
#3583=CARTESIAN_POINT('Ctrl Pts',(-193.63823415081,45.8544166647181,0.));
#3584=CARTESIAN_POINT('Ctrl Pts',(-193.63823415081,45.8544166647181,4.5));
#3585=CARTESIAN_POINT('Ctrl Pts',(-195.814923387793,45.9274938724701,0.));
#3586=CARTESIAN_POINT('Ctrl Pts',(-195.814923387793,45.9274938724701,4.5));
#3587=CARTESIAN_POINT('Ctrl Pts',(-197.740501460912,45.9858853764449,0.));
#3588=CARTESIAN_POINT('Ctrl Pts',(-197.740501460912,45.9858853764449,4.5));
#3589=CARTESIAN_POINT('Ctrl Pts',(-199.343412182477,46.0177164746217,0.));
#3590=CARTESIAN_POINT('Ctrl Pts',(-199.343412182477,46.0177164746217,4.5));
#3591=CARTESIAN_POINT('Ctrl Pts',(-200.592054294388,46.013932989688,0.));
#3592=CARTESIAN_POINT('Ctrl Pts',(-200.592054294388,46.013932989688,4.5));
#3593=CARTESIAN_POINT('Ctrl Pts',(-201.510467955033,45.9702656943381,0.));
#3594=CARTESIAN_POINT('Ctrl Pts',(-201.510467955033,45.9702656943381,4.5));
#3595=CARTESIAN_POINT('Ctrl Pts',(-202.168082962297,45.8859873852495,0.));
#3596=CARTESIAN_POINT('Ctrl Pts',(-202.168082962297,45.8859873852495,4.5));
#3597=CARTESIAN_POINT('Ctrl Pts',(-202.658177739388,45.7613335639087,0.));
#3598=CARTESIAN_POINT('Ctrl Pts',(-202.658177739388,45.7613335639087,4.5));
#3599=CARTESIAN_POINT('Ctrl Pts',(-203.079156877408,45.595152997078,0.));
#3600=CARTESIAN_POINT('Ctrl Pts',(-203.079156877408,45.595152997078,4.5));
#3601=CARTESIAN_POINT('Ctrl Pts',(-203.516385148757,45.3828980577593,0.));
#3602=CARTESIAN_POINT('Ctrl Pts',(-203.516385148757,45.3828980577593,4.5));
#3603=CARTESIAN_POINT('Ctrl Pts',(-204.019484139188,45.1133874122564,0.));
#3604=CARTESIAN_POINT('Ctrl Pts',(-204.019484139188,45.1133874122564,4.5));
#3605=CARTESIAN_POINT('Ctrl Pts',(-204.600871514981,44.7709189544423,0.));
#3606=CARTESIAN_POINT('Ctrl Pts',(-204.600871514981,44.7709189544423,4.5));
#3607=CARTESIAN_POINT('Ctrl Pts',(-205.230886104268,44.3529624114545,0.));
#3608=CARTESIAN_POINT('Ctrl Pts',(-205.230886104268,44.3529624114545,4.5));
#3609=CARTESIAN_POINT('Ctrl Pts',(-205.761440923851,43.9494206270447,0.));
#3610=CARTESIAN_POINT('Ctrl Pts',(-205.761440923851,43.9494206270447,4.5));
#3611=CARTESIAN_POINT('Ctrl Pts',(-206.159106453788,43.6119209935294,0.));
#3612=CARTESIAN_POINT('Ctrl Pts',(-206.159106453788,43.6119209935294,4.5));
#3613=CARTESIAN_POINT('Ctrl Pts',(-206.417030785899,43.378036233263,0.));
#3614=CARTESIAN_POINT('Ctrl Pts',(-206.417030785899,43.378036233263,4.5));
#3615=CARTESIAN_POINT('Ctrl Pts',(-206.535929425476,43.2670826147293,0.));
#3616=CARTESIAN_POINT('Ctrl Pts',(-206.535929425476,43.2670826147293,4.5));
#3617=CARTESIAN_POINT('',(-178.417946434676,45.6105866717537,0.));
#3618=CARTESIAN_POINT('Ctrl Pts',(-178.417946434676,45.6105866717537,0.));
#3619=CARTESIAN_POINT('Ctrl Pts',(-178.47488221408,45.647977893011,0.));
#3620=CARTESIAN_POINT('Ctrl Pts',(-178.608231950949,45.7272581566832,0.));
#3621=CARTESIAN_POINT('Ctrl Pts',(-178.848132260796,45.8477331625684,0.));
#3622=CARTESIAN_POINT('Ctrl Pts',(-179.184600168829,45.9882151398608,0.));
#3623=CARTESIAN_POINT('Ctrl Pts',(-179.474781122731,46.0716597767428,0.));
#3624=CARTESIAN_POINT('Ctrl Pts',(-179.66180488667,46.0504013769331,0.));
#3625=CARTESIAN_POINT('Ctrl Pts',(-179.960854267836,45.9679414829212,0.));
#3626=CARTESIAN_POINT('Ctrl Pts',(-180.547787729934,45.8659294332115,0.));
#3627=CARTESIAN_POINT('Ctrl Pts',(-181.512539425269,45.7723035143351,0.));
#3628=CARTESIAN_POINT('Ctrl Pts',(-182.88263663278,45.7052479348071,0.));
#3629=CARTESIAN_POINT('Ctrl Pts',(-184.630472061568,45.6737207005093,0.));
#3630=CARTESIAN_POINT('Ctrl Pts',(-186.687107553225,45.6793495739826,0.));
#3631=CARTESIAN_POINT('Ctrl Pts',(-188.953272607853,45.717741931147,0.));
#3632=CARTESIAN_POINT('Ctrl Pts',(-191.311593778396,45.7800496580199,0.));
#3633=CARTESIAN_POINT('Ctrl Pts',(-193.63823415081,45.8544166647181,0.));
#3634=CARTESIAN_POINT('Ctrl Pts',(-195.814923387793,45.9274938724701,0.));
#3635=CARTESIAN_POINT('Ctrl Pts',(-197.740501460912,45.9858853764449,0.));
#3636=CARTESIAN_POINT('Ctrl Pts',(-199.343412182477,46.0177164746217,0.));
#3637=CARTESIAN_POINT('Ctrl Pts',(-200.592054294388,46.013932989688,0.));
#3638=CARTESIAN_POINT('Ctrl Pts',(-201.510467955033,45.9702656943381,0.));
#3639=CARTESIAN_POINT('Ctrl Pts',(-202.168082962297,45.8859873852495,0.));
#3640=CARTESIAN_POINT('Ctrl Pts',(-202.658177739388,45.7613335639087,0.));
#3641=CARTESIAN_POINT('Ctrl Pts',(-203.079156877408,45.595152997078,0.));
#3642=CARTESIAN_POINT('Ctrl Pts',(-203.516385148757,45.3828980577593,0.));
#3643=CARTESIAN_POINT('Ctrl Pts',(-204.019484139188,45.1133874122564,0.));
#3644=CARTESIAN_POINT('Ctrl Pts',(-204.600871514981,44.7709189544423,0.));
#3645=CARTESIAN_POINT('Ctrl Pts',(-205.230886104268,44.3529624114545,0.));
#3646=CARTESIAN_POINT('Ctrl Pts',(-205.761440923851,43.9494206270447,0.));
#3647=CARTESIAN_POINT('Ctrl Pts',(-206.159106453788,43.6119209935294,0.));
#3648=CARTESIAN_POINT('Ctrl Pts',(-206.417030785899,43.378036233263,0.));
#3649=CARTESIAN_POINT('Ctrl Pts',(-206.535929425476,43.2670826147293,0.));
#3650=CARTESIAN_POINT('',(-178.417946434676,45.6105866717537,0.));
#3651=CARTESIAN_POINT('Ctrl Pts',(-178.108601046939,45.2560367394325,0.));
#3652=CARTESIAN_POINT('Ctrl Pts',(-178.108601046939,45.2560367394325,4.5));
#3653=CARTESIAN_POINT('Ctrl Pts',(-178.173589972602,45.3260455615066,0.));
#3654=CARTESIAN_POINT('Ctrl Pts',(-178.173589972602,45.3260455615066,4.5));
#3655=CARTESIAN_POINT('Ctrl Pts',(-178.237019708854,45.3965052666823,0.));
#3656=CARTESIAN_POINT('Ctrl Pts',(-178.237019708854,45.3965052666823,4.5));
#3657=CARTESIAN_POINT('Ctrl Pts',(-178.298889380296,45.4674155219799,0.));
#3658=CARTESIAN_POINT('Ctrl Pts',(-178.298889380296,45.4674155219799,4.5));
#3659=CARTESIAN_POINT('Ctrl Pts',(-178.3591984127,45.5387760609993,0.));
#3660=CARTESIAN_POINT('Ctrl Pts',(-178.3591984127,45.5387760609993,4.5));
#3661=CARTESIAN_POINT('Ctrl Pts',(-178.417946434676,45.6105866717537,0.));
#3662=CARTESIAN_POINT('Ctrl Pts',(-178.417946434676,45.6105866717537,4.5));
#3663=CARTESIAN_POINT('',(-178.108601046939,45.2560367394325,0.));
#3664=CARTESIAN_POINT('Ctrl Pts',(-178.108601046939,45.2560367394325,0.));
#3665=CARTESIAN_POINT('Ctrl Pts',(-178.173589972602,45.3260455615066,0.));
#3666=CARTESIAN_POINT('Ctrl Pts',(-178.237019708854,45.3965052666823,0.));
#3667=CARTESIAN_POINT('Ctrl Pts',(-178.298889380296,45.4674155219799,0.));
#3668=CARTESIAN_POINT('Ctrl Pts',(-178.3591984127,45.5387760609993,0.));
#3669=CARTESIAN_POINT('Ctrl Pts',(-178.417946434676,45.6105866717537,0.));
#3670=CARTESIAN_POINT('',(-178.108601046939,45.2560367394325,0.));
#3671=CARTESIAN_POINT('Ctrl Pts',(-171.006258425214,40.7559415626632,0.));
#3672=CARTESIAN_POINT('Ctrl Pts',(-171.006258425214,40.7559415626632,4.5));
#3673=CARTESIAN_POINT('Ctrl Pts',(-171.047266164609,40.7500083829324,0.));
#3674=CARTESIAN_POINT('Ctrl Pts',(-171.047266164609,40.7500083829324,4.5));
#3675=CARTESIAN_POINT('Ctrl Pts',(-171.142725121932,40.7486973539557,0.));
#3676=CARTESIAN_POINT('Ctrl Pts',(-171.142725121932,40.7486973539557,4.5));
#3677=CARTESIAN_POINT('Ctrl Pts',(-171.326242139921,40.7783956858898,0.));
#3678=CARTESIAN_POINT('Ctrl Pts',(-171.326242139921,40.7783956858898,4.5));
#3679=CARTESIAN_POINT('Ctrl Pts',(-171.651605585539,40.8813335569617,0.));
#3680=CARTESIAN_POINT('Ctrl Pts',(-171.651605585539,40.8813335569617,4.5));
#3681=CARTESIAN_POINT('Ctrl Pts',(-172.188707830458,41.1131497287237,0.));
#3682=CARTESIAN_POINT('Ctrl Pts',(-172.188707830458,41.1131497287237,4.5));
#3683=CARTESIAN_POINT('Ctrl Pts',(-172.844326433305,41.441016923746,0.));
#3684=CARTESIAN_POINT('Ctrl Pts',(-172.844326433305,41.441016923746,4.5));
#3685=CARTESIAN_POINT('Ctrl Pts',(-173.594074754884,41.8503717338758,0.));
#3686=CARTESIAN_POINT('Ctrl Pts',(-173.594074754884,41.8503717338758,4.5));
#3687=CARTESIAN_POINT('Ctrl Pts',(-174.403067520503,42.3204711353476,0.));
#3688=CARTESIAN_POINT('Ctrl Pts',(-174.403067520503,42.3204711353476,4.5));
#3689=CARTESIAN_POINT('Ctrl Pts',(-175.229129287309,42.8264827976986,0.));
#3690=CARTESIAN_POINT('Ctrl Pts',(-175.229129287309,42.8264827976986,4.5));
#3691=CARTESIAN_POINT('Ctrl Pts',(-176.025913925273,43.3413830078698,0.));
#3692=CARTESIAN_POINT('Ctrl Pts',(-176.025913925273,43.3413830078698,4.5));
#3693=CARTESIAN_POINT('Ctrl Pts',(-176.745334022209,43.8377495016805,0.));
#3694=CARTESIAN_POINT('Ctrl Pts',(-176.745334022209,43.8377495016805,4.5));
#3695=CARTESIAN_POINT('Ctrl Pts',(-177.341978431693,44.2900314481996,0.));
#3696=CARTESIAN_POINT('Ctrl Pts',(-177.341978431693,44.2900314481996,4.5));
#3697=CARTESIAN_POINT('Ctrl Pts',(-177.772479881469,44.6755447752652,0.));
#3698=CARTESIAN_POINT('Ctrl Pts',(-177.772479881469,44.6755447752652,4.5));
#3699=CARTESIAN_POINT('Ctrl Pts',(-177.980114648854,44.9371068386684,0.));
#3700=CARTESIAN_POINT('Ctrl Pts',(-177.980114648854,44.9371068386684,4.5));
#3701=CARTESIAN_POINT('Ctrl Pts',(-178.053448669609,45.0960663193633,0.));
#3702=CARTESIAN_POINT('Ctrl Pts',(-178.053448669609,45.0960663193633,4.5));
#3703=CARTESIAN_POINT('Ctrl Pts',(-178.085770217081,45.1927179032619,0.));
#3704=CARTESIAN_POINT('Ctrl Pts',(-178.085770217081,45.1927179032619,4.5));
#3705=CARTESIAN_POINT('Ctrl Pts',(-178.104338866599,45.2445136982476,0.));
#3706=CARTESIAN_POINT('Ctrl Pts',(-178.104338866599,45.2445136982476,4.5));
#3707=CARTESIAN_POINT('Ctrl Pts',(-178.108601046939,45.2560367394325,0.));
#3708=CARTESIAN_POINT('Ctrl Pts',(-178.108601046939,45.2560367394325,4.5));
#3709=CARTESIAN_POINT('',(-171.006258425214,40.7559415626632,0.));
#3710=CARTESIAN_POINT('Ctrl Pts',(-171.006258425214,40.7559415626632,0.));
#3711=CARTESIAN_POINT('Ctrl Pts',(-171.047266164609,40.7500083829324,0.));
#3712=CARTESIAN_POINT('Ctrl Pts',(-171.142725121932,40.7486973539557,0.));
#3713=CARTESIAN_POINT('Ctrl Pts',(-171.326242139921,40.7783956858898,0.));
#3714=CARTESIAN_POINT('Ctrl Pts',(-171.651605585539,40.8813335569617,0.));
#3715=CARTESIAN_POINT('Ctrl Pts',(-172.188707830458,41.1131497287237,0.));
#3716=CARTESIAN_POINT('Ctrl Pts',(-172.844326433305,41.441016923746,0.));
#3717=CARTESIAN_POINT('Ctrl Pts',(-173.594074754884,41.8503717338758,0.));
#3718=CARTESIAN_POINT('Ctrl Pts',(-174.403067520503,42.3204711353476,0.));
#3719=CARTESIAN_POINT('Ctrl Pts',(-175.229129287309,42.8264827976986,0.));
#3720=CARTESIAN_POINT('Ctrl Pts',(-176.025913925273,43.3413830078698,0.));
#3721=CARTESIAN_POINT('Ctrl Pts',(-176.745334022209,43.8377495016805,0.));
#3722=CARTESIAN_POINT('Ctrl Pts',(-177.341978431693,44.2900314481996,0.));
#3723=CARTESIAN_POINT('Ctrl Pts',(-177.772479881469,44.6755447752652,0.));
#3724=CARTESIAN_POINT('Ctrl Pts',(-177.980114648854,44.9371068386684,0.));
#3725=CARTESIAN_POINT('Ctrl Pts',(-178.053448669609,45.0960663193633,0.));
#3726=CARTESIAN_POINT('Ctrl Pts',(-178.085770217081,45.1927179032619,0.));
#3727=CARTESIAN_POINT('Ctrl Pts',(-178.104338866599,45.2445136982476,0.));
#3728=CARTESIAN_POINT('Ctrl Pts',(-178.108601046939,45.2560367394325,0.));
#3729=CARTESIAN_POINT('',(-171.006258425214,40.7559415626632,0.));
#3730=CARTESIAN_POINT('Ctrl Pts',(-140.040314622297,234.95766709076,0.));
#3731=CARTESIAN_POINT('Ctrl Pts',(-140.040314622297,234.95766709076,4.5));
#3732=CARTESIAN_POINT('Ctrl Pts',(-140.041529690211,234.908954166298,0.));
#3733=CARTESIAN_POINT('Ctrl Pts',(-140.041529690211,234.908954166298,4.5));
#3734=CARTESIAN_POINT('Ctrl Pts',(-140.043619809506,234.644717064161,0.));
#3735=CARTESIAN_POINT('Ctrl Pts',(-140.043619809506,234.644717064161,4.5));
#3736=CARTESIAN_POINT('Ctrl Pts',(-140.004352609913,234.139885920827,0.));
#3737=CARTESIAN_POINT('Ctrl Pts',(-140.004352609913,234.139885920827,4.5));
#3738=CARTESIAN_POINT('Ctrl Pts',(-139.837629024564,233.342912771603,0.));
#3739=CARTESIAN_POINT('Ctrl Pts',(-139.837629024564,233.342912771603,4.5));
#3740=CARTESIAN_POINT('Ctrl Pts',(-139.445172884642,232.205399724552,0.));
#3741=CARTESIAN_POINT('Ctrl Pts',(-139.445172884642,232.205399724552,4.5));
#3742=CARTESIAN_POINT('Ctrl Pts',(-138.830343154169,230.820013436099,0.));
#3743=CARTESIAN_POINT('Ctrl Pts',(-138.830343154169,230.820013436099,4.5));
#3744=CARTESIAN_POINT('Ctrl Pts',(-138.177665413103,229.493147049076,0.));
#3745=CARTESIAN_POINT('Ctrl Pts',(-138.177665413103,229.493147049076,4.5));
#3746=CARTESIAN_POINT('Ctrl Pts',(-137.58009593624,228.290999902631,0.));
#3747=CARTESIAN_POINT('Ctrl Pts',(-137.58009593624,228.290999902631,4.5));
#3748=CARTESIAN_POINT('Ctrl Pts',(-137.075110465938,227.202438074101,0.));
#3749=CARTESIAN_POINT('Ctrl Pts',(-137.075110465938,227.202438074101,4.5));
#3750=CARTESIAN_POINT('Ctrl Pts',(-136.649023318704,226.151077316667,0.));
#3751=CARTESIAN_POINT('Ctrl Pts',(-136.649023318704,226.151077316667,4.5));
#3752=CARTESIAN_POINT('Ctrl Pts',(-136.262347610455,225.037587299019,0.));
#3753=CARTESIAN_POINT('Ctrl Pts',(-136.262347610455,225.037587299019,4.5));
#3754=CARTESIAN_POINT('Ctrl Pts',(-135.867738933939,223.770813701633,0.));
#3755=CARTESIAN_POINT('Ctrl Pts',(-135.867738933939,223.770813701633,4.5));
#3756=CARTESIAN_POINT('Ctrl Pts',(-135.432765785924,222.307277267998,0.));
#3757=CARTESIAN_POINT('Ctrl Pts',(-135.432765785924,222.307277267998,4.5));
#3758=CARTESIAN_POINT('Ctrl Pts',(-134.955303944994,220.675742652336,0.));
#3759=CARTESIAN_POINT('Ctrl Pts',(-134.955303944994,220.675742652336,4.5));
#3760=CARTESIAN_POINT('Ctrl Pts',(-134.454150761482,218.948153244515,0.));
#3761=CARTESIAN_POINT('Ctrl Pts',(-134.454150761482,218.948153244515,4.5));
#3762=CARTESIAN_POINT('Ctrl Pts',(-133.963205625089,217.218641064501,0.));
#3763=CARTESIAN_POINT('Ctrl Pts',(-133.963205625089,217.218641064501,4.5));
#3764=CARTESIAN_POINT('Ctrl Pts',(-133.524185402245,215.578699365778,0.));
#3765=CARTESIAN_POINT('Ctrl Pts',(-133.524185402245,215.578699365778,4.5));
#3766=CARTESIAN_POINT('Ctrl Pts',(-133.180157701615,214.095594291496,0.));
#3767=CARTESIAN_POINT('Ctrl Pts',(-133.180157701615,214.095594291496,4.5));
#3768=CARTESIAN_POINT('Ctrl Pts',(-132.968261744107,212.785531486982,0.));
#3769=CARTESIAN_POINT('Ctrl Pts',(-132.968261744107,212.785531486982,4.5));
#3770=CARTESIAN_POINT('Ctrl Pts',(-132.914235233524,211.601129158744,0.));
#3771=CARTESIAN_POINT('Ctrl Pts',(-132.914235233524,211.601129158744,4.5));
#3772=CARTESIAN_POINT('Ctrl Pts',(-133.032316256857,210.461850829221,0.));
#3773=CARTESIAN_POINT('Ctrl Pts',(-133.032316256857,210.461850829221,4.5));
#3774=CARTESIAN_POINT('Ctrl Pts',(-133.324118007038,209.277843105405,0.));
#3775=CARTESIAN_POINT('Ctrl Pts',(-133.324118007038,209.277843105405,4.5));
#3776=CARTESIAN_POINT('Ctrl Pts',(-133.778145052824,207.974751806105,0.));
#3777=CARTESIAN_POINT('Ctrl Pts',(-133.778145052824,207.974751806105,4.5));
#3778=CARTESIAN_POINT('Ctrl Pts',(-134.368417486477,206.522264544881,0.));
#3779=CARTESIAN_POINT('Ctrl Pts',(-134.368417486477,206.522264544881,4.5));
#3780=CARTESIAN_POINT('Ctrl Pts',(-135.058170754391,204.929704834719,0.));
#3781=CARTESIAN_POINT('Ctrl Pts',(-135.058170754391,204.929704834719,4.5));
#3782=CARTESIAN_POINT('Ctrl Pts',(-135.804830853731,203.232984309104,0.));
#3783=CARTESIAN_POINT('Ctrl Pts',(-135.804830853731,203.232984309104,4.5));
#3784=CARTESIAN_POINT('Ctrl Pts',(-136.564452021195,201.484681467891,0.));
#3785=CARTESIAN_POINT('Ctrl Pts',(-136.564452021195,201.484681467891,4.5));
#3786=CARTESIAN_POINT('Ctrl Pts',(-137.296612775,199.742456956874,0.));
#3787=CARTESIAN_POINT('Ctrl Pts',(-137.296612775,199.742456956874,4.5));
#3788=CARTESIAN_POINT('Ctrl Pts',(-137.9685716805,198.059011969433,0.));
#3789=CARTESIAN_POINT('Ctrl Pts',(-137.9685716805,198.059011969433,4.5));
#3790=CARTESIAN_POINT('Ctrl Pts',(-138.56109969756,196.469317865506,0.));
#3791=CARTESIAN_POINT('Ctrl Pts',(-138.56109969756,196.469317865506,4.5));
#3792=CARTESIAN_POINT('Ctrl Pts',(-139.067705135219,194.988000824134,0.));
#3793=CARTESIAN_POINT('Ctrl Pts',(-139.067705135219,194.988000824134,4.5));
#3794=CARTESIAN_POINT('Ctrl Pts',(-139.488983620353,193.614235235782,0.));
#3795=CARTESIAN_POINT('Ctrl Pts',(-139.488983620353,193.614235235782,4.5));
#3796=CARTESIAN_POINT('Ctrl Pts',(-139.828273930448,192.334464211292,0.));
#3797=CARTESIAN_POINT('Ctrl Pts',(-139.828273930448,192.334464211292,4.5));
#3798=CARTESIAN_POINT('Ctrl Pts',(-140.087021955388,191.125997056921,0.));
#3799=CARTESIAN_POINT('Ctrl Pts',(-140.087021955388,191.125997056921,4.5));
#3800=CARTESIAN_POINT('Ctrl Pts',(-140.259688763244,189.960263583886,0.));
#3801=CARTESIAN_POINT('Ctrl Pts',(-140.259688763244,189.960263583886,4.5));
#3802=CARTESIAN_POINT('Ctrl Pts',(-140.330604032803,188.806107726734,0.));
#3803=CARTESIAN_POINT('Ctrl Pts',(-140.330604032803,188.806107726734,4.5));
#3804=CARTESIAN_POINT('Ctrl Pts',(-140.280181480942,187.632368945472,0.));
#3805=CARTESIAN_POINT('Ctrl Pts',(-140.280181480942,187.632368945472,4.5));
#3806=CARTESIAN_POINT('Ctrl Pts',(-140.089933663325,186.410629771803,0.));
#3807=CARTESIAN_POINT('Ctrl Pts',(-140.089933663325,186.410629771803,4.5));
#3808=CARTESIAN_POINT('Ctrl Pts',(-139.747754274323,185.117798183032,0.));
#3809=CARTESIAN_POINT('Ctrl Pts',(-139.747754274323,185.117798183032,4.5));
#3810=CARTESIAN_POINT('Ctrl Pts',(-139.25361441736,183.739023398655,0.));
#3811=CARTESIAN_POINT('Ctrl Pts',(-139.25361441736,183.739023398655,4.5));
#3812=CARTESIAN_POINT('Ctrl Pts',(-138.617768872718,182.266822999591,0.));
#3813=CARTESIAN_POINT('Ctrl Pts',(-138.617768872718,182.266822999591,4.5));
#3814=CARTESIAN_POINT('Ctrl Pts',(-137.858104866489,180.699801090741,0.));
#3815=CARTESIAN_POINT('Ctrl Pts',(-137.858104866489,180.699801090741,4.5));
#3816=CARTESIAN_POINT('Ctrl Pts',(-136.997812457184,179.041528958901,0.));
#3817=CARTESIAN_POINT('Ctrl Pts',(-136.997812457184,179.041528958901,4.5));
#3818=CARTESIAN_POINT('Ctrl Pts',(-136.062895764017,177.299323311467,0.));
#3819=CARTESIAN_POINT('Ctrl Pts',(-136.062895764017,177.299323311467,4.5));
#3820=CARTESIAN_POINT('Ctrl Pts',(-135.079810935993,175.483151319506,0.));
#3821=CARTESIAN_POINT('Ctrl Pts',(-135.079810935993,175.483151319506,4.5));
#3822=CARTESIAN_POINT('Ctrl Pts',(-134.072895561838,173.604263773462,0.));
#3823=CARTESIAN_POINT('Ctrl Pts',(-134.072895561838,173.604263773462,4.5));
#3824=CARTESIAN_POINT('Ctrl Pts',(-133.063905753569,171.676691793217,0.));
#3825=CARTESIAN_POINT('Ctrl Pts',(-133.063905753569,171.676691793217,4.5));
#3826=CARTESIAN_POINT('Ctrl Pts',(-132.071799215865,169.71901578054,0.));
#3827=CARTESIAN_POINT('Ctrl Pts',(-132.071799215865,169.71901578054,4.5));
#3828=CARTESIAN_POINT('Ctrl Pts',(-131.112417852778,167.756148058503,0.));
#3829=CARTESIAN_POINT('Ctrl Pts',(-131.112417852778,167.756148058503,4.5));
#3830=CARTESIAN_POINT('Ctrl Pts',(-130.198240696077,165.820864584696,0.));
#3831=CARTESIAN_POINT('Ctrl Pts',(-130.198240696077,165.820864584696,4.5));
#3832=CARTESIAN_POINT('Ctrl Pts',(-129.338039881765,163.956015651493,0.));
#3833=CARTESIAN_POINT('Ctrl Pts',(-129.338039881765,163.956015651493,4.5));
#3834=CARTESIAN_POINT('Ctrl Pts',(-128.536731723892,162.215118198242,0.));
#3835=CARTESIAN_POINT('Ctrl Pts',(-128.536731723892,162.215118198242,4.5));
#3836=CARTESIAN_POINT('Ctrl Pts',(-127.794770891409,160.666853531851,0.));
#3837=CARTESIAN_POINT('Ctrl Pts',(-127.794770891409,160.666853531851,4.5));
#3838=CARTESIAN_POINT('Ctrl Pts',(-127.108950235714,159.387487601384,0.));
#3839=CARTESIAN_POINT('Ctrl Pts',(-127.108950235714,159.387487601384,4.5));
#3840=CARTESIAN_POINT('Ctrl Pts',(-126.475976530347,158.429745758427,0.));
#3841=CARTESIAN_POINT('Ctrl Pts',(-126.475976530347,158.429745758427,4.5));
#3842=CARTESIAN_POINT('Ctrl Pts',(-125.895786770288,157.793486226985,0.));
#3843=CARTESIAN_POINT('Ctrl Pts',(-125.895786770288,157.793486226985,4.5));
#3844=CARTESIAN_POINT('Ctrl Pts',(-125.374306705392,157.402113024546,0.));
#3845=CARTESIAN_POINT('Ctrl Pts',(-125.374306705392,157.402113024546,4.5));
#3846=CARTESIAN_POINT('Ctrl Pts',(-124.92814026195,157.059967592554,0.));
#3847=CARTESIAN_POINT('Ctrl Pts',(-124.92814026195,157.059967592554,4.5));
#3848=CARTESIAN_POINT('Ctrl Pts',(-124.578152184581,156.519321302125,0.));
#3849=CARTESIAN_POINT('Ctrl Pts',(-124.578152184581,156.519321302125,4.5));
#3850=CARTESIAN_POINT('Ctrl Pts',(-124.335876354313,155.620075617747,0.));
#3851=CARTESIAN_POINT('Ctrl Pts',(-124.335876354313,155.620075617747,4.5));
#3852=CARTESIAN_POINT('Ctrl Pts',(-124.198117638493,154.343156945757,0.));
#3853=CARTESIAN_POINT('Ctrl Pts',(-124.198117638493,154.343156945757,4.5));
#3854=CARTESIAN_POINT('Ctrl Pts',(-124.151956227995,152.752902608647,0.));
#3855=CARTESIAN_POINT('Ctrl Pts',(-124.151956227995,152.752902608647,4.5));
#3856=CARTESIAN_POINT('Ctrl Pts',(-124.177569439112,150.961943236102,0.));
#3857=CARTESIAN_POINT('Ctrl Pts',(-124.177569439112,150.961943236102,4.5));
#3858=CARTESIAN_POINT('Ctrl Pts',(-124.251826698354,149.090061280361,0.));
#3859=CARTESIAN_POINT('Ctrl Pts',(-124.251826698354,149.090061280361,4.5));
#3860=CARTESIAN_POINT('Ctrl Pts',(-124.351781584085,147.218566658979,0.));
#3861=CARTESIAN_POINT('Ctrl Pts',(-124.351781584085,147.218566658979,4.5));
#3862=CARTESIAN_POINT('Ctrl Pts',(-124.457389061649,145.371751605003,0.));
#3863=CARTESIAN_POINT('Ctrl Pts',(-124.457389061649,145.371751605003,4.5));
#3864=CARTESIAN_POINT('Ctrl Pts',(-124.552726470459,143.541342234396,0.));
#3865=CARTESIAN_POINT('Ctrl Pts',(-124.552726470459,143.541342234396,4.5));
#3866=CARTESIAN_POINT('Ctrl Pts',(-124.627646315551,141.700728710863,0.));
#3867=CARTESIAN_POINT('Ctrl Pts',(-124.627646315551,141.700728710863,4.5));
#3868=CARTESIAN_POINT('Ctrl Pts',(-124.679129546646,139.822790096737,0.));
#3869=CARTESIAN_POINT('Ctrl Pts',(-124.679129546646,139.822790096737,4.5));
#3870=CARTESIAN_POINT('Ctrl Pts',(-124.713055906873,137.897417586194,0.));
#3871=CARTESIAN_POINT('Ctrl Pts',(-124.713055906873,137.897417586194,4.5));
#3872=CARTESIAN_POINT('Ctrl Pts',(-124.745122895265,135.946271585432,0.));
#3873=CARTESIAN_POINT('Ctrl Pts',(-124.745122895265,135.946271585432,4.5));
#3874=CARTESIAN_POINT('Ctrl Pts',(-124.803847077754,134.046115854961,0.));
#3875=CARTESIAN_POINT('Ctrl Pts',(-124.803847077754,134.046115854961,4.5));
#3876=CARTESIAN_POINT('Ctrl Pts',(-124.923267634161,132.307781018769,0.));
#3877=CARTESIAN_POINT('Ctrl Pts',(-124.923267634161,132.307781018769,4.5));
#3878=CARTESIAN_POINT('Ctrl Pts',(-125.131773191346,130.837823136645,0.));
#3879=CARTESIAN_POINT('Ctrl Pts',(-125.131773191346,130.837823136645,4.5));
#3880=CARTESIAN_POINT('Ctrl Pts',(-125.441396029383,129.703180134267,0.));
#3881=CARTESIAN_POINT('Ctrl Pts',(-125.441396029383,129.703180134267,4.5));
#3882=CARTESIAN_POINT('Ctrl Pts',(-125.838636974108,128.900287751984,0.));
#3883=CARTESIAN_POINT('Ctrl Pts',(-125.838636974108,128.900287751984,4.5));
#3884=CARTESIAN_POINT('Ctrl Pts',(-126.270514159806,128.308667911905,0.));
#3885=CARTESIAN_POINT('Ctrl Pts',(-126.270514159806,128.308667911905,4.5));
#3886=CARTESIAN_POINT('Ctrl Pts',(-126.645249259995,127.692665734719,0.));
#3887=CARTESIAN_POINT('Ctrl Pts',(-126.645249259995,127.692665734719,4.5));
#3888=CARTESIAN_POINT('Ctrl Pts',(-126.870988566103,126.826221621476,0.));
#3889=CARTESIAN_POINT('Ctrl Pts',(-126.870988566103,126.826221621476,4.5));
#3890=CARTESIAN_POINT('Ctrl Pts',(-126.894691124542,125.620932156058,0.));
#3891=CARTESIAN_POINT('Ctrl Pts',(-126.894691124542,125.620932156058,4.5));
#3892=CARTESIAN_POINT('Ctrl Pts',(-126.720118330215,124.177077499186,0.));
#3893=CARTESIAN_POINT('Ctrl Pts',(-126.720118330215,124.177077499186,4.5));
#3894=CARTESIAN_POINT('Ctrl Pts',(-126.38300888777,122.68063155512,0.));
#3895=CARTESIAN_POINT('Ctrl Pts',(-126.38300888777,122.68063155512,4.5));
#3896=CARTESIAN_POINT('Ctrl Pts',(-125.935312372456,121.331287822448,0.));
#3897=CARTESIAN_POINT('Ctrl Pts',(-125.935312372456,121.331287822448,4.5));
#3898=CARTESIAN_POINT('Ctrl Pts',(-125.427405069507,120.267037021493,0.));
#3899=CARTESIAN_POINT('Ctrl Pts',(-125.427405069507,120.267037021493,4.5));
#3900=CARTESIAN_POINT('Ctrl Pts',(-124.887107268094,119.467669417763,0.));
#3901=CARTESIAN_POINT('Ctrl Pts',(-124.887107268094,119.467669417763,4.5));
#3902=CARTESIAN_POINT('Ctrl Pts',(-124.320003339524,118.777942236251,0.));
#3903=CARTESIAN_POINT('Ctrl Pts',(-124.320003339524,118.777942236251,4.5));
#3904=CARTESIAN_POINT('Ctrl Pts',(-123.722381179291,118.000255424937,0.));
#3905=CARTESIAN_POINT('Ctrl Pts',(-123.722381179291,118.000255424937,4.5));
#3906=CARTESIAN_POINT('Ctrl Pts',(-123.090179050541,116.965272849111,0.));
#3907=CARTESIAN_POINT('Ctrl Pts',(-123.090179050541,116.965272849111,4.5));
#3908=CARTESIAN_POINT('Ctrl Pts',(-122.429753777956,115.612957936479,0.));
#3909=CARTESIAN_POINT('Ctrl Pts',(-122.429753777956,115.612957936479,4.5));
#3910=CARTESIAN_POINT('Ctrl Pts',(-121.754254687168,113.967213989273,0.));
#3911=CARTESIAN_POINT('Ctrl Pts',(-121.754254687168,113.967213989273,4.5));
#3912=CARTESIAN_POINT('Ctrl Pts',(-121.080037109506,112.110415443198,0.));
#3913=CARTESIAN_POINT('Ctrl Pts',(-121.080037109506,112.110415443198,4.5));
#3914=CARTESIAN_POINT('Ctrl Pts',(-120.423138530103,110.158226904168,0.));
#3915=CARTESIAN_POINT('Ctrl Pts',(-120.423138530103,110.158226904168,4.5));
#3916=CARTESIAN_POINT('Ctrl Pts',(-119.795514526024,108.233551088997,0.));
#3917=CARTESIAN_POINT('Ctrl Pts',(-119.795514526024,108.233551088997,4.5));
#3918=CARTESIAN_POINT('Ctrl Pts',(-119.201879411109,106.442636328964,0.));
#3919=CARTESIAN_POINT('Ctrl Pts',(-119.201879411109,106.442636328964,4.5));
#3920=CARTESIAN_POINT('Ctrl Pts',(-118.635004048382,104.845694130154,0.));
#3921=CARTESIAN_POINT('Ctrl Pts',(-118.635004048382,104.845694130154,4.5));
#3922=CARTESIAN_POINT('Ctrl Pts',(-118.078905177557,103.45591576545,0.));
#3923=CARTESIAN_POINT('Ctrl Pts',(-118.078905177557,103.45591576545,4.5));
#3924=CARTESIAN_POINT('Ctrl Pts',(-117.515081163201,102.250199565192,0.));
#3925=CARTESIAN_POINT('Ctrl Pts',(-117.515081163201,102.250199565192,4.5));
#3926=CARTESIAN_POINT('Ctrl Pts',(-116.928047577685,101.175834203168,0.));
#3927=CARTESIAN_POINT('Ctrl Pts',(-116.928047577685,101.175834203168,4.5));
#3928=CARTESIAN_POINT('Ctrl Pts',(-116.310530951905,100.159425176554,0.));
#3929=CARTESIAN_POINT('Ctrl Pts',(-116.310530951905,100.159425176554,4.5));
#3930=CARTESIAN_POINT('Ctrl Pts',(-115.670350128624,99.1134851311586,0.));
#3931=CARTESIAN_POINT('Ctrl Pts',(-115.670350128624,99.1134851311586,4.5));
#3932=CARTESIAN_POINT('Ctrl Pts',(-115.031055156163,97.9488824593994,0.));
#3933=CARTESIAN_POINT('Ctrl Pts',(-115.031055156163,97.9488824593994,4.5));
#3934=CARTESIAN_POINT('Ctrl Pts',(-114.423542450534,96.5946566864613,0.));
#3935=CARTESIAN_POINT('Ctrl Pts',(-114.423542450534,96.5946566864613,4.5));
#3936=CARTESIAN_POINT('Ctrl Pts',(-113.879758310254,95.0167232751876,0.));
#3937=CARTESIAN_POINT('Ctrl Pts',(-113.879758310254,95.0167232751876,4.5));
#3938=CARTESIAN_POINT('Ctrl Pts',(-113.425784713098,93.2356403528408,0.));
#3939=CARTESIAN_POINT('Ctrl Pts',(-113.425784713098,93.2356403528408,4.5));
#3940=CARTESIAN_POINT('Ctrl Pts',(-113.074655278805,91.3480637127051,0.));
#3941=CARTESIAN_POINT('Ctrl Pts',(-113.074655278805,91.3480637127051,4.5));
#3942=CARTESIAN_POINT('Ctrl Pts',(-112.82084369685,89.5370595185593,0.));
#3943=CARTESIAN_POINT('Ctrl Pts',(-112.82084369685,89.5370595185593,4.5));
#3944=CARTESIAN_POINT('Ctrl Pts',(-112.64835295057,87.9996264579596,0.));
#3945=CARTESIAN_POINT('Ctrl Pts',(-112.64835295057,87.9996264579596,4.5));
#3946=CARTESIAN_POINT('Ctrl Pts',(-112.537459641584,86.882084004592,0.));
#3947=CARTESIAN_POINT('Ctrl Pts',(-112.537459641584,86.882084004592,4.5));
#3948=CARTESIAN_POINT('Ctrl Pts',(-112.471919330039,86.2131589616864,0.));
#3949=CARTESIAN_POINT('Ctrl Pts',(-112.471919330039,86.2131589616864,4.5));
#3950=CARTESIAN_POINT('Ctrl Pts',(-112.446106670874,85.836323051939,0.));
#3951=CARTESIAN_POINT('Ctrl Pts',(-112.446106670874,85.836323051939,4.5));
#3952=CARTESIAN_POINT('Ctrl Pts',(-112.471779111483,85.3478134921495,0.));
#3953=CARTESIAN_POINT('Ctrl Pts',(-112.471779111483,85.3478134921495,4.5));
#3954=CARTESIAN_POINT('Ctrl Pts',(-112.559849133207,84.3818656530031,0.));
#3955=CARTESIAN_POINT('Ctrl Pts',(-112.559849133207,84.3818656530031,4.5));
#3956=CARTESIAN_POINT('Ctrl Pts',(-112.70440633429,82.8629151674224,0.));
#3957=CARTESIAN_POINT('Ctrl Pts',(-112.70440633429,82.8629151674224,4.5));
#3958=CARTESIAN_POINT('Ctrl Pts',(-112.88962776573,80.9112877788676,0.));
#3959=CARTESIAN_POINT('Ctrl Pts',(-112.88962776573,80.9112877788676,4.5));
#3960=CARTESIAN_POINT('Ctrl Pts',(-113.095470540749,78.7674839695108,0.));
#3961=CARTESIAN_POINT('Ctrl Pts',(-113.095470540749,78.7674839695108,4.5));
#3962=CARTESIAN_POINT('Ctrl Pts',(-113.303815635288,76.7095504762837,0.));
#3963=CARTESIAN_POINT('Ctrl Pts',(-113.303815635288,76.7095504762837,4.5));
#3964=CARTESIAN_POINT('Ctrl Pts',(-113.504426369325,74.9733586392965,0.));
#3965=CARTESIAN_POINT('Ctrl Pts',(-113.504426369325,74.9733586392965,4.5));
#3966=CARTESIAN_POINT('Ctrl Pts',(-113.70097397098,73.6717141024165,0.));
#3967=CARTESIAN_POINT('Ctrl Pts',(-113.70097397098,73.6717141024165,4.5));
#3968=CARTESIAN_POINT('Ctrl Pts',(-113.917067137117,72.7137683082876,0.));
#3969=CARTESIAN_POINT('Ctrl Pts',(-113.917067137117,72.7137683082876,4.5));
#3970=CARTESIAN_POINT('Ctrl Pts',(-114.185411679991,71.8919280243918,0.));
#3971=CARTESIAN_POINT('Ctrl Pts',(-114.185411679991,71.8919280243918,4.5));
#3972=CARTESIAN_POINT('Ctrl Pts',(-114.537235870406,70.9669597858218,0.));
#3973=CARTESIAN_POINT('Ctrl Pts',(-114.537235870406,70.9669597858218,4.5));
#3974=CARTESIAN_POINT('Ctrl Pts',(-114.991096820377,69.7573192881559,0.));
#3975=CARTESIAN_POINT('Ctrl Pts',(-114.991096820377,69.7573192881559,4.5));
#3976=CARTESIAN_POINT('Ctrl Pts',(-115.543408137919,68.2166752111316,0.));
#3977=CARTESIAN_POINT('Ctrl Pts',(-115.543408137919,68.2166752111316,4.5));
#3978=CARTESIAN_POINT('Ctrl Pts',(-116.175983958906,66.394195142925,0.));
#3979=CARTESIAN_POINT('Ctrl Pts',(-116.175983958906,66.394195142925,4.5));
#3980=CARTESIAN_POINT('Ctrl Pts',(-116.862318519383,64.403762214055,0.));
#3981=CARTESIAN_POINT('Ctrl Pts',(-116.862318519383,64.403762214055,4.5));
#3982=CARTESIAN_POINT('Ctrl Pts',(-117.574188843677,62.390442527666,0.));
#3983=CARTESIAN_POINT('Ctrl Pts',(-117.574188843677,62.390442527666,4.5));
#3984=CARTESIAN_POINT('Ctrl Pts',(-118.288475646378,60.4966744997125,0.));
#3985=CARTESIAN_POINT('Ctrl Pts',(-118.288475646378,60.4966744997125,4.5));
#3986=CARTESIAN_POINT('Ctrl Pts',(-118.993059829757,58.8319725510344,0.));
#3987=CARTESIAN_POINT('Ctrl Pts',(-118.993059829757,58.8319725510344,4.5));
#3988=CARTESIAN_POINT('Ctrl Pts',(-119.695187125765,57.432667107502,0.));
#3989=CARTESIAN_POINT('Ctrl Pts',(-119.695187125765,57.432667107502,4.5));
#3990=CARTESIAN_POINT('Ctrl Pts',(-120.420025567948,56.2616864483272,0.));
#3991=CARTESIAN_POINT('Ctrl Pts',(-120.420025567948,56.2616864483272,4.5));
#3992=CARTESIAN_POINT('Ctrl Pts',(-121.201499819492,55.2401299890981,0.));
#3993=CARTESIAN_POINT('Ctrl Pts',(-121.201499819492,55.2401299890981,4.5));
#3994=CARTESIAN_POINT('Ctrl Pts',(-122.075064446805,54.2705456567154,0.));
#3995=CARTESIAN_POINT('Ctrl Pts',(-122.075064446805,54.2705456567154,4.5));
#3996=CARTESIAN_POINT('Ctrl Pts',(-123.070283474986,53.2618129304221,0.));
#3997=CARTESIAN_POINT('Ctrl Pts',(-123.070283474986,53.2618129304221,4.5));
#3998=CARTESIAN_POINT('Ctrl Pts',(-124.202033712256,52.1576933405721,0.));
#3999=CARTESIAN_POINT('Ctrl Pts',(-124.202033712256,52.1576933405721,4.5));
#4000=CARTESIAN_POINT('Ctrl Pts',(-125.467484259545,50.9483176358635,0.));
#4001=CARTESIAN_POINT('Ctrl Pts',(-125.467484259545,50.9483176358635,4.5));
#4002=CARTESIAN_POINT('Ctrl Pts',(-126.85200276155,49.6549131109773,0.));
#4003=CARTESIAN_POINT('Ctrl Pts',(-126.85200276155,49.6549131109773,4.5));
#4004=CARTESIAN_POINT('Ctrl Pts',(-128.33294131569,48.3209219047943,0.));
#4005=CARTESIAN_POINT('Ctrl Pts',(-128.33294131569,48.3209219047943,4.5));
#4006=CARTESIAN_POINT('Ctrl Pts',(-129.884216955774,47.0006788724905,0.));
#4007=CARTESIAN_POINT('Ctrl Pts',(-129.884216955774,47.0006788724905,4.5));
#4008=CARTESIAN_POINT('Ctrl Pts',(-131.480690747041,45.7488169606045,0.));
#4009=CARTESIAN_POINT('Ctrl Pts',(-131.480690747041,45.7488169606045,4.5));
#4010=CARTESIAN_POINT('Ctrl Pts',(-133.102306221733,44.6101093538412,0.));
#4011=CARTESIAN_POINT('Ctrl Pts',(-133.102306221733,44.6101093538412,4.5));
#4012=CARTESIAN_POINT('Ctrl Pts',(-134.739180446056,43.6071802689805,0.));
#4013=CARTESIAN_POINT('Ctrl Pts',(-134.739180446056,43.6071802689805,4.5));
#4014=CARTESIAN_POINT('Ctrl Pts',(-136.390429634072,42.7425380937684,0.));
#4015=CARTESIAN_POINT('Ctrl Pts',(-136.390429634072,42.7425380937684,4.5));
#4016=CARTESIAN_POINT('Ctrl Pts',(-138.061159055367,42.004819950134,0.));
#4017=CARTESIAN_POINT('Ctrl Pts',(-138.061159055367,42.004819950134,4.5));
#4018=CARTESIAN_POINT('Ctrl Pts',(-139.76008180373,41.3735931148598,0.));
#4019=CARTESIAN_POINT('Ctrl Pts',(-139.76008180373,41.3735931148598,4.5));
#4020=CARTESIAN_POINT('Ctrl Pts',(-141.496852812979,40.8248088021566,0.));
#4021=CARTESIAN_POINT('Ctrl Pts',(-141.496852812979,40.8248088021566,4.5));
#4022=CARTESIAN_POINT('Ctrl Pts',(-143.279577086834,40.335858702622,0.));
#4023=CARTESIAN_POINT('Ctrl Pts',(-143.279577086834,40.335858702622,4.5));
#4024=CARTESIAN_POINT('Ctrl Pts',(-145.112119845176,39.8910790013566,0.));
#4025=CARTESIAN_POINT('Ctrl Pts',(-145.112119845176,39.8910790013566,4.5));
#4026=CARTESIAN_POINT('Ctrl Pts',(-146.991859080531,39.4862582734489,0.));
#4027=CARTESIAN_POINT('Ctrl Pts',(-146.991859080531,39.4862582734489,4.5));
#4028=CARTESIAN_POINT('Ctrl Pts',(-148.910927057652,39.1253162458254,0.));
#4029=CARTESIAN_POINT('Ctrl Pts',(-148.910927057652,39.1253162458254,4.5));
#4030=CARTESIAN_POINT('Ctrl Pts',(-150.857137875012,38.8176785175597,0.));
#4031=CARTESIAN_POINT('Ctrl Pts',(-150.857137875012,38.8176785175597,4.5));
#4032=CARTESIAN_POINT('Ctrl Pts',(-152.81503176921,38.5754075779175,0.));
#4033=CARTESIAN_POINT('Ctrl Pts',(-152.81503176921,38.5754075779175,4.5));
#4034=CARTESIAN_POINT('Ctrl Pts',(-154.766874462747,38.4103902073529,0.));
#4035=CARTESIAN_POINT('Ctrl Pts',(-154.766874462747,38.4103902073529,4.5));
#4036=CARTESIAN_POINT('Ctrl Pts',(-156.693662872746,38.3316120121096,0.));
#4037=CARTESIAN_POINT('Ctrl Pts',(-156.693662872746,38.3316120121096,4.5));
#4038=CARTESIAN_POINT('Ctrl Pts',(-158.576157600383,38.3421278838022,0.));
#4039=CARTESIAN_POINT('Ctrl Pts',(-158.576157600383,38.3421278838022,4.5));
#4040=CARTESIAN_POINT('Ctrl Pts',(-160.395814312978,38.4369629169296,0.));
#4041=CARTESIAN_POINT('Ctrl Pts',(-160.395814312978,38.4369629169296,4.5));
#4042=CARTESIAN_POINT('Ctrl Pts',(-162.135199635061,38.6056733402476,0.));
#4043=CARTESIAN_POINT('Ctrl Pts',(-162.135199635061,38.6056733402476,4.5));
#4044=CARTESIAN_POINT('Ctrl Pts',(-163.778471409707,38.8342861490331,0.));
#4045=CARTESIAN_POINT('Ctrl Pts',(-163.778471409707,38.8342861490331,4.5));
#4046=CARTESIAN_POINT('Ctrl Pts',(-165.311841957196,39.1074987055448,0.));
#4047=CARTESIAN_POINT('Ctrl Pts',(-165.311841957196,39.1074987055448,4.5));
#4048=CARTESIAN_POINT('Ctrl Pts',(-166.724031299234,39.4107227572589,0.));
#4049=CARTESIAN_POINT('Ctrl Pts',(-166.724031299234,39.4107227572589,4.5));
#4050=CARTESIAN_POINT('Ctrl Pts',(-168.006767143321,39.7323010869111,0.));
#4051=CARTESIAN_POINT('Ctrl Pts',(-168.006767143321,39.7323010869111,4.5));
#4052=CARTESIAN_POINT('Ctrl Pts',(-169.15514346293,40.0653434209998,0.));
#4053=CARTESIAN_POINT('Ctrl Pts',(-169.15514346293,40.0653434209998,4.5));
#4054=CARTESIAN_POINT('Ctrl Pts',(-169.964394813839,40.3381648408776,0.));
#4055=CARTESIAN_POINT('Ctrl Pts',(-169.964394813839,40.3381648408776,4.5));
#4056=CARTESIAN_POINT('Ctrl Pts',(-170.509407882959,40.5458574109436,0.));
#4057=CARTESIAN_POINT('Ctrl Pts',(-170.509407882959,40.5458574109436,4.5));
#4058=CARTESIAN_POINT('Ctrl Pts',(-170.845228476076,40.6856857200541,0.));
#4059=CARTESIAN_POINT('Ctrl Pts',(-170.845228476076,40.6856857200541,4.5));
#4060=CARTESIAN_POINT('Ctrl Pts',(-171.006258425214,40.7559415626632,0.));
#4061=CARTESIAN_POINT('Ctrl Pts',(-171.006258425214,40.7559415626632,4.5));
#4062=CARTESIAN_POINT('',(-140.040314622297,234.95766709076,0.));
#4063=CARTESIAN_POINT('Ctrl Pts',(-140.040314622297,234.95766709076,0.));
#4064=CARTESIAN_POINT('Ctrl Pts',(-140.041529690211,234.908954166298,0.));
#4065=CARTESIAN_POINT('Ctrl Pts',(-140.043619809506,234.644717064161,0.));
#4066=CARTESIAN_POINT('Ctrl Pts',(-140.004352609913,234.139885920827,0.));
#4067=CARTESIAN_POINT('Ctrl Pts',(-139.837629024564,233.342912771603,0.));
#4068=CARTESIAN_POINT('Ctrl Pts',(-139.445172884642,232.205399724552,0.));
#4069=CARTESIAN_POINT('Ctrl Pts',(-138.830343154169,230.820013436099,0.));
#4070=CARTESIAN_POINT('Ctrl Pts',(-138.177665413103,229.493147049076,0.));
#4071=CARTESIAN_POINT('Ctrl Pts',(-137.58009593624,228.290999902631,0.));
#4072=CARTESIAN_POINT('Ctrl Pts',(-137.075110465938,227.202438074101,0.));
#4073=CARTESIAN_POINT('Ctrl Pts',(-136.649023318704,226.151077316667,0.));
#4074=CARTESIAN_POINT('Ctrl Pts',(-136.262347610455,225.037587299019,0.));
#4075=CARTESIAN_POINT('Ctrl Pts',(-135.867738933939,223.770813701633,0.));
#4076=CARTESIAN_POINT('Ctrl Pts',(-135.432765785924,222.307277267998,0.));
#4077=CARTESIAN_POINT('Ctrl Pts',(-134.955303944994,220.675742652336,0.));
#4078=CARTESIAN_POINT('Ctrl Pts',(-134.454150761482,218.948153244515,0.));
#4079=CARTESIAN_POINT('Ctrl Pts',(-133.963205625089,217.218641064501,0.));
#4080=CARTESIAN_POINT('Ctrl Pts',(-133.524185402245,215.578699365778,0.));
#4081=CARTESIAN_POINT('Ctrl Pts',(-133.180157701615,214.095594291496,0.));
#4082=CARTESIAN_POINT('Ctrl Pts',(-132.968261744107,212.785531486982,0.));
#4083=CARTESIAN_POINT('Ctrl Pts',(-132.914235233524,211.601129158744,0.));
#4084=CARTESIAN_POINT('Ctrl Pts',(-133.032316256857,210.461850829221,0.));
#4085=CARTESIAN_POINT('Ctrl Pts',(-133.324118007038,209.277843105405,0.));
#4086=CARTESIAN_POINT('Ctrl Pts',(-133.778145052824,207.974751806105,0.));
#4087=CARTESIAN_POINT('Ctrl Pts',(-134.368417486477,206.522264544881,0.));
#4088=CARTESIAN_POINT('Ctrl Pts',(-135.058170754391,204.929704834719,0.));
#4089=CARTESIAN_POINT('Ctrl Pts',(-135.804830853731,203.232984309104,0.));
#4090=CARTESIAN_POINT('Ctrl Pts',(-136.564452021195,201.484681467891,0.));
#4091=CARTESIAN_POINT('Ctrl Pts',(-137.296612775,199.742456956874,0.));
#4092=CARTESIAN_POINT('Ctrl Pts',(-137.9685716805,198.059011969433,0.));
#4093=CARTESIAN_POINT('Ctrl Pts',(-138.56109969756,196.469317865506,0.));
#4094=CARTESIAN_POINT('Ctrl Pts',(-139.067705135219,194.988000824134,0.));
#4095=CARTESIAN_POINT('Ctrl Pts',(-139.488983620353,193.614235235782,0.));
#4096=CARTESIAN_POINT('Ctrl Pts',(-139.828273930448,192.334464211292,0.));
#4097=CARTESIAN_POINT('Ctrl Pts',(-140.087021955388,191.125997056921,0.));
#4098=CARTESIAN_POINT('Ctrl Pts',(-140.259688763244,189.960263583886,0.));
#4099=CARTESIAN_POINT('Ctrl Pts',(-140.330604032803,188.806107726734,0.));
#4100=CARTESIAN_POINT('Ctrl Pts',(-140.280181480942,187.632368945472,0.));
#4101=CARTESIAN_POINT('Ctrl Pts',(-140.089933663325,186.410629771803,0.));
#4102=CARTESIAN_POINT('Ctrl Pts',(-139.747754274323,185.117798183032,0.));
#4103=CARTESIAN_POINT('Ctrl Pts',(-139.25361441736,183.739023398655,0.));
#4104=CARTESIAN_POINT('Ctrl Pts',(-138.617768872718,182.266822999591,0.));
#4105=CARTESIAN_POINT('Ctrl Pts',(-137.858104866489,180.699801090741,0.));
#4106=CARTESIAN_POINT('Ctrl Pts',(-136.997812457184,179.041528958901,0.));
#4107=CARTESIAN_POINT('Ctrl Pts',(-136.062895764017,177.299323311467,0.));
#4108=CARTESIAN_POINT('Ctrl Pts',(-135.079810935993,175.483151319506,0.));
#4109=CARTESIAN_POINT('Ctrl Pts',(-134.072895561838,173.604263773462,0.));
#4110=CARTESIAN_POINT('Ctrl Pts',(-133.063905753569,171.676691793217,0.));
#4111=CARTESIAN_POINT('Ctrl Pts',(-132.071799215865,169.71901578054,0.));
#4112=CARTESIAN_POINT('Ctrl Pts',(-131.112417852778,167.756148058503,0.));
#4113=CARTESIAN_POINT('Ctrl Pts',(-130.198240696077,165.820864584696,0.));
#4114=CARTESIAN_POINT('Ctrl Pts',(-129.338039881765,163.956015651493,0.));
#4115=CARTESIAN_POINT('Ctrl Pts',(-128.536731723892,162.215118198242,0.));
#4116=CARTESIAN_POINT('Ctrl Pts',(-127.794770891409,160.666853531851,0.));
#4117=CARTESIAN_POINT('Ctrl Pts',(-127.108950235714,159.387487601384,0.));
#4118=CARTESIAN_POINT('Ctrl Pts',(-126.475976530347,158.429745758427,0.));
#4119=CARTESIAN_POINT('Ctrl Pts',(-125.895786770288,157.793486226985,0.));
#4120=CARTESIAN_POINT('Ctrl Pts',(-125.374306705392,157.402113024546,0.));
#4121=CARTESIAN_POINT('Ctrl Pts',(-124.92814026195,157.059967592554,0.));
#4122=CARTESIAN_POINT('Ctrl Pts',(-124.578152184581,156.519321302125,0.));
#4123=CARTESIAN_POINT('Ctrl Pts',(-124.335876354313,155.620075617747,0.));
#4124=CARTESIAN_POINT('Ctrl Pts',(-124.198117638493,154.343156945757,0.));
#4125=CARTESIAN_POINT('Ctrl Pts',(-124.151956227995,152.752902608647,0.));
#4126=CARTESIAN_POINT('Ctrl Pts',(-124.177569439112,150.961943236102,0.));
#4127=CARTESIAN_POINT('Ctrl Pts',(-124.251826698354,149.090061280361,0.));
#4128=CARTESIAN_POINT('Ctrl Pts',(-124.351781584085,147.218566658979,0.));
#4129=CARTESIAN_POINT('Ctrl Pts',(-124.457389061649,145.371751605003,0.));
#4130=CARTESIAN_POINT('Ctrl Pts',(-124.552726470459,143.541342234396,0.));
#4131=CARTESIAN_POINT('Ctrl Pts',(-124.627646315551,141.700728710863,0.));
#4132=CARTESIAN_POINT('Ctrl Pts',(-124.679129546646,139.822790096737,0.));
#4133=CARTESIAN_POINT('Ctrl Pts',(-124.713055906873,137.897417586194,0.));
#4134=CARTESIAN_POINT('Ctrl Pts',(-124.745122895265,135.946271585432,0.));
#4135=CARTESIAN_POINT('Ctrl Pts',(-124.803847077754,134.046115854961,0.));
#4136=CARTESIAN_POINT('Ctrl Pts',(-124.923267634161,132.307781018769,0.));
#4137=CARTESIAN_POINT('Ctrl Pts',(-125.131773191346,130.837823136645,0.));
#4138=CARTESIAN_POINT('Ctrl Pts',(-125.441396029383,129.703180134267,0.));
#4139=CARTESIAN_POINT('Ctrl Pts',(-125.838636974108,128.900287751984,0.));
#4140=CARTESIAN_POINT('Ctrl Pts',(-126.270514159806,128.308667911905,0.));
#4141=CARTESIAN_POINT('Ctrl Pts',(-126.645249259995,127.692665734719,0.));
#4142=CARTESIAN_POINT('Ctrl Pts',(-126.870988566103,126.826221621476,0.));
#4143=CARTESIAN_POINT('Ctrl Pts',(-126.894691124542,125.620932156058,0.));
#4144=CARTESIAN_POINT('Ctrl Pts',(-126.720118330215,124.177077499186,0.));
#4145=CARTESIAN_POINT('Ctrl Pts',(-126.38300888777,122.68063155512,0.));
#4146=CARTESIAN_POINT('Ctrl Pts',(-125.935312372456,121.331287822448,0.));
#4147=CARTESIAN_POINT('Ctrl Pts',(-125.427405069507,120.267037021493,0.));
#4148=CARTESIAN_POINT('Ctrl Pts',(-124.887107268094,119.467669417763,0.));
#4149=CARTESIAN_POINT('Ctrl Pts',(-124.320003339524,118.777942236251,0.));
#4150=CARTESIAN_POINT('Ctrl Pts',(-123.722381179291,118.000255424937,0.));
#4151=CARTESIAN_POINT('Ctrl Pts',(-123.090179050541,116.965272849111,0.));
#4152=CARTESIAN_POINT('Ctrl Pts',(-122.429753777956,115.612957936479,0.));
#4153=CARTESIAN_POINT('Ctrl Pts',(-121.754254687168,113.967213989273,0.));
#4154=CARTESIAN_POINT('Ctrl Pts',(-121.080037109506,112.110415443198,0.));
#4155=CARTESIAN_POINT('Ctrl Pts',(-120.423138530103,110.158226904168,0.));
#4156=CARTESIAN_POINT('Ctrl Pts',(-119.795514526024,108.233551088997,0.));
#4157=CARTESIAN_POINT('Ctrl Pts',(-119.201879411109,106.442636328964,0.));
#4158=CARTESIAN_POINT('Ctrl Pts',(-118.635004048382,104.845694130154,0.));
#4159=CARTESIAN_POINT('Ctrl Pts',(-118.078905177557,103.45591576545,0.));
#4160=CARTESIAN_POINT('Ctrl Pts',(-117.515081163201,102.250199565192,0.));
#4161=CARTESIAN_POINT('Ctrl Pts',(-116.928047577685,101.175834203168,0.));
#4162=CARTESIAN_POINT('Ctrl Pts',(-116.310530951905,100.159425176554,0.));
#4163=CARTESIAN_POINT('Ctrl Pts',(-115.670350128624,99.1134851311586,0.));
#4164=CARTESIAN_POINT('Ctrl Pts',(-115.031055156163,97.9488824593994,0.));
#4165=CARTESIAN_POINT('Ctrl Pts',(-114.423542450534,96.5946566864613,0.));
#4166=CARTESIAN_POINT('Ctrl Pts',(-113.879758310254,95.0167232751876,0.));
#4167=CARTESIAN_POINT('Ctrl Pts',(-113.425784713098,93.2356403528408,0.));
#4168=CARTESIAN_POINT('Ctrl Pts',(-113.074655278805,91.3480637127051,0.));
#4169=CARTESIAN_POINT('Ctrl Pts',(-112.82084369685,89.5370595185593,0.));
#4170=CARTESIAN_POINT('Ctrl Pts',(-112.64835295057,87.9996264579596,0.));
#4171=CARTESIAN_POINT('Ctrl Pts',(-112.537459641584,86.882084004592,0.));
#4172=CARTESIAN_POINT('Ctrl Pts',(-112.471919330039,86.2131589616864,0.));
#4173=CARTESIAN_POINT('Ctrl Pts',(-112.446106670874,85.836323051939,0.));
#4174=CARTESIAN_POINT('Ctrl Pts',(-112.471779111483,85.3478134921495,0.));
#4175=CARTESIAN_POINT('Ctrl Pts',(-112.559849133207,84.3818656530031,0.));
#4176=CARTESIAN_POINT('Ctrl Pts',(-112.70440633429,82.8629151674224,0.));
#4177=CARTESIAN_POINT('Ctrl Pts',(-112.88962776573,80.9112877788676,0.));
#4178=CARTESIAN_POINT('Ctrl Pts',(-113.095470540749,78.7674839695108,0.));
#4179=CARTESIAN_POINT('Ctrl Pts',(-113.303815635288,76.7095504762837,0.));
#4180=CARTESIAN_POINT('Ctrl Pts',(-113.504426369325,74.9733586392965,0.));
#4181=CARTESIAN_POINT('Ctrl Pts',(-113.70097397098,73.6717141024165,0.));
#4182=CARTESIAN_POINT('Ctrl Pts',(-113.917067137117,72.7137683082876,0.));
#4183=CARTESIAN_POINT('Ctrl Pts',(-114.185411679991,71.8919280243918,0.));
#4184=CARTESIAN_POINT('Ctrl Pts',(-114.537235870406,70.9669597858218,0.));
#4185=CARTESIAN_POINT('Ctrl Pts',(-114.991096820377,69.7573192881559,0.));
#4186=CARTESIAN_POINT('Ctrl Pts',(-115.543408137919,68.2166752111316,0.));
#4187=CARTESIAN_POINT('Ctrl Pts',(-116.175983958906,66.394195142925,0.));
#4188=CARTESIAN_POINT('Ctrl Pts',(-116.862318519383,64.403762214055,0.));
#4189=CARTESIAN_POINT('Ctrl Pts',(-117.574188843677,62.390442527666,0.));
#4190=CARTESIAN_POINT('Ctrl Pts',(-118.288475646378,60.4966744997125,0.));
#4191=CARTESIAN_POINT('Ctrl Pts',(-118.993059829757,58.8319725510344,0.));
#4192=CARTESIAN_POINT('Ctrl Pts',(-119.695187125765,57.432667107502,0.));
#4193=CARTESIAN_POINT('Ctrl Pts',(-120.420025567948,56.2616864483272,0.));
#4194=CARTESIAN_POINT('Ctrl Pts',(-121.201499819492,55.2401299890981,0.));
#4195=CARTESIAN_POINT('Ctrl Pts',(-122.075064446805,54.2705456567154,0.));
#4196=CARTESIAN_POINT('Ctrl Pts',(-123.070283474986,53.2618129304221,0.));
#4197=CARTESIAN_POINT('Ctrl Pts',(-124.202033712256,52.1576933405721,0.));
#4198=CARTESIAN_POINT('Ctrl Pts',(-125.467484259545,50.9483176358635,0.));
#4199=CARTESIAN_POINT('Ctrl Pts',(-126.85200276155,49.6549131109773,0.));
#4200=CARTESIAN_POINT('Ctrl Pts',(-128.33294131569,48.3209219047943,0.));
#4201=CARTESIAN_POINT('Ctrl Pts',(-129.884216955774,47.0006788724905,0.));
#4202=CARTESIAN_POINT('Ctrl Pts',(-131.480690747041,45.7488169606045,0.));
#4203=CARTESIAN_POINT('Ctrl Pts',(-133.102306221733,44.6101093538412,0.));
#4204=CARTESIAN_POINT('Ctrl Pts',(-134.739180446056,43.6071802689805,0.));
#4205=CARTESIAN_POINT('Ctrl Pts',(-136.390429634072,42.7425380937684,0.));
#4206=CARTESIAN_POINT('Ctrl Pts',(-138.061159055367,42.004819950134,0.));
#4207=CARTESIAN_POINT('Ctrl Pts',(-139.76008180373,41.3735931148598,0.));
#4208=CARTESIAN_POINT('Ctrl Pts',(-141.496852812979,40.8248088021566,0.));
#4209=CARTESIAN_POINT('Ctrl Pts',(-143.279577086834,40.335858702622,0.));
#4210=CARTESIAN_POINT('Ctrl Pts',(-145.112119845176,39.8910790013566,0.));
#4211=CARTESIAN_POINT('Ctrl Pts',(-146.991859080531,39.4862582734489,0.));
#4212=CARTESIAN_POINT('Ctrl Pts',(-148.910927057652,39.1253162458254,0.));
#4213=CARTESIAN_POINT('Ctrl Pts',(-150.857137875012,38.8176785175597,0.));
#4214=CARTESIAN_POINT('Ctrl Pts',(-152.81503176921,38.5754075779175,0.));
#4215=CARTESIAN_POINT('Ctrl Pts',(-154.766874462747,38.4103902073529,0.));
#4216=CARTESIAN_POINT('Ctrl Pts',(-156.693662872746,38.3316120121096,0.));
#4217=CARTESIAN_POINT('Ctrl Pts',(-158.576157600383,38.3421278838022,0.));
#4218=CARTESIAN_POINT('Ctrl Pts',(-160.395814312978,38.4369629169296,0.));
#4219=CARTESIAN_POINT('Ctrl Pts',(-162.135199635061,38.6056733402476,0.));
#4220=CARTESIAN_POINT('Ctrl Pts',(-163.778471409707,38.8342861490331,0.));
#4221=CARTESIAN_POINT('Ctrl Pts',(-165.311841957196,39.1074987055448,0.));
#4222=CARTESIAN_POINT('Ctrl Pts',(-166.724031299234,39.4107227572589,0.));
#4223=CARTESIAN_POINT('Ctrl Pts',(-168.006767143321,39.7323010869111,0.));
#4224=CARTESIAN_POINT('Ctrl Pts',(-169.15514346293,40.0653434209998,0.));
#4225=CARTESIAN_POINT('Ctrl Pts',(-169.964394813839,40.3381648408776,0.));
#4226=CARTESIAN_POINT('Ctrl Pts',(-170.509407882959,40.5458574109436,0.));
#4227=CARTESIAN_POINT('Ctrl Pts',(-170.845228476076,40.6856857200541,0.));
#4228=CARTESIAN_POINT('Ctrl Pts',(-171.006258425214,40.7559415626632,0.));
#4229=CARTESIAN_POINT('',(-140.040314622297,234.95766709076,0.));
#4230=CARTESIAN_POINT('Ctrl Pts',(-137.459228324642,238.006009858348,0.));
#4231=CARTESIAN_POINT('Ctrl Pts',(-137.459228324642,238.006009858348,4.5));
#4232=CARTESIAN_POINT('Ctrl Pts',(-137.4413710872,238.003979721498,0.));
#4233=CARTESIAN_POINT('Ctrl Pts',(-137.4413710872,238.003979721498,4.5));
#4234=CARTESIAN_POINT('Ctrl Pts',(-137.414596537497,237.992373295014,0.));
#4235=CARTESIAN_POINT('Ctrl Pts',(-137.414596537497,237.992373295014,4.5));
#4236=CARTESIAN_POINT('Ctrl Pts',(-137.401264737796,237.952315135191,0.));
#4237=CARTESIAN_POINT('Ctrl Pts',(-137.401264737796,237.952315135191,4.5));
#4238=CARTESIAN_POINT('Ctrl Pts',(-137.437080575159,237.853677285738,0.));
#4239=CARTESIAN_POINT('Ctrl Pts',(-137.437080575159,237.853677285738,4.5));
#4240=CARTESIAN_POINT('Ctrl Pts',(-137.566238975782,237.659775408422,0.));
#4241=CARTESIAN_POINT('Ctrl Pts',(-137.566238975782,237.659775408422,4.5));
#4242=CARTESIAN_POINT('Ctrl Pts',(-137.763006365445,237.411512627168,0.));
#4243=CARTESIAN_POINT('Ctrl Pts',(-137.763006365445,237.411512627168,4.5));
#4244=CARTESIAN_POINT('Ctrl Pts',(-137.999478130315,237.135804972055,0.));
#4245=CARTESIAN_POINT('Ctrl Pts',(-137.999478130315,237.135804972055,4.5));
#4246=CARTESIAN_POINT('Ctrl Pts',(-138.244572454814,236.862360931032,0.));
#4247=CARTESIAN_POINT('Ctrl Pts',(-138.244572454814,236.862360931032,4.5));
#4248=CARTESIAN_POINT('Ctrl Pts',(-138.470371694674,236.617364031117,0.));
#4249=CARTESIAN_POINT('Ctrl Pts',(-138.470371694674,236.617364031117,4.5));
#4250=CARTESIAN_POINT('Ctrl Pts',(-138.658387196683,236.417260699989,0.));
#4251=CARTESIAN_POINT('Ctrl Pts',(-138.658387196683,236.417260699989,4.5));
#4252=CARTESIAN_POINT('Ctrl Pts',(-138.807639111467,236.260692325491,0.));
#4253=CARTESIAN_POINT('Ctrl Pts',(-138.807639111467,236.260692325491,4.5));
#4254=CARTESIAN_POINT('Ctrl Pts',(-138.935845584535,236.127434566985,0.));
#4255=CARTESIAN_POINT('Ctrl Pts',(-138.935845584535,236.127434566985,4.5));
#4256=CARTESIAN_POINT('Ctrl Pts',(-139.067205029763,235.990989755239,0.));
#4257=CARTESIAN_POINT('Ctrl Pts',(-139.067205029763,235.990989755239,4.5));
#4258=CARTESIAN_POINT('Ctrl Pts',(-139.224110665183,235.827140107005,0.));
#4259=CARTESIAN_POINT('Ctrl Pts',(-139.224110665183,235.827140107005,4.5));
#4260=CARTESIAN_POINT('Ctrl Pts',(-139.415171572165,235.626359132843,0.));
#4261=CARTESIAN_POINT('Ctrl Pts',(-139.415171572165,235.626359132843,4.5));
#4262=CARTESIAN_POINT('Ctrl Pts',(-139.623215813864,235.406272631024,0.));
#4263=CARTESIAN_POINT('Ctrl Pts',(-139.623215813864,235.406272631024,4.5));
#4264=CARTESIAN_POINT('Ctrl Pts',(-139.79837612504,235.219429041061,0.));
#4265=CARTESIAN_POINT('Ctrl Pts',(-139.79837612504,235.219429041061,4.5));
#4266=CARTESIAN_POINT('Ctrl Pts',(-139.926845110467,235.081070091127,0.));
#4267=CARTESIAN_POINT('Ctrl Pts',(-139.926845110467,235.081070091127,4.5));
#4268=CARTESIAN_POINT('Ctrl Pts',(-140.006940073086,234.994070216642,0.));
#4269=CARTESIAN_POINT('Ctrl Pts',(-140.006940073086,234.994070216642,4.5));
#4270=CARTESIAN_POINT('Ctrl Pts',(-140.040314622297,234.95766709076,0.));
#4271=CARTESIAN_POINT('Ctrl Pts',(-140.040314622297,234.95766709076,4.5));
#4272=CARTESIAN_POINT('',(-137.459228324642,238.006009858348,0.));
#4273=CARTESIAN_POINT('Ctrl Pts',(-137.459228324642,238.006009858348,0.));
#4274=CARTESIAN_POINT('Ctrl Pts',(-137.4413710872,238.003979721498,0.));
#4275=CARTESIAN_POINT('Ctrl Pts',(-137.414596537497,237.992373295014,0.));
#4276=CARTESIAN_POINT('Ctrl Pts',(-137.401264737796,237.952315135191,0.));
#4277=CARTESIAN_POINT('Ctrl Pts',(-137.437080575159,237.853677285738,0.));
#4278=CARTESIAN_POINT('Ctrl Pts',(-137.566238975782,237.659775408422,0.));
#4279=CARTESIAN_POINT('Ctrl Pts',(-137.763006365445,237.411512627168,0.));
#4280=CARTESIAN_POINT('Ctrl Pts',(-137.999478130315,237.135804972055,0.));
#4281=CARTESIAN_POINT('Ctrl Pts',(-138.244572454814,236.862360931032,0.));
#4282=CARTESIAN_POINT('Ctrl Pts',(-138.470371694674,236.617364031117,0.));
#4283=CARTESIAN_POINT('Ctrl Pts',(-138.658387196683,236.417260699989,0.));
#4284=CARTESIAN_POINT('Ctrl Pts',(-138.807639111467,236.260692325491,0.));
#4285=CARTESIAN_POINT('Ctrl Pts',(-138.935845584535,236.127434566985,0.));
#4286=CARTESIAN_POINT('Ctrl Pts',(-139.067205029763,235.990989755239,0.));
#4287=CARTESIAN_POINT('Ctrl Pts',(-139.224110665183,235.827140107005,0.));
#4288=CARTESIAN_POINT('Ctrl Pts',(-139.415171572165,235.626359132843,0.));
#4289=CARTESIAN_POINT('Ctrl Pts',(-139.623215813864,235.406272631024,0.));
#4290=CARTESIAN_POINT('Ctrl Pts',(-139.79837612504,235.219429041061,0.));
#4291=CARTESIAN_POINT('Ctrl Pts',(-139.926845110467,235.081070091127,0.));
#4292=CARTESIAN_POINT('Ctrl Pts',(-140.006940073086,234.994070216642,0.));
#4293=CARTESIAN_POINT('Ctrl Pts',(-140.040314622297,234.95766709076,0.));
#4294=CARTESIAN_POINT('',(-137.459228324642,238.006009858348,0.));
#4295=CARTESIAN_POINT('Ctrl Pts',(-135.205942268139,242.125747783935,0.));
#4296=CARTESIAN_POINT('Ctrl Pts',(-135.205942268139,242.125747783935,4.5));
#4297=CARTESIAN_POINT('Ctrl Pts',(-135.239356292162,242.000693253385,0.));
#4298=CARTESIAN_POINT('Ctrl Pts',(-135.239356292162,242.000693253385,4.5));
#4299=CARTESIAN_POINT('Ctrl Pts',(-135.317026438187,241.72993315317,0.));
#4300=CARTESIAN_POINT('Ctrl Pts',(-135.317026438187,241.72993315317,4.5));
#4301=CARTESIAN_POINT('Ctrl Pts',(-135.452488556339,241.320986115496,0.));
#4302=CARTESIAN_POINT('Ctrl Pts',(-135.452488556339,241.320986115496,4.5));
#4303=CARTESIAN_POINT('Ctrl Pts',(-135.669814864967,240.779980655566,0.));
#4304=CARTESIAN_POINT('Ctrl Pts',(-135.669814864967,240.779980655566,4.5));
#4305=CARTESIAN_POINT('Ctrl Pts',(-136.004556465253,240.106153990483,0.));
#4306=CARTESIAN_POINT('Ctrl Pts',(-136.004556465253,240.106153990483,4.5));
#4307=CARTESIAN_POINT('Ctrl Pts',(-136.417054835527,239.410573074616,0.));
#4308=CARTESIAN_POINT('Ctrl Pts',(-136.417054835527,239.410573074616,4.5));
#4309=CARTESIAN_POINT('Ctrl Pts',(-136.800613569924,238.851214642847,0.));
#4310=CARTESIAN_POINT('Ctrl Pts',(-136.800613569924,238.851214642847,4.5));
#4311=CARTESIAN_POINT('Ctrl Pts',(-137.118283987496,238.429474431179,0.));
#4312=CARTESIAN_POINT('Ctrl Pts',(-137.118283987496,238.429474431179,4.5));
#4313=CARTESIAN_POINT('Ctrl Pts',(-137.343363653231,238.147328918756,0.));
#4314=CARTESIAN_POINT('Ctrl Pts',(-137.343363653231,238.147328918756,4.5));
#4315=CARTESIAN_POINT('Ctrl Pts',(-137.459228324642,238.006009858348,0.));
#4316=CARTESIAN_POINT('Ctrl Pts',(-137.459228324642,238.006009858348,4.5));
#4317=CARTESIAN_POINT('',(-135.205942268139,242.125747783935,0.));
#4318=CARTESIAN_POINT('Ctrl Pts',(-135.205942268139,242.125747783935,0.));
#4319=CARTESIAN_POINT('Ctrl Pts',(-135.239356292162,242.000693253385,0.));
#4320=CARTESIAN_POINT('Ctrl Pts',(-135.317026438187,241.72993315317,0.));
#4321=CARTESIAN_POINT('Ctrl Pts',(-135.452488556339,241.320986115496,0.));
#4322=CARTESIAN_POINT('Ctrl Pts',(-135.669814864967,240.779980655566,0.));
#4323=CARTESIAN_POINT('Ctrl Pts',(-136.004556465253,240.106153990483,0.));
#4324=CARTESIAN_POINT('Ctrl Pts',(-136.417054835527,239.410573074616,0.));
#4325=CARTESIAN_POINT('Ctrl Pts',(-136.800613569924,238.851214642847,0.));
#4326=CARTESIAN_POINT('Ctrl Pts',(-137.118283987496,238.429474431179,0.));
#4327=CARTESIAN_POINT('Ctrl Pts',(-137.343363653231,238.147328918756,0.));
#4328=CARTESIAN_POINT('Ctrl Pts',(-137.459228324642,238.006009858348,0.));
#4329=CARTESIAN_POINT('',(-135.205942268139,242.125747783935,0.));
#4330=CARTESIAN_POINT('Ctrl Pts',(-143.083439402784,265.821348445081,0.));
#4331=CARTESIAN_POINT('Ctrl Pts',(-143.083439402784,265.821348445081,4.5));
#4332=CARTESIAN_POINT('Ctrl Pts',(-142.962011283427,265.78794976392,0.));
#4333=CARTESIAN_POINT('Ctrl Pts',(-142.962011283427,265.78794976392,4.5));
#4334=CARTESIAN_POINT('Ctrl Pts',(-142.712154182554,265.708067422747,0.));
#4335=CARTESIAN_POINT('Ctrl Pts',(-142.712154182554,265.708067422747,4.5));
#4336=CARTESIAN_POINT('Ctrl Pts',(-142.316363920672,265.548985382304,0.));
#4337=CARTESIAN_POINT('Ctrl Pts',(-142.316363920672,265.548985382304,4.5));
#4338=CARTESIAN_POINT('Ctrl Pts',(-141.74665003034,265.258386591062,0.));
#4339=CARTESIAN_POINT('Ctrl Pts',(-141.74665003034,265.258386591062,4.5));
#4340=CARTESIAN_POINT('Ctrl Pts',(-140.968796665014,264.769713949982,0.));
#4341=CARTESIAN_POINT('Ctrl Pts',(-140.968796665014,264.769713949982,4.5));
#4342=CARTESIAN_POINT('Ctrl Pts',(-140.138423538679,264.172427561695,0.));
#4343=CARTESIAN_POINT('Ctrl Pts',(-140.138423538679,264.172427561695,4.5));
#4344=CARTESIAN_POINT('Ctrl Pts',(-139.281137628333,263.498738100272,0.));
#4345=CARTESIAN_POINT('Ctrl Pts',(-139.281137628333,263.498738100272,4.5));
#4346=CARTESIAN_POINT('Ctrl Pts',(-138.427903561677,262.779504377302,0.));
#4347=CARTESIAN_POINT('Ctrl Pts',(-138.427903561677,262.779504377302,4.5));
#4348=CARTESIAN_POINT('Ctrl Pts',(-137.609246036288,262.030673386397,0.));
#4349=CARTESIAN_POINT('Ctrl Pts',(-137.609246036288,262.030673386397,4.5));
#4350=CARTESIAN_POINT('Ctrl Pts',(-136.848241623861,261.235572681048,0.));
#4351=CARTESIAN_POINT('Ctrl Pts',(-136.848241623861,261.235572681048,4.5));
#4352=CARTESIAN_POINT('Ctrl Pts',(-136.156231179816,260.337786513702,0.));
#4353=CARTESIAN_POINT('Ctrl Pts',(-136.156231179816,260.337786513702,4.5));
#4354=CARTESIAN_POINT('Ctrl Pts',(-135.537462754131,259.269316742524,0.));
#4355=CARTESIAN_POINT('Ctrl Pts',(-135.537462754131,259.269316742524,4.5));
#4356=CARTESIAN_POINT('Ctrl Pts',(-134.992414991131,257.973996401259,0.));
#4357=CARTESIAN_POINT('Ctrl Pts',(-134.992414991131,257.973996401259,4.5));
#4358=CARTESIAN_POINT('Ctrl Pts',(-134.521433293109,256.430916845619,0.));
#4359=CARTESIAN_POINT('Ctrl Pts',(-134.521433293109,256.430916845619,4.5));
#4360=CARTESIAN_POINT('Ctrl Pts',(-134.128757198435,254.682634341526,0.));
#4361=CARTESIAN_POINT('Ctrl Pts',(-134.128757198435,254.682634341526,4.5));
#4362=CARTESIAN_POINT('Ctrl Pts',(-133.821754500472,252.819059609008,0.));
#4363=CARTESIAN_POINT('Ctrl Pts',(-133.821754500472,252.819059609008,4.5));
#4364=CARTESIAN_POINT('Ctrl Pts',(-133.609123426405,250.951989483445,0.));
#4365=CARTESIAN_POINT('Ctrl Pts',(-133.609123426405,250.951989483445,4.5));
#4366=CARTESIAN_POINT('Ctrl Pts',(-133.499491717986,249.193510092124,0.));
#4367=CARTESIAN_POINT('Ctrl Pts',(-133.499491717986,249.193510092124,4.5));
#4368=CARTESIAN_POINT('Ctrl Pts',(-133.49976910441,247.631404965324,0.));
#4369=CARTESIAN_POINT('Ctrl Pts',(-133.49976910441,247.631404965324,4.5));
#4370=CARTESIAN_POINT('Ctrl Pts',(-133.613791707052,246.309042547356,0.));
#4371=CARTESIAN_POINT('Ctrl Pts',(-133.613791707052,246.309042547356,4.5));
#4372=CARTESIAN_POINT('Ctrl Pts',(-133.840360882396,245.195158550768,0.));
#4373=CARTESIAN_POINT('Ctrl Pts',(-133.840360882396,245.195158550768,4.5));
#4374=CARTESIAN_POINT('Ctrl Pts',(-134.174307411075,244.203308374419,0.));
#4375=CARTESIAN_POINT('Ctrl Pts',(-134.174307411075,244.203308374419,4.5));
#4376=CARTESIAN_POINT('Ctrl Pts',(-134.528774790344,243.41528447152,0.));
#4377=CARTESIAN_POINT('Ctrl Pts',(-134.528774790344,243.41528447152,4.5));
#4378=CARTESIAN_POINT('Ctrl Pts',(-134.841219038776,242.796360417073,0.));
#4379=CARTESIAN_POINT('Ctrl Pts',(-134.841219038776,242.796360417073,4.5));
#4380=CARTESIAN_POINT('Ctrl Pts',(-135.0722581378,242.366607069588,0.));
#4381=CARTESIAN_POINT('Ctrl Pts',(-135.0722581378,242.366607069588,4.5));
#4382=CARTESIAN_POINT('Ctrl Pts',(-135.197287945244,242.141309182638,0.));
#4383=CARTESIAN_POINT('Ctrl Pts',(-135.197287945244,242.141309182638,4.5));
#4384=CARTESIAN_POINT('Ctrl Pts',(-135.205942268139,242.125747783935,0.));
#4385=CARTESIAN_POINT('Ctrl Pts',(-135.205942268139,242.125747783935,4.5));
#4386=CARTESIAN_POINT('',(-143.083439402784,265.821348445081,0.));
#4387=CARTESIAN_POINT('Ctrl Pts',(-143.083439402784,265.821348445081,0.));
#4388=CARTESIAN_POINT('Ctrl Pts',(-142.962011283427,265.78794976392,0.));
#4389=CARTESIAN_POINT('Ctrl Pts',(-142.712154182554,265.708067422747,0.));
#4390=CARTESIAN_POINT('Ctrl Pts',(-142.316363920672,265.548985382304,0.));
#4391=CARTESIAN_POINT('Ctrl Pts',(-141.74665003034,265.258386591062,0.));
#4392=CARTESIAN_POINT('Ctrl Pts',(-140.968796665014,264.769713949982,0.));
#4393=CARTESIAN_POINT('Ctrl Pts',(-140.138423538679,264.172427561695,0.));
#4394=CARTESIAN_POINT('Ctrl Pts',(-139.281137628333,263.498738100272,0.));
#4395=CARTESIAN_POINT('Ctrl Pts',(-138.427903561677,262.779504377302,0.));
#4396=CARTESIAN_POINT('Ctrl Pts',(-137.609246036288,262.030673386397,0.));
#4397=CARTESIAN_POINT('Ctrl Pts',(-136.848241623861,261.235572681048,0.));
#4398=CARTESIAN_POINT('Ctrl Pts',(-136.156231179816,260.337786513702,0.));
#4399=CARTESIAN_POINT('Ctrl Pts',(-135.537462754131,259.269316742524,0.));
#4400=CARTESIAN_POINT('Ctrl Pts',(-134.992414991131,257.973996401259,0.));
#4401=CARTESIAN_POINT('Ctrl Pts',(-134.521433293109,256.430916845619,0.));
#4402=CARTESIAN_POINT('Ctrl Pts',(-134.128757198435,254.682634341526,0.));
#4403=CARTESIAN_POINT('Ctrl Pts',(-133.821754500472,252.819059609008,0.));
#4404=CARTESIAN_POINT('Ctrl Pts',(-133.609123426405,250.951989483445,0.));
#4405=CARTESIAN_POINT('Ctrl Pts',(-133.499491717986,249.193510092124,0.));
#4406=CARTESIAN_POINT('Ctrl Pts',(-133.49976910441,247.631404965324,0.));
#4407=CARTESIAN_POINT('Ctrl Pts',(-133.613791707052,246.309042547356,0.));
#4408=CARTESIAN_POINT('Ctrl Pts',(-133.840360882396,245.195158550768,0.));
#4409=CARTESIAN_POINT('Ctrl Pts',(-134.174307411075,244.203308374419,0.));
#4410=CARTESIAN_POINT('Ctrl Pts',(-134.528774790344,243.41528447152,0.));
#4411=CARTESIAN_POINT('Ctrl Pts',(-134.841219038776,242.796360417073,0.));
#4412=CARTESIAN_POINT('Ctrl Pts',(-135.0722581378,242.366607069588,0.));
#4413=CARTESIAN_POINT('Ctrl Pts',(-135.197287945244,242.141309182638,0.));
#4414=CARTESIAN_POINT('Ctrl Pts',(-135.205942268139,242.125747783935,0.));
#4415=CARTESIAN_POINT('',(-143.083439402784,265.821348445081,0.));
#4416=CARTESIAN_POINT('Ctrl Pts',(-250.960959981042,248.688104275253,0.));
#4417=CARTESIAN_POINT('Ctrl Pts',(-250.960959981042,248.688104275253,4.5));
#4418=CARTESIAN_POINT('Ctrl Pts',(-251.002156235123,248.941623677461,0.));
#4419=CARTESIAN_POINT('Ctrl Pts',(-251.002156235123,248.941623677461,4.5));
#4420=CARTESIAN_POINT('Ctrl Pts',(-251.082968748781,249.513237069229,0.));
#4421=CARTESIAN_POINT('Ctrl Pts',(-251.082968748781,249.513237069229,4.5));
#4422=CARTESIAN_POINT('Ctrl Pts',(-251.174675125791,250.438859223144,0.));
#4423=CARTESIAN_POINT('Ctrl Pts',(-251.174675125791,250.438859223144,4.5));
#4424=CARTESIAN_POINT('Ctrl Pts',(-251.232525701999,251.763981108456,0.));
#4425=CARTESIAN_POINT('Ctrl Pts',(-251.232525701999,251.763981108456,4.5));
#4426=CARTESIAN_POINT('Ctrl Pts',(-251.19986857789,253.508783686531,0.));
#4427=CARTESIAN_POINT('Ctrl Pts',(-251.19986857789,253.508783686531,4.5));
#4428=CARTESIAN_POINT('Ctrl Pts',(-251.052538895213,255.331600819117,0.));
#4429=CARTESIAN_POINT('Ctrl Pts',(-251.052538895213,255.331600819117,4.5));
#4430=CARTESIAN_POINT('Ctrl Pts',(-250.784075386421,257.10847569183,0.));
#4431=CARTESIAN_POINT('Ctrl Pts',(-250.784075386421,257.10847569183,4.5));
#4432=CARTESIAN_POINT('Ctrl Pts',(-250.383746137571,258.779352657672,0.));
#4433=CARTESIAN_POINT('Ctrl Pts',(-250.383746137571,258.779352657672,4.5));
#4434=CARTESIAN_POINT('Ctrl Pts',(-249.841298127163,260.29087241199,0.));
#4435=CARTESIAN_POINT('Ctrl Pts',(-249.841298127163,260.29087241199,4.5));
#4436=CARTESIAN_POINT('Ctrl Pts',(-249.15108930657,261.59985463262,0.));
#4437=CARTESIAN_POINT('Ctrl Pts',(-249.15108930657,261.59985463262,4.5));
#4438=CARTESIAN_POINT('Ctrl Pts',(-248.316157454094,262.677041086237,0.));
#4439=CARTESIAN_POINT('Ctrl Pts',(-248.316157454094,262.677041086237,4.5));
#4440=CARTESIAN_POINT('Ctrl Pts',(-247.351943268867,263.510414706219,0.));
#4441=CARTESIAN_POINT('Ctrl Pts',(-247.351943268867,263.510414706219,4.5));
#4442=CARTESIAN_POINT('Ctrl Pts',(-246.291160592606,264.109545389307,0.));
#4443=CARTESIAN_POINT('Ctrl Pts',(-246.291160592606,264.109545389307,4.5));
#4444=CARTESIAN_POINT('Ctrl Pts',(-245.178454858841,264.501312703104,0.));
#4445=CARTESIAN_POINT('Ctrl Pts',(-245.178454858841,264.501312703104,4.5));
#4446=CARTESIAN_POINT('Ctrl Pts',(-244.063279057044,264.724148012946,0.));
#4447=CARTESIAN_POINT('Ctrl Pts',(-244.063279057044,264.724148012946,4.5));
#4448=CARTESIAN_POINT('Ctrl Pts',(-242.99344853923,264.822828541158,0.));
#4449=CARTESIAN_POINT('Ctrl Pts',(-242.99344853923,264.822828541158,4.5));
#4450=CARTESIAN_POINT('Ctrl Pts',(-242.008291762205,264.842974975425,0.));
#4451=CARTESIAN_POINT('Ctrl Pts',(-242.008291762205,264.842974975425,4.5));
#4452=CARTESIAN_POINT('Ctrl Pts',(-241.13225274758,264.825837367976,0.));
#4453=CARTESIAN_POINT('Ctrl Pts',(-241.13225274758,264.825837367976,4.5));
#4454=CARTESIAN_POINT('Ctrl Pts',(-240.369439395318,264.803722100081,0.));
#4455=CARTESIAN_POINT('Ctrl Pts',(-240.369439395318,264.803722100081,4.5));
#4456=CARTESIAN_POINT('Ctrl Pts',(-239.699761886911,264.79631283054,0.));
#4457=CARTESIAN_POINT('Ctrl Pts',(-239.699761886911,264.79631283054,4.5));
#4458=CARTESIAN_POINT('Ctrl Pts',(-239.07116266,264.804800928148,0.));
#4459=CARTESIAN_POINT('Ctrl Pts',(-239.07116266,264.804800928148,4.5));
#4460=CARTESIAN_POINT('Ctrl Pts',(-238.404786264817,264.813270708537,0.));
#4461=CARTESIAN_POINT('Ctrl Pts',(-238.404786264817,264.813270708537,4.5));
#4462=CARTESIAN_POINT('Ctrl Pts',(-237.616856757881,264.799497165913,0.));
#4463=CARTESIAN_POINT('Ctrl Pts',(-237.616856757881,264.799497165913,4.5));
#4464=CARTESIAN_POINT('Ctrl Pts',(-236.639339146105,264.744987120209,0.));
#4465=CARTESIAN_POINT('Ctrl Pts',(-236.639339146105,264.744987120209,4.5));
#4466=CARTESIAN_POINT('Ctrl Pts',(-235.431522137146,264.640166598943,0.));
#4467=CARTESIAN_POINT('Ctrl Pts',(-235.431522137146,264.640166598943,4.5));
#4468=CARTESIAN_POINT('Ctrl Pts',(-233.976996397604,264.481636120874,0.));
#4469=CARTESIAN_POINT('Ctrl Pts',(-233.976996397604,264.481636120874,4.5));
#4470=CARTESIAN_POINT('Ctrl Pts',(-232.284358630504,264.271507958721,0.));
#4471=CARTESIAN_POINT('Ctrl Pts',(-232.284358630504,264.271507958721,4.5));
#4472=CARTESIAN_POINT('Ctrl Pts',(-230.386596537037,264.015874972175,0.));
#4473=CARTESIAN_POINT('Ctrl Pts',(-230.386596537037,264.015874972175,4.5));
#4474=CARTESIAN_POINT('Ctrl Pts',(-228.340608403792,263.723702433255,0.));
#4475=CARTESIAN_POINT('Ctrl Pts',(-228.340608403792,263.723702433255,4.5));
#4476=CARTESIAN_POINT('Ctrl Pts',(-226.227726837268,263.405420760265,0.));
#4477=CARTESIAN_POINT('Ctrl Pts',(-226.227726837268,263.405420760265,4.5));
#4478=CARTESIAN_POINT('Ctrl Pts',(-224.150609176554,263.072008303027,0.));
#4479=CARTESIAN_POINT('Ctrl Pts',(-224.150609176554,263.072008303027,4.5));
#4480=CARTESIAN_POINT('Ctrl Pts',(-222.215769652574,262.735646174076,0.));
#4481=CARTESIAN_POINT('Ctrl Pts',(-222.215769652574,262.735646174076,4.5));
#4482=CARTESIAN_POINT('Ctrl Pts',(-220.517934078012,262.410190135454,0.));
#4483=CARTESIAN_POINT('Ctrl Pts',(-220.517934078012,262.410190135454,4.5));
#4484=CARTESIAN_POINT('Ctrl Pts',(-219.124425281621,262.111619186698,0.));
#4485=CARTESIAN_POINT('Ctrl Pts',(-219.124425281621,262.111619186698,4.5));
#4486=CARTESIAN_POINT('Ctrl Pts',(-218.057822520639,261.858711374362,0.));
#4487=CARTESIAN_POINT('Ctrl Pts',(-218.057822520639,261.858711374362,4.5));
#4488=CARTESIAN_POINT('Ctrl Pts',(-217.283312013418,261.673119289822,0.));
#4489=CARTESIAN_POINT('Ctrl Pts',(-217.283312013418,261.673119289822,4.5));
#4490=CARTESIAN_POINT('Ctrl Pts',(-216.684460534924,261.580915094803,0.));
#4491=CARTESIAN_POINT('Ctrl Pts',(-216.684460534924,261.580915094803,4.5));
#4492=CARTESIAN_POINT('Ctrl Pts',(-216.074023039391,261.609721428045,0.));
#4493=CARTESIAN_POINT('Ctrl Pts',(-216.074023039391,261.609721428045,4.5));
#4494=CARTESIAN_POINT('Ctrl Pts',(-215.277181826761,261.777223948169,0.));
#4495=CARTESIAN_POINT('Ctrl Pts',(-215.277181826761,261.777223948169,4.5));
#4496=CARTESIAN_POINT('Ctrl Pts',(-214.215148171082,262.078993123025,0.));
#4497=CARTESIAN_POINT('Ctrl Pts',(-214.215148171082,262.078993123025,4.5));
#4498=CARTESIAN_POINT('Ctrl Pts',(-212.945319647001,262.48366301926,0.));
#4499=CARTESIAN_POINT('Ctrl Pts',(-212.945319647001,262.48366301926,4.5));
#4500=CARTESIAN_POINT('Ctrl Pts',(-211.593848551888,262.945604599369,0.));
#4501=CARTESIAN_POINT('Ctrl Pts',(-211.593848551888,262.945604599369,4.5));
#4502=CARTESIAN_POINT('Ctrl Pts',(-210.310440596366,263.414009514765,0.));
#4503=CARTESIAN_POINT('Ctrl Pts',(-210.310440596366,263.414009514765,4.5));
#4504=CARTESIAN_POINT('Ctrl Pts',(-209.215660872803,263.843173374469,0.));
#4505=CARTESIAN_POINT('Ctrl Pts',(-209.215660872803,263.843173374469,4.5));
#4506=CARTESIAN_POINT('Ctrl Pts',(-208.34814070128,264.202818403945,0.));
#4507=CARTESIAN_POINT('Ctrl Pts',(-208.34814070128,264.202818403945,4.5));
#4508=CARTESIAN_POINT('Ctrl Pts',(-207.621534704587,264.486787522061,0.));
#4509=CARTESIAN_POINT('Ctrl Pts',(-207.621534704587,264.486787522061,4.5));
#4510=CARTESIAN_POINT('Ctrl Pts',(-206.888845490279,264.704477000422,0.));
#4511=CARTESIAN_POINT('Ctrl Pts',(-206.888845490279,264.704477000422,4.5));
#4512=CARTESIAN_POINT('Ctrl Pts',(-205.99270812406,264.874271130956,0.));
#4513=CARTESIAN_POINT('Ctrl Pts',(-205.99270812406,264.874271130956,4.5));
#4514=CARTESIAN_POINT('Ctrl Pts',(-204.830009377115,265.015317571218,0.));
#4515=CARTESIAN_POINT('Ctrl Pts',(-204.830009377115,265.015317571218,4.5));
#4516=CARTESIAN_POINT('Ctrl Pts',(-203.379323789259,265.143117564256,0.));
#4517=CARTESIAN_POINT('Ctrl Pts',(-203.379323789259,265.143117564256,4.5));
#4518=CARTESIAN_POINT('Ctrl Pts',(-201.675176865764,265.270390172313,0.));
#4519=CARTESIAN_POINT('Ctrl Pts',(-201.675176865764,265.270390172313,4.5));
#4520=CARTESIAN_POINT('Ctrl Pts',(-199.794757031071,265.406709767895,0.));
#4521=CARTESIAN_POINT('Ctrl Pts',(-199.794757031071,265.406709767895,4.5));
#4522=CARTESIAN_POINT('Ctrl Pts',(-197.839795228284,265.558622321021,0.));
#4523=CARTESIAN_POINT('Ctrl Pts',(-197.839795228284,265.558622321021,4.5));
#4524=CARTESIAN_POINT('Ctrl Pts',(-195.920139802407,265.729587758471,0.));
#4525=CARTESIAN_POINT('Ctrl Pts',(-195.920139802407,265.729587758471,4.5));
#4526=CARTESIAN_POINT('Ctrl Pts',(-194.137501024002,265.919921392913,0.));
#4527=CARTESIAN_POINT('Ctrl Pts',(-194.137501024002,265.919921392913,4.5));
#4528=CARTESIAN_POINT('Ctrl Pts',(-192.566897173889,266.126917884219,0.));
#4529=CARTESIAN_POINT('Ctrl Pts',(-192.566897173889,266.126917884219,4.5));
#4530=CARTESIAN_POINT('Ctrl Pts',(-191.248358401475,266.34418802159,0.));
#4531=CARTESIAN_POINT('Ctrl Pts',(-191.248358401475,266.34418802159,4.5));
#4532=CARTESIAN_POINT('Ctrl Pts',(-190.188518803404,266.560519367762,0.));
#4533=CARTESIAN_POINT('Ctrl Pts',(-190.188518803404,266.560519367762,4.5));
#4534=CARTESIAN_POINT('Ctrl Pts',(-189.35850244904,266.758513288053,0.));
#4535=CARTESIAN_POINT('Ctrl Pts',(-189.35850244904,266.758513288053,4.5));
#4536=CARTESIAN_POINT('Ctrl Pts',(-188.695315018123,266.914090219515,0.));
#4537=CARTESIAN_POINT('Ctrl Pts',(-188.695315018123,266.914090219515,4.5));
#4538=CARTESIAN_POINT('Ctrl Pts',(-188.096904684008,266.993744140446,0.));
#4539=CARTESIAN_POINT('Ctrl Pts',(-188.096904684008,266.993744140446,4.5));
#4540=CARTESIAN_POINT('Ctrl Pts',(-187.436595517792,266.959254076935,0.));
#4541=CARTESIAN_POINT('Ctrl Pts',(-187.436595517792,266.959254076935,4.5));
#4542=CARTESIAN_POINT('Ctrl Pts',(-186.599698585311,266.781070133857,0.));
#4543=CARTESIAN_POINT('Ctrl Pts',(-186.599698585311,266.781070133857,4.5));
#4544=CARTESIAN_POINT('Ctrl Pts',(-185.521903584319,266.452388431034,0.));
#4545=CARTESIAN_POINT('Ctrl Pts',(-185.521903584319,266.452388431034,4.5));
#4546=CARTESIAN_POINT('Ctrl Pts',(-184.202620819313,265.993437960162,0.));
#4547=CARTESIAN_POINT('Ctrl Pts',(-184.202620819313,265.993437960162,4.5));
#4548=CARTESIAN_POINT('Ctrl Pts',(-182.682236412374,265.44165900334,0.));
#4549=CARTESIAN_POINT('Ctrl Pts',(-182.682236412374,265.44165900334,4.5));
#4550=CARTESIAN_POINT('Ctrl Pts',(-181.028723608471,264.845540044601,0.));
#4551=CARTESIAN_POINT('Ctrl Pts',(-181.028723608471,264.845540044601,4.5));
#4552=CARTESIAN_POINT('Ctrl Pts',(-179.320359188952,264.256932137898,0.));
#4553=CARTESIAN_POINT('Ctrl Pts',(-179.320359188952,264.256932137898,4.5));
#4554=CARTESIAN_POINT('Ctrl Pts',(-177.630340162925,263.724105359285,0.));
#4555=CARTESIAN_POINT('Ctrl Pts',(-177.630340162925,263.724105359285,4.5));
#4556=CARTESIAN_POINT('Ctrl Pts',(-176.010044031377,263.284276217148,0.));
#4557=CARTESIAN_POINT('Ctrl Pts',(-176.010044031377,263.284276217148,4.5));
#4558=CARTESIAN_POINT('Ctrl Pts',(-174.47439940132,262.956955517778,0.));
#4559=CARTESIAN_POINT('Ctrl Pts',(-174.47439940132,262.956955517778,4.5));
#4560=CARTESIAN_POINT('Ctrl Pts',(-173.013215280001,262.74746541774,0.));
#4561=CARTESIAN_POINT('Ctrl Pts',(-173.013215280001,262.74746541774,4.5));
#4562=CARTESIAN_POINT('Ctrl Pts',(-171.60112119127,262.649886449102,0.));
#4563=CARTESIAN_POINT('Ctrl Pts',(-171.60112119127,262.649886449102,4.5));
#4564=CARTESIAN_POINT('Ctrl Pts',(-170.207867794607,262.650202575104,0.));
#4565=CARTESIAN_POINT('Ctrl Pts',(-170.207867794607,262.650202575104,4.5));
#4566=CARTESIAN_POINT('Ctrl Pts',(-168.808824395443,262.729385852379,0.));
#4567=CARTESIAN_POINT('Ctrl Pts',(-168.808824395443,262.729385852379,4.5));
#4568=CARTESIAN_POINT('Ctrl Pts',(-167.394564357782,262.866440930933,0.));
#4569=CARTESIAN_POINT('Ctrl Pts',(-167.394564357782,262.866440930933,4.5));
#4570=CARTESIAN_POINT('Ctrl Pts',(-165.983028737649,263.041635335998,0.));
#4571=CARTESIAN_POINT('Ctrl Pts',(-165.983028737649,263.041635335998,4.5));
#4572=CARTESIAN_POINT('Ctrl Pts',(-164.609961294884,263.237955609037,0.));
#4573=CARTESIAN_POINT('Ctrl Pts',(-164.609961294884,263.237955609037,4.5));
#4574=CARTESIAN_POINT('Ctrl Pts',(-163.315861686208,263.44218721507,0.));
#4575=CARTESIAN_POINT('Ctrl Pts',(-163.315861686208,263.44218721507,4.5));
#4576=CARTESIAN_POINT('Ctrl Pts',(-162.133577159241,263.646243021858,0.));
#4577=CARTESIAN_POINT('Ctrl Pts',(-162.133577159241,263.646243021858,4.5));
#4578=CARTESIAN_POINT('Ctrl Pts',(-161.076928403087,263.848128768357,0.));
#4579=CARTESIAN_POINT('Ctrl Pts',(-161.076928403087,263.848128768357,4.5));
#4580=CARTESIAN_POINT('Ctrl Pts',(-160.12573715135,264.05369500135,0.));
#4581=CARTESIAN_POINT('Ctrl Pts',(-160.12573715135,264.05369500135,4.5));
#4582=CARTESIAN_POINT('Ctrl Pts',(-159.222916579353,264.275949245933,0.));
#4583=CARTESIAN_POINT('Ctrl Pts',(-159.222916579353,264.275949245933,4.5));
#4584=CARTESIAN_POINT('Ctrl Pts',(-158.297258175479,264.529204643929,0.));
#4585=CARTESIAN_POINT('Ctrl Pts',(-158.297258175479,264.529204643929,4.5));
#4586=CARTESIAN_POINT('Ctrl Pts',(-157.280411041102,264.824437017911,0.));
#4587=CARTESIAN_POINT('Ctrl Pts',(-157.280411041102,264.824437017911,4.5));
#4588=CARTESIAN_POINT('Ctrl Pts',(-156.127069622683,265.163883109388,0.));
#4589=CARTESIAN_POINT('Ctrl Pts',(-156.127069622683,265.163883109388,4.5));
#4590=CARTESIAN_POINT('Ctrl Pts',(-154.831254428608,265.536748563699,0.));
#4591=CARTESIAN_POINT('Ctrl Pts',(-154.831254428608,265.536748563699,4.5));
#4592=CARTESIAN_POINT('Ctrl Pts',(-153.41607607872,265.923198937336,0.));
#4593=CARTESIAN_POINT('Ctrl Pts',(-153.41607607872,265.923198937336,4.5));
#4594=CARTESIAN_POINT('Ctrl Pts',(-151.925693398814,266.297640992173,0.));
#4595=CARTESIAN_POINT('Ctrl Pts',(-151.925693398814,266.297640992173,4.5));
#4596=CARTESIAN_POINT('Ctrl Pts',(-150.416359979639,266.632317457409,0.));
#4597=CARTESIAN_POINT('Ctrl Pts',(-150.416359979639,266.632317457409,4.5));
#4598=CARTESIAN_POINT('Ctrl Pts',(-148.948069101383,266.900661570777,0.));
#4599=CARTESIAN_POINT('Ctrl Pts',(-148.948069101383,266.900661570777,4.5));
#4600=CARTESIAN_POINT('Ctrl Pts',(-147.575453623678,267.081007168526,0.));
#4601=CARTESIAN_POINT('Ctrl Pts',(-147.575453623678,267.081007168526,4.5));
#4602=CARTESIAN_POINT('Ctrl Pts',(-146.340467890363,267.159397375291,0.));
#4603=CARTESIAN_POINT('Ctrl Pts',(-146.340467890363,267.159397375291,4.5));
#4604=CARTESIAN_POINT('Ctrl Pts',(-145.274575730487,267.127595349974,0.));
#4605=CARTESIAN_POINT('Ctrl Pts',(-145.274575730487,267.127595349974,4.5));
#4606=CARTESIAN_POINT('Ctrl Pts',(-144.39975743066,266.981638387183,0.));
#4607=CARTESIAN_POINT('Ctrl Pts',(-144.39975743066,266.981638387183,4.5));
#4608=CARTESIAN_POINT('Ctrl Pts',(-143.730031686739,266.720264337144,0.));
#4609=CARTESIAN_POINT('Ctrl Pts',(-143.730031686739,266.720264337144,4.5));
#4610=CARTESIAN_POINT('Ctrl Pts',(-143.364089234335,266.418610897384,0.));
#4611=CARTESIAN_POINT('Ctrl Pts',(-143.364089234335,266.418610897384,4.5));
#4612=CARTESIAN_POINT('Ctrl Pts',(-143.186208344526,266.140245751074,0.));
#4613=CARTESIAN_POINT('Ctrl Pts',(-143.186208344526,266.140245751074,4.5));
#4614=CARTESIAN_POINT('Ctrl Pts',(-143.110542276013,265.93150786801,0.));
#4615=CARTESIAN_POINT('Ctrl Pts',(-143.110542276013,265.93150786801,4.5));
#4616=CARTESIAN_POINT('Ctrl Pts',(-143.083439402784,265.821348445081,0.));
#4617=CARTESIAN_POINT('Ctrl Pts',(-143.083439402784,265.821348445081,4.5));
#4618=CARTESIAN_POINT('',(-250.960959981042,248.688104275253,0.));
#4619=CARTESIAN_POINT('Ctrl Pts',(-250.960959981042,248.688104275253,0.));
#4620=CARTESIAN_POINT('Ctrl Pts',(-251.002156235123,248.941623677461,0.));
#4621=CARTESIAN_POINT('Ctrl Pts',(-251.082968748781,249.513237069229,0.));
#4622=CARTESIAN_POINT('Ctrl Pts',(-251.174675125791,250.438859223144,0.));
#4623=CARTESIAN_POINT('Ctrl Pts',(-251.232525701999,251.763981108456,0.));
#4624=CARTESIAN_POINT('Ctrl Pts',(-251.19986857789,253.508783686531,0.));
#4625=CARTESIAN_POINT('Ctrl Pts',(-251.052538895213,255.331600819117,0.));
#4626=CARTESIAN_POINT('Ctrl Pts',(-250.784075386421,257.10847569183,0.));
#4627=CARTESIAN_POINT('Ctrl Pts',(-250.383746137571,258.779352657672,0.));
#4628=CARTESIAN_POINT('Ctrl Pts',(-249.841298127163,260.29087241199,0.));
#4629=CARTESIAN_POINT('Ctrl Pts',(-249.15108930657,261.59985463262,0.));
#4630=CARTESIAN_POINT('Ctrl Pts',(-248.316157454094,262.677041086237,0.));
#4631=CARTESIAN_POINT('Ctrl Pts',(-247.351943268867,263.510414706219,0.));
#4632=CARTESIAN_POINT('Ctrl Pts',(-246.291160592606,264.109545389307,0.));
#4633=CARTESIAN_POINT('Ctrl Pts',(-245.178454858841,264.501312703104,0.));
#4634=CARTESIAN_POINT('Ctrl Pts',(-244.063279057044,264.724148012946,0.));
#4635=CARTESIAN_POINT('Ctrl Pts',(-242.99344853923,264.822828541158,0.));
#4636=CARTESIAN_POINT('Ctrl Pts',(-242.008291762205,264.842974975425,0.));
#4637=CARTESIAN_POINT('Ctrl Pts',(-241.13225274758,264.825837367976,0.));
#4638=CARTESIAN_POINT('Ctrl Pts',(-240.369439395318,264.803722100081,0.));
#4639=CARTESIAN_POINT('Ctrl Pts',(-239.699761886911,264.79631283054,0.));
#4640=CARTESIAN_POINT('Ctrl Pts',(-239.07116266,264.804800928148,0.));
#4641=CARTESIAN_POINT('Ctrl Pts',(-238.404786264817,264.813270708537,0.));
#4642=CARTESIAN_POINT('Ctrl Pts',(-237.616856757881,264.799497165913,0.));
#4643=CARTESIAN_POINT('Ctrl Pts',(-236.639339146105,264.744987120209,0.));
#4644=CARTESIAN_POINT('Ctrl Pts',(-235.431522137146,264.640166598943,0.));
#4645=CARTESIAN_POINT('Ctrl Pts',(-233.976996397604,264.481636120874,0.));
#4646=CARTESIAN_POINT('Ctrl Pts',(-232.284358630504,264.271507958721,0.));
#4647=CARTESIAN_POINT('Ctrl Pts',(-230.386596537037,264.015874972175,0.));
#4648=CARTESIAN_POINT('Ctrl Pts',(-228.340608403792,263.723702433255,0.));
#4649=CARTESIAN_POINT('Ctrl Pts',(-226.227726837268,263.405420760265,0.));
#4650=CARTESIAN_POINT('Ctrl Pts',(-224.150609176554,263.072008303027,0.));
#4651=CARTESIAN_POINT('Ctrl Pts',(-222.215769652574,262.735646174076,0.));
#4652=CARTESIAN_POINT('Ctrl Pts',(-220.517934078012,262.410190135454,0.));
#4653=CARTESIAN_POINT('Ctrl Pts',(-219.124425281621,262.111619186698,0.));
#4654=CARTESIAN_POINT('Ctrl Pts',(-218.057822520639,261.858711374362,0.));
#4655=CARTESIAN_POINT('Ctrl Pts',(-217.283312013418,261.673119289822,0.));
#4656=CARTESIAN_POINT('Ctrl Pts',(-216.684460534924,261.580915094803,0.));
#4657=CARTESIAN_POINT('Ctrl Pts',(-216.074023039391,261.609721428045,0.));
#4658=CARTESIAN_POINT('Ctrl Pts',(-215.277181826761,261.777223948169,0.));
#4659=CARTESIAN_POINT('Ctrl Pts',(-214.215148171082,262.078993123025,0.));
#4660=CARTESIAN_POINT('Ctrl Pts',(-212.945319647001,262.48366301926,0.));
#4661=CARTESIAN_POINT('Ctrl Pts',(-211.593848551888,262.945604599369,0.));
#4662=CARTESIAN_POINT('Ctrl Pts',(-210.310440596366,263.414009514765,0.));
#4663=CARTESIAN_POINT('Ctrl Pts',(-209.215660872803,263.843173374469,0.));
#4664=CARTESIAN_POINT('Ctrl Pts',(-208.34814070128,264.202818403945,0.));
#4665=CARTESIAN_POINT('Ctrl Pts',(-207.621534704587,264.486787522061,0.));
#4666=CARTESIAN_POINT('Ctrl Pts',(-206.888845490279,264.704477000422,0.));
#4667=CARTESIAN_POINT('Ctrl Pts',(-205.99270812406,264.874271130956,0.));
#4668=CARTESIAN_POINT('Ctrl Pts',(-204.830009377115,265.015317571218,0.));
#4669=CARTESIAN_POINT('Ctrl Pts',(-203.379323789259,265.143117564256,0.));
#4670=CARTESIAN_POINT('Ctrl Pts',(-201.675176865764,265.270390172313,0.));
#4671=CARTESIAN_POINT('Ctrl Pts',(-199.794757031071,265.406709767895,0.));
#4672=CARTESIAN_POINT('Ctrl Pts',(-197.839795228284,265.558622321021,0.));
#4673=CARTESIAN_POINT('Ctrl Pts',(-195.920139802407,265.729587758471,0.));
#4674=CARTESIAN_POINT('Ctrl Pts',(-194.137501024002,265.919921392913,0.));
#4675=CARTESIAN_POINT('Ctrl Pts',(-192.566897173889,266.126917884219,0.));
#4676=CARTESIAN_POINT('Ctrl Pts',(-191.248358401475,266.34418802159,0.));
#4677=CARTESIAN_POINT('Ctrl Pts',(-190.188518803404,266.560519367762,0.));
#4678=CARTESIAN_POINT('Ctrl Pts',(-189.35850244904,266.758513288053,0.));
#4679=CARTESIAN_POINT('Ctrl Pts',(-188.695315018123,266.914090219515,0.));
#4680=CARTESIAN_POINT('Ctrl Pts',(-188.096904684008,266.993744140446,0.));
#4681=CARTESIAN_POINT('Ctrl Pts',(-187.436595517792,266.959254076935,0.));
#4682=CARTESIAN_POINT('Ctrl Pts',(-186.599698585311,266.781070133857,0.));
#4683=CARTESIAN_POINT('Ctrl Pts',(-185.521903584319,266.452388431034,0.));
#4684=CARTESIAN_POINT('Ctrl Pts',(-184.202620819313,265.993437960162,0.));
#4685=CARTESIAN_POINT('Ctrl Pts',(-182.682236412374,265.44165900334,0.));
#4686=CARTESIAN_POINT('Ctrl Pts',(-181.028723608471,264.845540044601,0.));
#4687=CARTESIAN_POINT('Ctrl Pts',(-179.320359188952,264.256932137898,0.));
#4688=CARTESIAN_POINT('Ctrl Pts',(-177.630340162925,263.724105359285,0.));
#4689=CARTESIAN_POINT('Ctrl Pts',(-176.010044031377,263.284276217148,0.));
#4690=CARTESIAN_POINT('Ctrl Pts',(-174.47439940132,262.956955517778,0.));
#4691=CARTESIAN_POINT('Ctrl Pts',(-173.013215280001,262.74746541774,0.));
#4692=CARTESIAN_POINT('Ctrl Pts',(-171.60112119127,262.649886449102,0.));
#4693=CARTESIAN_POINT('Ctrl Pts',(-170.207867794607,262.650202575104,0.));
#4694=CARTESIAN_POINT('Ctrl Pts',(-168.808824395443,262.729385852379,0.));
#4695=CARTESIAN_POINT('Ctrl Pts',(-167.394564357782,262.866440930933,0.));
#4696=CARTESIAN_POINT('Ctrl Pts',(-165.983028737649,263.041635335998,0.));
#4697=CARTESIAN_POINT('Ctrl Pts',(-164.609961294884,263.237955609037,0.));
#4698=CARTESIAN_POINT('Ctrl Pts',(-163.315861686208,263.44218721507,0.));
#4699=CARTESIAN_POINT('Ctrl Pts',(-162.133577159241,263.646243021858,0.));
#4700=CARTESIAN_POINT('Ctrl Pts',(-161.076928403087,263.848128768357,0.));
#4701=CARTESIAN_POINT('Ctrl Pts',(-160.12573715135,264.05369500135,0.));
#4702=CARTESIAN_POINT('Ctrl Pts',(-159.222916579353,264.275949245933,0.));
#4703=CARTESIAN_POINT('Ctrl Pts',(-158.297258175479,264.529204643929,0.));
#4704=CARTESIAN_POINT('Ctrl Pts',(-157.280411041102,264.824437017911,0.));
#4705=CARTESIAN_POINT('Ctrl Pts',(-156.127069622683,265.163883109388,0.));
#4706=CARTESIAN_POINT('Ctrl Pts',(-154.831254428608,265.536748563699,0.));
#4707=CARTESIAN_POINT('Ctrl Pts',(-153.41607607872,265.923198937336,0.));
#4708=CARTESIAN_POINT('Ctrl Pts',(-151.925693398814,266.297640992173,0.));
#4709=CARTESIAN_POINT('Ctrl Pts',(-150.416359979639,266.632317457409,0.));
#4710=CARTESIAN_POINT('Ctrl Pts',(-148.948069101383,266.900661570777,0.));
#4711=CARTESIAN_POINT('Ctrl Pts',(-147.575453623678,267.081007168526,0.));
#4712=CARTESIAN_POINT('Ctrl Pts',(-146.340467890363,267.159397375291,0.));
#4713=CARTESIAN_POINT('Ctrl Pts',(-145.274575730487,267.127595349974,0.));
#4714=CARTESIAN_POINT('Ctrl Pts',(-144.39975743066,266.981638387183,0.));
#4715=CARTESIAN_POINT('Ctrl Pts',(-143.730031686739,266.720264337144,0.));
#4716=CARTESIAN_POINT('Ctrl Pts',(-143.364089234335,266.418610897384,0.));
#4717=CARTESIAN_POINT('Ctrl Pts',(-143.186208344526,266.140245751074,0.));
#4718=CARTESIAN_POINT('Ctrl Pts',(-143.110542276013,265.93150786801,0.));
#4719=CARTESIAN_POINT('Ctrl Pts',(-143.083439402784,265.821348445081,0.));
#4720=CARTESIAN_POINT('',(-250.960959981042,248.688104275253,0.));
#4721=CARTESIAN_POINT('Ctrl Pts',(-250.623441005258,246.661348159575,0.));
#4722=CARTESIAN_POINT('Ctrl Pts',(-250.623441005258,246.661348159575,4.5));
#4723=CARTESIAN_POINT('Ctrl Pts',(-250.674306634602,246.817292304421,0.));
#4724=CARTESIAN_POINT('Ctrl Pts',(-250.674306634602,246.817292304421,4.5));
#4725=CARTESIAN_POINT('Ctrl Pts',(-250.767190744296,247.147237031018,0.));
#4726=CARTESIAN_POINT('Ctrl Pts',(-250.767190744296,247.147237031018,4.5));
#4727=CARTESIAN_POINT('Ctrl Pts',(-250.845861362362,247.53024147862,0.));
#4728=CARTESIAN_POINT('Ctrl Pts',(-250.845861362362,247.53024147862,4.5));
#4729=CARTESIAN_POINT('Ctrl Pts',(-250.905081840931,247.952934832566,0.));
#4730=CARTESIAN_POINT('Ctrl Pts',(-250.905081840931,247.952934832566,4.5));
#4731=CARTESIAN_POINT('Ctrl Pts',(-250.944552882352,248.414934196217,0.));
#4732=CARTESIAN_POINT('Ctrl Pts',(-250.944552882352,248.414934196217,4.5));
#4733=CARTESIAN_POINT('Ctrl Pts',(-250.959714398472,248.666695332595,0.));
#4734=CARTESIAN_POINT('Ctrl Pts',(-250.959714398472,248.666695332595,4.5));
#4735=CARTESIAN_POINT('Ctrl Pts',(-250.960959981043,248.688104275253,0.));
#4736=CARTESIAN_POINT('Ctrl Pts',(-250.960959981043,248.688104275253,4.5));
#4737=CARTESIAN_POINT('',(-250.623441005258,246.661348159575,0.));
#4738=CARTESIAN_POINT('Ctrl Pts',(-250.623441005258,246.661348159575,0.));
#4739=CARTESIAN_POINT('Ctrl Pts',(-250.674306634602,246.817292304421,0.));
#4740=CARTESIAN_POINT('Ctrl Pts',(-250.767190744296,247.147237031018,0.));
#4741=CARTESIAN_POINT('Ctrl Pts',(-250.845861362362,247.53024147862,0.));
#4742=CARTESIAN_POINT('Ctrl Pts',(-250.905081840931,247.952934832566,0.));
#4743=CARTESIAN_POINT('Ctrl Pts',(-250.944552882352,248.414934196217,0.));
#4744=CARTESIAN_POINT('Ctrl Pts',(-250.959714398472,248.666695332595,0.));
#4745=CARTESIAN_POINT('Ctrl Pts',(-250.960959981043,248.688104275253,0.));
#4746=CARTESIAN_POINT('',(-250.623441005258,246.661348159575,0.));
#4747=CARTESIAN_POINT('Ctrl Pts',(-244.225255781806,236.03908348142,0.));
#4748=CARTESIAN_POINT('Ctrl Pts',(-244.225255781806,236.03908348142,4.5));
#4749=CARTESIAN_POINT('Ctrl Pts',(-244.274867839541,236.120803205602,0.));
#4750=CARTESIAN_POINT('Ctrl Pts',(-244.274867839541,236.120803205602,4.5));
#4751=CARTESIAN_POINT('Ctrl Pts',(-244.441025939422,236.39057963794,0.));
#4752=CARTESIAN_POINT('Ctrl Pts',(-244.441025939422,236.39057963794,4.5));
#4753=CARTESIAN_POINT('Ctrl Pts',(-244.740032611459,236.856316516225,0.));
#4754=CARTESIAN_POINT('Ctrl Pts',(-244.740032611459,236.856316516225,4.5));
#4755=CARTESIAN_POINT('Ctrl Pts',(-245.197455003875,237.536894754682,0.));
#4756=CARTESIAN_POINT('Ctrl Pts',(-245.197455003875,237.536894754682,4.5));
#4757=CARTESIAN_POINT('Ctrl Pts',(-245.836181657582,238.4699517929,0.));
#4758=CARTESIAN_POINT('Ctrl Pts',(-245.836181657582,238.4699517929,4.5));
#4759=CARTESIAN_POINT('Ctrl Pts',(-246.596575563205,239.605516963654,0.));
#4760=CARTESIAN_POINT('Ctrl Pts',(-246.596575563205,239.605516963654,4.5));
#4761=CARTESIAN_POINT('Ctrl Pts',(-247.382100389984,240.831303521484,0.));
#4762=CARTESIAN_POINT('Ctrl Pts',(-247.382100389984,240.831303521484,4.5));
#4763=CARTESIAN_POINT('Ctrl Pts',(-248.182270383974,242.149038439545,0.));
#4764=CARTESIAN_POINT('Ctrl Pts',(-248.182270383974,242.149038439545,4.5));
#4765=CARTESIAN_POINT('Ctrl Pts',(-248.990829363812,243.557752593444,0.));
#4766=CARTESIAN_POINT('Ctrl Pts',(-248.990829363812,243.557752593444,4.5));
#4767=CARTESIAN_POINT('Ctrl Pts',(-249.641835073941,244.755841729089,0.));
#4768=CARTESIAN_POINT('Ctrl Pts',(-249.641835073941,244.755841729089,4.5));
#4769=CARTESIAN_POINT('Ctrl Pts',(-250.131928349132,245.693501756543,0.));
#4770=CARTESIAN_POINT('Ctrl Pts',(-250.131928349132,245.693501756543,4.5));
#4771=CARTESIAN_POINT('Ctrl Pts',(-250.459468261018,246.33585779907,0.));
#4772=CARTESIAN_POINT('Ctrl Pts',(-250.459468261018,246.33585779907,4.5));
#4773=CARTESIAN_POINT('Ctrl Pts',(-250.623441005258,246.661348159575,0.));
#4774=CARTESIAN_POINT('Ctrl Pts',(-250.623441005258,246.661348159575,4.5));
#4775=CARTESIAN_POINT('',(-244.225255781806,236.03908348142,0.));
#4776=CARTESIAN_POINT('Ctrl Pts',(-244.225255781806,236.03908348142,0.));
#4777=CARTESIAN_POINT('Ctrl Pts',(-244.274867839541,236.120803205602,0.));
#4778=CARTESIAN_POINT('Ctrl Pts',(-244.441025939422,236.39057963794,0.));
#4779=CARTESIAN_POINT('Ctrl Pts',(-244.740032611459,236.856316516225,0.));
#4780=CARTESIAN_POINT('Ctrl Pts',(-245.197455003875,237.536894754682,0.));
#4781=CARTESIAN_POINT('Ctrl Pts',(-245.836181657582,238.4699517929,0.));
#4782=CARTESIAN_POINT('Ctrl Pts',(-246.596575563205,239.605516963654,0.));
#4783=CARTESIAN_POINT('Ctrl Pts',(-247.382100389984,240.831303521484,0.));
#4784=CARTESIAN_POINT('Ctrl Pts',(-248.182270383974,242.149038439545,0.));
#4785=CARTESIAN_POINT('Ctrl Pts',(-248.990829363812,243.557752593444,0.));
#4786=CARTESIAN_POINT('Ctrl Pts',(-249.641835073941,244.755841729089,0.));
#4787=CARTESIAN_POINT('Ctrl Pts',(-250.131928349132,245.693501756543,0.));
#4788=CARTESIAN_POINT('Ctrl Pts',(-250.459468261018,246.33585779907,0.));
#4789=CARTESIAN_POINT('Ctrl Pts',(-250.623441005258,246.661348159575,0.));
#4790=CARTESIAN_POINT('',(-244.225255781806,236.03908348142,0.));
#4791=CARTESIAN_POINT('Ctrl Pts',(-248.143440968303,199.521347457134,0.));
#4792=CARTESIAN_POINT('Ctrl Pts',(-248.143440968303,199.521347457134,4.5));
#4793=CARTESIAN_POINT('Ctrl Pts',(-248.241926578036,199.5018887056,0.));
#4794=CARTESIAN_POINT('Ctrl Pts',(-248.241926578036,199.5018887056,4.5));
#4795=CARTESIAN_POINT('Ctrl Pts',(-248.426884543045,199.514070766282,0.));
#4796=CARTESIAN_POINT('Ctrl Pts',(-248.426884543045,199.514070766282,4.5));
#4797=CARTESIAN_POINT('Ctrl Pts',(-248.668284121303,199.68563173683,0.));
#4798=CARTESIAN_POINT('Ctrl Pts',(-248.668284121303,199.68563173683,4.5));
#4799=CARTESIAN_POINT('Ctrl Pts',(-248.918048284283,200.221076615759,0.));
#4800=CARTESIAN_POINT('Ctrl Pts',(-248.918048284283,200.221076615759,4.5));
#4801=CARTESIAN_POINT('Ctrl Pts',(-249.113542943755,201.384844588382,0.));
#4802=CARTESIAN_POINT('Ctrl Pts',(-249.113542943755,201.384844588382,4.5));
#4803=CARTESIAN_POINT('Ctrl Pts',(-249.202382162928,202.994450609334,0.));
#4804=CARTESIAN_POINT('Ctrl Pts',(-249.202382162928,202.994450609334,4.5));
#4805=CARTESIAN_POINT('Ctrl Pts',(-249.205442408645,204.949198361414,0.));
#4806=CARTESIAN_POINT('Ctrl Pts',(-249.205442408645,204.949198361414,4.5));
#4807=CARTESIAN_POINT('Ctrl Pts',(-249.155268651657,207.091429223633,0.));
#4808=CARTESIAN_POINT('Ctrl Pts',(-249.155268651657,207.091429223633,4.5));
#4809=CARTESIAN_POINT('Ctrl Pts',(-249.088418505188,209.240065571949,0.));
#4810=CARTESIAN_POINT('Ctrl Pts',(-249.088418505188,209.240065571949,4.5));
#4811=CARTESIAN_POINT('Ctrl Pts',(-249.039367478588,211.217066478142,0.));
#4812=CARTESIAN_POINT('Ctrl Pts',(-249.039367478588,211.217066478142,4.5));
#4813=CARTESIAN_POINT('Ctrl Pts',(-249.033912212978,212.876225312567,0.));
#4814=CARTESIAN_POINT('Ctrl Pts',(-249.033912212978,212.876225312567,4.5));
#4815=CARTESIAN_POINT('Ctrl Pts',(-249.082517582917,214.132044253459,0.));
#4816=CARTESIAN_POINT('Ctrl Pts',(-249.082517582917,214.132044253459,4.5));
#4817=CARTESIAN_POINT('Ctrl Pts',(-249.174305341602,214.986114523072,0.));
#4818=CARTESIAN_POINT('Ctrl Pts',(-249.174305341602,214.986114523072,4.5));
#4819=CARTESIAN_POINT('Ctrl Pts',(-249.269278755512,215.560501210421,0.));
#4820=CARTESIAN_POINT('Ctrl Pts',(-249.269278755512,215.560501210421,4.5));
#4821=CARTESIAN_POINT('Ctrl Pts',(-249.295542235115,216.111232160239,0.));
#4822=CARTESIAN_POINT('Ctrl Pts',(-249.295542235115,216.111232160239,4.5));
#4823=CARTESIAN_POINT('Ctrl Pts',(-249.179219142408,216.911471920301,0.));
#4824=CARTESIAN_POINT('Ctrl Pts',(-249.179219142408,216.911471920301,4.5));
#4825=CARTESIAN_POINT('Ctrl Pts',(-248.873362272336,218.13870556016,0.));
#4826=CARTESIAN_POINT('Ctrl Pts',(-248.873362272336,218.13870556016,4.5));
#4827=CARTESIAN_POINT('Ctrl Pts',(-248.381416751649,219.783661497936,0.));
#4828=CARTESIAN_POINT('Ctrl Pts',(-248.381416751649,219.783661497936,4.5));
#4829=CARTESIAN_POINT('Ctrl Pts',(-247.741289774302,221.716337796427,0.));
#4830=CARTESIAN_POINT('Ctrl Pts',(-247.741289774302,221.716337796427,4.5));
#4831=CARTESIAN_POINT('Ctrl Pts',(-247.014222712786,223.732911763262,0.));
#4832=CARTESIAN_POINT('Ctrl Pts',(-247.014222712786,223.732911763262,4.5));
#4833=CARTESIAN_POINT('Ctrl Pts',(-246.271866530818,225.609746576471,0.));
#4834=CARTESIAN_POINT('Ctrl Pts',(-246.271866530818,225.609746576471,4.5));
#4835=CARTESIAN_POINT('Ctrl Pts',(-245.583992363656,227.155042336377,0.));
#4836=CARTESIAN_POINT('Ctrl Pts',(-245.583992363656,227.155042336377,4.5));
#4837=CARTESIAN_POINT('Ctrl Pts',(-245.006244622896,228.259924458276,0.));
#4838=CARTESIAN_POINT('Ctrl Pts',(-245.006244622896,228.259924458276,4.5));
#4839=CARTESIAN_POINT('Ctrl Pts',(-244.5671220605,228.953566104391,0.));
#4840=CARTESIAN_POINT('Ctrl Pts',(-244.5671220605,228.953566104391,4.5));
#4841=CARTESIAN_POINT('Ctrl Pts',(-244.257448322961,229.44573373786,0.));
#4842=CARTESIAN_POINT('Ctrl Pts',(-244.257448322961,229.44573373786,4.5));
#4843=CARTESIAN_POINT('Ctrl Pts',(-244.051664746548,230.008919570986,0.));
#4844=CARTESIAN_POINT('Ctrl Pts',(-244.051664746548,230.008919570986,4.5));
#4845=CARTESIAN_POINT('Ctrl Pts',(-243.926503340993,230.873848226274,0.));
#4846=CARTESIAN_POINT('Ctrl Pts',(-243.926503340993,230.873848226274,4.5));
#4847=CARTESIAN_POINT('Ctrl Pts',(-243.881678275065,232.114305736696,0.));
#4848=CARTESIAN_POINT('Ctrl Pts',(-243.881678275065,232.114305736696,4.5));
#4849=CARTESIAN_POINT('Ctrl Pts',(-243.925933744114,233.470903983893,0.));
#4850=CARTESIAN_POINT('Ctrl Pts',(-243.925933744114,233.470903983893,4.5));
#4851=CARTESIAN_POINT('Ctrl Pts',(-244.025855952237,234.625285921771,0.));
#4852=CARTESIAN_POINT('Ctrl Pts',(-244.025855952237,234.625285921771,4.5));
#4853=CARTESIAN_POINT('Ctrl Pts',(-244.132785425235,235.452280371932,0.));
#4854=CARTESIAN_POINT('Ctrl Pts',(-244.132785425235,235.452280371932,4.5));
#4855=CARTESIAN_POINT('Ctrl Pts',(-244.206430946561,235.923631831365,0.));
#4856=CARTESIAN_POINT('Ctrl Pts',(-244.206430946561,235.923631831365,4.5));
#4857=CARTESIAN_POINT('Ctrl Pts',(-244.225255781805,236.03908348142,0.));
#4858=CARTESIAN_POINT('Ctrl Pts',(-244.225255781805,236.03908348142,4.5));
#4859=CARTESIAN_POINT('',(-248.143440968303,199.521347457134,0.));
#4860=CARTESIAN_POINT('Ctrl Pts',(-248.143440968303,199.521347457134,0.));
#4861=CARTESIAN_POINT('Ctrl Pts',(-248.241926578036,199.5018887056,0.));
#4862=CARTESIAN_POINT('Ctrl Pts',(-248.426884543045,199.514070766282,0.));
#4863=CARTESIAN_POINT('Ctrl Pts',(-248.668284121303,199.68563173683,0.));
#4864=CARTESIAN_POINT('Ctrl Pts',(-248.918048284283,200.221076615759,0.));
#4865=CARTESIAN_POINT('Ctrl Pts',(-249.113542943755,201.384844588382,0.));
#4866=CARTESIAN_POINT('Ctrl Pts',(-249.202382162928,202.994450609334,0.));
#4867=CARTESIAN_POINT('Ctrl Pts',(-249.205442408645,204.949198361414,0.));
#4868=CARTESIAN_POINT('Ctrl Pts',(-249.155268651657,207.091429223633,0.));
#4869=CARTESIAN_POINT('Ctrl Pts',(-249.088418505188,209.240065571949,0.));
#4870=CARTESIAN_POINT('Ctrl Pts',(-249.039367478588,211.217066478142,0.));
#4871=CARTESIAN_POINT('Ctrl Pts',(-249.033912212978,212.876225312567,0.));
#4872=CARTESIAN_POINT('Ctrl Pts',(-249.082517582917,214.132044253459,0.));
#4873=CARTESIAN_POINT('Ctrl Pts',(-249.174305341602,214.986114523072,0.));
#4874=CARTESIAN_POINT('Ctrl Pts',(-249.269278755512,215.560501210421,0.));
#4875=CARTESIAN_POINT('Ctrl Pts',(-249.295542235115,216.111232160239,0.));
#4876=CARTESIAN_POINT('Ctrl Pts',(-249.179219142408,216.911471920301,0.));
#4877=CARTESIAN_POINT('Ctrl Pts',(-248.873362272336,218.13870556016,0.));
#4878=CARTESIAN_POINT('Ctrl Pts',(-248.381416751649,219.783661497936,0.));
#4879=CARTESIAN_POINT('Ctrl Pts',(-247.741289774302,221.716337796427,0.));
#4880=CARTESIAN_POINT('Ctrl Pts',(-247.014222712786,223.732911763262,0.));
#4881=CARTESIAN_POINT('Ctrl Pts',(-246.271866530818,225.609746576471,0.));
#4882=CARTESIAN_POINT('Ctrl Pts',(-245.583992363656,227.155042336377,0.));
#4883=CARTESIAN_POINT('Ctrl Pts',(-245.006244622896,228.259924458276,0.));
#4884=CARTESIAN_POINT('Ctrl Pts',(-244.5671220605,228.953566104391,0.));
#4885=CARTESIAN_POINT('Ctrl Pts',(-244.257448322961,229.44573373786,0.));
#4886=CARTESIAN_POINT('Ctrl Pts',(-244.051664746548,230.008919570986,0.));
#4887=CARTESIAN_POINT('Ctrl Pts',(-243.926503340993,230.873848226274,0.));
#4888=CARTESIAN_POINT('Ctrl Pts',(-243.881678275065,232.114305736696,0.));
#4889=CARTESIAN_POINT('Ctrl Pts',(-243.925933744114,233.470903983893,0.));
#4890=CARTESIAN_POINT('Ctrl Pts',(-244.025855952237,234.625285921771,0.));
#4891=CARTESIAN_POINT('Ctrl Pts',(-244.132785425235,235.452280371932,0.));
#4892=CARTESIAN_POINT('Ctrl Pts',(-244.206430946561,235.923631831365,0.));
#4893=CARTESIAN_POINT('Ctrl Pts',(-244.225255781805,236.03908348142,0.));
#4894=CARTESIAN_POINT('',(-248.143440968303,199.521347457134,0.));
#4895=CARTESIAN_POINT('Ctrl Pts',(-248.120242470699,197.280366269655,0.));
#4896=CARTESIAN_POINT('Ctrl Pts',(-248.120242470699,197.280366269655,4.5));
#4897=CARTESIAN_POINT('Ctrl Pts',(-248.131727702975,197.366276603797,0.));
#4898=CARTESIAN_POINT('Ctrl Pts',(-248.131727702975,197.366276603797,4.5));
#4899=CARTESIAN_POINT('Ctrl Pts',(-248.151678416151,197.540535044299,0.));
#4900=CARTESIAN_POINT('Ctrl Pts',(-248.151678416151,197.540535044299,4.5));
#4901=CARTESIAN_POINT('Ctrl Pts',(-248.168922332547,197.78578815355,0.));
#4902=CARTESIAN_POINT('Ctrl Pts',(-248.168922332547,197.78578815355,4.5));
#4903=CARTESIAN_POINT('Ctrl Pts',(-248.168488898616,198.077161754743,0.));
#4904=CARTESIAN_POINT('Ctrl Pts',(-248.168488898616,198.077161754743,4.5));
#4905=CARTESIAN_POINT('Ctrl Pts',(-248.147952406252,198.40967204168,0.));
#4906=CARTESIAN_POINT('Ctrl Pts',(-248.147952406252,198.40967204168,4.5));
#4907=CARTESIAN_POINT('Ctrl Pts',(-248.128795734681,198.751043595199,0.));
#4908=CARTESIAN_POINT('Ctrl Pts',(-248.128795734681,198.751043595199,4.5));
#4909=CARTESIAN_POINT('Ctrl Pts',(-248.125303597738,199.04369568997,0.));
#4910=CARTESIAN_POINT('Ctrl Pts',(-248.125303597738,199.04369568997,4.5));
#4911=CARTESIAN_POINT('Ctrl Pts',(-248.131085017314,199.277080849376,0.));
#4912=CARTESIAN_POINT('Ctrl Pts',(-248.131085017314,199.277080849376,4.5));
#4913=CARTESIAN_POINT('Ctrl Pts',(-248.138696966311,199.438890354611,0.));
#4914=CARTESIAN_POINT('Ctrl Pts',(-248.138696966311,199.438890354611,4.5));
#4915=CARTESIAN_POINT('Ctrl Pts',(-248.143440968303,199.521347457134,0.));
#4916=CARTESIAN_POINT('Ctrl Pts',(-248.143440968303,199.521347457134,4.5));
#4917=CARTESIAN_POINT('',(-248.120242470699,197.280366269655,0.));
#4918=CARTESIAN_POINT('Ctrl Pts',(-248.120242470699,197.280366269655,0.));
#4919=CARTESIAN_POINT('Ctrl Pts',(-248.131727702975,197.366276603797,0.));
#4920=CARTESIAN_POINT('Ctrl Pts',(-248.151678416151,197.540535044299,0.));
#4921=CARTESIAN_POINT('Ctrl Pts',(-248.168922332547,197.78578815355,0.));
#4922=CARTESIAN_POINT('Ctrl Pts',(-248.168488898616,198.077161754743,0.));
#4923=CARTESIAN_POINT('Ctrl Pts',(-248.147952406252,198.40967204168,0.));
#4924=CARTESIAN_POINT('Ctrl Pts',(-248.128795734681,198.751043595199,0.));
#4925=CARTESIAN_POINT('Ctrl Pts',(-248.125303597738,199.04369568997,0.));
#4926=CARTESIAN_POINT('Ctrl Pts',(-248.131085017314,199.277080849376,0.));
#4927=CARTESIAN_POINT('Ctrl Pts',(-248.138696966311,199.438890354611,0.));
#4928=CARTESIAN_POINT('Ctrl Pts',(-248.143440968303,199.521347457134,0.));
#4929=CARTESIAN_POINT('',(-248.120242470699,197.280366269655,0.));
#4930=CARTESIAN_POINT('Ctrl Pts',(-248.123440968005,197.161347421967,0.));
#4931=CARTESIAN_POINT('Ctrl Pts',(-248.123440968005,197.161347421967,4.5));
#4932=CARTESIAN_POINT('Ctrl Pts',(-248.122787879583,197.185176940382,0.));
#4933=CARTESIAN_POINT('Ctrl Pts',(-248.122787879583,197.185176940382,4.5));
#4934=CARTESIAN_POINT('Ctrl Pts',(-248.122141485626,197.208993584495,0.));
#4935=CARTESIAN_POINT('Ctrl Pts',(-248.122141485626,197.208993584495,4.5));
#4936=CARTESIAN_POINT('Ctrl Pts',(-248.121501786109,197.232797354225,0.));
#4937=CARTESIAN_POINT('Ctrl Pts',(-248.121501786109,197.232797354225,4.5));
#4938=CARTESIAN_POINT('Ctrl Pts',(-248.120868781088,197.256588249366,0.));
#4939=CARTESIAN_POINT('Ctrl Pts',(-248.120868781088,197.256588249366,4.5));
#4940=CARTESIAN_POINT('Ctrl Pts',(-248.120242470699,197.280366269655,0.));
#4941=CARTESIAN_POINT('Ctrl Pts',(-248.120242470699,197.280366269655,4.5));
#4942=CARTESIAN_POINT('',(-248.123440968005,197.161347421967,0.));
#4943=CARTESIAN_POINT('Ctrl Pts',(-248.123440968005,197.161347421967,0.));
#4944=CARTESIAN_POINT('Ctrl Pts',(-248.122787879583,197.185176940382,0.));
#4945=CARTESIAN_POINT('Ctrl Pts',(-248.122141485626,197.208993584495,0.));
#4946=CARTESIAN_POINT('Ctrl Pts',(-248.121501786109,197.232797354225,0.));
#4947=CARTESIAN_POINT('Ctrl Pts',(-248.120868781088,197.256588249366,0.));
#4948=CARTESIAN_POINT('Ctrl Pts',(-248.120242470699,197.280366269655,0.));
#4949=CARTESIAN_POINT('',(-248.123440968005,197.161347421967,0.));
#4950=CARTESIAN_POINT('Ctrl Pts',(-248.076719455222,197.001414363633,0.));
#4951=CARTESIAN_POINT('Ctrl Pts',(-248.076719455222,197.001414363633,4.5));
#4952=CARTESIAN_POINT('Ctrl Pts',(-248.086081855411,197.033338002191,0.));
#4953=CARTESIAN_POINT('Ctrl Pts',(-248.086081855411,197.033338002191,4.5));
#4954=CARTESIAN_POINT('Ctrl Pts',(-248.095435206344,197.065293128685,0.));
#4955=CARTESIAN_POINT('Ctrl Pts',(-248.095435206344,197.065293128685,4.5));
#4956=CARTESIAN_POINT('Ctrl Pts',(-248.104779508631,197.09727974126,0.));
#4957=CARTESIAN_POINT('Ctrl Pts',(-248.104779508631,197.09727974126,4.5));
#4958=CARTESIAN_POINT('Ctrl Pts',(-248.114114762523,197.129297839017,0.));
#4959=CARTESIAN_POINT('Ctrl Pts',(-248.114114762523,197.129297839017,4.5));
#4960=CARTESIAN_POINT('Ctrl Pts',(-248.123440968005,197.161347421967,0.));
#4961=CARTESIAN_POINT('Ctrl Pts',(-248.123440968005,197.161347421967,4.5));
#4962=CARTESIAN_POINT('',(-248.076719455222,197.001414363633,0.));
#4963=CARTESIAN_POINT('Ctrl Pts',(-248.076719455222,197.001414363633,0.));
#4964=CARTESIAN_POINT('Ctrl Pts',(-248.086081855411,197.033338002191,0.));
#4965=CARTESIAN_POINT('Ctrl Pts',(-248.095435206344,197.065293128685,0.));
#4966=CARTESIAN_POINT('Ctrl Pts',(-248.104779508631,197.09727974126,0.));
#4967=CARTESIAN_POINT('Ctrl Pts',(-248.114114762523,197.129297839017,0.));
#4968=CARTESIAN_POINT('Ctrl Pts',(-248.123440968005,197.161347421967,0.));
#4969=CARTESIAN_POINT('',(-248.076719455222,197.001414363633,0.));
#4970=CARTESIAN_POINT('Ctrl Pts',(-246.88685580904,193.318165612886,0.));
#4971=CARTESIAN_POINT('Ctrl Pts',(-246.88685580904,193.318165612886,4.5));
#4972=CARTESIAN_POINT('Ctrl Pts',(-246.929344669996,193.413309014693,0.));
#4973=CARTESIAN_POINT('Ctrl Pts',(-246.929344669996,193.413309014693,4.5));
#4974=CARTESIAN_POINT('Ctrl Pts',(-247.021838619221,193.624418626975,0.));
#4975=CARTESIAN_POINT('Ctrl Pts',(-247.021838619221,193.624418626975,4.5));
#4976=CARTESIAN_POINT('Ctrl Pts',(-247.158000093713,193.949150400469,0.));
#4977=CARTESIAN_POINT('Ctrl Pts',(-247.158000093713,193.949150400469,4.5));
#4978=CARTESIAN_POINT('Ctrl Pts',(-247.329684606125,194.388459131726,0.));
#4979=CARTESIAN_POINT('Ctrl Pts',(-247.329684606125,194.388459131726,4.5));
#4980=CARTESIAN_POINT('Ctrl Pts',(-247.530186552236,194.95334015874,0.));
#4981=CARTESIAN_POINT('Ctrl Pts',(-247.530186552236,194.95334015874,4.5));
#4982=CARTESIAN_POINT('Ctrl Pts',(-247.723385493033,195.556194209301,0.));
#4983=CARTESIAN_POINT('Ctrl Pts',(-247.723385493033,195.556194209301,4.5));
#4984=CARTESIAN_POINT('Ctrl Pts',(-247.879155010964,196.103389896453,0.));
#4985=CARTESIAN_POINT('Ctrl Pts',(-247.879155010964,196.103389896453,4.5));
#4986=CARTESIAN_POINT('Ctrl Pts',(-247.97954108622,196.512175273574,0.));
#4987=CARTESIAN_POINT('Ctrl Pts',(-247.97954108622,196.512175273574,4.5));
#4988=CARTESIAN_POINT('Ctrl Pts',(-248.03758601562,196.788121490455,0.));
#4989=CARTESIAN_POINT('Ctrl Pts',(-248.03758601562,196.788121490455,4.5));
#4990=CARTESIAN_POINT('Ctrl Pts',(-248.067175449913,196.947398949185,0.));
#4991=CARTESIAN_POINT('Ctrl Pts',(-248.067175449913,196.947398949185,4.5));
#4992=CARTESIAN_POINT('Ctrl Pts',(-248.076719455222,197.001414363633,0.));
#4993=CARTESIAN_POINT('Ctrl Pts',(-248.076719455222,197.001414363633,4.5));
#4994=CARTESIAN_POINT('',(-246.88685580904,193.318165612886,0.));
#4995=CARTESIAN_POINT('Ctrl Pts',(-246.88685580904,193.318165612886,0.));
#4996=CARTESIAN_POINT('Ctrl Pts',(-246.929344669996,193.413309014693,0.));
#4997=CARTESIAN_POINT('Ctrl Pts',(-247.021838619221,193.624418626975,0.));
#4998=CARTESIAN_POINT('Ctrl Pts',(-247.158000093713,193.949150400469,0.));
#4999=CARTESIAN_POINT('Ctrl Pts',(-247.329684606125,194.388459131726,0.));
#5000=CARTESIAN_POINT('Ctrl Pts',(-247.530186552236,194.95334015874,0.));
#5001=CARTESIAN_POINT('Ctrl Pts',(-247.723385493033,195.556194209301,0.));
#5002=CARTESIAN_POINT('Ctrl Pts',(-247.879155010964,196.103389896453,0.));
#5003=CARTESIAN_POINT('Ctrl Pts',(-247.97954108622,196.512175273574,0.));
#5004=CARTESIAN_POINT('Ctrl Pts',(-248.03758601562,196.788121490455,0.));
#5005=CARTESIAN_POINT('Ctrl Pts',(-248.067175449913,196.947398949185,0.));
#5006=CARTESIAN_POINT('Ctrl Pts',(-248.076719455222,197.001414363633,0.));
#5007=CARTESIAN_POINT('',(-246.88685580904,193.318165612886,0.));
#5008=CARTESIAN_POINT('Ctrl Pts',(-241.634867997309,184.249668751113,0.));
#5009=CARTESIAN_POINT('Ctrl Pts',(-241.634867997309,184.249668751113,4.5));
#5010=CARTESIAN_POINT('Ctrl Pts',(-241.698279042574,184.350781954738,0.));
#5011=CARTESIAN_POINT('Ctrl Pts',(-241.698279042574,184.350781954738,4.5));
#5012=CARTESIAN_POINT('Ctrl Pts',(-241.842976107483,184.569744305787,0.));
#5013=CARTESIAN_POINT('Ctrl Pts',(-241.842976107483,184.569744305787,4.5));
#5014=CARTESIAN_POINT('Ctrl Pts',(-242.086734410506,184.904350722942,0.));
#5015=CARTESIAN_POINT('Ctrl Pts',(-242.086734410506,184.904350722942,4.5));
#5016=CARTESIAN_POINT('Ctrl Pts',(-242.450403376106,185.354915020363,0.));
#5017=CARTESIAN_POINT('Ctrl Pts',(-242.450403376106,185.354915020363,4.5));
#5018=CARTESIAN_POINT('Ctrl Pts',(-242.940615039212,185.934102333539,0.));
#5019=CARTESIAN_POINT('Ctrl Pts',(-242.940615039212,185.934102333539,4.5));
#5020=CARTESIAN_POINT('Ctrl Pts',(-243.452510647216,186.559219213573,0.));
#5021=CARTESIAN_POINT('Ctrl Pts',(-243.452510647216,186.559219213573,4.5));
#5022=CARTESIAN_POINT('Ctrl Pts',(-243.951663926461,187.223262525906,0.));
#5023=CARTESIAN_POINT('Ctrl Pts',(-243.951663926461,187.223262525906,4.5));
#5024=CARTESIAN_POINT('Ctrl Pts',(-244.427719734912,187.931585657788,0.));
#5025=CARTESIAN_POINT('Ctrl Pts',(-244.427719734912,187.931585657788,4.5));
#5026=CARTESIAN_POINT('Ctrl Pts',(-244.876643130886,188.685785500462,0.));
#5027=CARTESIAN_POINT('Ctrl Pts',(-244.876643130886,188.685785500462,4.5));
#5028=CARTESIAN_POINT('Ctrl Pts',(-245.299154798149,189.484617181528,0.));
#5029=CARTESIAN_POINT('Ctrl Pts',(-245.299154798149,189.484617181528,4.5));
#5030=CARTESIAN_POINT('Ctrl Pts',(-245.698741242333,190.325201594808,0.));
#5031=CARTESIAN_POINT('Ctrl Pts',(-245.698741242333,190.325201594808,4.5));
#5032=CARTESIAN_POINT('Ctrl Pts',(-246.079979116782,191.204018538059,0.));
#5033=CARTESIAN_POINT('Ctrl Pts',(-246.079979116782,191.204018538059,4.5));
#5034=CARTESIAN_POINT('Ctrl Pts',(-246.391835871853,191.981674642909,0.));
#5035=CARTESIAN_POINT('Ctrl Pts',(-246.391835871853,191.981674642909,4.5));
#5036=CARTESIAN_POINT('Ctrl Pts',(-246.623995668673,192.593945625323,0.));
#5037=CARTESIAN_POINT('Ctrl Pts',(-246.623995668673,192.593945625323,4.5));
#5038=CARTESIAN_POINT('Ctrl Pts',(-246.78208932572,193.026071715289,0.));
#5039=CARTESIAN_POINT('Ctrl Pts',(-246.78208932572,193.026071715289,4.5));
#5040=CARTESIAN_POINT('Ctrl Pts',(-246.869243688727,193.268904741459,0.));
#5041=CARTESIAN_POINT('Ctrl Pts',(-246.869243688727,193.268904741459,4.5));
#5042=CARTESIAN_POINT('Ctrl Pts',(-246.88685580904,193.318165612886,0.));
#5043=CARTESIAN_POINT('Ctrl Pts',(-246.88685580904,193.318165612886,4.5));
#5044=CARTESIAN_POINT('',(-241.634867997309,184.249668751113,0.));
#5045=CARTESIAN_POINT('Ctrl Pts',(-241.634867997309,184.249668751113,0.));
#5046=CARTESIAN_POINT('Ctrl Pts',(-241.698279042574,184.350781954738,0.));
#5047=CARTESIAN_POINT('Ctrl Pts',(-241.842976107483,184.569744305787,0.));
#5048=CARTESIAN_POINT('Ctrl Pts',(-242.086734410506,184.904350722942,0.));
#5049=CARTESIAN_POINT('Ctrl Pts',(-242.450403376106,185.354915020363,0.));
#5050=CARTESIAN_POINT('Ctrl Pts',(-242.940615039212,185.934102333539,0.));
#5051=CARTESIAN_POINT('Ctrl Pts',(-243.452510647216,186.559219213573,0.));
#5052=CARTESIAN_POINT('Ctrl Pts',(-243.951663926461,187.223262525906,0.));
#5053=CARTESIAN_POINT('Ctrl Pts',(-244.427719734912,187.931585657788,0.));
#5054=CARTESIAN_POINT('Ctrl Pts',(-244.876643130886,188.685785500462,0.));
#5055=CARTESIAN_POINT('Ctrl Pts',(-245.299154798149,189.484617181528,0.));
#5056=CARTESIAN_POINT('Ctrl Pts',(-245.698741242333,190.325201594808,0.));
#5057=CARTESIAN_POINT('Ctrl Pts',(-246.079979116782,191.204018538059,0.));
#5058=CARTESIAN_POINT('Ctrl Pts',(-246.391835871853,191.981674642909,0.));
#5059=CARTESIAN_POINT('Ctrl Pts',(-246.623995668673,192.593945625323,0.));
#5060=CARTESIAN_POINT('Ctrl Pts',(-246.78208932572,193.026071715289,0.));
#5061=CARTESIAN_POINT('Ctrl Pts',(-246.869243688727,193.268904741459,0.));
#5062=CARTESIAN_POINT('Ctrl Pts',(-246.88685580904,193.318165612886,0.));
#5063=CARTESIAN_POINT('',(-241.634867997309,184.249668751113,0.));
#5064=CARTESIAN_POINT('Ctrl Pts',(-262.911760493268,101.306721764533,0.));
#5065=CARTESIAN_POINT('Ctrl Pts',(-262.911760493268,101.306721764533,4.5));
#5066=CARTESIAN_POINT('Ctrl Pts',(-262.899319436282,101.386039306624,0.));
#5067=CARTESIAN_POINT('Ctrl Pts',(-262.899319436282,101.386039306624,4.5));
#5068=CARTESIAN_POINT('Ctrl Pts',(-262.864378233141,101.563871036682,0.));
#5069=CARTESIAN_POINT('Ctrl Pts',(-262.864378233141,101.563871036682,4.5));
#5070=CARTESIAN_POINT('Ctrl Pts',(-262.778981598625,101.887478249667,0.));
#5071=CARTESIAN_POINT('Ctrl Pts',(-262.778981598625,101.887478249667,4.5));
#5072=CARTESIAN_POINT('Ctrl Pts',(-262.599175772525,102.425592136415,0.));
#5073=CARTESIAN_POINT('Ctrl Pts',(-262.599175772525,102.425592136415,4.5));
#5074=CARTESIAN_POINT('Ctrl Pts',(-262.300302904959,103.203552968967,0.));
#5075=CARTESIAN_POINT('Ctrl Pts',(-262.300302904959,103.203552968967,4.5));
#5076=CARTESIAN_POINT('Ctrl Pts',(-261.979346907266,103.992285954255,0.));
#5077=CARTESIAN_POINT('Ctrl Pts',(-261.979346907266,103.992285954255,4.5));
#5078=CARTESIAN_POINT('Ctrl Pts',(-261.686859123446,104.702845464868,0.));
#5079=CARTESIAN_POINT('Ctrl Pts',(-261.686859123446,104.702845464868,4.5));
#5080=CARTESIAN_POINT('Ctrl Pts',(-261.441187176862,105.308914783674,0.));
#5081=CARTESIAN_POINT('Ctrl Pts',(-261.441187176862,105.308914783674,4.5));
#5082=CARTESIAN_POINT('Ctrl Pts',(-261.233408717166,105.835001896857,0.));
#5083=CARTESIAN_POINT('Ctrl Pts',(-261.233408717166,105.835001896857,4.5));
#5084=CARTESIAN_POINT('Ctrl Pts',(-261.040371502188,106.331141694116,0.));
#5085=CARTESIAN_POINT('Ctrl Pts',(-261.040371502188,106.331141694116,4.5));
#5086=CARTESIAN_POINT('Ctrl Pts',(-260.833878483522,106.854744997861,0.));
#5087=CARTESIAN_POINT('Ctrl Pts',(-260.833878483522,106.854744997861,4.5));
#5088=CARTESIAN_POINT('Ctrl Pts',(-260.592799442838,107.446768219072,0.));
#5089=CARTESIAN_POINT('Ctrl Pts',(-260.592799442838,107.446768219072,4.5));
#5090=CARTESIAN_POINT('Ctrl Pts',(-260.309649912676,108.119077761894,0.));
#5091=CARTESIAN_POINT('Ctrl Pts',(-260.309649912676,108.119077761894,4.5));
#5092=CARTESIAN_POINT('Ctrl Pts',(-259.985857408864,108.865063103135,0.));
#5093=CARTESIAN_POINT('Ctrl Pts',(-259.985857408864,108.865063103135,4.5));
#5094=CARTESIAN_POINT('Ctrl Pts',(-259.629274673253,109.665590429895,0.));
#5095=CARTESIAN_POINT('Ctrl Pts',(-259.629274673253,109.665590429895,4.5));
#5096=CARTESIAN_POINT('Ctrl Pts',(-259.250696378447,110.497080274791,0.));
#5097=CARTESIAN_POINT('Ctrl Pts',(-259.250696378447,110.497080274791,4.5));
#5098=CARTESIAN_POINT('Ctrl Pts',(-258.861046397046,111.338039386446,0.));
#5099=CARTESIAN_POINT('Ctrl Pts',(-258.861046397046,111.338039386446,4.5));
#5100=CARTESIAN_POINT('Ctrl Pts',(-258.46765747417,112.177871803174,0.));
#5101=CARTESIAN_POINT('Ctrl Pts',(-258.46765747417,112.177871803174,4.5));
#5102=CARTESIAN_POINT('Ctrl Pts',(-258.074064084081,113.0165699083,0.));
#5103=CARTESIAN_POINT('Ctrl Pts',(-258.074064084081,113.0165699083,4.5));
#5104=CARTESIAN_POINT('Ctrl Pts',(-257.68156554314,113.859779780694,0.));
#5105=CARTESIAN_POINT('Ctrl Pts',(-257.68156554314,113.859779780694,4.5));
#5106=CARTESIAN_POINT('Ctrl Pts',(-257.29024706668,114.715277091153,0.));
#5107=CARTESIAN_POINT('Ctrl Pts',(-257.29024706668,114.715277091153,4.5));
#5108=CARTESIAN_POINT('Ctrl Pts',(-256.900212868296,115.588908397916,0.));
#5109=CARTESIAN_POINT('Ctrl Pts',(-256.900212868296,115.588908397916,4.5));
#5110=CARTESIAN_POINT('Ctrl Pts',(-256.512757274964,116.480646305752,0.));
#5111=CARTESIAN_POINT('Ctrl Pts',(-256.512757274964,116.480646305752,4.5));
#5112=CARTESIAN_POINT('Ctrl Pts',(-256.131494235407,117.380867508506,0.));
#5113=CARTESIAN_POINT('Ctrl Pts',(-256.131494235407,117.380867508506,4.5));
#5114=CARTESIAN_POINT('Ctrl Pts',(-255.763688531985,118.265802785007,0.));
#5115=CARTESIAN_POINT('Ctrl Pts',(-255.763688531985,118.265802785007,4.5));
#5116=CARTESIAN_POINT('Ctrl Pts',(-255.41870107824,119.104500548896,0.));
#5117=CARTESIAN_POINT('Ctrl Pts',(-255.41870107824,119.104500548896,4.5));
#5118=CARTESIAN_POINT('Ctrl Pts',(-255.106150881163,119.866919462799,0.));
#5119=CARTESIAN_POINT('Ctrl Pts',(-255.106150881163,119.866919462799,4.5));
#5120=CARTESIAN_POINT('Ctrl Pts',(-254.834184162607,120.531586384944,0.));
#5121=CARTESIAN_POINT('Ctrl Pts',(-254.834184162607,120.531586384944,4.5));
#5122=CARTESIAN_POINT('Ctrl Pts',(-254.607686271378,121.093503721879,0.));
#5123=CARTESIAN_POINT('Ctrl Pts',(-254.607686271378,121.093503721879,4.5));
#5124=CARTESIAN_POINT('Ctrl Pts',(-254.426545993855,121.571796635995,0.));
#5125=CARTESIAN_POINT('Ctrl Pts',(-254.426545993855,121.571796635995,4.5));
#5126=CARTESIAN_POINT('Ctrl Pts',(-254.283824896268,122.017868032178,0.));
#5127=CARTESIAN_POINT('Ctrl Pts',(-254.283824896268,122.017868032178,4.5));
#5128=CARTESIAN_POINT('Ctrl Pts',(-254.169047145317,122.49689305821,0.));
#5129=CARTESIAN_POINT('Ctrl Pts',(-254.169047145317,122.49689305821,4.5));
#5130=CARTESIAN_POINT('Ctrl Pts',(-254.071372460167,123.07004893426,0.));
#5131=CARTESIAN_POINT('Ctrl Pts',(-254.071372460167,123.07004893426,4.5));
#5132=CARTESIAN_POINT('Ctrl Pts',(-253.983159848263,123.774404212263,0.));
#5133=CARTESIAN_POINT('Ctrl Pts',(-253.983159848263,123.774404212263,4.5));
#5134=CARTESIAN_POINT('Ctrl Pts',(-253.902316796807,124.610042109159,0.));
#5135=CARTESIAN_POINT('Ctrl Pts',(-253.902316796807,124.610042109159,4.5));
#5136=CARTESIAN_POINT('Ctrl Pts',(-253.830403300778,125.552436619968,0.));
#5137=CARTESIAN_POINT('Ctrl Pts',(-253.830403300778,125.552436619968,4.5));
#5138=CARTESIAN_POINT('Ctrl Pts',(-253.771413020564,126.560808651454,0.));
#5139=CARTESIAN_POINT('Ctrl Pts',(-253.771413020564,126.560808651454,4.5));
#5140=CARTESIAN_POINT('Ctrl Pts',(-253.73031136605,127.587909485356,0.));
#5141=CARTESIAN_POINT('Ctrl Pts',(-253.73031136605,127.587909485356,4.5));
#5142=CARTESIAN_POINT('Ctrl Pts',(-253.711625479677,128.589538460492,0.));
#5143=CARTESIAN_POINT('Ctrl Pts',(-253.711625479677,128.589538460492,4.5));
#5144=CARTESIAN_POINT('Ctrl Pts',(-253.718133332832,129.53337045288,0.));
#5145=CARTESIAN_POINT('Ctrl Pts',(-253.718133332832,129.53337045288,4.5));
#5146=CARTESIAN_POINT('Ctrl Pts',(-253.749197010062,130.410155019095,0.));
#5147=CARTESIAN_POINT('Ctrl Pts',(-253.749197010062,130.410155019095,4.5));
#5148=CARTESIAN_POINT('Ctrl Pts',(-253.801237958039,131.230721866165,0.));
#5149=CARTESIAN_POINT('Ctrl Pts',(-253.801237958039,131.230721866165,4.5));
#5150=CARTESIAN_POINT('Ctrl Pts',(-253.868945766442,132.01813541511,0.));
#5151=CARTESIAN_POINT('Ctrl Pts',(-253.868945766442,132.01813541511,4.5));
#5152=CARTESIAN_POINT('Ctrl Pts',(-253.946226389232,132.801563695828,0.));
#5153=CARTESIAN_POINT('Ctrl Pts',(-253.946226389232,132.801563695828,4.5));
#5154=CARTESIAN_POINT('Ctrl Pts',(-254.027298008658,133.609193569945,0.));
#5155=CARTESIAN_POINT('Ctrl Pts',(-254.027298008658,133.609193569945,4.5));
#5156=CARTESIAN_POINT('Ctrl Pts',(-254.107632951382,134.462110019356,0.));
#5157=CARTESIAN_POINT('Ctrl Pts',(-254.107632951382,134.462110019356,4.5));
#5158=CARTESIAN_POINT('Ctrl Pts',(-254.185198903241,135.366333410434,0.));
#5159=CARTESIAN_POINT('Ctrl Pts',(-254.185198903241,135.366333410434,4.5));
#5160=CARTESIAN_POINT('Ctrl Pts',(-254.260121116774,136.314530772135,0.));
#5161=CARTESIAN_POINT('Ctrl Pts',(-254.260121116774,136.314530772135,4.5));
#5162=CARTESIAN_POINT('Ctrl Pts',(-254.333806606741,137.291020857349,0.));
#5163=CARTESIAN_POINT('Ctrl Pts',(-254.333806606741,137.291020857349,4.5));
#5164=CARTESIAN_POINT('Ctrl Pts',(-254.40824422406,138.27570152992,0.));
#5165=CARTESIAN_POINT('Ctrl Pts',(-254.40824422406,138.27570152992,4.5));
#5166=CARTESIAN_POINT('Ctrl Pts',(-254.48523394288,139.248413252482,0.));
#5167=CARTESIAN_POINT('Ctrl Pts',(-254.48523394288,139.248413252482,4.5));
#5168=CARTESIAN_POINT('Ctrl Pts',(-254.565640497935,140.193146744035,0.));
#5169=CARTESIAN_POINT('Ctrl Pts',(-254.565640497935,140.193146744035,4.5));
#5170=CARTESIAN_POINT('Ctrl Pts',(-254.648650785034,141.102243531643,0.));
#5171=CARTESIAN_POINT('Ctrl Pts',(-254.648650785034,141.102243531643,4.5));
#5172=CARTESIAN_POINT('Ctrl Pts',(-254.730990191779,141.980804756543,0.));
#5173=CARTESIAN_POINT('Ctrl Pts',(-254.730990191779,141.980804756543,4.5));
#5174=CARTESIAN_POINT('Ctrl Pts',(-254.807747189822,142.84276145353,0.));
#5175=CARTESIAN_POINT('Ctrl Pts',(-254.807747189822,142.84276145353,4.5));
#5176=CARTESIAN_POINT('Ctrl Pts',(-254.873262503654,143.706613391539,0.));
#5177=CARTESIAN_POINT('Ctrl Pts',(-254.873262503654,143.706613391539,4.5));
#5178=CARTESIAN_POINT('Ctrl Pts',(-254.921974243412,144.591386472387,0.));
#5179=CARTESIAN_POINT('Ctrl Pts',(-254.921974243412,144.591386472387,4.5));
#5180=CARTESIAN_POINT('Ctrl Pts',(-254.949327391451,145.512280074277,0.));
#5181=CARTESIAN_POINT('Ctrl Pts',(-254.949327391451,145.512280074277,4.5));
#5182=CARTESIAN_POINT('Ctrl Pts',(-254.952549083585,146.476954828776,0.));
#5183=CARTESIAN_POINT('Ctrl Pts',(-254.952549083585,146.476954828776,4.5));
#5184=CARTESIAN_POINT('Ctrl Pts',(-254.931746665087,147.480283419631,0.));
#5185=CARTESIAN_POINT('Ctrl Pts',(-254.931746665087,147.480283419631,4.5));
#5186=CARTESIAN_POINT('Ctrl Pts',(-254.889759518679,148.505033283053,0.));
#5187=CARTESIAN_POINT('Ctrl Pts',(-254.889759518679,148.505033283053,4.5));
#5188=CARTESIAN_POINT('Ctrl Pts',(-254.830974255712,149.527482780984,0.));
#5189=CARTESIAN_POINT('Ctrl Pts',(-254.830974255712,149.527482780984,4.5));
#5190=CARTESIAN_POINT('Ctrl Pts',(-254.760421868516,150.521696182754,0.));
#5191=CARTESIAN_POINT('Ctrl Pts',(-254.760421868516,150.521696182754,4.5));
#5192=CARTESIAN_POINT('Ctrl Pts',(-254.68278501405,151.464224703239,0.));
#5193=CARTESIAN_POINT('Ctrl Pts',(-254.68278501405,151.464224703239,4.5));
#5194=CARTESIAN_POINT('Ctrl Pts',(-254.60138428869,152.338911468925,0.));
#5195=CARTESIAN_POINT('Ctrl Pts',(-254.60138428869,152.338911468925,4.5));
#5196=CARTESIAN_POINT('Ctrl Pts',(-254.517312751521,153.140981795231,0.));
#5197=CARTESIAN_POINT('Ctrl Pts',(-254.517312751521,153.140981795231,4.5));
#5198=CARTESIAN_POINT('Ctrl Pts',(-254.428155878835,153.883129293302,0.));
#5199=CARTESIAN_POINT('Ctrl Pts',(-254.428155878835,153.883129293302,4.5));
#5200=CARTESIAN_POINT('Ctrl Pts',(-254.328560446344,154.592703211666,0.));
#5201=CARTESIAN_POINT('Ctrl Pts',(-254.328560446344,154.592703211666,4.5));
#5202=CARTESIAN_POINT('Ctrl Pts',(-254.211891860269,155.303658053033,0.));
#5203=CARTESIAN_POINT('Ctrl Pts',(-254.211891860269,155.303658053033,4.5));
#5204=CARTESIAN_POINT('Ctrl Pts',(-254.071581375083,156.049994393921,0.));
#5205=CARTESIAN_POINT('Ctrl Pts',(-254.071581375083,156.049994393921,4.5));
#5206=CARTESIAN_POINT('Ctrl Pts',(-253.90255359394,156.858816272228,0.));
#5207=CARTESIAN_POINT('Ctrl Pts',(-253.90255359394,156.858816272228,4.5));
#5208=CARTESIAN_POINT('Ctrl Pts',(-253.702733409598,157.742999326155,0.));
#5209=CARTESIAN_POINT('Ctrl Pts',(-253.702733409598,157.742999326155,4.5));
#5210=CARTESIAN_POINT('Ctrl Pts',(-253.474182098975,158.695663476541,0.));
#5211=CARTESIAN_POINT('Ctrl Pts',(-253.474182098975,158.695663476541,4.5));
#5212=CARTESIAN_POINT('Ctrl Pts',(-253.221817159901,159.696393516969,0.));
#5213=CARTESIAN_POINT('Ctrl Pts',(-253.221817159901,159.696393516969,4.5));
#5214=CARTESIAN_POINT('Ctrl Pts',(-252.952408888084,160.716114791118,0.));
#5215=CARTESIAN_POINT('Ctrl Pts',(-252.952408888084,160.716114791118,4.5));
#5216=CARTESIAN_POINT('Ctrl Pts',(-252.67347419739,161.722467392131,0.));
#5217=CARTESIAN_POINT('Ctrl Pts',(-252.67347419739,161.722467392131,4.5));
#5218=CARTESIAN_POINT('Ctrl Pts',(-252.392204800106,162.685015726394,0.));
#5219=CARTESIAN_POINT('Ctrl Pts',(-252.392204800106,162.685015726394,4.5));
#5220=CARTESIAN_POINT('Ctrl Pts',(-252.114402513276,163.58041788513,0.));
#5221=CARTESIAN_POINT('Ctrl Pts',(-252.114402513276,163.58041788513,4.5));
#5222=CARTESIAN_POINT('Ctrl Pts',(-251.843359304267,164.397876818333,0.));
#5223=CARTESIAN_POINT('Ctrl Pts',(-251.843359304267,164.397876818333,4.5));
#5224=CARTESIAN_POINT('Ctrl Pts',(-251.578911993003,165.143706487575,0.));
#5225=CARTESIAN_POINT('Ctrl Pts',(-251.578911993003,165.143706487575,4.5));
#5226=CARTESIAN_POINT('Ctrl Pts',(-251.31867724244,165.83491999186,0.));
#5227=CARTESIAN_POINT('Ctrl Pts',(-251.31867724244,165.83491999186,4.5));
#5228=CARTESIAN_POINT('Ctrl Pts',(-251.059099700159,166.493736811942,0.));
#5229=CARTESIAN_POINT('Ctrl Pts',(-251.059099700159,166.493736811942,4.5));
#5230=CARTESIAN_POINT('Ctrl Pts',(-250.796640819262,167.141433171586,0.));
#5231=CARTESIAN_POINT('Ctrl Pts',(-250.796640819262,167.141433171586,4.5));
#5232=CARTESIAN_POINT('Ctrl Pts',(-250.528748369945,167.793175892427,0.));
#5233=CARTESIAN_POINT('Ctrl Pts',(-250.528748369945,167.793175892427,4.5));
#5234=CARTESIAN_POINT('Ctrl Pts',(-250.255320086461,168.450666845965,0.));
#5235=CARTESIAN_POINT('Ctrl Pts',(-250.255320086461,168.450666845965,4.5));
#5236=CARTESIAN_POINT('Ctrl Pts',(-249.978081528926,169.104033880431,0.));
#5237=CARTESIAN_POINT('Ctrl Pts',(-249.978081528926,169.104033880431,4.5));
#5238=CARTESIAN_POINT('Ctrl Pts',(-249.698777578781,169.739079358118,0.));
#5239=CARTESIAN_POINT('Ctrl Pts',(-249.698777578781,169.739079358118,4.5));
#5240=CARTESIAN_POINT('Ctrl Pts',(-249.417610057046,170.343245465594,0.));
#5241=CARTESIAN_POINT('Ctrl Pts',(-249.417610057046,170.343245465594,4.5));
#5242=CARTESIAN_POINT('Ctrl Pts',(-249.131825760513,170.911351452123,0.));
#5243=CARTESIAN_POINT('Ctrl Pts',(-249.131825760513,170.911351452123,4.5));
#5244=CARTESIAN_POINT('Ctrl Pts',(-248.83360722263,171.453332179262,0.));
#5245=CARTESIAN_POINT('Ctrl Pts',(-248.83360722263,171.453332179262,4.5));
#5246=CARTESIAN_POINT('Ctrl Pts',(-248.511413244634,171.99163351426,0.));
#5247=CARTESIAN_POINT('Ctrl Pts',(-248.511413244634,171.99163351426,4.5));
#5248=CARTESIAN_POINT('Ctrl Pts',(-248.153144631368,172.553075826227,0.));
#5249=CARTESIAN_POINT('Ctrl Pts',(-248.153144631368,172.553075826227,4.5));
#5250=CARTESIAN_POINT('Ctrl Pts',(-247.748810397508,173.162267684197,0.));
#5251=CARTESIAN_POINT('Ctrl Pts',(-247.748810397508,173.162267684197,4.5));
#5252=CARTESIAN_POINT('Ctrl Pts',(-247.293248043392,173.83476475723,0.));
#5253=CARTESIAN_POINT('Ctrl Pts',(-247.293248043392,173.83476475723,4.5));
#5254=CARTESIAN_POINT('Ctrl Pts',(-246.789224272119,174.569314727395,0.));
#5255=CARTESIAN_POINT('Ctrl Pts',(-246.789224272119,174.569314727395,4.5));
#5256=CARTESIAN_POINT('Ctrl Pts',(-246.246114671453,175.351299698597,0.));
#5257=CARTESIAN_POINT('Ctrl Pts',(-246.246114671453,175.351299698597,4.5));
#5258=CARTESIAN_POINT('Ctrl Pts',(-245.677871921546,176.158001606556,0.));
#5259=CARTESIAN_POINT('Ctrl Pts',(-245.677871921546,176.158001606556,4.5));
#5260=CARTESIAN_POINT('Ctrl Pts',(-245.101259204665,176.963172905597,0.));
#5261=CARTESIAN_POINT('Ctrl Pts',(-245.101259204665,176.963172905597,4.5));
#5262=CARTESIAN_POINT('Ctrl Pts',(-244.533942001161,177.742009550512,0.));
#5263=CARTESIAN_POINT('Ctrl Pts',(-244.533942001161,177.742009550512,4.5));
#5264=CARTESIAN_POINT('Ctrl Pts',(-243.992710509275,178.47569632963,0.));
#5265=CARTESIAN_POINT('Ctrl Pts',(-243.992710509275,178.47569632963,4.5));
#5266=CARTESIAN_POINT('Ctrl Pts',(-243.491478763438,179.156747127878,0.));
#5267=CARTESIAN_POINT('Ctrl Pts',(-243.491478763438,179.156747127878,4.5));
#5268=CARTESIAN_POINT('Ctrl Pts',(-243.039889599228,179.792138563028,0.));
#5269=CARTESIAN_POINT('Ctrl Pts',(-243.039889599228,179.792138563028,4.5));
#5270=CARTESIAN_POINT('Ctrl Pts',(-242.644421362411,180.397255487905,0.));
#5271=CARTESIAN_POINT('Ctrl Pts',(-242.644421362411,180.397255487905,4.5));
#5272=CARTESIAN_POINT('Ctrl Pts',(-242.309123993194,180.991225107057,0.));
#5273=CARTESIAN_POINT('Ctrl Pts',(-242.309123993194,180.991225107057,4.5));
#5274=CARTESIAN_POINT('Ctrl Pts',(-242.036515832266,181.591595372598,0.));
#5275=CARTESIAN_POINT('Ctrl Pts',(-242.036515832266,181.591595372598,4.5));
#5276=CARTESIAN_POINT('Ctrl Pts',(-241.82837421168,182.2095571147,0.));
#5277=CARTESIAN_POINT('Ctrl Pts',(-241.82837421168,182.2095571147,4.5));
#5278=CARTESIAN_POINT('Ctrl Pts',(-241.68667215844,182.844226901543,0.));
#5279=CARTESIAN_POINT('Ctrl Pts',(-241.68667215844,182.844226901543,4.5));
#5280=CARTESIAN_POINT('Ctrl Pts',(-241.624730873253,183.385422243019,0.));
#5281=CARTESIAN_POINT('Ctrl Pts',(-241.624730873253,183.385422243019,4.5));
#5282=CARTESIAN_POINT('Ctrl Pts',(-241.613405359939,183.794587519168,0.));
#5283=CARTESIAN_POINT('Ctrl Pts',(-241.613405359939,183.794587519168,4.5));
#5284=CARTESIAN_POINT('Ctrl Pts',(-241.622675505315,184.072150624168,0.));
#5285=CARTESIAN_POINT('Ctrl Pts',(-241.622675505315,184.072150624168,4.5));
#5286=CARTESIAN_POINT('Ctrl Pts',(-241.63288313909,184.222829917662,0.));
#5287=CARTESIAN_POINT('Ctrl Pts',(-241.63288313909,184.222829917662,4.5));
#5288=CARTESIAN_POINT('Ctrl Pts',(-241.634867997309,184.249668751113,0.));
#5289=CARTESIAN_POINT('Ctrl Pts',(-241.634867997309,184.249668751113,4.5));
#5290=CARTESIAN_POINT('Ctrl Pts',(-262.911760493268,101.306721764533,0.));
#5291=CARTESIAN_POINT('Ctrl Pts',(-262.899319436282,101.386039306624,0.));
#5292=CARTESIAN_POINT('Ctrl Pts',(-262.864378233141,101.563871036682,0.));
#5293=CARTESIAN_POINT('Ctrl Pts',(-262.778981598625,101.887478249667,0.));
#5294=CARTESIAN_POINT('Ctrl Pts',(-262.599175772525,102.425592136415,0.));
#5295=CARTESIAN_POINT('Ctrl Pts',(-262.300302904959,103.203552968967,0.));
#5296=CARTESIAN_POINT('Ctrl Pts',(-261.979346907266,103.992285954255,0.));
#5297=CARTESIAN_POINT('Ctrl Pts',(-261.686859123446,104.702845464868,0.));
#5298=CARTESIAN_POINT('Ctrl Pts',(-261.441187176862,105.308914783674,0.));
#5299=CARTESIAN_POINT('Ctrl Pts',(-261.233408717166,105.835001896857,0.));
#5300=CARTESIAN_POINT('Ctrl Pts',(-261.040371502188,106.331141694116,0.));
#5301=CARTESIAN_POINT('Ctrl Pts',(-260.833878483522,106.854744997861,0.));
#5302=CARTESIAN_POINT('Ctrl Pts',(-260.592799442838,107.446768219072,0.));
#5303=CARTESIAN_POINT('Ctrl Pts',(-260.309649912676,108.119077761894,0.));
#5304=CARTESIAN_POINT('Ctrl Pts',(-259.985857408864,108.865063103135,0.));
#5305=CARTESIAN_POINT('Ctrl Pts',(-259.629274673253,109.665590429895,0.));
#5306=CARTESIAN_POINT('Ctrl Pts',(-259.250696378447,110.497080274791,0.));
#5307=CARTESIAN_POINT('Ctrl Pts',(-258.861046397046,111.338039386446,0.));
#5308=CARTESIAN_POINT('Ctrl Pts',(-258.46765747417,112.177871803174,0.));
#5309=CARTESIAN_POINT('Ctrl Pts',(-258.074064084081,113.0165699083,0.));
#5310=CARTESIAN_POINT('Ctrl Pts',(-257.68156554314,113.859779780694,0.));
#5311=CARTESIAN_POINT('Ctrl Pts',(-257.29024706668,114.715277091153,0.));
#5312=CARTESIAN_POINT('Ctrl Pts',(-256.900212868296,115.588908397916,0.));
#5313=CARTESIAN_POINT('Ctrl Pts',(-256.512757274964,116.480646305752,0.));
#5314=CARTESIAN_POINT('Ctrl Pts',(-256.131494235407,117.380867508506,0.));
#5315=CARTESIAN_POINT('Ctrl Pts',(-255.763688531985,118.265802785007,0.));
#5316=CARTESIAN_POINT('Ctrl Pts',(-255.41870107824,119.104500548896,0.));
#5317=CARTESIAN_POINT('Ctrl Pts',(-255.106150881163,119.866919462799,0.));
#5318=CARTESIAN_POINT('Ctrl Pts',(-254.834184162607,120.531586384944,0.));
#5319=CARTESIAN_POINT('Ctrl Pts',(-254.607686271378,121.093503721879,0.));
#5320=CARTESIAN_POINT('Ctrl Pts',(-254.426545993855,121.571796635995,0.));
#5321=CARTESIAN_POINT('Ctrl Pts',(-254.283824896268,122.017868032178,0.));
#5322=CARTESIAN_POINT('Ctrl Pts',(-254.169047145317,122.49689305821,0.));
#5323=CARTESIAN_POINT('Ctrl Pts',(-254.071372460167,123.07004893426,0.));
#5324=CARTESIAN_POINT('Ctrl Pts',(-253.983159848263,123.774404212263,0.));
#5325=CARTESIAN_POINT('Ctrl Pts',(-253.902316796807,124.610042109159,0.));
#5326=CARTESIAN_POINT('Ctrl Pts',(-253.830403300778,125.552436619968,0.));
#5327=CARTESIAN_POINT('Ctrl Pts',(-253.771413020564,126.560808651454,0.));
#5328=CARTESIAN_POINT('Ctrl Pts',(-253.73031136605,127.587909485356,0.));
#5329=CARTESIAN_POINT('Ctrl Pts',(-253.711625479677,128.589538460492,0.));
#5330=CARTESIAN_POINT('Ctrl Pts',(-253.718133332832,129.53337045288,0.));
#5331=CARTESIAN_POINT('Ctrl Pts',(-253.749197010062,130.410155019095,0.));
#5332=CARTESIAN_POINT('Ctrl Pts',(-253.801237958039,131.230721866165,0.));
#5333=CARTESIAN_POINT('Ctrl Pts',(-253.868945766442,132.01813541511,0.));
#5334=CARTESIAN_POINT('Ctrl Pts',(-253.946226389232,132.801563695828,0.));
#5335=CARTESIAN_POINT('Ctrl Pts',(-254.027298008658,133.609193569945,0.));
#5336=CARTESIAN_POINT('Ctrl Pts',(-254.107632951382,134.462110019356,0.));
#5337=CARTESIAN_POINT('Ctrl Pts',(-254.185198903241,135.366333410434,0.));
#5338=CARTESIAN_POINT('Ctrl Pts',(-254.260121116774,136.314530772135,0.));
#5339=CARTESIAN_POINT('Ctrl Pts',(-254.333806606741,137.291020857349,0.));
#5340=CARTESIAN_POINT('Ctrl Pts',(-254.40824422406,138.27570152992,0.));
#5341=CARTESIAN_POINT('Ctrl Pts',(-254.48523394288,139.248413252482,0.));
#5342=CARTESIAN_POINT('Ctrl Pts',(-254.565640497935,140.193146744035,0.));
#5343=CARTESIAN_POINT('Ctrl Pts',(-254.648650785034,141.102243531643,0.));
#5344=CARTESIAN_POINT('Ctrl Pts',(-254.730990191779,141.980804756543,0.));
#5345=CARTESIAN_POINT('Ctrl Pts',(-254.807747189822,142.84276145353,0.));
#5346=CARTESIAN_POINT('Ctrl Pts',(-254.873262503654,143.706613391539,0.));
#5347=CARTESIAN_POINT('Ctrl Pts',(-254.921974243412,144.591386472387,0.));
#5348=CARTESIAN_POINT('Ctrl Pts',(-254.949327391451,145.512280074277,0.));
#5349=CARTESIAN_POINT('Ctrl Pts',(-254.952549083585,146.476954828776,0.));
#5350=CARTESIAN_POINT('Ctrl Pts',(-254.931746665087,147.480283419631,0.));
#5351=CARTESIAN_POINT('Ctrl Pts',(-254.889759518679,148.505033283053,0.));
#5352=CARTESIAN_POINT('Ctrl Pts',(-254.830974255712,149.527482780984,0.));
#5353=CARTESIAN_POINT('Ctrl Pts',(-254.760421868516,150.521696182754,0.));
#5354=CARTESIAN_POINT('Ctrl Pts',(-254.68278501405,151.464224703239,0.));
#5355=CARTESIAN_POINT('Ctrl Pts',(-254.60138428869,152.338911468925,0.));
#5356=CARTESIAN_POINT('Ctrl Pts',(-254.517312751521,153.140981795231,0.));
#5357=CARTESIAN_POINT('Ctrl Pts',(-254.428155878835,153.883129293302,0.));
#5358=CARTESIAN_POINT('Ctrl Pts',(-254.328560446344,154.592703211666,0.));
#5359=CARTESIAN_POINT('Ctrl Pts',(-254.211891860269,155.303658053033,0.));
#5360=CARTESIAN_POINT('Ctrl Pts',(-254.071581375083,156.049994393921,0.));
#5361=CARTESIAN_POINT('Ctrl Pts',(-253.90255359394,156.858816272228,0.));
#5362=CARTESIAN_POINT('Ctrl Pts',(-253.702733409598,157.742999326155,0.));
#5363=CARTESIAN_POINT('Ctrl Pts',(-253.474182098975,158.695663476541,0.));
#5364=CARTESIAN_POINT('Ctrl Pts',(-253.221817159901,159.696393516969,0.));
#5365=CARTESIAN_POINT('Ctrl Pts',(-252.952408888084,160.716114791118,0.));
#5366=CARTESIAN_POINT('Ctrl Pts',(-252.67347419739,161.722467392131,0.));
#5367=CARTESIAN_POINT('Ctrl Pts',(-252.392204800106,162.685015726394,0.));
#5368=CARTESIAN_POINT('Ctrl Pts',(-252.114402513276,163.58041788513,0.));
#5369=CARTESIAN_POINT('Ctrl Pts',(-251.843359304267,164.397876818333,0.));
#5370=CARTESIAN_POINT('Ctrl Pts',(-251.578911993003,165.143706487575,0.));
#5371=CARTESIAN_POINT('Ctrl Pts',(-251.31867724244,165.83491999186,0.));
#5372=CARTESIAN_POINT('Ctrl Pts',(-251.059099700159,166.493736811942,0.));
#5373=CARTESIAN_POINT('Ctrl Pts',(-250.796640819262,167.141433171586,0.));
#5374=CARTESIAN_POINT('Ctrl Pts',(-250.528748369945,167.793175892427,0.));
#5375=CARTESIAN_POINT('Ctrl Pts',(-250.255320086461,168.450666845965,0.));
#5376=CARTESIAN_POINT('Ctrl Pts',(-249.978081528926,169.104033880431,0.));
#5377=CARTESIAN_POINT('Ctrl Pts',(-249.698777578781,169.739079358118,0.));
#5378=CARTESIAN_POINT('Ctrl Pts',(-249.417610057046,170.343245465594,0.));
#5379=CARTESIAN_POINT('Ctrl Pts',(-249.131825760513,170.911351452123,0.));
#5380=CARTESIAN_POINT('Ctrl Pts',(-248.83360722263,171.453332179262,0.));
#5381=CARTESIAN_POINT('Ctrl Pts',(-248.511413244634,171.99163351426,0.));
#5382=CARTESIAN_POINT('Ctrl Pts',(-248.153144631368,172.553075826227,0.));
#5383=CARTESIAN_POINT('Ctrl Pts',(-247.748810397508,173.162267684197,0.));
#5384=CARTESIAN_POINT('Ctrl Pts',(-247.293248043392,173.83476475723,0.));
#5385=CARTESIAN_POINT('Ctrl Pts',(-246.789224272119,174.569314727395,0.));
#5386=CARTESIAN_POINT('Ctrl Pts',(-246.246114671453,175.351299698597,0.));
#5387=CARTESIAN_POINT('Ctrl Pts',(-245.677871921546,176.158001606556,0.));
#5388=CARTESIAN_POINT('Ctrl Pts',(-245.101259204665,176.963172905597,0.));
#5389=CARTESIAN_POINT('Ctrl Pts',(-244.533942001161,177.742009550512,0.));
#5390=CARTESIAN_POINT('Ctrl Pts',(-243.992710509275,178.47569632963,0.));
#5391=CARTESIAN_POINT('Ctrl Pts',(-243.491478763438,179.156747127878,0.));
#5392=CARTESIAN_POINT('Ctrl Pts',(-243.039889599228,179.792138563028,0.));
#5393=CARTESIAN_POINT('Ctrl Pts',(-242.644421362411,180.397255487905,0.));
#5394=CARTESIAN_POINT('Ctrl Pts',(-242.309123993194,180.991225107057,0.));
#5395=CARTESIAN_POINT('Ctrl Pts',(-242.036515832266,181.591595372598,0.));
#5396=CARTESIAN_POINT('Ctrl Pts',(-241.82837421168,182.2095571147,0.));
#5397=CARTESIAN_POINT('Ctrl Pts',(-241.68667215844,182.844226901543,0.));
#5398=CARTESIAN_POINT('Ctrl Pts',(-241.624730873253,183.385422243019,0.));
#5399=CARTESIAN_POINT('Ctrl Pts',(-241.613405359939,183.794587519168,0.));
#5400=CARTESIAN_POINT('Ctrl Pts',(-241.622675505315,184.072150624168,0.));
#5401=CARTESIAN_POINT('Ctrl Pts',(-241.63288313909,184.222829917662,0.));
#5402=CARTESIAN_POINT('Ctrl Pts',(-241.634867997309,184.249668751113,0.));
#5403=CARTESIAN_POINT('Ctrl Pts',(-254.89830501496,195.389883347371,0.));
#5404=CARTESIAN_POINT('Ctrl Pts',(-254.89830501496,195.389883347371,4.5));
#5405=CARTESIAN_POINT('Ctrl Pts',(-254.880422241278,195.328429046412,0.));
#5406=CARTESIAN_POINT('Ctrl Pts',(-254.880422241278,195.328429046412,4.5));
#5407=CARTESIAN_POINT('Ctrl Pts',(-254.862539467595,195.266974745453,0.));
#5408=CARTESIAN_POINT('Ctrl Pts',(-254.862539467595,195.266974745453,4.5));
#5409=CARTESIAN_POINT('Ctrl Pts',(-254.844656693913,195.205520444493,0.));
#5410=CARTESIAN_POINT('Ctrl Pts',(-254.844656693913,195.205520444493,4.5));
#5411=CARTESIAN_POINT('Ctrl Pts',(-254.393229112176,193.654185793513,0.));
#5412=CARTESIAN_POINT('Ctrl Pts',(-254.393229112176,193.654185793513,4.5));
#5413=CARTESIAN_POINT('Ctrl Pts',(-253.923924242328,192.175419918637,0.));
#5414=CARTESIAN_POINT('Ctrl Pts',(-253.923924242328,192.175419918637,4.5));
#5415=CARTESIAN_POINT('Ctrl Pts',(-253.393642814081,190.72647498416,0.));
#5416=CARTESIAN_POINT('Ctrl Pts',(-253.393642814081,190.72647498416,4.5));
#5417=CARTESIAN_POINT('',(-254.89830501496,195.389883347371,0.));
#5418=CARTESIAN_POINT('',(-253.393642814081,190.726474984159,0.));
#5419=CARTESIAN_POINT('Ctrl Pts',(-254.89830501496,195.389883347371,0.));
#5420=CARTESIAN_POINT('Ctrl Pts',(-254.880422241278,195.328429046412,0.));
#5421=CARTESIAN_POINT('Ctrl Pts',(-254.862539467595,195.266974745453,0.));
#5422=CARTESIAN_POINT('Ctrl Pts',(-254.844656693913,195.205520444493,0.));
#5423=CARTESIAN_POINT('Ctrl Pts',(-254.393229112176,193.654185793513,0.));
#5424=CARTESIAN_POINT('Ctrl Pts',(-253.923924242328,192.175419918637,0.));
#5425=CARTESIAN_POINT('Ctrl Pts',(-253.393642814081,190.72647498416,0.));
#5426=CARTESIAN_POINT('',(-253.393642814081,190.726474984159,0.));
#5427=CARTESIAN_POINT('',(-254.89830501496,195.389883347371,0.));
#5428=CARTESIAN_POINT('Ctrl Pts',(-255.129836705679,197.023888826471,0.));
#5429=CARTESIAN_POINT('Ctrl Pts',(-255.129836705679,197.023888826471,4.5));
#5430=CARTESIAN_POINT('Ctrl Pts',(-255.107840268668,196.743056608354,0.));
#5431=CARTESIAN_POINT('Ctrl Pts',(-255.107840268668,196.743056608354,4.5));
#5432=CARTESIAN_POINT('Ctrl Pts',(-255.075486750274,196.461552543346,0.));
#5433=CARTESIAN_POINT('Ctrl Pts',(-255.075486750274,196.461552543346,4.5));
#5434=CARTESIAN_POINT('Ctrl Pts',(-255.035609788941,196.189328188398,0.));
#5435=CARTESIAN_POINT('Ctrl Pts',(-255.035609788941,196.189328188398,4.5));
#5436=CARTESIAN_POINT('Ctrl Pts',(-254.995092055308,195.912729532594,0.));
#5437=CARTESIAN_POINT('Ctrl Pts',(-254.995092055308,195.912729532594,4.5));
#5438=CARTESIAN_POINT('Ctrl Pts',(-254.949039462255,195.646902544071,0.));
#5439=CARTESIAN_POINT('Ctrl Pts',(-254.949039462255,195.646902544071,4.5));
#5440=CARTESIAN_POINT('Ctrl Pts',(-254.89830501496,195.389883347371,0.));
#5441=CARTESIAN_POINT('Ctrl Pts',(-254.89830501496,195.389883347371,4.5));
#5442=CARTESIAN_POINT('',(-255.129836705679,197.023888826471,0.));
#5443=CARTESIAN_POINT('Ctrl Pts',(-255.129836705679,197.023888826471,0.));
#5444=CARTESIAN_POINT('Ctrl Pts',(-255.107840268668,196.743056608354,0.));
#5445=CARTESIAN_POINT('Ctrl Pts',(-255.075486750274,196.461552543346,0.));
#5446=CARTESIAN_POINT('Ctrl Pts',(-255.035609788941,196.189328188398,0.));
#5447=CARTESIAN_POINT('Ctrl Pts',(-254.995092055308,195.912729532594,0.));
#5448=CARTESIAN_POINT('Ctrl Pts',(-254.949039462255,195.646902544071,0.));
#5449=CARTESIAN_POINT('Ctrl Pts',(-254.89830501496,195.389883347371,0.));
#5450=CARTESIAN_POINT('',(-255.129836705679,197.023888826471,0.));
#5451=CARTESIAN_POINT('Ctrl Pts',(-250.325078242983,232.379578900127,0.));
#5452=CARTESIAN_POINT('Ctrl Pts',(-250.325078242983,232.379578900127,4.5));
#5453=CARTESIAN_POINT('Ctrl Pts',(-250.382527326782,232.080917404972,0.));
#5454=CARTESIAN_POINT('Ctrl Pts',(-250.382527326782,232.080917404972,4.5));
#5455=CARTESIAN_POINT('Ctrl Pts',(-250.439976410581,231.782255909818,0.));
#5456=CARTESIAN_POINT('Ctrl Pts',(-250.439976410581,231.782255909818,4.5));
#5457=CARTESIAN_POINT('Ctrl Pts',(-250.497425494379,231.483594414664,0.));
#5458=CARTESIAN_POINT('Ctrl Pts',(-250.497425494379,231.483594414664,4.5));
#5459=CARTESIAN_POINT('Ctrl Pts',(-250.775588295618,230.037504892932,0.));
#5460=CARTESIAN_POINT('Ctrl Pts',(-250.775588295618,230.037504892932,4.5));
#5461=CARTESIAN_POINT('Ctrl Pts',(-251.219615146436,228.434176467719,0.));
#5462=CARTESIAN_POINT('Ctrl Pts',(-251.219615146436,228.434176467719,4.5));
#5463=CARTESIAN_POINT('Ctrl Pts',(-251.858173520375,226.549744556801,0.));
#5464=CARTESIAN_POINT('Ctrl Pts',(-251.858173520375,226.549744556801,4.5));
#5465=CARTESIAN_POINT('Ctrl Pts',(-252.411531858043,224.916744110435,0.));
#5466=CARTESIAN_POINT('Ctrl Pts',(-252.411531858043,224.916744110435,4.5));
#5467=CARTESIAN_POINT('Ctrl Pts',(-253.136630242054,223.034433126304,0.));
#5468=CARTESIAN_POINT('Ctrl Pts',(-253.136630242054,223.034433126304,4.5));
#5469=CARTESIAN_POINT('Ctrl Pts',(-253.819460566601,220.863863477392,0.));
#5470=CARTESIAN_POINT('Ctrl Pts',(-253.819460566601,220.863863477392,4.5));
#5471=CARTESIAN_POINT('Ctrl Pts',(-254.441365522993,218.88696237279,0.));
#5472=CARTESIAN_POINT('Ctrl Pts',(-254.441365522993,218.88696237279,4.5));
#5473=CARTESIAN_POINT('Ctrl Pts',(-254.986353365762,216.654642557272,0.));
#5474=CARTESIAN_POINT('Ctrl Pts',(-254.986353365762,216.654642557272,4.5));
#5475=CARTESIAN_POINT('Ctrl Pts',(-255.247804725358,214.488983759944,0.));
#5476=CARTESIAN_POINT('Ctrl Pts',(-255.247804725358,214.488983759944,4.5));
#5477=CARTESIAN_POINT('Ctrl Pts',(-255.510504742168,212.312982061803,0.));
#5478=CARTESIAN_POINT('Ctrl Pts',(-255.510504742168,212.312982061803,4.5));
#5479=CARTESIAN_POINT('Ctrl Pts',(-255.502348692023,210.27690813485,0.));
#5480=CARTESIAN_POINT('Ctrl Pts',(-255.502348692023,210.27690813485,4.5));
#5481=CARTESIAN_POINT('Ctrl Pts',(-255.434519335758,208.599155263503,0.));
#5482=CARTESIAN_POINT('Ctrl Pts',(-255.434519335758,208.599155263503,4.5));
#5483=CARTESIAN_POINT('Ctrl Pts',(-255.33618960941,206.166978551147,0.));
#5484=CARTESIAN_POINT('Ctrl Pts',(-255.33618960941,206.166978551147,4.5));
#5485=CARTESIAN_POINT('Ctrl Pts',(-255.184773426609,204.436200059848,0.));
#5486=CARTESIAN_POINT('Ctrl Pts',(-255.184773426609,204.436200059848,4.5));
#5487=CARTESIAN_POINT('Ctrl Pts',(-255.126592780399,202.652324182066,0.));
#5488=CARTESIAN_POINT('Ctrl Pts',(-255.126592780399,202.652324182066,4.5));
#5489=CARTESIAN_POINT('Ctrl Pts',(-255.071885836489,200.974955435846,0.));
#5490=CARTESIAN_POINT('Ctrl Pts',(-255.071885836489,200.974955435846,4.5));
#5491=CARTESIAN_POINT('Ctrl Pts',(-255.069167838389,199.237539903918,0.));
#5492=CARTESIAN_POINT('Ctrl Pts',(-255.069167838389,199.237539903918,4.5));
#5493=CARTESIAN_POINT('Ctrl Pts',(-255.120813503186,197.353122300151,0.));
#5494=CARTESIAN_POINT('Ctrl Pts',(-255.120813503186,197.353122300151,4.5));
#5495=CARTESIAN_POINT('Ctrl Pts',(-255.12382123735,197.243377808925,0.));
#5496=CARTESIAN_POINT('Ctrl Pts',(-255.12382123735,197.243377808925,4.5));
#5497=CARTESIAN_POINT('Ctrl Pts',(-255.126828971515,197.133633317698,0.));
#5498=CARTESIAN_POINT('Ctrl Pts',(-255.126828971515,197.133633317698,4.5));
#5499=CARTESIAN_POINT('Ctrl Pts',(-255.12983670568,197.023888826472,0.));
#5500=CARTESIAN_POINT('Ctrl Pts',(-255.12983670568,197.023888826472,4.5));
#5501=CARTESIAN_POINT('',(-250.325078242983,232.379578900127,0.));
#5502=CARTESIAN_POINT('Ctrl Pts',(-250.325078242983,232.379578900127,0.));
#5503=CARTESIAN_POINT('Ctrl Pts',(-250.382527326782,232.080917404972,0.));
#5504=CARTESIAN_POINT('Ctrl Pts',(-250.439976410581,231.782255909818,0.));
#5505=CARTESIAN_POINT('Ctrl Pts',(-250.497425494379,231.483594414664,0.));
#5506=CARTESIAN_POINT('Ctrl Pts',(-250.775588295618,230.037504892932,0.));
#5507=CARTESIAN_POINT('Ctrl Pts',(-251.219615146436,228.434176467719,0.));
#5508=CARTESIAN_POINT('Ctrl Pts',(-251.858173520375,226.549744556801,0.));
#5509=CARTESIAN_POINT('Ctrl Pts',(-252.411531858043,224.916744110435,0.));
#5510=CARTESIAN_POINT('Ctrl Pts',(-253.136630242054,223.034433126304,0.));
#5511=CARTESIAN_POINT('Ctrl Pts',(-253.819460566601,220.863863477392,0.));
#5512=CARTESIAN_POINT('Ctrl Pts',(-254.441365522993,218.88696237279,0.));
#5513=CARTESIAN_POINT('Ctrl Pts',(-254.986353365762,216.654642557272,0.));
#5514=CARTESIAN_POINT('Ctrl Pts',(-255.247804725358,214.488983759944,0.));
#5515=CARTESIAN_POINT('Ctrl Pts',(-255.510504742168,212.312982061803,0.));
#5516=CARTESIAN_POINT('Ctrl Pts',(-255.502348692023,210.27690813485,0.));
#5517=CARTESIAN_POINT('Ctrl Pts',(-255.434519335758,208.599155263503,0.));
#5518=CARTESIAN_POINT('Ctrl Pts',(-255.33618960941,206.166978551147,0.));
#5519=CARTESIAN_POINT('Ctrl Pts',(-255.184773426609,204.436200059848,0.));
#5520=CARTESIAN_POINT('Ctrl Pts',(-255.126592780399,202.652324182066,0.));
#5521=CARTESIAN_POINT('Ctrl Pts',(-255.071885836489,200.974955435846,0.));
#5522=CARTESIAN_POINT('Ctrl Pts',(-255.069167838389,199.237539903918,0.));
#5523=CARTESIAN_POINT('Ctrl Pts',(-255.120813503186,197.353122300151,0.));
#5524=CARTESIAN_POINT('Ctrl Pts',(-255.12382123735,197.243377808925,0.));
#5525=CARTESIAN_POINT('Ctrl Pts',(-255.126828971515,197.133633317698,0.));
#5526=CARTESIAN_POINT('Ctrl Pts',(-255.12983670568,197.023888826472,0.));
#5527=CARTESIAN_POINT('',(-250.325078242983,232.379578900127,0.));
#5528=CARTESIAN_POINT('Origin',(-250.266689795037,232.50068054643,0.));
#5529=CARTESIAN_POINT('',(-250.266689795037,232.50068054643,0.));
#5530=CARTESIAN_POINT('',(-250.266689795037,232.50068054643,0.));
#5531=CARTESIAN_POINT('',(-250.266689795037,232.50068054643,0.));
#5532=CARTESIAN_POINT('Ctrl Pts',(-250.972333174688,233.576499460623,0.));
#5533=CARTESIAN_POINT('Ctrl Pts',(-250.972333174688,233.576499460623,4.5));
#5534=CARTESIAN_POINT('Ctrl Pts',(-250.847079041749,233.391352912485,0.));
#5535=CARTESIAN_POINT('Ctrl Pts',(-250.847079041749,233.391352912485,4.5));
#5536=CARTESIAN_POINT('Ctrl Pts',(-250.73186307674,233.219350307916,0.));
#5537=CARTESIAN_POINT('Ctrl Pts',(-250.73186307674,233.219350307916,4.5));
#5538=CARTESIAN_POINT('Ctrl Pts',(-250.626717171489,233.060281960951,0.));
#5539=CARTESIAN_POINT('Ctrl Pts',(-250.626717171489,233.060281960951,4.5));
#5540=CARTESIAN_POINT('Ctrl Pts',(-250.486526197397,232.848196226802,0.));
#5541=CARTESIAN_POINT('Ctrl Pts',(-250.486526197397,232.848196226802,4.5));
#5542=CARTESIAN_POINT('Ctrl Pts',(-250.36445430005,232.658583250839,0.));
#5543=CARTESIAN_POINT('Ctrl Pts',(-250.36445430005,232.658583250839,4.5));
#5544=CARTESIAN_POINT('Ctrl Pts',(-250.266689795037,232.50068054643,0.));
#5545=CARTESIAN_POINT('Ctrl Pts',(-250.266689795037,232.50068054643,4.5));
#5546=CARTESIAN_POINT('',(-250.972333174688,233.576499460623,0.));
#5547=CARTESIAN_POINT('Ctrl Pts',(-250.972333174688,233.576499460623,0.));
#5548=CARTESIAN_POINT('Ctrl Pts',(-250.847079041749,233.391352912485,0.));
#5549=CARTESIAN_POINT('Ctrl Pts',(-250.73186307674,233.219350307916,0.));
#5550=CARTESIAN_POINT('Ctrl Pts',(-250.626717171489,233.060281960951,0.));
#5551=CARTESIAN_POINT('Ctrl Pts',(-250.486526197397,232.848196226802,0.));
#5552=CARTESIAN_POINT('Ctrl Pts',(-250.36445430005,232.658583250839,0.));
#5553=CARTESIAN_POINT('Ctrl Pts',(-250.266689795037,232.50068054643,0.));
#5554=CARTESIAN_POINT('',(-250.972333174688,233.576499460623,0.));
#5555=CARTESIAN_POINT('Ctrl Pts',(-257.923663247829,247.905312637166,0.));
#5556=CARTESIAN_POINT('Ctrl Pts',(-257.923663247829,247.905312637166,4.5));
#5557=CARTESIAN_POINT('Ctrl Pts',(-257.895038072457,247.713619913018,0.));
#5558=CARTESIAN_POINT('Ctrl Pts',(-257.895038072457,247.713619913018,4.5));
#5559=CARTESIAN_POINT('Ctrl Pts',(-257.864088707456,247.521766148622,0.));
#5560=CARTESIAN_POINT('Ctrl Pts',(-257.864088707456,247.521766148622,4.5));
#5561=CARTESIAN_POINT('Ctrl Pts',(-257.830727183482,247.329700156299,0.));
#5562=CARTESIAN_POINT('Ctrl Pts',(-257.830727183482,247.329700156299,4.5));
#5563=CARTESIAN_POINT('Ctrl Pts',(-257.575464408975,245.860124062392,0.));
#5564=CARTESIAN_POINT('Ctrl Pts',(-257.575464408975,245.860124062392,4.5));
#5565=CARTESIAN_POINT('Ctrl Pts',(-257.156362178535,244.354408003573,0.));
#5566=CARTESIAN_POINT('Ctrl Pts',(-257.156362178535,244.354408003573,4.5));
#5567=CARTESIAN_POINT('Ctrl Pts',(-256.470739228139,242.913620179243,0.));
#5568=CARTESIAN_POINT('Ctrl Pts',(-256.470739228139,242.913620179243,4.5));
#5569=CARTESIAN_POINT('Ctrl Pts',(-255.824466669956,241.555524403,0.));
#5570=CARTESIAN_POINT('Ctrl Pts',(-255.824466669956,241.555524403,4.5));
#5571=CARTESIAN_POINT('Ctrl Pts',(-254.905124025875,240.287527781931,0.));
#5572=CARTESIAN_POINT('Ctrl Pts',(-254.905124025875,240.287527781931,4.5));
#5573=CARTESIAN_POINT('Ctrl Pts',(-254.065571901317,239.382797201435,0.));
#5574=CARTESIAN_POINT('Ctrl Pts',(-254.065571901317,239.382797201435,4.5));
#5575=CARTESIAN_POINT('Ctrl Pts',(-253.28206840913,238.538466577317,0.));
#5576=CARTESIAN_POINT('Ctrl Pts',(-253.28206840913,238.538466577317,4.5));
#5577=CARTESIAN_POINT('Ctrl Pts',(-252.645473872935,238.004861693842,0.));
#5578=CARTESIAN_POINT('Ctrl Pts',(-252.645473872935,238.004861693842,4.5));
#5579=CARTESIAN_POINT('Ctrl Pts',(-252.305455862427,237.685510497354,0.));
#5580=CARTESIAN_POINT('Ctrl Pts',(-252.305455862427,237.685510497354,4.5));
#5581=CARTESIAN_POINT('Ctrl Pts',(-251.873115974825,237.279448888472,0.));
#5582=CARTESIAN_POINT('Ctrl Pts',(-251.873115974825,237.279448888472,4.5));
#5583=CARTESIAN_POINT('Ctrl Pts',(-251.857539820539,237.242594506103,0.));
#5584=CARTESIAN_POINT('Ctrl Pts',(-251.857539820539,237.242594506103,4.5));
#5585=CARTESIAN_POINT('Ctrl Pts',(-251.759475463521,237.076147503248,0.));
#5586=CARTESIAN_POINT('Ctrl Pts',(-251.759475463521,237.076147503248,4.5));
#5587=CARTESIAN_POINT('Ctrl Pts',(-251.678914672663,236.939409726202,0.));
#5588=CARTESIAN_POINT('Ctrl Pts',(-251.678914672663,236.939409726202,4.5));
#5589=CARTESIAN_POINT('Ctrl Pts',(-251.540363852705,236.655728796864,0.));
#5590=CARTESIAN_POINT('Ctrl Pts',(-251.540363852705,236.655728796864,4.5));
#5591=CARTESIAN_POINT('Ctrl Pts',(-251.390581493788,236.114646258416,0.));
#5592=CARTESIAN_POINT('Ctrl Pts',(-251.390581493788,236.114646258416,4.5));
#5593=CARTESIAN_POINT('Ctrl Pts',(-251.210701274574,235.464836452157,0.));
#5594=CARTESIAN_POINT('Ctrl Pts',(-251.210701274574,235.464836452157,4.5));
#5595=CARTESIAN_POINT('Ctrl Pts',(-251.053395128334,234.482259200139,0.));
#5596=CARTESIAN_POINT('Ctrl Pts',(-251.053395128334,234.482259200139,4.5));
#5597=CARTESIAN_POINT('Ctrl Pts',(-250.972333174689,233.576499460623,0.));
#5598=CARTESIAN_POINT('Ctrl Pts',(-250.972333174689,233.576499460623,4.5));
#5599=CARTESIAN_POINT('',(-257.923663247829,247.905312637166,0.));
#5600=CARTESIAN_POINT('Ctrl Pts',(-257.923663247829,247.905312637166,0.));
#5601=CARTESIAN_POINT('Ctrl Pts',(-257.895038072457,247.713619913018,0.));
#5602=CARTESIAN_POINT('Ctrl Pts',(-257.864088707456,247.521766148622,0.));
#5603=CARTESIAN_POINT('Ctrl Pts',(-257.830727183482,247.329700156299,0.));
#5604=CARTESIAN_POINT('Ctrl Pts',(-257.575464408975,245.860124062392,0.));
#5605=CARTESIAN_POINT('Ctrl Pts',(-257.156362178535,244.354408003573,0.));
#5606=CARTESIAN_POINT('Ctrl Pts',(-256.470739228139,242.913620179243,0.));
#5607=CARTESIAN_POINT('Ctrl Pts',(-255.824466669956,241.555524403,0.));
#5608=CARTESIAN_POINT('Ctrl Pts',(-254.905124025875,240.287527781931,0.));
#5609=CARTESIAN_POINT('Ctrl Pts',(-254.065571901317,239.382797201435,0.));
#5610=CARTESIAN_POINT('Ctrl Pts',(-253.28206840913,238.538466577317,0.));
#5611=CARTESIAN_POINT('Ctrl Pts',(-252.645473872935,238.004861693842,0.));
#5612=CARTESIAN_POINT('Ctrl Pts',(-252.305455862427,237.685510497354,0.));
#5613=CARTESIAN_POINT('Ctrl Pts',(-251.873115974825,237.279448888472,0.));
#5614=CARTESIAN_POINT('Ctrl Pts',(-251.857539820539,237.242594506103,0.));
#5615=CARTESIAN_POINT('Ctrl Pts',(-251.759475463521,237.076147503248,0.));
#5616=CARTESIAN_POINT('Ctrl Pts',(-251.678914672663,236.939409726202,0.));
#5617=CARTESIAN_POINT('Ctrl Pts',(-251.540363852705,236.655728796864,0.));
#5618=CARTESIAN_POINT('Ctrl Pts',(-251.390581493788,236.114646258416,0.));
#5619=CARTESIAN_POINT('Ctrl Pts',(-251.210701274574,235.464836452157,0.));
#5620=CARTESIAN_POINT('Ctrl Pts',(-251.053395128334,234.482259200139,0.));
#5621=CARTESIAN_POINT('Ctrl Pts',(-250.972333174689,233.576499460623,0.));
#5622=CARTESIAN_POINT('',(-257.923663247829,247.905312637166,0.));
#5623=CARTESIAN_POINT('Ctrl Pts',(-235.333562418028,268.939133852858,0.));
#5624=CARTESIAN_POINT('Ctrl Pts',(-235.333562418028,268.939133852858,4.5));
#5625=CARTESIAN_POINT('Ctrl Pts',(-235.469057656039,268.944623804254,0.));
#5626=CARTESIAN_POINT('Ctrl Pts',(-235.469057656039,268.944623804254,4.5));
#5627=CARTESIAN_POINT('Ctrl Pts',(-235.604552894049,268.950113755651,0.));
#5628=CARTESIAN_POINT('Ctrl Pts',(-235.604552894049,268.950113755651,4.5));
#5629=CARTESIAN_POINT('Ctrl Pts',(-235.740048132059,268.955603707047,0.));
#5630=CARTESIAN_POINT('Ctrl Pts',(-235.740048132059,268.955603707047,4.5));
#5631=CARTESIAN_POINT('Ctrl Pts',(-236.956338165382,269.004884945744,0.));
#5632=CARTESIAN_POINT('Ctrl Pts',(-236.956338165382,269.004884945744,4.5));
#5633=CARTESIAN_POINT('Ctrl Pts',(-238.154139152217,269.059442899307,0.));
#5634=CARTESIAN_POINT('Ctrl Pts',(-238.154139152217,269.059442899307,4.5));
#5635=CARTESIAN_POINT('Ctrl Pts',(-239.420556044036,269.108175496642,0.));
#5636=CARTESIAN_POINT('Ctrl Pts',(-239.420556044036,269.108175496642,4.5));
#5637=CARTESIAN_POINT('Ctrl Pts',(-240.723888515411,269.158328630995,0.));
#5638=CARTESIAN_POINT('Ctrl Pts',(-240.723888515411,269.158328630995,4.5));
#5639=CARTESIAN_POINT('Ctrl Pts',(-242.090925809899,269.231008254658,0.));
#5640=CARTESIAN_POINT('Ctrl Pts',(-242.090925809899,269.231008254658,4.5));
#5641=CARTESIAN_POINT('Ctrl Pts',(-243.852928810449,269.111206228403,0.));
#5642=CARTESIAN_POINT('Ctrl Pts',(-243.852928810449,269.111206228403,4.5));
#5643=CARTESIAN_POINT('Ctrl Pts',(-245.100735965698,269.026365382203,0.));
#5644=CARTESIAN_POINT('Ctrl Pts',(-245.100735965698,269.026365382203,4.5));
#5645=CARTESIAN_POINT('Ctrl Pts',(-246.594249934864,268.830362723226,0.));
#5646=CARTESIAN_POINT('Ctrl Pts',(-246.594249934864,268.830362723226,4.5));
#5647=CARTESIAN_POINT('Ctrl Pts',(-248.230315178724,268.222278349942,0.));
#5648=CARTESIAN_POINT('Ctrl Pts',(-248.230315178724,268.222278349942,4.5));
#5649=CARTESIAN_POINT('Ctrl Pts',(-249.703058889955,267.674896489707,0.));
#5650=CARTESIAN_POINT('Ctrl Pts',(-249.703058889955,267.674896489707,4.5));
#5651=CARTESIAN_POINT('Ctrl Pts',(-251.248875338428,266.746404588359,0.));
#5652=CARTESIAN_POINT('Ctrl Pts',(-251.248875338428,266.746404588359,4.5));
#5653=CARTESIAN_POINT('Ctrl Pts',(-252.49123747321,265.560061372139,0.));
#5654=CARTESIAN_POINT('Ctrl Pts',(-252.49123747321,265.560061372139,4.5));
#5655=CARTESIAN_POINT('Ctrl Pts',(-253.781929764908,264.327567237284,0.));
#5656=CARTESIAN_POINT('Ctrl Pts',(-253.781929764908,264.327567237284,4.5));
#5657=CARTESIAN_POINT('Ctrl Pts',(-254.733817284662,262.890902014413,0.));
#5658=CARTESIAN_POINT('Ctrl Pts',(-254.733817284662,262.890902014413,4.5));
#5659=CARTESIAN_POINT('Ctrl Pts',(-255.431738015347,261.486392485219,0.));
#5660=CARTESIAN_POINT('Ctrl Pts',(-255.431738015347,261.486392485219,4.5));
#5661=CARTESIAN_POINT('Ctrl Pts',(-256.497095545658,259.342445848398,0.));
#5662=CARTESIAN_POINT('Ctrl Pts',(-256.497095545658,259.342445848398,4.5));
#5663=CARTESIAN_POINT('Ctrl Pts',(-257.058353981418,257.219023152529,0.));
#5664=CARTESIAN_POINT('Ctrl Pts',(-257.058353981418,257.219023152529,4.5));
#5665=CARTESIAN_POINT('Ctrl Pts',(-257.432701457849,255.231511960488,0.));
#5666=CARTESIAN_POINT('Ctrl Pts',(-257.432701457849,255.231511960488,4.5));
#5667=CARTESIAN_POINT('Ctrl Pts',(-257.853528013403,252.997230866766,0.));
#5668=CARTESIAN_POINT('Ctrl Pts',(-257.853528013403,252.997230866766,4.5));
#5669=CARTESIAN_POINT('Ctrl Pts',(-258.023131151256,250.964272894736,0.));
#5670=CARTESIAN_POINT('Ctrl Pts',(-258.023131151256,250.964272894736,4.5));
#5671=CARTESIAN_POINT('Ctrl Pts',(-257.97954358509,249.040310206172,0.));
#5672=CARTESIAN_POINT('Ctrl Pts',(-257.97954358509,249.040310206172,4.5));
#5673=CARTESIAN_POINT('Ctrl Pts',(-257.970929303515,248.660074331635,0.));
#5674=CARTESIAN_POINT('Ctrl Pts',(-257.970929303515,248.660074331635,4.5));
#5675=CARTESIAN_POINT('Ctrl Pts',(-257.95532291217,248.28319382526,0.));
#5676=CARTESIAN_POINT('Ctrl Pts',(-257.95532291217,248.28319382526,4.5));
#5677=CARTESIAN_POINT('Ctrl Pts',(-257.92366324783,247.905312637166,0.));
#5678=CARTESIAN_POINT('Ctrl Pts',(-257.92366324783,247.905312637166,4.5));
#5679=CARTESIAN_POINT('',(-235.333562418028,268.939133852858,0.));
#5680=CARTESIAN_POINT('Ctrl Pts',(-235.333562418028,268.939133852858,0.));
#5681=CARTESIAN_POINT('Ctrl Pts',(-235.469057656039,268.944623804254,0.));
#5682=CARTESIAN_POINT('Ctrl Pts',(-235.604552894049,268.950113755651,0.));
#5683=CARTESIAN_POINT('Ctrl Pts',(-235.740048132059,268.955603707047,0.));
#5684=CARTESIAN_POINT('Ctrl Pts',(-236.956338165382,269.004884945744,0.));
#5685=CARTESIAN_POINT('Ctrl Pts',(-238.154139152217,269.059442899307,0.));
#5686=CARTESIAN_POINT('Ctrl Pts',(-239.420556044036,269.108175496642,0.));
#5687=CARTESIAN_POINT('Ctrl Pts',(-240.723888515411,269.158328630995,0.));
#5688=CARTESIAN_POINT('Ctrl Pts',(-242.090925809899,269.231008254658,0.));
#5689=CARTESIAN_POINT('Ctrl Pts',(-243.852928810449,269.111206228403,0.));
#5690=CARTESIAN_POINT('Ctrl Pts',(-245.100735965698,269.026365382203,0.));
#5691=CARTESIAN_POINT('Ctrl Pts',(-246.594249934864,268.830362723226,0.));
#5692=CARTESIAN_POINT('Ctrl Pts',(-248.230315178724,268.222278349942,0.));
#5693=CARTESIAN_POINT('Ctrl Pts',(-249.703058889955,267.674896489707,0.));
#5694=CARTESIAN_POINT('Ctrl Pts',(-251.248875338428,266.746404588359,0.));
#5695=CARTESIAN_POINT('Ctrl Pts',(-252.49123747321,265.560061372139,0.));
#5696=CARTESIAN_POINT('Ctrl Pts',(-253.781929764908,264.327567237284,0.));
#5697=CARTESIAN_POINT('Ctrl Pts',(-254.733817284662,262.890902014413,0.));
#5698=CARTESIAN_POINT('Ctrl Pts',(-255.431738015347,261.486392485219,0.));
#5699=CARTESIAN_POINT('Ctrl Pts',(-256.497095545658,259.342445848398,0.));
#5700=CARTESIAN_POINT('Ctrl Pts',(-257.058353981418,257.219023152529,0.));
#5701=CARTESIAN_POINT('Ctrl Pts',(-257.432701457849,255.231511960488,0.));
#5702=CARTESIAN_POINT('Ctrl Pts',(-257.853528013403,252.997230866766,0.));
#5703=CARTESIAN_POINT('Ctrl Pts',(-258.023131151256,250.964272894736,0.));
#5704=CARTESIAN_POINT('Ctrl Pts',(-257.97954358509,249.040310206172,0.));
#5705=CARTESIAN_POINT('Ctrl Pts',(-257.970929303515,248.660074331635,0.));
#5706=CARTESIAN_POINT('Ctrl Pts',(-257.95532291217,248.28319382526,0.));
#5707=CARTESIAN_POINT('Ctrl Pts',(-257.92366324783,247.905312637166,0.));
#5708=CARTESIAN_POINT('',(-235.333562418028,268.939133852858,0.));
#5709=CARTESIAN_POINT('Origin',(-233.014509021231,268.572974390636,1.26217744835362E-28));
#5710=CARTESIAN_POINT('',(-233.014509021231,268.572974390636,1.26217744835362E-28));
#5711=CARTESIAN_POINT('',(-233.014509021231,268.572974390636,1.26217744835362E-28));
#5712=CARTESIAN_POINT('',(-233.014509021231,268.572974390636,1.26217744835362E-28));
#5713=CARTESIAN_POINT('Origin',(-215.942998666809,265.790336112923,0.));
#5714=CARTESIAN_POINT('',(-215.942998666809,265.790336112923,0.));
#5715=CARTESIAN_POINT('',(-215.942998666809,265.790336112923,0.));
#5716=CARTESIAN_POINT('',(-215.942998666809,265.790336112923,0.));
#5717=CARTESIAN_POINT('Ctrl Pts',(-180.745678801855,268.563752019971,0.));
#5718=CARTESIAN_POINT('Ctrl Pts',(-180.745678801855,268.563752019971,4.5));
#5719=CARTESIAN_POINT('Ctrl Pts',(-181.01930327844,268.704913944201,0.));
#5720=CARTESIAN_POINT('Ctrl Pts',(-181.01930327844,268.704913944201,4.5));
#5721=CARTESIAN_POINT('Ctrl Pts',(-181.295408984893,268.836652953403,0.));
#5722=CARTESIAN_POINT('Ctrl Pts',(-181.295408984893,268.836652953403,4.5));
#5723=CARTESIAN_POINT('Ctrl Pts',(-181.57346473687,268.959687285084,0.));
#5724=CARTESIAN_POINT('Ctrl Pts',(-181.57346473687,268.959687285084,4.5));
#5725=CARTESIAN_POINT('Ctrl Pts',(-184.049792653671,270.055414843676,0.));
#5726=CARTESIAN_POINT('Ctrl Pts',(-184.049792653671,270.055414843676,4.5));
#5727=CARTESIAN_POINT('Ctrl Pts',(-186.648490601244,270.490000773054,0.));
#5728=CARTESIAN_POINT('Ctrl Pts',(-186.648490601244,270.490000773054,4.5));
#5729=CARTESIAN_POINT('Ctrl Pts',(-189.359276832987,270.623060275816,0.));
#5730=CARTESIAN_POINT('Ctrl Pts',(-189.359276832987,270.623060275816,4.5));
#5731=CARTESIAN_POINT('Ctrl Pts',(-192.463012293624,270.775407772738,0.));
#5732=CARTESIAN_POINT('Ctrl Pts',(-192.463012293624,270.775407772738,4.5));
#5733=CARTESIAN_POINT('Ctrl Pts',(-195.771101457027,270.503275444701,0.));
#5734=CARTESIAN_POINT('Ctrl Pts',(-195.771101457027,270.503275444701,4.5));
#5735=CARTESIAN_POINT('Ctrl Pts',(-198.963880187672,270.046139903988,0.));
#5736=CARTESIAN_POINT('Ctrl Pts',(-198.963880187672,270.046139903988,4.5));
#5737=CARTESIAN_POINT('Ctrl Pts',(-202.476957744939,269.543144631159,0.));
#5738=CARTESIAN_POINT('Ctrl Pts',(-202.476957744939,269.543144631159,4.5));
#5739=CARTESIAN_POINT('Ctrl Pts',(-205.764845939228,268.816060741536,0.));
#5740=CARTESIAN_POINT('Ctrl Pts',(-205.764845939228,268.816060741536,4.5));
#5741=CARTESIAN_POINT('Ctrl Pts',(-208.35386903045,268.116411095623,0.));
#5742=CARTESIAN_POINT('Ctrl Pts',(-208.35386903045,268.116411095623,4.5));
#5743=CARTESIAN_POINT('Ctrl Pts',(-210.609955646287,267.506733179936,0.));
#5744=CARTESIAN_POINT('Ctrl Pts',(-210.609955646287,267.506733179936,4.5));
#5745=CARTESIAN_POINT('Ctrl Pts',(-212.341616974398,266.92646406633,0.));
#5746=CARTESIAN_POINT('Ctrl Pts',(-212.341616974398,266.92646406633,4.5));
#5747=CARTESIAN_POINT('Ctrl Pts',(-213.714167271864,266.482949525431,0.));
#5748=CARTESIAN_POINT('Ctrl Pts',(-213.714167271864,266.482949525431,4.5));
#5749=CARTESIAN_POINT('Ctrl Pts',(-214.544262954541,266.214719278216,0.));
#5750=CARTESIAN_POINT('Ctrl Pts',(-214.544262954541,266.214719278216,4.5));
#5751=CARTESIAN_POINT('Ctrl Pts',(-215.266003979099,265.9879484276,0.));
#5752=CARTESIAN_POINT('Ctrl Pts',(-215.266003979099,265.9879484276,4.5));
#5753=CARTESIAN_POINT('Ctrl Pts',(-215.942998666809,265.790336112923,0.));
#5754=CARTESIAN_POINT('Ctrl Pts',(-215.942998666809,265.790336112923,4.5));
#5755=CARTESIAN_POINT('',(-180.745678801855,268.563752019971,0.));
#5756=CARTESIAN_POINT('Ctrl Pts',(-180.745678801855,268.563752019971,0.));
#5757=CARTESIAN_POINT('Ctrl Pts',(-181.01930327844,268.704913944201,0.));
#5758=CARTESIAN_POINT('Ctrl Pts',(-181.295408984893,268.836652953403,0.));
#5759=CARTESIAN_POINT('Ctrl Pts',(-181.57346473687,268.959687285084,0.));
#5760=CARTESIAN_POINT('Ctrl Pts',(-184.049792653671,270.055414843676,0.));
#5761=CARTESIAN_POINT('Ctrl Pts',(-186.648490601244,270.490000773054,0.));
#5762=CARTESIAN_POINT('Ctrl Pts',(-189.359276832987,270.623060275816,0.));
#5763=CARTESIAN_POINT('Ctrl Pts',(-192.463012293624,270.775407772738,0.));
#5764=CARTESIAN_POINT('Ctrl Pts',(-195.771101457027,270.503275444701,0.));
#5765=CARTESIAN_POINT('Ctrl Pts',(-198.963880187672,270.046139903988,0.));
#5766=CARTESIAN_POINT('Ctrl Pts',(-202.476957744939,269.543144631159,0.));
#5767=CARTESIAN_POINT('Ctrl Pts',(-205.764845939228,268.816060741536,0.));
#5768=CARTESIAN_POINT('Ctrl Pts',(-208.35386903045,268.116411095623,0.));
#5769=CARTESIAN_POINT('Ctrl Pts',(-210.609955646287,267.506733179936,0.));
#5770=CARTESIAN_POINT('Ctrl Pts',(-212.341616974398,266.92646406633,0.));
#5771=CARTESIAN_POINT('Ctrl Pts',(-213.714167271864,266.482949525431,0.));
#5772=CARTESIAN_POINT('Ctrl Pts',(-214.544262954541,266.214719278216,0.));
#5773=CARTESIAN_POINT('Ctrl Pts',(-215.266003979099,265.9879484276,0.));
#5774=CARTESIAN_POINT('Ctrl Pts',(-215.942998666809,265.790336112923,0.));
#5775=CARTESIAN_POINT('',(-180.745678801855,268.563752019971,0.));
#5776=CARTESIAN_POINT('Ctrl Pts',(-134.232887307327,264.212899001151,0.));
#5777=CARTESIAN_POINT('Ctrl Pts',(-134.232887307327,264.212899001151,4.5));
#5778=CARTESIAN_POINT('Ctrl Pts',(-134.579640008148,264.58158667765,0.));
#5779=CARTESIAN_POINT('Ctrl Pts',(-134.579640008148,264.58158667765,4.5));
#5780=CARTESIAN_POINT('Ctrl Pts',(-134.929124244692,264.938432520293,0.));
#5781=CARTESIAN_POINT('Ctrl Pts',(-134.929124244692,264.938432520293,4.5));
#5782=CARTESIAN_POINT('Ctrl Pts',(-135.282537680578,265.283512658289,0.));
#5783=CARTESIAN_POINT('Ctrl Pts',(-135.282537680578,265.283512658289,4.5));
#5784=CARTESIAN_POINT('Ctrl Pts',(-137.18698955162,267.143058583072,0.));
#5785=CARTESIAN_POINT('Ctrl Pts',(-137.18698955162,267.143058583072,4.5));
#5786=CARTESIAN_POINT('Ctrl Pts',(-139.216912287267,268.696147982205,0.));
#5787=CARTESIAN_POINT('Ctrl Pts',(-139.216912287267,268.696147982205,4.5));
#5788=CARTESIAN_POINT('Ctrl Pts',(-141.567837365603,269.760818673538,0.));
#5789=CARTESIAN_POINT('Ctrl Pts',(-141.567837365603,269.760818673538,4.5));
#5790=CARTESIAN_POINT('Ctrl Pts',(-143.371114620005,270.577474405702,0.));
#5791=CARTESIAN_POINT('Ctrl Pts',(-143.371114620005,270.577474405702,4.5));
#5792=CARTESIAN_POINT('Ctrl Pts',(-145.378975059581,271.048462628773,0.));
#5793=CARTESIAN_POINT('Ctrl Pts',(-145.378975059581,271.048462628773,4.5));
#5794=CARTESIAN_POINT('Ctrl Pts',(-147.242940484474,271.125727397531,0.));
#5795=CARTESIAN_POINT('Ctrl Pts',(-147.242940484474,271.125727397531,4.5));
#5796=CARTESIAN_POINT('Ctrl Pts',(-149.046785672816,271.200500072759,0.));
#5797=CARTESIAN_POINT('Ctrl Pts',(-149.046785672816,271.200500072759,4.5));
#5798=CARTESIAN_POINT('Ctrl Pts',(-150.653712237116,270.953162741831,0.));
#5799=CARTESIAN_POINT('Ctrl Pts',(-150.653712237116,270.953162741831,4.5));
#5800=CARTESIAN_POINT('Ctrl Pts',(-152.035371203362,270.653806565623,0.));
#5801=CARTESIAN_POINT('Ctrl Pts',(-152.035371203362,270.653806565623,4.5));
#5802=CARTESIAN_POINT('Ctrl Pts',(-153.803248635943,270.270770634797,0.));
#5803=CARTESIAN_POINT('Ctrl Pts',(-153.803248635943,270.270770634797,4.5));
#5804=CARTESIAN_POINT('Ctrl Pts',(-155.275760152946,269.811451250203,0.));
#5805=CARTESIAN_POINT('Ctrl Pts',(-155.275760152946,269.811451250203,4.5));
#5806=CARTESIAN_POINT('Ctrl Pts',(-156.788616774534,269.386493449649,0.));
#5807=CARTESIAN_POINT('Ctrl Pts',(-156.788616774534,269.386493449649,4.5));
#5808=CARTESIAN_POINT('Ctrl Pts',(-158.805758936652,268.819883048912,0.));
#5809=CARTESIAN_POINT('Ctrl Pts',(-158.805758936652,268.819883048912,4.5));
#5810=CARTESIAN_POINT('Ctrl Pts',(-160.902394194875,268.283659738281,0.));
#5811=CARTESIAN_POINT('Ctrl Pts',(-160.902394194875,268.283659738281,4.5));
#5812=CARTESIAN_POINT('Ctrl Pts',(-163.068221467855,267.862163125812,0.));
#5813=CARTESIAN_POINT('Ctrl Pts',(-163.068221467855,267.862163125812,4.5));
#5814=CARTESIAN_POINT('Ctrl Pts',(-165.955991165162,267.30016764252,0.));
#5815=CARTESIAN_POINT('Ctrl Pts',(-165.955991165162,267.30016764252,4.5));
#5816=CARTESIAN_POINT('Ctrl Pts',(-168.864259433339,266.967227825089,0.));
#5817=CARTESIAN_POINT('Ctrl Pts',(-168.864259433339,266.967227825089,4.5));
#5818=CARTESIAN_POINT('Ctrl Pts',(-171.233341767403,266.941310189527,0.));
#5819=CARTESIAN_POINT('Ctrl Pts',(-171.233341767403,266.941310189527,4.5));
#5820=CARTESIAN_POINT('Ctrl Pts',(-173.328393258378,266.91839043691,0.));
#5821=CARTESIAN_POINT('Ctrl Pts',(-173.328393258378,266.91839043691,4.5));
#5822=CARTESIAN_POINT('Ctrl Pts',(-175.008177039507,267.111138283452,0.));
#5823=CARTESIAN_POINT('Ctrl Pts',(-175.008177039507,267.111138283452,4.5));
#5824=CARTESIAN_POINT('Ctrl Pts',(-176.576770328204,267.421750665103,0.));
#5825=CARTESIAN_POINT('Ctrl Pts',(-176.576770328204,267.421750665103,4.5));
#5826=CARTESIAN_POINT('Ctrl Pts',(-178.093251690681,267.722043858451,0.));
#5827=CARTESIAN_POINT('Ctrl Pts',(-178.093251690681,267.722043858451,4.5));
#5828=CARTESIAN_POINT('Ctrl Pts',(-179.522505489935,268.132774609009,0.));
#5829=CARTESIAN_POINT('Ctrl Pts',(-179.522505489935,268.132774609009,4.5));
#5830=CARTESIAN_POINT('Ctrl Pts',(-180.745678801853,268.563752019975,0.));
#5831=CARTESIAN_POINT('Ctrl Pts',(-180.745678801853,268.563752019975,4.5));
#5832=CARTESIAN_POINT('',(-134.232887307327,264.212899001151,0.));
#5833=CARTESIAN_POINT('Ctrl Pts',(-134.232887307327,264.212899001151,0.));
#5834=CARTESIAN_POINT('Ctrl Pts',(-134.579640008148,264.58158667765,0.));
#5835=CARTESIAN_POINT('Ctrl Pts',(-134.929124244692,264.938432520293,0.));
#5836=CARTESIAN_POINT('Ctrl Pts',(-135.282537680578,265.283512658289,0.));
#5837=CARTESIAN_POINT('Ctrl Pts',(-137.18698955162,267.143058583072,0.));
#5838=CARTESIAN_POINT('Ctrl Pts',(-139.216912287267,268.696147982205,0.));
#5839=CARTESIAN_POINT('Ctrl Pts',(-141.567837365603,269.760818673538,0.));
#5840=CARTESIAN_POINT('Ctrl Pts',(-143.371114620005,270.577474405702,0.));
#5841=CARTESIAN_POINT('Ctrl Pts',(-145.378975059581,271.048462628773,0.));
#5842=CARTESIAN_POINT('Ctrl Pts',(-147.242940484474,271.125727397531,0.));
#5843=CARTESIAN_POINT('Ctrl Pts',(-149.046785672816,271.200500072759,0.));
#5844=CARTESIAN_POINT('Ctrl Pts',(-150.653712237116,270.953162741831,0.));
#5845=CARTESIAN_POINT('Ctrl Pts',(-152.035371203362,270.653806565623,0.));
#5846=CARTESIAN_POINT('Ctrl Pts',(-153.803248635943,270.270770634797,0.));
#5847=CARTESIAN_POINT('Ctrl Pts',(-155.275760152946,269.811451250203,0.));
#5848=CARTESIAN_POINT('Ctrl Pts',(-156.788616774534,269.386493449649,0.));
#5849=CARTESIAN_POINT('Ctrl Pts',(-158.805758936652,268.819883048912,0.));
#5850=CARTESIAN_POINT('Ctrl Pts',(-160.902394194875,268.283659738281,0.));
#5851=CARTESIAN_POINT('Ctrl Pts',(-163.068221467855,267.862163125812,0.));
#5852=CARTESIAN_POINT('Ctrl Pts',(-165.955991165162,267.30016764252,0.));
#5853=CARTESIAN_POINT('Ctrl Pts',(-168.864259433339,266.967227825089,0.));
#5854=CARTESIAN_POINT('Ctrl Pts',(-171.233341767403,266.941310189527,0.));
#5855=CARTESIAN_POINT('Ctrl Pts',(-173.328393258378,266.91839043691,0.));
#5856=CARTESIAN_POINT('Ctrl Pts',(-175.008177039507,267.111138283452,0.));
#5857=CARTESIAN_POINT('Ctrl Pts',(-176.576770328204,267.421750665103,0.));
#5858=CARTESIAN_POINT('Ctrl Pts',(-178.093251690681,267.722043858451,0.));
#5859=CARTESIAN_POINT('Ctrl Pts',(-179.522505489935,268.132774609009,0.));
#5860=CARTESIAN_POINT('Ctrl Pts',(-180.745678801853,268.563752019975,0.));
#5861=CARTESIAN_POINT('',(-134.232887307327,264.212899001151,0.));
#5862=CARTESIAN_POINT('Ctrl Pts',(-128.711648416842,239.421639349834,0.));
#5863=CARTESIAN_POINT('Ctrl Pts',(-128.711648416842,239.421639349834,4.5));
#5864=CARTESIAN_POINT('Ctrl Pts',(-128.645756423106,239.620870718817,0.));
#5865=CARTESIAN_POINT('Ctrl Pts',(-128.645756423106,239.620870718817,4.5));
#5866=CARTESIAN_POINT('Ctrl Pts',(-128.583755145707,239.820136059542,0.));
#5867=CARTESIAN_POINT('Ctrl Pts',(-128.583755145707,239.820136059542,4.5));
#5868=CARTESIAN_POINT('Ctrl Pts',(-128.525785784949,240.021284305993,0.));
#5869=CARTESIAN_POINT('Ctrl Pts',(-128.525785784949,240.021284305993,4.5));
#5870=CARTESIAN_POINT('Ctrl Pts',(-128.12847327624,241.399921458034,0.));
#5871=CARTESIAN_POINT('Ctrl Pts',(-128.12847327624,241.399921458034,4.5));
#5872=CARTESIAN_POINT('Ctrl Pts',(-127.939293030868,242.789927464525,0.));
#5873=CARTESIAN_POINT('Ctrl Pts',(-127.939293030868,242.789927464525,4.5));
#5874=CARTESIAN_POINT('Ctrl Pts',(-127.861643838141,244.138623683781,0.));
#5875=CARTESIAN_POINT('Ctrl Pts',(-127.861643838141,244.138623683781,4.5));
#5876=CARTESIAN_POINT('Ctrl Pts',(-127.772106253125,245.693810520256,0.));
#5877=CARTESIAN_POINT('Ctrl Pts',(-127.772106253125,245.693810520256,4.5));
#5878=CARTESIAN_POINT('Ctrl Pts',(-127.802734879281,247.27965488878,0.));
#5879=CARTESIAN_POINT('Ctrl Pts',(-127.802734879281,247.27965488878,4.5));
#5880=CARTESIAN_POINT('Ctrl Pts',(-127.922209217931,249.029505513407,0.));
#5881=CARTESIAN_POINT('Ctrl Pts',(-127.922209217931,249.029505513407,4.5));
#5882=CARTESIAN_POINT('Ctrl Pts',(-128.062234461453,251.080349758377,0.));
#5883=CARTESIAN_POINT('Ctrl Pts',(-128.062234461453,251.080349758377,4.5));
#5884=CARTESIAN_POINT('Ctrl Pts',(-128.336892092057,253.309442646855,0.));
#5885=CARTESIAN_POINT('Ctrl Pts',(-128.336892092057,253.309442646855,4.5));
#5886=CARTESIAN_POINT('Ctrl Pts',(-128.866628560774,255.430988551446,0.));
#5887=CARTESIAN_POINT('Ctrl Pts',(-128.866628560774,255.430988551446,4.5));
#5888=CARTESIAN_POINT('Ctrl Pts',(-129.386189356282,257.511781819402,0.));
#5889=CARTESIAN_POINT('Ctrl Pts',(-129.386189356282,257.511781819402,4.5));
#5890=CARTESIAN_POINT('Ctrl Pts',(-130.154775206136,259.440766471263,0.));
#5891=CARTESIAN_POINT('Ctrl Pts',(-130.154775206136,259.440766471263,4.5));
#5892=CARTESIAN_POINT('Ctrl Pts',(-131.211205765679,261.057531248935,0.));
#5893=CARTESIAN_POINT('Ctrl Pts',(-131.211205765679,261.057531248935,4.5));
#5894=CARTESIAN_POINT('Ctrl Pts',(-131.856118764574,262.044508208148,0.));
#5895=CARTESIAN_POINT('Ctrl Pts',(-131.856118764574,262.044508208148,4.5));
#5896=CARTESIAN_POINT('Ctrl Pts',(-132.573927010166,262.940166009621,0.));
#5897=CARTESIAN_POINT('Ctrl Pts',(-132.573927010166,262.940166009621,4.5));
#5898=CARTESIAN_POINT('Ctrl Pts',(-133.687754032154,263.815229029464,0.));
#5899=CARTESIAN_POINT('Ctrl Pts',(-133.687754032154,263.815229029464,4.5));
#5900=CARTESIAN_POINT('Ctrl Pts',(-133.858347438887,263.949253414502,0.));
#5901=CARTESIAN_POINT('Ctrl Pts',(-133.858347438887,263.949253414502,4.5));
#5902=CARTESIAN_POINT('Ctrl Pts',(-134.037800068091,264.081145196853,0.));
#5903=CARTESIAN_POINT('Ctrl Pts',(-134.037800068091,264.081145196853,4.5));
#5904=CARTESIAN_POINT('Ctrl Pts',(-134.232887307327,264.212899001151,0.));
#5905=CARTESIAN_POINT('Ctrl Pts',(-134.232887307327,264.212899001151,4.5));
#5906=CARTESIAN_POINT('',(-128.711648416842,239.421639349834,0.));
#5907=CARTESIAN_POINT('Ctrl Pts',(-128.711648416842,239.421639349834,0.));
#5908=CARTESIAN_POINT('Ctrl Pts',(-128.645756423106,239.620870718817,0.));
#5909=CARTESIAN_POINT('Ctrl Pts',(-128.583755145707,239.820136059542,0.));
#5910=CARTESIAN_POINT('Ctrl Pts',(-128.525785784949,240.021284305993,0.));
#5911=CARTESIAN_POINT('Ctrl Pts',(-128.12847327624,241.399921458034,0.));
#5912=CARTESIAN_POINT('Ctrl Pts',(-127.939293030868,242.789927464525,0.));
#5913=CARTESIAN_POINT('Ctrl Pts',(-127.861643838141,244.138623683781,0.));
#5914=CARTESIAN_POINT('Ctrl Pts',(-127.772106253125,245.693810520256,0.));
#5915=CARTESIAN_POINT('Ctrl Pts',(-127.802734879281,247.27965488878,0.));
#5916=CARTESIAN_POINT('Ctrl Pts',(-127.922209217931,249.029505513407,0.));
#5917=CARTESIAN_POINT('Ctrl Pts',(-128.062234461453,251.080349758377,0.));
#5918=CARTESIAN_POINT('Ctrl Pts',(-128.336892092057,253.309442646855,0.));
#5919=CARTESIAN_POINT('Ctrl Pts',(-128.866628560774,255.430988551446,0.));
#5920=CARTESIAN_POINT('Ctrl Pts',(-129.386189356282,257.511781819402,0.));
#5921=CARTESIAN_POINT('Ctrl Pts',(-130.154775206136,259.440766471263,0.));
#5922=CARTESIAN_POINT('Ctrl Pts',(-131.211205765679,261.057531248935,0.));
#5923=CARTESIAN_POINT('Ctrl Pts',(-131.856118764574,262.044508208148,0.));
#5924=CARTESIAN_POINT('Ctrl Pts',(-132.573927010166,262.940166009621,0.));
#5925=CARTESIAN_POINT('Ctrl Pts',(-133.687754032154,263.815229029464,0.));
#5926=CARTESIAN_POINT('Ctrl Pts',(-133.858347438887,263.949253414502,0.));
#5927=CARTESIAN_POINT('Ctrl Pts',(-134.037800068091,264.081145196853,0.));
#5928=CARTESIAN_POINT('Ctrl Pts',(-134.232887307327,264.212899001151,0.));
#5929=CARTESIAN_POINT('',(-128.711648416842,239.421639349834,0.));
#5930=CARTESIAN_POINT('Ctrl Pts',(-132.517357984651,233.881336154912,0.));
#5931=CARTESIAN_POINT('Ctrl Pts',(-132.517357984651,233.881336154912,4.5));
#5932=CARTESIAN_POINT('Ctrl Pts',(-131.814487784321,234.654836588213,0.));
#5933=CARTESIAN_POINT('Ctrl Pts',(-131.814487784321,234.654836588213,4.5));
#5934=CARTESIAN_POINT('Ctrl Pts',(-131.062120568822,235.606071655664,0.));
#5935=CARTESIAN_POINT('Ctrl Pts',(-131.062120568822,235.606071655664,4.5));
#5936=CARTESIAN_POINT('Ctrl Pts',(-130.441186385278,236.519737139194,0.));
#5937=CARTESIAN_POINT('Ctrl Pts',(-130.441186385278,236.519737139194,4.5));
#5938=CARTESIAN_POINT('Ctrl Pts',(-129.758308616786,237.524548700673,0.));
#5939=CARTESIAN_POINT('Ctrl Pts',(-129.758308616786,237.524548700673,4.5));
#5940=CARTESIAN_POINT('Ctrl Pts',(-129.210174728718,238.470816656026,0.));
#5941=CARTESIAN_POINT('Ctrl Pts',(-129.210174728718,238.470816656026,4.5));
#5942=CARTESIAN_POINT('Ctrl Pts',(-128.726859661351,239.392599504246,0.));
#5943=CARTESIAN_POINT('Ctrl Pts',(-128.726859661351,239.392599504246,4.5));
#5944=CARTESIAN_POINT('Ctrl Pts',(-128.721786503125,239.402275077294,0.));
#5945=CARTESIAN_POINT('Ctrl Pts',(-128.721786503125,239.402275077294,4.5));
#5946=CARTESIAN_POINT('Ctrl Pts',(-128.716716078656,239.41195493768,0.));
#5947=CARTESIAN_POINT('Ctrl Pts',(-128.716716078656,239.41195493768,4.5));
#5948=CARTESIAN_POINT('Ctrl Pts',(-128.711648416842,239.421639349835,0.));
#5949=CARTESIAN_POINT('Ctrl Pts',(-128.711648416842,239.421639349835,4.5));
#5950=CARTESIAN_POINT('',(-132.517357984651,233.881336154912,0.));
#5951=CARTESIAN_POINT('Ctrl Pts',(-132.517357984651,233.881336154912,0.));
#5952=CARTESIAN_POINT('Ctrl Pts',(-131.814487784321,234.654836588213,0.));
#5953=CARTESIAN_POINT('Ctrl Pts',(-131.062120568822,235.606071655664,0.));
#5954=CARTESIAN_POINT('Ctrl Pts',(-130.441186385278,236.519737139194,0.));
#5955=CARTESIAN_POINT('Ctrl Pts',(-129.758308616786,237.524548700673,0.));
#5956=CARTESIAN_POINT('Ctrl Pts',(-129.210174728718,238.470816656026,0.));
#5957=CARTESIAN_POINT('Ctrl Pts',(-128.726859661351,239.392599504246,0.));
#5958=CARTESIAN_POINT('Ctrl Pts',(-128.721786503125,239.402275077294,0.));
#5959=CARTESIAN_POINT('Ctrl Pts',(-128.716716078656,239.41195493768,0.));
#5960=CARTESIAN_POINT('Ctrl Pts',(-128.711648416842,239.421639349835,0.));
#5961=CARTESIAN_POINT('',(-132.517357984651,233.881336154912,0.));
#5962=CARTESIAN_POINT('Ctrl Pts',(-120.990057051818,162.855861940119,0.));
#5963=CARTESIAN_POINT('Ctrl Pts',(-120.990057051818,162.855861940119,4.5));
#5964=CARTESIAN_POINT('Ctrl Pts',(-121.108197249357,163.040962988302,0.));
#5965=CARTESIAN_POINT('Ctrl Pts',(-121.108197249357,163.040962988302,4.5));
#5966=CARTESIAN_POINT('Ctrl Pts',(-121.335832355756,163.441289934079,0.));
#5967=CARTESIAN_POINT('Ctrl Pts',(-121.335832355756,163.441289934079,4.5));
#5968=CARTESIAN_POINT('Ctrl Pts',(-121.622420354019,164.01234683235,0.));
#5969=CARTESIAN_POINT('Ctrl Pts',(-121.622420354019,164.01234683235,4.5));
#5970=CARTESIAN_POINT('Ctrl Pts',(-122.23649598693,165.235957480246,0.));
#5971=CARTESIAN_POINT('Ctrl Pts',(-122.23649598693,165.235957480246,4.5));
#5972=CARTESIAN_POINT('Ctrl Pts',(-123.104020896902,167.173365376661,0.));
#5973=CARTESIAN_POINT('Ctrl Pts',(-123.104020896902,167.173365376661,4.5));
#5974=CARTESIAN_POINT('Ctrl Pts',(-124.066128594285,169.220539203862,0.));
#5975=CARTESIAN_POINT('Ctrl Pts',(-124.066128594285,169.220539203862,4.5));
#5976=CARTESIAN_POINT('Ctrl Pts',(-125.360992066605,171.975751138602,0.));
#5977=CARTESIAN_POINT('Ctrl Pts',(-125.360992066605,171.975751138602,4.5));
#5978=CARTESIAN_POINT('Ctrl Pts',(-126.866763173951,174.960121243213,0.));
#5979=CARTESIAN_POINT('Ctrl Pts',(-126.866763173951,174.960121243213,4.5));
#5980=CARTESIAN_POINT('Ctrl Pts',(-128.303228852126,177.652866531455,0.));
#5981=CARTESIAN_POINT('Ctrl Pts',(-128.303228852126,177.652866531455,4.5));
#5982=CARTESIAN_POINT('Ctrl Pts',(-130.094422987387,181.010572630065,0.));
#5983=CARTESIAN_POINT('Ctrl Pts',(-130.094422987387,181.010572630065,4.5));
#5984=CARTESIAN_POINT('Ctrl Pts',(-131.741605801198,183.980231019625,0.));
#5985=CARTESIAN_POINT('Ctrl Pts',(-131.741605801198,183.980231019625,4.5));
#5986=CARTESIAN_POINT('Ctrl Pts',(-132.549719771166,185.900608233562,0.));
#5987=CARTESIAN_POINT('Ctrl Pts',(-132.549719771166,185.900608233562,4.5));
#5988=CARTESIAN_POINT('Ctrl Pts',(-132.963526684086,186.883966269773,0.));
#5989=CARTESIAN_POINT('Ctrl Pts',(-132.963526684086,186.883966269773,4.5));
#5990=CARTESIAN_POINT('Ctrl Pts',(-133.155935746851,187.557992120763,0.));
#5991=CARTESIAN_POINT('Ctrl Pts',(-133.155935746851,187.557992120763,4.5));
#5992=CARTESIAN_POINT('Ctrl Pts',(-133.236028797141,188.007407709596,0.));
#5993=CARTESIAN_POINT('Ctrl Pts',(-133.236028797141,188.007407709596,4.5));
#5994=CARTESIAN_POINT('Ctrl Pts',(-133.321155768351,188.485069476174,0.));
#5995=CARTESIAN_POINT('Ctrl Pts',(-133.321155768351,188.485069476174,4.5));
#5996=CARTESIAN_POINT('Ctrl Pts',(-133.32676400518,188.773257595213,0.));
#5997=CARTESIAN_POINT('Ctrl Pts',(-133.32676400518,188.773257595213,4.5));
#5998=CARTESIAN_POINT('Ctrl Pts',(-133.261605820839,189.331499294939,0.));
#5999=CARTESIAN_POINT('Ctrl Pts',(-133.261605820839,189.331499294939,4.5));
#6000=CARTESIAN_POINT('Ctrl Pts',(-133.157626291561,190.222342245029,0.));
#6001=CARTESIAN_POINT('Ctrl Pts',(-133.157626291561,190.222342245029,4.5));
#6002=CARTESIAN_POINT('Ctrl Pts',(-132.785729126363,191.741349460362,0.));
#6003=CARTESIAN_POINT('Ctrl Pts',(-132.785729126363,191.741349460362,4.5));
#6004=CARTESIAN_POINT('Ctrl Pts',(-132.092936102901,193.7301422653,0.));
#6005=CARTESIAN_POINT('Ctrl Pts',(-132.092936102901,193.7301422653,4.5));
#6006=CARTESIAN_POINT('Ctrl Pts',(-131.533141951529,195.337136768411,0.));
#6007=CARTESIAN_POINT('Ctrl Pts',(-131.533141951529,195.337136768411,4.5));
#6008=CARTESIAN_POINT('Ctrl Pts',(-130.744356761491,197.292459120957,0.));
#6009=CARTESIAN_POINT('Ctrl Pts',(-130.744356761491,197.292459120957,4.5));
#6010=CARTESIAN_POINT('Ctrl Pts',(-129.858402308928,199.346887272412,0.));
#6011=CARTESIAN_POINT('Ctrl Pts',(-129.858402308928,199.346887272412,4.5));
#6012=CARTESIAN_POINT('Ctrl Pts',(-129.164466097126,200.9560468457,0.));
#6013=CARTESIAN_POINT('Ctrl Pts',(-129.164466097126,200.9560468457,4.5));
#6014=CARTESIAN_POINT('Ctrl Pts',(-128.431615737823,202.576831830417,0.));
#6015=CARTESIAN_POINT('Ctrl Pts',(-128.431615737823,202.576831830417,4.5));
#6016=CARTESIAN_POINT('Ctrl Pts',(-127.771790889157,204.180348469913,0.));
#6017=CARTESIAN_POINT('Ctrl Pts',(-127.771790889157,204.180348469913,4.5));
#6018=CARTESIAN_POINT('Ctrl Pts',(-127.198051494969,205.574658895134,0.));
#6019=CARTESIAN_POINT('Ctrl Pts',(-127.198051494969,205.574658895134,4.5));
#6020=CARTESIAN_POINT('Ctrl Pts',(-126.647141013472,206.986876723236,0.));
#6021=CARTESIAN_POINT('Ctrl Pts',(-126.647141013472,206.986876723236,4.5));
#6022=CARTESIAN_POINT('Ctrl Pts',(-126.286678387175,208.694097702503,0.));
#6023=CARTESIAN_POINT('Ctrl Pts',(-126.286678387175,208.694097702503,4.5));
#6024=CARTESIAN_POINT('Ctrl Pts',(-125.987001592456,210.113425182306,0.));
#6025=CARTESIAN_POINT('Ctrl Pts',(-125.987001592456,210.113425182306,4.5));
#6026=CARTESIAN_POINT('Ctrl Pts',(-125.890630843459,211.72174408105,0.));
#6027=CARTESIAN_POINT('Ctrl Pts',(-125.890630843459,211.72174408105,4.5));
#6028=CARTESIAN_POINT('Ctrl Pts',(-126.009618954811,213.161093222748,0.));
#6029=CARTESIAN_POINT('Ctrl Pts',(-126.009618954811,213.161093222748,4.5));
#6030=CARTESIAN_POINT('Ctrl Pts',(-126.17876715092,215.207207814544,0.));
#6031=CARTESIAN_POINT('Ctrl Pts',(-126.17876715092,215.207207814544,4.5));
#6032=CARTESIAN_POINT('Ctrl Pts',(-126.637075478605,216.92112383261,0.));
#6033=CARTESIAN_POINT('Ctrl Pts',(-126.637075478605,216.92112383261,4.5));
#6034=CARTESIAN_POINT('Ctrl Pts',(-127.112676918996,218.678812615196,0.));
#6035=CARTESIAN_POINT('Ctrl Pts',(-127.112676918996,218.678812615196,4.5));
#6036=CARTESIAN_POINT('Ctrl Pts',(-127.658309016529,220.695314954762,0.));
#6037=CARTESIAN_POINT('Ctrl Pts',(-127.658309016529,220.695314954762,4.5));
#6038=CARTESIAN_POINT('Ctrl Pts',(-128.259100014225,222.729178777714,0.));
#6039=CARTESIAN_POINT('Ctrl Pts',(-128.259100014225,222.729178777714,4.5));
#6040=CARTESIAN_POINT('Ctrl Pts',(-128.779837938441,224.488046453054,0.));
#6041=CARTESIAN_POINT('Ctrl Pts',(-128.779837938441,224.488046453054,4.5));
#6042=CARTESIAN_POINT('Ctrl Pts',(-129.240279660552,226.043254982602,0.));
#6043=CARTESIAN_POINT('Ctrl Pts',(-129.240279660552,226.043254982602,4.5));
#6044=CARTESIAN_POINT('Ctrl Pts',(-129.645296516787,227.401620449151,0.));
#6045=CARTESIAN_POINT('Ctrl Pts',(-129.645296516787,227.401620449151,4.5));
#6046=CARTESIAN_POINT('Ctrl Pts',(-130.186728691954,228.809790324361,0.));
#6047=CARTESIAN_POINT('Ctrl Pts',(-130.186728691954,228.809790324361,4.5));
#6048=CARTESIAN_POINT('Ctrl Pts',(-130.73591958676,230.238139264959,0.));
#6049=CARTESIAN_POINT('Ctrl Pts',(-130.73591958676,230.238139264959,4.5));
#6050=CARTESIAN_POINT('Ctrl Pts',(-131.421071996409,231.613328492569,0.));
#6051=CARTESIAN_POINT('Ctrl Pts',(-131.421071996409,231.613328492569,4.5));
#6052=CARTESIAN_POINT('Ctrl Pts',(-132.019317417534,232.836963329425,0.));
#6053=CARTESIAN_POINT('Ctrl Pts',(-132.019317417534,232.836963329425,4.5));
#6054=CARTESIAN_POINT('Ctrl Pts',(-132.198162444149,233.202768059788,0.));
#6055=CARTESIAN_POINT('Ctrl Pts',(-132.198162444149,233.202768059788,4.5));
#6056=CARTESIAN_POINT('Ctrl Pts',(-132.367710154239,233.55492998869,0.));
#6057=CARTESIAN_POINT('Ctrl Pts',(-132.367710154239,233.55492998869,4.5));
#6058=CARTESIAN_POINT('Ctrl Pts',(-132.517357984651,233.881336154912,0.));
#6059=CARTESIAN_POINT('Ctrl Pts',(-132.517357984651,233.881336154912,4.5));
#6060=CARTESIAN_POINT('',(-120.990057051818,162.855861940119,0.));
#6061=CARTESIAN_POINT('Ctrl Pts',(-120.990057051818,162.855861940119,0.));
#6062=CARTESIAN_POINT('Ctrl Pts',(-121.108197249357,163.040962988302,0.));
#6063=CARTESIAN_POINT('Ctrl Pts',(-121.335832355756,163.441289934079,0.));
#6064=CARTESIAN_POINT('Ctrl Pts',(-121.622420354019,164.01234683235,0.));
#6065=CARTESIAN_POINT('Ctrl Pts',(-122.23649598693,165.235957480246,0.));
#6066=CARTESIAN_POINT('Ctrl Pts',(-123.104020896902,167.173365376661,0.));
#6067=CARTESIAN_POINT('Ctrl Pts',(-124.066128594285,169.220539203862,0.));
#6068=CARTESIAN_POINT('Ctrl Pts',(-125.360992066605,171.975751138602,0.));
#6069=CARTESIAN_POINT('Ctrl Pts',(-126.866763173951,174.960121243213,0.));
#6070=CARTESIAN_POINT('Ctrl Pts',(-128.303228852126,177.652866531455,0.));
#6071=CARTESIAN_POINT('Ctrl Pts',(-130.094422987387,181.010572630065,0.));
#6072=CARTESIAN_POINT('Ctrl Pts',(-131.741605801198,183.980231019625,0.));
#6073=CARTESIAN_POINT('Ctrl Pts',(-132.549719771166,185.900608233562,0.));
#6074=CARTESIAN_POINT('Ctrl Pts',(-132.963526684086,186.883966269773,0.));
#6075=CARTESIAN_POINT('Ctrl Pts',(-133.155935746851,187.557992120763,0.));
#6076=CARTESIAN_POINT('Ctrl Pts',(-133.236028797141,188.007407709596,0.));
#6077=CARTESIAN_POINT('Ctrl Pts',(-133.321155768351,188.485069476174,0.));
#6078=CARTESIAN_POINT('Ctrl Pts',(-133.32676400518,188.773257595213,0.));
#6079=CARTESIAN_POINT('Ctrl Pts',(-133.261605820839,189.331499294939,0.));
#6080=CARTESIAN_POINT('Ctrl Pts',(-133.157626291561,190.222342245029,0.));
#6081=CARTESIAN_POINT('Ctrl Pts',(-132.785729126363,191.741349460362,0.));
#6082=CARTESIAN_POINT('Ctrl Pts',(-132.092936102901,193.7301422653,0.));
#6083=CARTESIAN_POINT('Ctrl Pts',(-131.533141951529,195.337136768411,0.));
#6084=CARTESIAN_POINT('Ctrl Pts',(-130.744356761491,197.292459120957,0.));
#6085=CARTESIAN_POINT('Ctrl Pts',(-129.858402308928,199.346887272412,0.));
#6086=CARTESIAN_POINT('Ctrl Pts',(-129.164466097126,200.9560468457,0.));
#6087=CARTESIAN_POINT('Ctrl Pts',(-128.431615737823,202.576831830417,0.));
#6088=CARTESIAN_POINT('Ctrl Pts',(-127.771790889157,204.180348469913,0.));
#6089=CARTESIAN_POINT('Ctrl Pts',(-127.198051494969,205.574658895134,0.));
#6090=CARTESIAN_POINT('Ctrl Pts',(-126.647141013472,206.986876723236,0.));
#6091=CARTESIAN_POINT('Ctrl Pts',(-126.286678387175,208.694097702503,0.));
#6092=CARTESIAN_POINT('Ctrl Pts',(-125.987001592456,210.113425182306,0.));
#6093=CARTESIAN_POINT('Ctrl Pts',(-125.890630843459,211.72174408105,0.));
#6094=CARTESIAN_POINT('Ctrl Pts',(-126.009618954811,213.161093222748,0.));
#6095=CARTESIAN_POINT('Ctrl Pts',(-126.17876715092,215.207207814544,0.));
#6096=CARTESIAN_POINT('Ctrl Pts',(-126.637075478605,216.92112383261,0.));
#6097=CARTESIAN_POINT('Ctrl Pts',(-127.112676918996,218.678812615196,0.));
#6098=CARTESIAN_POINT('Ctrl Pts',(-127.658309016529,220.695314954762,0.));
#6099=CARTESIAN_POINT('Ctrl Pts',(-128.259100014225,222.729178777714,0.));
#6100=CARTESIAN_POINT('Ctrl Pts',(-128.779837938441,224.488046453054,0.));
#6101=CARTESIAN_POINT('Ctrl Pts',(-129.240279660552,226.043254982602,0.));
#6102=CARTESIAN_POINT('Ctrl Pts',(-129.645296516787,227.401620449151,0.));
#6103=CARTESIAN_POINT('Ctrl Pts',(-130.186728691954,228.809790324361,0.));
#6104=CARTESIAN_POINT('Ctrl Pts',(-130.73591958676,230.238139264959,0.));
#6105=CARTESIAN_POINT('Ctrl Pts',(-131.421071996409,231.613328492569,0.));
#6106=CARTESIAN_POINT('Ctrl Pts',(-132.019317417534,232.836963329425,0.));
#6107=CARTESIAN_POINT('Ctrl Pts',(-132.198162444149,233.202768059788,0.));
#6108=CARTESIAN_POINT('Ctrl Pts',(-132.367710154239,233.55492998869,0.));
#6109=CARTESIAN_POINT('Ctrl Pts',(-132.517357984651,233.881336154912,0.));
#6110=CARTESIAN_POINT('',(-120.990057051818,162.855861940119,0.));
#6111=CARTESIAN_POINT('Ctrl Pts',(-119.795052473535,125.434338985238,0.));
#6112=CARTESIAN_POINT('Ctrl Pts',(-119.795052473535,125.434338985238,4.5));
#6113=CARTESIAN_POINT('Ctrl Pts',(-119.787425221767,125.447537679087,0.));
#6114=CARTESIAN_POINT('Ctrl Pts',(-119.787425221767,125.447537679087,4.5));
#6115=CARTESIAN_POINT('Ctrl Pts',(-119.779725084498,125.460917616206,0.));
#6116=CARTESIAN_POINT('Ctrl Pts',(-119.779725084498,125.460917616206,4.5));
#6117=CARTESIAN_POINT('Ctrl Pts',(-119.772013589677,125.474375261814,0.));
#6118=CARTESIAN_POINT('Ctrl Pts',(-119.772013589677,125.474375261814,4.5));
#6119=CARTESIAN_POINT('Ctrl Pts',(-119.394876977344,126.132531818044,0.));
#6120=CARTESIAN_POINT('Ctrl Pts',(-119.394876977344,126.132531818044,4.5));
#6121=CARTESIAN_POINT('Ctrl Pts',(-118.985215308955,127.03528457152,0.));
#6122=CARTESIAN_POINT('Ctrl Pts',(-118.985215308955,127.03528457152,4.5));
#6123=CARTESIAN_POINT('Ctrl Pts',(-118.707100272731,127.917032500912,0.));
#6124=CARTESIAN_POINT('Ctrl Pts',(-118.707100272731,127.917032500912,4.5));
#6125=CARTESIAN_POINT('Ctrl Pts',(-118.046573997228,130.011193548958,0.));
#6126=CARTESIAN_POINT('Ctrl Pts',(-118.046573997228,130.011193548958,4.5));
#6127=CARTESIAN_POINT('Ctrl Pts',(-117.90283514313,132.047404340507,0.));
#6128=CARTESIAN_POINT('Ctrl Pts',(-117.90283514313,132.047404340507,4.5));
#6129=CARTESIAN_POINT('Ctrl Pts',(-117.812160364857,134.062718535242,0.));
#6130=CARTESIAN_POINT('Ctrl Pts',(-117.812160364857,134.062718535242,4.5));
#6131=CARTESIAN_POINT('Ctrl Pts',(-117.716746106138,136.183371197871,0.));
#6132=CARTESIAN_POINT('Ctrl Pts',(-117.716746106138,136.183371197871,4.5));
#6133=CARTESIAN_POINT('Ctrl Pts',(-117.713284482005,138.217558183393,0.));
#6134=CARTESIAN_POINT('Ctrl Pts',(-117.713284482005,138.217558183393,4.5));
#6135=CARTESIAN_POINT('Ctrl Pts',(-117.666236394605,140.084375198929,0.));
#6136=CARTESIAN_POINT('Ctrl Pts',(-117.666236394605,140.084375198929,4.5));
#6137=CARTESIAN_POINT('Ctrl Pts',(-117.614981673872,142.118106856858,0.));
#6138=CARTESIAN_POINT('Ctrl Pts',(-117.614981673872,142.118106856858,4.5));
#6139=CARTESIAN_POINT('Ctrl Pts',(-117.520370608293,144.007223711416,0.));
#6140=CARTESIAN_POINT('Ctrl Pts',(-117.520370608293,144.007223711416,4.5));
#6141=CARTESIAN_POINT('Ctrl Pts',(-117.40580983748,146.076839431997,0.));
#6142=CARTESIAN_POINT('Ctrl Pts',(-117.40580983748,146.076839431997,4.5));
#6143=CARTESIAN_POINT('Ctrl Pts',(-117.289880797877,148.171173828773,0.));
#6144=CARTESIAN_POINT('Ctrl Pts',(-117.289880797877,148.171173828773,4.5));
#6145=CARTESIAN_POINT('Ctrl Pts',(-117.155402840865,150.474480748979,0.));
#6146=CARTESIAN_POINT('Ctrl Pts',(-117.155402840865,150.474480748979,4.5));
#6147=CARTESIAN_POINT('Ctrl Pts',(-117.169816412581,152.718289631396,0.));
#6148=CARTESIAN_POINT('Ctrl Pts',(-117.169816412581,152.718289631396,4.5));
#6149=CARTESIAN_POINT('Ctrl Pts',(-117.177422169635,153.902303252141,0.));
#6150=CARTESIAN_POINT('Ctrl Pts',(-117.177422169635,153.902303252141,4.5));
#6151=CARTESIAN_POINT('Ctrl Pts',(-117.216565950412,155.039834162248,0.));
#6152=CARTESIAN_POINT('Ctrl Pts',(-117.216565950412,155.039834162248,4.5));
#6153=CARTESIAN_POINT('Ctrl Pts',(-117.392136524051,156.263982693658,0.));
#6154=CARTESIAN_POINT('Ctrl Pts',(-117.392136524051,156.263982693658,4.5));
#6155=CARTESIAN_POINT('Ctrl Pts',(-117.503679401327,157.041704418757,0.));
#6156=CARTESIAN_POINT('Ctrl Pts',(-117.503679401327,157.041704418757,4.5));
#6157=CARTESIAN_POINT('Ctrl Pts',(-117.667475635087,157.877009199188,0.));
#6158=CARTESIAN_POINT('Ctrl Pts',(-117.667475635087,157.877009199188,4.5));
#6159=CARTESIAN_POINT('Ctrl Pts',(-118.030530883078,158.838006245314,0.));
#6160=CARTESIAN_POINT('Ctrl Pts',(-118.030530883078,158.838006245314,4.5));
#6161=CARTESIAN_POINT('Ctrl Pts',(-118.320872090842,159.60653126891,0.));
#6162=CARTESIAN_POINT('Ctrl Pts',(-118.320872090842,159.60653126891,4.5));
#6163=CARTESIAN_POINT('Ctrl Pts',(-118.776051136764,160.465971860116,0.));
#6164=CARTESIAN_POINT('Ctrl Pts',(-118.776051136764,160.465971860116,4.5));
#6165=CARTESIAN_POINT('Ctrl Pts',(-119.327449278007,161.184996203218,0.));
#6166=CARTESIAN_POINT('Ctrl Pts',(-119.327449278007,161.184996203218,4.5));
#6167=CARTESIAN_POINT('Ctrl Pts',(-119.890213228511,161.918841585649,0.));
#6168=CARTESIAN_POINT('Ctrl Pts',(-119.890213228511,161.918841585649,4.5));
#6169=CARTESIAN_POINT('Ctrl Pts',(-120.493291595972,162.447728763339,0.));
#6170=CARTESIAN_POINT('Ctrl Pts',(-120.493291595972,162.447728763339,4.5));
#6171=CARTESIAN_POINT('Ctrl Pts',(-120.815299904217,162.713803418657,0.));
#6172=CARTESIAN_POINT('Ctrl Pts',(-120.815299904217,162.713803418657,4.5));
#6173=CARTESIAN_POINT('Ctrl Pts',(-120.88478529571,162.771219022906,0.));
#6174=CARTESIAN_POINT('Ctrl Pts',(-120.88478529571,162.771219022906,4.5));
#6175=CARTESIAN_POINT('Ctrl Pts',(-120.943275843404,162.81836009905,0.));
#6176=CARTESIAN_POINT('Ctrl Pts',(-120.943275843404,162.81836009905,4.5));
#6177=CARTESIAN_POINT('Ctrl Pts',(-120.990057051818,162.855861940118,0.));
#6178=CARTESIAN_POINT('Ctrl Pts',(-120.990057051818,162.855861940118,4.5));
#6179=CARTESIAN_POINT('',(-119.795052473535,125.434338985238,0.));
#6180=CARTESIAN_POINT('Ctrl Pts',(-119.795052473535,125.434338985238,0.));
#6181=CARTESIAN_POINT('Ctrl Pts',(-119.787425221767,125.447537679087,0.));
#6182=CARTESIAN_POINT('Ctrl Pts',(-119.779725084498,125.460917616206,0.));
#6183=CARTESIAN_POINT('Ctrl Pts',(-119.772013589677,125.474375261814,0.));
#6184=CARTESIAN_POINT('Ctrl Pts',(-119.394876977344,126.132531818044,0.));
#6185=CARTESIAN_POINT('Ctrl Pts',(-118.985215308955,127.03528457152,0.));
#6186=CARTESIAN_POINT('Ctrl Pts',(-118.707100272731,127.917032500912,0.));
#6187=CARTESIAN_POINT('Ctrl Pts',(-118.046573997228,130.011193548958,0.));
#6188=CARTESIAN_POINT('Ctrl Pts',(-117.90283514313,132.047404340507,0.));
#6189=CARTESIAN_POINT('Ctrl Pts',(-117.812160364857,134.062718535242,0.));
#6190=CARTESIAN_POINT('Ctrl Pts',(-117.716746106138,136.183371197871,0.));
#6191=CARTESIAN_POINT('Ctrl Pts',(-117.713284482005,138.217558183393,0.));
#6192=CARTESIAN_POINT('Ctrl Pts',(-117.666236394605,140.084375198929,0.));
#6193=CARTESIAN_POINT('Ctrl Pts',(-117.614981673872,142.118106856858,0.));
#6194=CARTESIAN_POINT('Ctrl Pts',(-117.520370608293,144.007223711416,0.));
#6195=CARTESIAN_POINT('Ctrl Pts',(-117.40580983748,146.076839431997,0.));
#6196=CARTESIAN_POINT('Ctrl Pts',(-117.289880797877,148.171173828773,0.));
#6197=CARTESIAN_POINT('Ctrl Pts',(-117.155402840865,150.474480748979,0.));
#6198=CARTESIAN_POINT('Ctrl Pts',(-117.169816412581,152.718289631396,0.));
#6199=CARTESIAN_POINT('Ctrl Pts',(-117.177422169635,153.902303252141,0.));
#6200=CARTESIAN_POINT('Ctrl Pts',(-117.216565950412,155.039834162248,0.));
#6201=CARTESIAN_POINT('Ctrl Pts',(-117.392136524051,156.263982693658,0.));
#6202=CARTESIAN_POINT('Ctrl Pts',(-117.503679401327,157.041704418757,0.));
#6203=CARTESIAN_POINT('Ctrl Pts',(-117.667475635087,157.877009199188,0.));
#6204=CARTESIAN_POINT('Ctrl Pts',(-118.030530883078,158.838006245314,0.));
#6205=CARTESIAN_POINT('Ctrl Pts',(-118.320872090842,159.60653126891,0.));
#6206=CARTESIAN_POINT('Ctrl Pts',(-118.776051136764,160.465971860116,0.));
#6207=CARTESIAN_POINT('Ctrl Pts',(-119.327449278007,161.184996203218,0.));
#6208=CARTESIAN_POINT('Ctrl Pts',(-119.890213228511,161.918841585649,0.));
#6209=CARTESIAN_POINT('Ctrl Pts',(-120.493291595972,162.447728763339,0.));
#6210=CARTESIAN_POINT('Ctrl Pts',(-120.815299904217,162.713803418657,0.));
#6211=CARTESIAN_POINT('Ctrl Pts',(-120.88478529571,162.771219022906,0.));
#6212=CARTESIAN_POINT('Ctrl Pts',(-120.943275843404,162.81836009905,0.));
#6213=CARTESIAN_POINT('Ctrl Pts',(-120.990057051818,162.855861940118,0.));
#6214=CARTESIAN_POINT('',(-119.795052473535,125.434338985238,0.));
#6215=CARTESIAN_POINT('Ctrl Pts',(-172.895664287459,33.9682750060737,0.));
#6216=CARTESIAN_POINT('Ctrl Pts',(-172.895664287459,33.9682750060737,4.5));
#6217=CARTESIAN_POINT('Ctrl Pts',(-171.486623839495,33.42849741259,0.));
#6218=CARTESIAN_POINT('Ctrl Pts',(-171.486623839495,33.42849741259,4.5));
#6219=CARTESIAN_POINT('Ctrl Pts',(-169.989570846611,32.9927433874115,0.));
#6220=CARTESIAN_POINT('Ctrl Pts',(-169.989570846611,32.9927433874115,4.5));
#6221=CARTESIAN_POINT('Ctrl Pts',(-168.251728335625,32.5913797391634,0.));
#6222=CARTESIAN_POINT('Ctrl Pts',(-168.251728335625,32.5913797391634,4.5));
#6223=CARTESIAN_POINT('Ctrl Pts',(-166.001006840732,32.0715640569769,0.));
#6224=CARTESIAN_POINT('Ctrl Pts',(-166.001006840732,32.0715640569769,4.5));
#6225=CARTESIAN_POINT('Ctrl Pts',(-163.315211673647,31.6192249575604,0.));
#6226=CARTESIAN_POINT('Ctrl Pts',(-163.315211673647,31.6192249575604,4.5));
#6227=CARTESIAN_POINT('Ctrl Pts',(-160.31187099945,31.4353580758976,0.));
#6228=CARTESIAN_POINT('Ctrl Pts',(-160.31187099945,31.4353580758976,4.5));
#6229=CARTESIAN_POINT('Ctrl Pts',(-157.204359465345,31.2451137721406,0.));
#6230=CARTESIAN_POINT('Ctrl Pts',(-157.204359465345,31.2451137721406,4.5));
#6231=CARTESIAN_POINT('Ctrl Pts',(-153.805268325343,31.3909565750999,0.));
#6232=CARTESIAN_POINT('Ctrl Pts',(-153.805268325343,31.3909565750999,4.5));
#6233=CARTESIAN_POINT('Ctrl Pts',(-150.573858331572,31.8092687418334,0.));
#6234=CARTESIAN_POINT('Ctrl Pts',(-150.573858331572,31.8092687418334,4.5));
#6235=CARTESIAN_POINT('Ctrl Pts',(-147.766544051807,32.1726809121656,0.));
#6236=CARTESIAN_POINT('Ctrl Pts',(-147.766544051807,32.1726809121656,4.5));
#6237=CARTESIAN_POINT('Ctrl Pts',(-145.09199834228,32.6966302693082,0.));
#6238=CARTESIAN_POINT('Ctrl Pts',(-145.09199834228,32.6966302693082,4.5));
#6239=CARTESIAN_POINT('Ctrl Pts',(-142.509437219838,33.3263160418454,0.));
#6240=CARTESIAN_POINT('Ctrl Pts',(-142.509437219838,33.3263160418454,4.5));
#6241=CARTESIAN_POINT('Ctrl Pts',(-140.064619754126,33.9224168509346,0.));
#6242=CARTESIAN_POINT('Ctrl Pts',(-140.064619754126,33.9224168509346,4.5));
#6243=CARTESIAN_POINT('Ctrl Pts',(-137.633809562038,34.6258191229517,0.));
#6244=CARTESIAN_POINT('Ctrl Pts',(-137.633809562038,34.6258191229517,4.5));
#6245=CARTESIAN_POINT('Ctrl Pts',(-135.123981734362,35.6737738668411,0.));
#6246=CARTESIAN_POINT('Ctrl Pts',(-135.123981734362,35.6737738668411,4.5));
#6247=CARTESIAN_POINT('Ctrl Pts',(-132.635775716557,36.7127006296169,0.));
#6248=CARTESIAN_POINT('Ctrl Pts',(-132.635775716557,36.7127006296169,4.5));
#6249=CARTESIAN_POINT('Ctrl Pts',(-130.11527833299,38.1327119669741,0.));
#6250=CARTESIAN_POINT('Ctrl Pts',(-130.11527833299,38.1327119669741,4.5));
#6251=CARTESIAN_POINT('Ctrl Pts',(-127.807412858268,39.7959884920083,0.));
#6252=CARTESIAN_POINT('Ctrl Pts',(-127.807412858268,39.7959884920083,4.5));
#6253=CARTESIAN_POINT('Ctrl Pts',(-125.411993706114,41.5223648718425,0.));
#6254=CARTESIAN_POINT('Ctrl Pts',(-125.411993706114,41.5223648718425,4.5));
#6255=CARTESIAN_POINT('Ctrl Pts',(-123.253913706088,43.449122102042,0.));
#6256=CARTESIAN_POINT('Ctrl Pts',(-123.253913706088,43.449122102042,4.5));
#6257=CARTESIAN_POINT('Ctrl Pts',(-121.437571447811,45.1386676636977,0.));
#6258=CARTESIAN_POINT('Ctrl Pts',(-121.437571447811,45.1386676636977,4.5));
#6259=CARTESIAN_POINT('Ctrl Pts',(-120.1559727052,46.330799519649,0.));
#6260=CARTESIAN_POINT('Ctrl Pts',(-120.1559727052,46.330799519649,4.5));
#6261=CARTESIAN_POINT('Ctrl Pts',(-119.059131940971,47.3832973893481,0.));
#6262=CARTESIAN_POINT('Ctrl Pts',(-119.059131940971,47.3832973893481,4.5));
#6263=CARTESIAN_POINT('Ctrl Pts',(-118.03613704136,48.406745390266,0.));
#6264=CARTESIAN_POINT('Ctrl Pts',(-118.03613704136,48.406745390266,4.5));
#6265=CARTESIAN_POINT('Ctrl Pts',(-117.147534660233,49.2957413480386,0.));
#6266=CARTESIAN_POINT('Ctrl Pts',(-117.147534660233,49.2957413480386,4.5));
#6267=CARTESIAN_POINT('Ctrl Pts',(-116.258709833496,50.215507174086,0.));
#6268=CARTESIAN_POINT('Ctrl Pts',(-116.258709833496,50.215507174086,4.5));
#6269=CARTESIAN_POINT('Ctrl Pts',(-115.358290702319,51.3822981660354,0.));
#6270=CARTESIAN_POINT('Ctrl Pts',(-115.358290702319,51.3822981660354,4.5));
#6271=CARTESIAN_POINT('Ctrl Pts',(-114.414252712479,52.6056118257126,0.));
#6272=CARTESIAN_POINT('Ctrl Pts',(-114.414252712479,52.6056118257126,4.5));
#6273=CARTESIAN_POINT('Ctrl Pts',(-113.542867240152,54.0550796904413,0.));
#6274=CARTESIAN_POINT('Ctrl Pts',(-113.542867240152,54.0550796904413,4.5));
#6275=CARTESIAN_POINT('Ctrl Pts',(-112.814781286064,55.5842310175916,0.));
#6276=CARTESIAN_POINT('Ctrl Pts',(-112.814781286064,55.5842310175916,4.5));
#6277=CARTESIAN_POINT('Ctrl Pts',(-111.982075721748,57.3331080720823,0.));
#6278=CARTESIAN_POINT('Ctrl Pts',(-111.982075721748,57.3331080720823,4.5));
#6279=CARTESIAN_POINT('Ctrl Pts',(-111.270487754583,59.2423541952231,0.));
#6280=CARTESIAN_POINT('Ctrl Pts',(-111.270487754583,59.2423541952231,4.5));
#6281=CARTESIAN_POINT('Ctrl Pts',(-110.595503621902,61.1394963162137,0.));
#6282=CARTESIAN_POINT('Ctrl Pts',(-110.595503621902,61.1394963162137,4.5));
#6283=CARTESIAN_POINT('Ctrl Pts',(-109.889222138823,63.1246042409012,0.));
#6284=CARTESIAN_POINT('Ctrl Pts',(-109.889222138823,63.1246042409012,4.5));
#6285=CARTESIAN_POINT('Ctrl Pts',(-109.242156799442,65.038655312302,0.));
#6286=CARTESIAN_POINT('Ctrl Pts',(-109.242156799442,65.038655312302,4.5));
#6287=CARTESIAN_POINT('Ctrl Pts',(-108.734832116563,66.4585429326721,0.));
#6288=CARTESIAN_POINT('Ctrl Pts',(-108.734832116563,66.4585429326721,4.5));
#6289=CARTESIAN_POINT('Ctrl Pts',(-108.416941017335,67.3482485820394,0.));
#6290=CARTESIAN_POINT('Ctrl Pts',(-108.416941017335,67.3482485820394,4.5));
#6291=CARTESIAN_POINT('Ctrl Pts',(-108.162770875095,68.0254064529942,0.));
#6292=CARTESIAN_POINT('Ctrl Pts',(-108.162770875095,68.0254064529942,4.5));
#6293=CARTESIAN_POINT('Ctrl Pts',(-107.922643419636,68.6677104795341,0.));
#6294=CARTESIAN_POINT('Ctrl Pts',(-107.922643419636,68.6677104795341,4.5));
#6295=CARTESIAN_POINT('Ctrl Pts',(-107.714832624819,69.2235724071658,0.));
#6296=CARTESIAN_POINT('Ctrl Pts',(-107.714832624819,69.2235724071658,4.5));
#6297=CARTESIAN_POINT('Ctrl Pts',(-107.488964702384,69.8232246952685,0.));
#6298=CARTESIAN_POINT('Ctrl Pts',(-107.488964702384,69.8232246952685,4.5));
#6299=CARTESIAN_POINT('Ctrl Pts',(-107.26807740856,70.5809028962887,0.));
#6300=CARTESIAN_POINT('Ctrl Pts',(-107.26807740856,70.5809028962887,4.5));
#6301=CARTESIAN_POINT('Ctrl Pts',(-107.024408402137,71.4167259589668,0.));
#6302=CARTESIAN_POINT('Ctrl Pts',(-107.024408402137,71.4167259589668,4.5));
#6303=CARTESIAN_POINT('Ctrl Pts',(-106.833054130256,72.3412956260564,0.));
#6304=CARTESIAN_POINT('Ctrl Pts',(-106.833054130256,72.3412956260564,4.5));
#6305=CARTESIAN_POINT('Ctrl Pts',(-106.687389429659,73.29153339057,0.));
#6306=CARTESIAN_POINT('Ctrl Pts',(-106.687389429659,73.29153339057,4.5));
#6307=CARTESIAN_POINT('Ctrl Pts',(-106.514654945067,74.4183597927137,0.));
#6308=CARTESIAN_POINT('Ctrl Pts',(-106.514654945067,74.4183597927137,4.5));
#6309=CARTESIAN_POINT('Ctrl Pts',(-106.375525566901,75.6863792335129,0.));
#6310=CARTESIAN_POINT('Ctrl Pts',(-106.375525566901,75.6863792335129,4.5));
#6311=CARTESIAN_POINT('Ctrl Pts',(-106.23119940457,77.0951137716409,0.));
#6312=CARTESIAN_POINT('Ctrl Pts',(-106.23119940457,77.0951137716409,4.5));
#6313=CARTESIAN_POINT('Ctrl Pts',(-106.071949342772,78.6495170664501,0.));
#6314=CARTESIAN_POINT('Ctrl Pts',(-106.071949342772,78.6495170664501,4.5));
#6315=CARTESIAN_POINT('Ctrl Pts',(-105.913821380966,80.3275003137152,0.));
#6316=CARTESIAN_POINT('Ctrl Pts',(-105.913821380966,80.3275003137152,4.5));
#6317=CARTESIAN_POINT('Ctrl Pts',(-105.784690547157,81.6856718612892,0.));
#6318=CARTESIAN_POINT('Ctrl Pts',(-105.784690547157,81.6856718612892,4.5));
#6319=CARTESIAN_POINT('Ctrl Pts',(-105.691609320206,82.6646810593919,0.));
#6320=CARTESIAN_POINT('Ctrl Pts',(-105.691609320206,82.6646810593919,4.5));
#6321=CARTESIAN_POINT('Ctrl Pts',(-105.615669099417,83.4575163772693,0.));
#6322=CARTESIAN_POINT('Ctrl Pts',(-105.615669099417,83.4575163772693,4.5));
#6323=CARTESIAN_POINT('Ctrl Pts',(-105.561352599043,84.061713094134,0.));
#6324=CARTESIAN_POINT('Ctrl Pts',(-105.561352599043,84.061713094134,4.5));
#6325=CARTESIAN_POINT('Ctrl Pts',(-105.518417482735,84.5393074923939,0.));
#6326=CARTESIAN_POINT('Ctrl Pts',(-105.518417482735,84.5393074923939,4.5));
#6327=CARTESIAN_POINT('Ctrl Pts',(-105.483931587279,84.9084318128712,0.));
#6328=CARTESIAN_POINT('Ctrl Pts',(-105.483931587279,84.9084318128712,4.5));
#6329=CARTESIAN_POINT('Ctrl Pts',(-105.466533533424,85.3988687263906,0.));
#6330=CARTESIAN_POINT('Ctrl Pts',(-105.466533533424,85.3988687263906,4.5));
#6331=CARTESIAN_POINT('Ctrl Pts',(-105.450830568487,85.8415224692029,0.));
#6332=CARTESIAN_POINT('Ctrl Pts',(-105.450830568487,85.8415224692029,4.5));
#6333=CARTESIAN_POINT('Ctrl Pts',(-105.468320018599,86.3681200227094,0.));
#6334=CARTESIAN_POINT('Ctrl Pts',(-105.468320018599,86.3681200227094,4.5));
#6335=CARTESIAN_POINT('Ctrl Pts',(-105.494195498035,86.7141364105561,0.));
#6336=CARTESIAN_POINT('Ctrl Pts',(-105.494195498035,86.7141364105561,4.5));
#6337=CARTESIAN_POINT('Ctrl Pts',(-105.524415020841,87.1182429373367,0.));
#6338=CARTESIAN_POINT('Ctrl Pts',(-105.524415020841,87.1182429373367,4.5));
#6339=CARTESIAN_POINT('Ctrl Pts',(-105.554195132688,87.3967298312761,0.));
#6340=CARTESIAN_POINT('Ctrl Pts',(-105.554195132688,87.3967298312761,4.5));
#6341=CARTESIAN_POINT('Ctrl Pts',(-105.60013542349,87.8547149386274,0.));
#6342=CARTESIAN_POINT('Ctrl Pts',(-105.60013542349,87.8547149386274,4.5));
#6343=CARTESIAN_POINT('Ctrl Pts',(-105.677182098037,88.6228038840405,0.));
#6344=CARTESIAN_POINT('Ctrl Pts',(-105.677182098037,88.6228038840405,4.5));
#6345=CARTESIAN_POINT('Ctrl Pts',(-105.798246029763,89.8404336692238,0.));
#6346=CARTESIAN_POINT('Ctrl Pts',(-105.798246029763,89.8404336692238,4.5));
#6347=CARTESIAN_POINT('Ctrl Pts',(-106.013725839622,91.3466091854981,0.));
#6348=CARTESIAN_POINT('Ctrl Pts',(-106.013725839622,91.3466091854981,4.5));
#6349=CARTESIAN_POINT('Ctrl Pts',(-106.305793371694,93.3881228019851,0.));
#6350=CARTESIAN_POINT('Ctrl Pts',(-106.305793371694,93.3881228019851,4.5));
#6351=CARTESIAN_POINT('Ctrl Pts',(-106.795423475433,95.8777731722193,0.));
#6352=CARTESIAN_POINT('Ctrl Pts',(-106.795423475433,95.8777731722193,4.5));
#6353=CARTESIAN_POINT('Ctrl Pts',(-107.542592477009,98.0579975449469,0.));
#6354=CARTESIAN_POINT('Ctrl Pts',(-107.542592477009,98.0579975449469,4.5));
#6355=CARTESIAN_POINT('Ctrl Pts',(-108.241839599089,100.09838682087,0.));
#6356=CARTESIAN_POINT('Ctrl Pts',(-108.241839599089,100.09838682087,4.5));
#6357=CARTESIAN_POINT('Ctrl Pts',(-109.179857105653,101.867650171131,0.));
#6358=CARTESIAN_POINT('Ctrl Pts',(-109.179857105653,101.867650171131,4.5));
#6359=CARTESIAN_POINT('Ctrl Pts',(-109.888687719773,103.06405839375,0.));
#6360=CARTESIAN_POINT('Ctrl Pts',(-109.888687719773,103.06405839375,4.5));
#6361=CARTESIAN_POINT('Ctrl Pts',(-110.451521055125,104.014043364721,0.));
#6362=CARTESIAN_POINT('Ctrl Pts',(-110.451521055125,104.014043364721,4.5));
#6363=CARTESIAN_POINT('Ctrl Pts',(-110.820184047947,104.598216284065,0.));
#6364=CARTESIAN_POINT('Ctrl Pts',(-110.820184047947,104.598216284065,4.5));
#6365=CARTESIAN_POINT('Ctrl Pts',(-111.122291610704,105.169521408647,0.));
#6366=CARTESIAN_POINT('Ctrl Pts',(-111.122291610704,105.169521408647,4.5));
#6367=CARTESIAN_POINT('Ctrl Pts',(-111.431129808377,105.753554603272,0.));
#6368=CARTESIAN_POINT('Ctrl Pts',(-111.431129808377,105.753554603272,4.5));
#6369=CARTESIAN_POINT('Ctrl Pts',(-111.718476926827,106.388172668061,0.));
#6370=CARTESIAN_POINT('Ctrl Pts',(-111.718476926827,106.388172668061,4.5));
#6371=CARTESIAN_POINT('Ctrl Pts',(-112.081621755985,107.350436651355,0.));
#6372=CARTESIAN_POINT('Ctrl Pts',(-112.081621755985,107.350436651355,4.5));
#6373=CARTESIAN_POINT('Ctrl Pts',(-112.540047495502,108.56517672951,0.));
#6374=CARTESIAN_POINT('Ctrl Pts',(-112.540047495502,108.56517672951,4.5));
#6375=CARTESIAN_POINT('Ctrl Pts',(-113.096676432377,110.291089791161,0.));
#6376=CARTESIAN_POINT('Ctrl Pts',(-113.096676432377,110.291089791161,4.5));
#6377=CARTESIAN_POINT('Ctrl Pts',(-113.741877820168,112.234900447736,0.));
#6378=CARTESIAN_POINT('Ctrl Pts',(-113.741877820168,112.234900447736,4.5));
#6379=CARTESIAN_POINT('Ctrl Pts',(-114.429699963013,114.307115474536,0.));
#6380=CARTESIAN_POINT('Ctrl Pts',(-114.429699963013,114.307115474536,4.5));
#6381=CARTESIAN_POINT('Ctrl Pts',(-115.200266856971,116.546167873578,0.));
#6382=CARTESIAN_POINT('Ctrl Pts',(-115.200266856971,116.546167873578,4.5));
#6383=CARTESIAN_POINT('Ctrl Pts',(-116.089467729615,118.517175685157,0.));
#6384=CARTESIAN_POINT('Ctrl Pts',(-116.089467729615,118.517175685157,4.5));
#6385=CARTESIAN_POINT('Ctrl Pts',(-116.595627825072,119.639133088423,0.));
#6386=CARTESIAN_POINT('Ctrl Pts',(-116.595627825072,119.639133088423,4.5));
#6387=CARTESIAN_POINT('Ctrl Pts',(-117.162523118678,120.705290062374,0.));
#6388=CARTESIAN_POINT('Ctrl Pts',(-117.162523118678,120.705290062374,4.5));
#6389=CARTESIAN_POINT('Ctrl Pts',(-117.754604946509,121.615436040087,0.));
#6390=CARTESIAN_POINT('Ctrl Pts',(-117.754604946509,121.615436040087,4.5));
#6391=CARTESIAN_POINT('Ctrl Pts',(-118.264459284571,122.399182227175,0.));
#6392=CARTESIAN_POINT('Ctrl Pts',(-118.264459284571,122.399182227175,4.5));
#6393=CARTESIAN_POINT('Ctrl Pts',(-118.768246906867,123.029699810976,0.));
#6394=CARTESIAN_POINT('Ctrl Pts',(-118.768246906867,123.029699810976,4.5));
#6395=CARTESIAN_POINT('Ctrl Pts',(-119.021420162871,123.353642054838,0.));
#6396=CARTESIAN_POINT('Ctrl Pts',(-119.021420162871,123.353642054838,4.5));
#6397=CARTESIAN_POINT('Ctrl Pts',(-119.318893587317,123.734267600071,0.));
#6398=CARTESIAN_POINT('Ctrl Pts',(-119.318893587317,123.734267600071,4.5));
#6399=CARTESIAN_POINT('Ctrl Pts',(-119.273292870097,123.67940498596,0.));
#6400=CARTESIAN_POINT('Ctrl Pts',(-119.273292870097,123.67940498596,4.5));
#6401=CARTESIAN_POINT('Ctrl Pts',(-119.314052353774,123.757555321022,0.));
#6402=CARTESIAN_POINT('Ctrl Pts',(-119.314052353774,123.757555321022,4.5));
#6403=CARTESIAN_POINT('Ctrl Pts',(-119.350049295445,123.826574179923,0.));
#6404=CARTESIAN_POINT('Ctrl Pts',(-119.350049295445,123.826574179923,4.5));
#6405=CARTESIAN_POINT('Ctrl Pts',(-119.452333317917,124.052010842916,0.));
#6406=CARTESIAN_POINT('Ctrl Pts',(-119.452333317917,124.052010842916,4.5));
#6407=CARTESIAN_POINT('Ctrl Pts',(-119.563337960598,124.424538851457,0.));
#6408=CARTESIAN_POINT('Ctrl Pts',(-119.563337960598,124.424538851457,4.5));
#6409=CARTESIAN_POINT('Ctrl Pts',(-119.654355114161,124.729989489746,0.));
#6410=CARTESIAN_POINT('Ctrl Pts',(-119.654355114161,124.729989489746,4.5));
#6411=CARTESIAN_POINT('Ctrl Pts',(-119.742769498151,125.11372074722,0.));
#6412=CARTESIAN_POINT('Ctrl Pts',(-119.742769498151,125.11372074722,4.5));
#6413=CARTESIAN_POINT('Ctrl Pts',(-119.795052473535,125.434338985238,0.));
#6414=CARTESIAN_POINT('Ctrl Pts',(-119.795052473535,125.434338985238,4.5));
#6415=CARTESIAN_POINT('',(-172.895664287459,33.9682750060737,0.));
#6416=CARTESIAN_POINT('Ctrl Pts',(-172.895664287459,33.9682750060737,0.));
#6417=CARTESIAN_POINT('Ctrl Pts',(-171.486623839495,33.42849741259,0.));
#6418=CARTESIAN_POINT('Ctrl Pts',(-169.989570846611,32.9927433874115,0.));
#6419=CARTESIAN_POINT('Ctrl Pts',(-168.251728335625,32.5913797391634,0.));
#6420=CARTESIAN_POINT('Ctrl Pts',(-166.001006840732,32.0715640569769,0.));
#6421=CARTESIAN_POINT('Ctrl Pts',(-163.315211673647,31.6192249575604,0.));
#6422=CARTESIAN_POINT('Ctrl Pts',(-160.31187099945,31.4353580758976,0.));
#6423=CARTESIAN_POINT('Ctrl Pts',(-157.204359465345,31.2451137721406,0.));
#6424=CARTESIAN_POINT('Ctrl Pts',(-153.805268325343,31.3909565750999,0.));
#6425=CARTESIAN_POINT('Ctrl Pts',(-150.573858331572,31.8092687418334,0.));
#6426=CARTESIAN_POINT('Ctrl Pts',(-147.766544051807,32.1726809121656,0.));
#6427=CARTESIAN_POINT('Ctrl Pts',(-145.09199834228,32.6966302693082,0.));
#6428=CARTESIAN_POINT('Ctrl Pts',(-142.509437219838,33.3263160418454,0.));
#6429=CARTESIAN_POINT('Ctrl Pts',(-140.064619754126,33.9224168509346,0.));
#6430=CARTESIAN_POINT('Ctrl Pts',(-137.633809562038,34.6258191229517,0.));
#6431=CARTESIAN_POINT('Ctrl Pts',(-135.123981734362,35.6737738668411,0.));
#6432=CARTESIAN_POINT('Ctrl Pts',(-132.635775716557,36.7127006296169,0.));
#6433=CARTESIAN_POINT('Ctrl Pts',(-130.11527833299,38.1327119669741,0.));
#6434=CARTESIAN_POINT('Ctrl Pts',(-127.807412858268,39.7959884920083,0.));
#6435=CARTESIAN_POINT('Ctrl Pts',(-125.411993706114,41.5223648718425,0.));
#6436=CARTESIAN_POINT('Ctrl Pts',(-123.253913706088,43.449122102042,0.));
#6437=CARTESIAN_POINT('Ctrl Pts',(-121.437571447811,45.1386676636977,0.));
#6438=CARTESIAN_POINT('Ctrl Pts',(-120.1559727052,46.330799519649,0.));
#6439=CARTESIAN_POINT('Ctrl Pts',(-119.059131940971,47.3832973893481,0.));
#6440=CARTESIAN_POINT('Ctrl Pts',(-118.03613704136,48.406745390266,0.));
#6441=CARTESIAN_POINT('Ctrl Pts',(-117.147534660233,49.2957413480386,0.));
#6442=CARTESIAN_POINT('Ctrl Pts',(-116.258709833496,50.215507174086,0.));
#6443=CARTESIAN_POINT('Ctrl Pts',(-115.358290702319,51.3822981660354,0.));
#6444=CARTESIAN_POINT('Ctrl Pts',(-114.414252712479,52.6056118257126,0.));
#6445=CARTESIAN_POINT('Ctrl Pts',(-113.542867240152,54.0550796904413,0.));
#6446=CARTESIAN_POINT('Ctrl Pts',(-112.814781286064,55.5842310175916,0.));
#6447=CARTESIAN_POINT('Ctrl Pts',(-111.982075721748,57.3331080720823,0.));
#6448=CARTESIAN_POINT('Ctrl Pts',(-111.270487754583,59.2423541952231,0.));
#6449=CARTESIAN_POINT('Ctrl Pts',(-110.595503621902,61.1394963162137,0.));
#6450=CARTESIAN_POINT('Ctrl Pts',(-109.889222138823,63.1246042409012,0.));
#6451=CARTESIAN_POINT('Ctrl Pts',(-109.242156799442,65.038655312302,0.));
#6452=CARTESIAN_POINT('Ctrl Pts',(-108.734832116563,66.4585429326721,0.));
#6453=CARTESIAN_POINT('Ctrl Pts',(-108.416941017335,67.3482485820394,0.));
#6454=CARTESIAN_POINT('Ctrl Pts',(-108.162770875095,68.0254064529942,0.));
#6455=CARTESIAN_POINT('Ctrl Pts',(-107.922643419636,68.6677104795341,0.));
#6456=CARTESIAN_POINT('Ctrl Pts',(-107.714832624819,69.2235724071658,0.));
#6457=CARTESIAN_POINT('Ctrl Pts',(-107.488964702384,69.8232246952685,0.));
#6458=CARTESIAN_POINT('Ctrl Pts',(-107.26807740856,70.5809028962887,0.));
#6459=CARTESIAN_POINT('Ctrl Pts',(-107.024408402137,71.4167259589668,0.));
#6460=CARTESIAN_POINT('Ctrl Pts',(-106.833054130256,72.3412956260564,0.));
#6461=CARTESIAN_POINT('Ctrl Pts',(-106.687389429659,73.29153339057,0.));
#6462=CARTESIAN_POINT('Ctrl Pts',(-106.514654945067,74.4183597927137,0.));
#6463=CARTESIAN_POINT('Ctrl Pts',(-106.375525566901,75.6863792335129,0.));
#6464=CARTESIAN_POINT('Ctrl Pts',(-106.23119940457,77.0951137716409,0.));
#6465=CARTESIAN_POINT('Ctrl Pts',(-106.071949342772,78.6495170664501,0.));
#6466=CARTESIAN_POINT('Ctrl Pts',(-105.913821380966,80.3275003137152,0.));
#6467=CARTESIAN_POINT('Ctrl Pts',(-105.784690547157,81.6856718612892,0.));
#6468=CARTESIAN_POINT('Ctrl Pts',(-105.691609320206,82.6646810593919,0.));
#6469=CARTESIAN_POINT('Ctrl Pts',(-105.615669099417,83.4575163772693,0.));
#6470=CARTESIAN_POINT('Ctrl Pts',(-105.561352599043,84.061713094134,0.));
#6471=CARTESIAN_POINT('Ctrl Pts',(-105.518417482735,84.5393074923939,0.));
#6472=CARTESIAN_POINT('Ctrl Pts',(-105.483931587279,84.9084318128712,0.));
#6473=CARTESIAN_POINT('Ctrl Pts',(-105.466533533424,85.3988687263906,0.));
#6474=CARTESIAN_POINT('Ctrl Pts',(-105.450830568487,85.8415224692029,0.));
#6475=CARTESIAN_POINT('Ctrl Pts',(-105.468320018599,86.3681200227094,0.));
#6476=CARTESIAN_POINT('Ctrl Pts',(-105.494195498035,86.7141364105561,0.));
#6477=CARTESIAN_POINT('Ctrl Pts',(-105.524415020841,87.1182429373367,0.));
#6478=CARTESIAN_POINT('Ctrl Pts',(-105.554195132688,87.3967298312761,0.));
#6479=CARTESIAN_POINT('Ctrl Pts',(-105.60013542349,87.8547149386274,0.));
#6480=CARTESIAN_POINT('Ctrl Pts',(-105.677182098037,88.6228038840405,0.));
#6481=CARTESIAN_POINT('Ctrl Pts',(-105.798246029763,89.8404336692238,0.));
#6482=CARTESIAN_POINT('Ctrl Pts',(-106.013725839622,91.3466091854981,0.));
#6483=CARTESIAN_POINT('Ctrl Pts',(-106.305793371694,93.3881228019851,0.));
#6484=CARTESIAN_POINT('Ctrl Pts',(-106.795423475433,95.8777731722193,0.));
#6485=CARTESIAN_POINT('Ctrl Pts',(-107.542592477009,98.0579975449469,0.));
#6486=CARTESIAN_POINT('Ctrl Pts',(-108.241839599089,100.09838682087,0.));
#6487=CARTESIAN_POINT('Ctrl Pts',(-109.179857105653,101.867650171131,0.));
#6488=CARTESIAN_POINT('Ctrl Pts',(-109.888687719773,103.06405839375,0.));
#6489=CARTESIAN_POINT('Ctrl Pts',(-110.451521055125,104.014043364721,0.));
#6490=CARTESIAN_POINT('Ctrl Pts',(-110.820184047947,104.598216284065,0.));
#6491=CARTESIAN_POINT('Ctrl Pts',(-111.122291610704,105.169521408647,0.));
#6492=CARTESIAN_POINT('Ctrl Pts',(-111.431129808377,105.753554603272,0.));
#6493=CARTESIAN_POINT('Ctrl Pts',(-111.718476926827,106.388172668061,0.));
#6494=CARTESIAN_POINT('Ctrl Pts',(-112.081621755985,107.350436651355,0.));
#6495=CARTESIAN_POINT('Ctrl Pts',(-112.540047495502,108.56517672951,0.));
#6496=CARTESIAN_POINT('Ctrl Pts',(-113.096676432377,110.291089791161,0.));
#6497=CARTESIAN_POINT('Ctrl Pts',(-113.741877820168,112.234900447736,0.));
#6498=CARTESIAN_POINT('Ctrl Pts',(-114.429699963013,114.307115474536,0.));
#6499=CARTESIAN_POINT('Ctrl Pts',(-115.200266856971,116.546167873578,0.));
#6500=CARTESIAN_POINT('Ctrl Pts',(-116.089467729615,118.517175685157,0.));
#6501=CARTESIAN_POINT('Ctrl Pts',(-116.595627825072,119.639133088423,0.));
#6502=CARTESIAN_POINT('Ctrl Pts',(-117.162523118678,120.705290062374,0.));
#6503=CARTESIAN_POINT('Ctrl Pts',(-117.754604946509,121.615436040087,0.));
#6504=CARTESIAN_POINT('Ctrl Pts',(-118.264459284571,122.399182227175,0.));
#6505=CARTESIAN_POINT('Ctrl Pts',(-118.768246906867,123.029699810976,0.));
#6506=CARTESIAN_POINT('Ctrl Pts',(-119.021420162871,123.353642054838,0.));
#6507=CARTESIAN_POINT('Ctrl Pts',(-119.318893587317,123.734267600071,0.));
#6508=CARTESIAN_POINT('Ctrl Pts',(-119.273292870097,123.67940498596,0.));
#6509=CARTESIAN_POINT('Ctrl Pts',(-119.314052353774,123.757555321022,0.));
#6510=CARTESIAN_POINT('Ctrl Pts',(-119.350049295445,123.826574179923,0.));
#6511=CARTESIAN_POINT('Ctrl Pts',(-119.452333317917,124.052010842916,0.));
#6512=CARTESIAN_POINT('Ctrl Pts',(-119.563337960598,124.424538851457,0.));
#6513=CARTESIAN_POINT('Ctrl Pts',(-119.654355114161,124.729989489746,0.));
#6514=CARTESIAN_POINT('Ctrl Pts',(-119.742769498151,125.11372074722,0.));
#6515=CARTESIAN_POINT('Ctrl Pts',(-119.795052473535,125.434338985238,0.));
#6516=CARTESIAN_POINT('',(-172.895664287459,33.9682750060737,0.));
#6517=CARTESIAN_POINT('Ctrl Pts',(-181.621885735799,38.7654884332385,0.));
#6518=CARTESIAN_POINT('Ctrl Pts',(-181.621885735799,38.7654884332385,4.5));
#6519=CARTESIAN_POINT('Ctrl Pts',(-181.459254650957,38.6349818000905,0.));
#6520=CARTESIAN_POINT('Ctrl Pts',(-181.459254650957,38.6349818000905,4.5));
#6521=CARTESIAN_POINT('Ctrl Pts',(-181.297639230279,38.5104041261944,0.));
#6522=CARTESIAN_POINT('Ctrl Pts',(-181.297639230279,38.5104041261944,4.5));
#6523=CARTESIAN_POINT('Ctrl Pts',(-181.137704810922,38.3906000542594,0.));
#6524=CARTESIAN_POINT('Ctrl Pts',(-181.137704810922,38.3906000542594,4.5));
#6525=CARTESIAN_POINT('Ctrl Pts',(-180.226080449615,37.7077182143242,0.));
#6526=CARTESIAN_POINT('Ctrl Pts',(-180.226080449615,37.7077182143242,4.5));
#6527=CARTESIAN_POINT('Ctrl Pts',(-179.292776512925,37.1063044550552,0.));
#6528=CARTESIAN_POINT('Ctrl Pts',(-179.292776512925,37.1063044550552,4.5));
#6529=CARTESIAN_POINT('Ctrl Pts',(-178.336762033171,36.5247133705579,0.));
#6530=CARTESIAN_POINT('Ctrl Pts',(-178.336762033171,36.5247133705579,4.5));
#6531=CARTESIAN_POINT('Ctrl Pts',(-177.324292689155,35.9087779885348,0.));
#6532=CARTESIAN_POINT('Ctrl Pts',(-177.324292689155,35.9087779885348,4.5));
#6533=CARTESIAN_POINT('Ctrl Pts',(-176.349490782719,35.3554337849668,0.));
#6534=CARTESIAN_POINT('Ctrl Pts',(-176.349490782719,35.3554337849668,4.5));
#6535=CARTESIAN_POINT('Ctrl Pts',(-175.358119036189,34.8790505431953,0.));
#6536=CARTESIAN_POINT('Ctrl Pts',(-175.358119036189,34.8790505431953,4.5));
#6537=CARTESIAN_POINT('Ctrl Pts',(-174.862433162925,34.6408589223096,0.));
#6538=CARTESIAN_POINT('Ctrl Pts',(-174.862433162925,34.6408589223096,4.5));
#6539=CARTESIAN_POINT('Ctrl Pts',(-174.372299518481,34.4173447830403,0.));
#6540=CARTESIAN_POINT('Ctrl Pts',(-174.372299518481,34.4173447830403,4.5));
#6541=CARTESIAN_POINT('Ctrl Pts',(-173.689977694458,34.1927734883894,0.));
#6542=CARTESIAN_POINT('Ctrl Pts',(-173.689977694458,34.1927734883894,4.5));
#6543=CARTESIAN_POINT('Ctrl Pts',(-173.459344580572,34.1168656467358,0.));
#6544=CARTESIAN_POINT('Ctrl Pts',(-173.459344580572,34.1168656467358,4.5));
#6545=CARTESIAN_POINT('Ctrl Pts',(-173.204709963288,34.0408027825724,0.));
#6546=CARTESIAN_POINT('Ctrl Pts',(-173.204709963288,34.0408027825724,4.5));
#6547=CARTESIAN_POINT('Ctrl Pts',(-172.895664287457,33.9682750060822,0.));
#6548=CARTESIAN_POINT('Ctrl Pts',(-172.895664287457,33.9682750060822,4.5));
#6549=CARTESIAN_POINT('',(-181.621885735799,38.7654884332385,0.));
#6550=CARTESIAN_POINT('Ctrl Pts',(-181.621885735799,38.7654884332385,0.));
#6551=CARTESIAN_POINT('Ctrl Pts',(-181.459254650957,38.6349818000905,0.));
#6552=CARTESIAN_POINT('Ctrl Pts',(-181.297639230279,38.5104041261944,0.));
#6553=CARTESIAN_POINT('Ctrl Pts',(-181.137704810922,38.3906000542594,0.));
#6554=CARTESIAN_POINT('Ctrl Pts',(-180.226080449615,37.7077182143242,0.));
#6555=CARTESIAN_POINT('Ctrl Pts',(-179.292776512925,37.1063044550552,0.));
#6556=CARTESIAN_POINT('Ctrl Pts',(-178.336762033171,36.5247133705579,0.));
#6557=CARTESIAN_POINT('Ctrl Pts',(-177.324292689155,35.9087779885348,0.));
#6558=CARTESIAN_POINT('Ctrl Pts',(-176.349490782719,35.3554337849668,0.));
#6559=CARTESIAN_POINT('Ctrl Pts',(-175.358119036189,34.8790505431953,0.));
#6560=CARTESIAN_POINT('Ctrl Pts',(-174.862433162925,34.6408589223096,0.));
#6561=CARTESIAN_POINT('Ctrl Pts',(-174.372299518481,34.4173447830403,0.));
#6562=CARTESIAN_POINT('Ctrl Pts',(-173.689977694458,34.1927734883894,0.));
#6563=CARTESIAN_POINT('Ctrl Pts',(-173.459344580572,34.1168656467358,0.));
#6564=CARTESIAN_POINT('Ctrl Pts',(-173.204709963288,34.0408027825724,0.));
#6565=CARTESIAN_POINT('Ctrl Pts',(-172.895664287457,33.9682750060822,0.));
#6566=CARTESIAN_POINT('',(-181.621885735799,38.7654884332385,0.));
#6567=CARTESIAN_POINT('Ctrl Pts',(-200.599274003571,38.9984708477573,0.));
#6568=CARTESIAN_POINT('Ctrl Pts',(-200.599274003571,38.9984708477573,4.5));
#6569=CARTESIAN_POINT('Ctrl Pts',(-200.340450596379,39.0084540899925,0.));
#6570=CARTESIAN_POINT('Ctrl Pts',(-200.340450596379,39.0084540899925,4.5));
#6571=CARTESIAN_POINT('Ctrl Pts',(-199.93660265127,39.0140777153842,0.));
#6572=CARTESIAN_POINT('Ctrl Pts',(-199.93660265127,39.0140777153842,4.5));
#6573=CARTESIAN_POINT('Ctrl Pts',(-199.408628265311,39.0099210500852,0.));
#6574=CARTESIAN_POINT('Ctrl Pts',(-199.408628265311,39.0099210500852,4.5));
#6575=CARTESIAN_POINT('Ctrl Pts',(-197.85984287894,38.9977276887359,0.));
#6576=CARTESIAN_POINT('Ctrl Pts',(-197.85984287894,38.9977276887359,4.5));
#6577=CARTESIAN_POINT('Ctrl Pts',(-195.191388007022,38.8974324254501,0.));
#6578=CARTESIAN_POINT('Ctrl Pts',(-195.191388007022,38.8974324254501,4.5));
#6579=CARTESIAN_POINT('Ctrl Pts',(-192.258521322884,38.8082896986662,0.));
#6580=CARTESIAN_POINT('Ctrl Pts',(-192.258521322884,38.8082896986662,4.5));
#6581=CARTESIAN_POINT('Ctrl Pts',(-189.5879858674,38.7271203725041,0.));
#6582=CARTESIAN_POINT('Ctrl Pts',(-189.5879858674,38.7271203725041,4.5));
#6583=CARTESIAN_POINT('Ctrl Pts',(-186.755737165002,38.6643570352595,0.));
#6584=CARTESIAN_POINT('Ctrl Pts',(-186.755737165002,38.6643570352595,4.5));
#6585=CARTESIAN_POINT('Ctrl Pts',(-184.465328816562,38.6846511953875,0.));
#6586=CARTESIAN_POINT('Ctrl Pts',(-184.465328816562,38.6846511953875,4.5));
#6587=CARTESIAN_POINT('Ctrl Pts',(-183.400942245692,38.6940821911843,0.));
#6588=CARTESIAN_POINT('Ctrl Pts',(-183.400942245692,38.6940821911843,4.5));
#6589=CARTESIAN_POINT('Ctrl Pts',(-182.451419341402,38.7201678481885,0.));
#6590=CARTESIAN_POINT('Ctrl Pts',(-182.451419341402,38.7201678481885,4.5));
#6591=CARTESIAN_POINT('Ctrl Pts',(-181.621885735799,38.7654884332388,0.));
#6592=CARTESIAN_POINT('Ctrl Pts',(-181.621885735799,38.7654884332388,4.5));
#6593=CARTESIAN_POINT('',(-200.599274003571,38.9984708477573,0.));
#6594=CARTESIAN_POINT('Ctrl Pts',(-200.599274003571,38.9984708477573,0.));
#6595=CARTESIAN_POINT('Ctrl Pts',(-200.340450596379,39.0084540899925,0.));
#6596=CARTESIAN_POINT('Ctrl Pts',(-199.93660265127,39.0140777153842,0.));
#6597=CARTESIAN_POINT('Ctrl Pts',(-199.408628265311,39.0099210500852,0.));
#6598=CARTESIAN_POINT('Ctrl Pts',(-197.85984287894,38.9977276887359,0.));
#6599=CARTESIAN_POINT('Ctrl Pts',(-195.191388007022,38.8974324254501,0.));
#6600=CARTESIAN_POINT('Ctrl Pts',(-192.258521322884,38.8082896986662,0.));
#6601=CARTESIAN_POINT('Ctrl Pts',(-189.5879858674,38.7271203725041,0.));
#6602=CARTESIAN_POINT('Ctrl Pts',(-186.755737165002,38.6643570352595,0.));
#6603=CARTESIAN_POINT('Ctrl Pts',(-184.465328816562,38.6846511953875,0.));
#6604=CARTESIAN_POINT('Ctrl Pts',(-183.400942245692,38.6940821911843,0.));
#6605=CARTESIAN_POINT('Ctrl Pts',(-182.451419341402,38.7201678481885,0.));
#6606=CARTESIAN_POINT('Ctrl Pts',(-181.621885735799,38.7654884332388,0.));
#6607=CARTESIAN_POINT('',(-200.599274003571,38.9984708477573,0.));
#6608=CARTESIAN_POINT('Ctrl Pts',(-201.465164460977,38.409178908356,0.));
#6609=CARTESIAN_POINT('Ctrl Pts',(-201.465164460977,38.409178908356,4.5));
#6610=CARTESIAN_POINT('Ctrl Pts',(-201.330266182317,38.5204701130419,0.));
#6611=CARTESIAN_POINT('Ctrl Pts',(-201.330266182317,38.5204701130419,4.5));
#6612=CARTESIAN_POINT('Ctrl Pts',(-201.204902967125,38.6128958647008,0.));
#6613=CARTESIAN_POINT('Ctrl Pts',(-201.204902967125,38.6128958647008,4.5));
#6614=CARTESIAN_POINT('Ctrl Pts',(-201.077518794174,38.7003564196114,0.));
#6615=CARTESIAN_POINT('Ctrl Pts',(-201.077518794174,38.7003564196114,4.5));
#6616=CARTESIAN_POINT('Ctrl Pts',(-200.917228669186,38.8104098348308,0.));
#6617=CARTESIAN_POINT('Ctrl Pts',(-200.917228669186,38.8104098348308,4.5));
#6618=CARTESIAN_POINT('Ctrl Pts',(-200.749907568,38.9127853531305,0.));
#6619=CARTESIAN_POINT('Ctrl Pts',(-200.749907568,38.9127853531305,4.5));
#6620=CARTESIAN_POINT('Ctrl Pts',(-200.599274003571,38.9984708477563,0.));
#6621=CARTESIAN_POINT('Ctrl Pts',(-200.599274003571,38.9984708477563,4.5));
#6622=CARTESIAN_POINT('',(-201.465164460977,38.409178908356,0.));
#6623=CARTESIAN_POINT('Ctrl Pts',(-201.465164460977,38.409178908356,0.));
#6624=CARTESIAN_POINT('Ctrl Pts',(-201.330266182317,38.5204701130419,0.));
#6625=CARTESIAN_POINT('Ctrl Pts',(-201.204902967125,38.6128958647008,0.));
#6626=CARTESIAN_POINT('Ctrl Pts',(-201.077518794174,38.7003564196114,0.));
#6627=CARTESIAN_POINT('Ctrl Pts',(-200.917228669186,38.8104098348308,0.));
#6628=CARTESIAN_POINT('Ctrl Pts',(-200.749907568,38.9127853531305,0.));
#6629=CARTESIAN_POINT('Ctrl Pts',(-200.599274003571,38.9984708477563,0.));
#6630=CARTESIAN_POINT('',(-201.465164460977,38.409178908356,0.));
#6631=CARTESIAN_POINT('Ctrl Pts',(-203.230368714519,36.5438763597679,0.));
#6632=CARTESIAN_POINT('Ctrl Pts',(-203.230368714519,36.5438763597679,4.5));
#6633=CARTESIAN_POINT('Ctrl Pts',(-202.991438908012,36.8189402398816,0.));
#6634=CARTESIAN_POINT('Ctrl Pts',(-202.991438908012,36.8189402398816,4.5));
#6635=CARTESIAN_POINT('Ctrl Pts',(-202.786376564929,37.0628502009671,0.));
#6636=CARTESIAN_POINT('Ctrl Pts',(-202.786376564929,37.0628502009671,4.5));
#6637=CARTESIAN_POINT('Ctrl Pts',(-202.596474417564,37.275748080673,0.));
#6638=CARTESIAN_POINT('Ctrl Pts',(-202.596474417564,37.275748080673,4.5));
#6639=CARTESIAN_POINT('Ctrl Pts',(-202.095675575923,37.8371899233487,0.));
#6640=CARTESIAN_POINT('Ctrl Pts',(-202.095675575923,37.8371899233487,4.5));
#6641=CARTESIAN_POINT('Ctrl Pts',(-201.757960018875,38.1676223022316,0.));
#6642=CARTESIAN_POINT('Ctrl Pts',(-201.757960018875,38.1676223022316,4.5));
#6643=CARTESIAN_POINT('Ctrl Pts',(-201.465164460977,38.409178908356,0.));
#6644=CARTESIAN_POINT('Ctrl Pts',(-201.465164460977,38.409178908356,4.5));
#6645=CARTESIAN_POINT('',(-203.230368714519,36.5438763597679,0.));
#6646=CARTESIAN_POINT('Ctrl Pts',(-203.230368714519,36.5438763597679,0.));
#6647=CARTESIAN_POINT('Ctrl Pts',(-202.991438908012,36.8189402398816,0.));
#6648=CARTESIAN_POINT('Ctrl Pts',(-202.786376564929,37.0628502009671,0.));
#6649=CARTESIAN_POINT('Ctrl Pts',(-202.596474417564,37.275748080673,0.));
#6650=CARTESIAN_POINT('Ctrl Pts',(-202.095675575923,37.8371899233487,0.));
#6651=CARTESIAN_POINT('Ctrl Pts',(-201.757960018875,38.1676223022316,0.));
#6652=CARTESIAN_POINT('Ctrl Pts',(-201.465164460977,38.409178908356,0.));
#6653=CARTESIAN_POINT('',(-203.230368714519,36.5438763597679,0.));
#6654=CARTESIAN_POINT('Ctrl Pts',(-209.692123857885,33.2992120410132,0.));
#6655=CARTESIAN_POINT('Ctrl Pts',(-209.692123857885,33.2992120410132,4.5));
#6656=CARTESIAN_POINT('Ctrl Pts',(-209.337147890175,33.395257140551,0.));
#6657=CARTESIAN_POINT('Ctrl Pts',(-209.337147890175,33.395257140551,4.5));
#6658=CARTESIAN_POINT('Ctrl Pts',(-208.982171922464,33.4913022400889,0.));
#6659=CARTESIAN_POINT('Ctrl Pts',(-208.982171922464,33.4913022400889,4.5));
#6660=CARTESIAN_POINT('Ctrl Pts',(-208.627195954754,33.5873473396268,0.));
#6661=CARTESIAN_POINT('Ctrl Pts',(-208.627195954754,33.5873473396268,4.5));
#6662=CARTESIAN_POINT('Ctrl Pts',(-207.621515501709,33.8594521805235,0.));
#6663=CARTESIAN_POINT('Ctrl Pts',(-207.621515501709,33.8594521805235,4.5));
#6664=CARTESIAN_POINT('Ctrl Pts',(-206.625737411554,34.2578644553328,0.));
#6665=CARTESIAN_POINT('Ctrl Pts',(-206.625737411554,34.2578644553328,4.5));
#6666=CARTESIAN_POINT('Ctrl Pts',(-205.697356929276,34.7731985941239,0.));
#6667=CARTESIAN_POINT('Ctrl Pts',(-205.697356929276,34.7731985941239,4.5));
#6668=CARTESIAN_POINT('Ctrl Pts',(-204.780974194377,35.2818729108582,0.));
#6669=CARTESIAN_POINT('Ctrl Pts',(-204.780974194377,35.2818729108582,4.5));
#6670=CARTESIAN_POINT('Ctrl Pts',(-203.948106924565,35.9121978247165,0.));
#6671=CARTESIAN_POINT('Ctrl Pts',(-203.948106924565,35.9121978247165,4.5));
#6672=CARTESIAN_POINT('Ctrl Pts',(-203.230368714519,36.5438763597678,0.));
#6673=CARTESIAN_POINT('Ctrl Pts',(-203.230368714519,36.5438763597678,4.5));
#6674=CARTESIAN_POINT('',(-209.692123857885,33.2992120410132,0.));
#6675=CARTESIAN_POINT('Ctrl Pts',(-209.692123857885,33.2992120410132,0.));
#6676=CARTESIAN_POINT('Ctrl Pts',(-209.337147890175,33.395257140551,0.));
#6677=CARTESIAN_POINT('Ctrl Pts',(-208.982171922464,33.4913022400889,0.));
#6678=CARTESIAN_POINT('Ctrl Pts',(-208.627195954754,33.5873473396268,0.));
#6679=CARTESIAN_POINT('Ctrl Pts',(-207.621515501709,33.8594521805235,0.));
#6680=CARTESIAN_POINT('Ctrl Pts',(-206.625737411554,34.2578644553328,0.));
#6681=CARTESIAN_POINT('Ctrl Pts',(-205.697356929276,34.7731985941239,0.));
#6682=CARTESIAN_POINT('Ctrl Pts',(-204.780974194377,35.2818729108582,0.));
#6683=CARTESIAN_POINT('Ctrl Pts',(-203.948106924565,35.9121978247165,0.));
#6684=CARTESIAN_POINT('Ctrl Pts',(-203.230368714519,36.5438763597678,0.));
#6685=CARTESIAN_POINT('',(-209.692123857885,33.2992120410132,0.));
#6686=CARTESIAN_POINT('Ctrl Pts',(-257.032542600985,38.322095943507,0.));
#6687=CARTESIAN_POINT('Ctrl Pts',(-257.032542600985,38.322095943507,4.5));
#6688=CARTESIAN_POINT('Ctrl Pts',(-256.352738543656,38.1164665051732,0.));
#6689=CARTESIAN_POINT('Ctrl Pts',(-256.352738543656,38.1164665051732,4.5));
#6690=CARTESIAN_POINT('Ctrl Pts',(-255.672934486327,37.9108370668394,0.));
#6691=CARTESIAN_POINT('Ctrl Pts',(-255.672934486327,37.9108370668394,4.5));
#6692=CARTESIAN_POINT('Ctrl Pts',(-254.993130428998,37.7052076285056,0.));
#6693=CARTESIAN_POINT('Ctrl Pts',(-254.993130428998,37.7052076285056,4.5));
#6694=CARTESIAN_POINT('Ctrl Pts',(-252.599187027501,36.9810795040175,0.));
#6695=CARTESIAN_POINT('Ctrl Pts',(-252.599187027501,36.9810795040175,4.5));
#6696=CARTESIAN_POINT('Ctrl Pts',(-250.26240349575,36.3562061047559,0.));
#6697=CARTESIAN_POINT('Ctrl Pts',(-250.26240349575,36.3562061047559,4.5));
#6698=CARTESIAN_POINT('Ctrl Pts',(-247.977354588675,35.8350933346664,0.));
#6699=CARTESIAN_POINT('Ctrl Pts',(-247.977354588675,35.8350933346664,4.5));
#6700=CARTESIAN_POINT('Ctrl Pts',(-243.281799255073,34.7642568027099,0.));
#6701=CARTESIAN_POINT('Ctrl Pts',(-243.281799255073,34.7642568027099,4.5));
#6702=CARTESIAN_POINT('Ctrl Pts',(-238.793350276068,34.1734748089028,0.));
#6703=CARTESIAN_POINT('Ctrl Pts',(-238.793350276068,34.1734748089028,4.5));
#6704=CARTESIAN_POINT('Ctrl Pts',(-234.604958110429,33.9451698925951,0.));
#6705=CARTESIAN_POINT('Ctrl Pts',(-234.604958110429,33.9451698925951,4.5));
#6706=CARTESIAN_POINT('Ctrl Pts',(-230.739548090765,33.7344703983419,0.));
#6707=CARTESIAN_POINT('Ctrl Pts',(-230.739548090765,33.7344703983419,4.5));
#6708=CARTESIAN_POINT('Ctrl Pts',(-227.160216383996,33.7674913157165,0.));
#6709=CARTESIAN_POINT('Ctrl Pts',(-227.160216383996,33.7674913157165,4.5));
#6710=CARTESIAN_POINT('Ctrl Pts',(-223.409472226164,33.7260179908545,0.));
#6711=CARTESIAN_POINT('Ctrl Pts',(-223.409472226164,33.7260179908545,4.5));
#6712=CARTESIAN_POINT('Ctrl Pts',(-219.485156273457,33.6826254203355,0.));
#6713=CARTESIAN_POINT('Ctrl Pts',(-219.485156273457,33.6826254203355,4.5));
#6714=CARTESIAN_POINT('Ctrl Pts',(-215.317112266884,33.571634684848,0.));
#6715=CARTESIAN_POINT('Ctrl Pts',(-215.317112266884,33.571634684848,4.5));
#6716=CARTESIAN_POINT('Ctrl Pts',(-210.794051861992,33.3525792870171,0.));
#6717=CARTESIAN_POINT('Ctrl Pts',(-210.794051861992,33.3525792870171,4.5));
#6718=CARTESIAN_POINT('Ctrl Pts',(-210.42674252729,33.3347902050157,0.));
#6719=CARTESIAN_POINT('Ctrl Pts',(-210.42674252729,33.3347902050157,4.5));
#6720=CARTESIAN_POINT('Ctrl Pts',(-210.059433192589,33.3170011230143,0.));
#6721=CARTESIAN_POINT('Ctrl Pts',(-210.059433192589,33.3170011230143,4.5));
#6722=CARTESIAN_POINT('Ctrl Pts',(-209.692123857888,33.2992120410129,0.));
#6723=CARTESIAN_POINT('Ctrl Pts',(-209.692123857888,33.2992120410129,4.5));
#6724=CARTESIAN_POINT('',(-257.032542600985,38.322095943507,0.));
#6725=CARTESIAN_POINT('Ctrl Pts',(-257.032542600985,38.322095943507,0.));
#6726=CARTESIAN_POINT('Ctrl Pts',(-256.352738543656,38.1164665051732,0.));
#6727=CARTESIAN_POINT('Ctrl Pts',(-255.672934486327,37.9108370668394,0.));
#6728=CARTESIAN_POINT('Ctrl Pts',(-254.993130428998,37.7052076285056,0.));
#6729=CARTESIAN_POINT('Ctrl Pts',(-252.599187027501,36.9810795040175,0.));
#6730=CARTESIAN_POINT('Ctrl Pts',(-250.26240349575,36.3562061047559,0.));
#6731=CARTESIAN_POINT('Ctrl Pts',(-247.977354588675,35.8350933346664,0.));
#6732=CARTESIAN_POINT('Ctrl Pts',(-243.281799255073,34.7642568027099,0.));
#6733=CARTESIAN_POINT('Ctrl Pts',(-238.793350276068,34.1734748089028,0.));
#6734=CARTESIAN_POINT('Ctrl Pts',(-234.604958110429,33.9451698925951,0.));
#6735=CARTESIAN_POINT('Ctrl Pts',(-230.739548090765,33.7344703983419,0.));
#6736=CARTESIAN_POINT('Ctrl Pts',(-227.160216383996,33.7674913157165,0.));
#6737=CARTESIAN_POINT('Ctrl Pts',(-223.409472226164,33.7260179908545,0.));
#6738=CARTESIAN_POINT('Ctrl Pts',(-219.485156273457,33.6826254203355,0.));
#6739=CARTESIAN_POINT('Ctrl Pts',(-215.317112266884,33.571634684848,0.));
#6740=CARTESIAN_POINT('Ctrl Pts',(-210.794051861992,33.3525792870171,0.));
#6741=CARTESIAN_POINT('Ctrl Pts',(-210.42674252729,33.3347902050157,0.));
#6742=CARTESIAN_POINT('Ctrl Pts',(-210.059433192589,33.3170011230143,0.));
#6743=CARTESIAN_POINT('Ctrl Pts',(-209.692123857888,33.2992120410129,0.));
#6744=CARTESIAN_POINT('',(-257.032542600985,38.322095943507,0.));
#6745=CARTESIAN_POINT('Ctrl Pts',(-271.309419972312,60.9592317349453,0.));
#6746=CARTESIAN_POINT('Ctrl Pts',(-271.309419972312,60.9592317349453,4.5));
#6747=CARTESIAN_POINT('Ctrl Pts',(-271.306068309435,60.9543355918962,0.));
#6748=CARTESIAN_POINT('Ctrl Pts',(-271.306068309435,60.9543355918962,4.5));
#6749=CARTESIAN_POINT('Ctrl Pts',(-271.268653086958,60.9068285899164,0.));
#6750=CARTESIAN_POINT('Ctrl Pts',(-271.268653086958,60.9068285899164,4.5));
#6751=CARTESIAN_POINT('Ctrl Pts',(-271.148938298469,60.6295887462181,0.));
#6752=CARTESIAN_POINT('Ctrl Pts',(-271.148938298469,60.6295887462181,4.5));
#6753=CARTESIAN_POINT('Ctrl Pts',(-270.99457917867,60.2721183051269,0.));
#6754=CARTESIAN_POINT('Ctrl Pts',(-270.99457917867,60.2721183051269,4.5));
#6755=CARTESIAN_POINT('Ctrl Pts',(-270.728956379321,59.5358900118271,0.));
#6756=CARTESIAN_POINT('Ctrl Pts',(-270.728956379321,59.5358900118271,4.5));
#6757=CARTESIAN_POINT('Ctrl Pts',(-270.342611857291,58.5494171279493,0.));
#6758=CARTESIAN_POINT('Ctrl Pts',(-270.342611857291,58.5494171279493,4.5));
#6759=CARTESIAN_POINT('Ctrl Pts',(-269.808007454903,57.184384840738,0.));
#6760=CARTESIAN_POINT('Ctrl Pts',(-269.808007454903,57.184384840738,4.5));
#6761=CARTESIAN_POINT('Ctrl Pts',(-269.031655078681,55.4260673231694,0.));
#6762=CARTESIAN_POINT('Ctrl Pts',(-269.031655078681,55.4260673231694,4.5));
#6763=CARTESIAN_POINT('Ctrl Pts',(-267.981234966733,53.523061429256,0.));
#6764=CARTESIAN_POINT('Ctrl Pts',(-267.981234966733,53.523061429256,4.5));
#6765=CARTESIAN_POINT('Ctrl Pts',(-265.885881551973,49.7269898834387,0.));
#6766=CARTESIAN_POINT('Ctrl Pts',(-265.885881551973,49.7269898834387,4.5));
#6767=CARTESIAN_POINT('Ctrl Pts',(-262.700036888365,45.2435218048696,0.));
#6768=CARTESIAN_POINT('Ctrl Pts',(-262.700036888365,45.2435218048696,4.5));
#6769=CARTESIAN_POINT('Ctrl Pts',(-258.382406415109,39.9706167604053,0.));
#6770=CARTESIAN_POINT('Ctrl Pts',(-258.382406415109,39.9706167604053,4.5));
#6771=CARTESIAN_POINT('Ctrl Pts',(-257.932451810401,39.4211098214393,0.));
#6772=CARTESIAN_POINT('Ctrl Pts',(-257.932451810401,39.4211098214393,4.5));
#6773=CARTESIAN_POINT('Ctrl Pts',(-257.482497205693,38.8716028824732,0.));
#6774=CARTESIAN_POINT('Ctrl Pts',(-257.482497205693,38.8716028824732,4.5));
#6775=CARTESIAN_POINT('Ctrl Pts',(-257.032542600985,38.3220959435072,0.));
#6776=CARTESIAN_POINT('Ctrl Pts',(-257.032542600985,38.3220959435072,4.5));
#6777=CARTESIAN_POINT('',(-271.309419972312,60.9592317349453,0.));
#6778=CARTESIAN_POINT('Ctrl Pts',(-271.309419972312,60.9592317349453,0.));
#6779=CARTESIAN_POINT('Ctrl Pts',(-271.306068309435,60.9543355918962,0.));
#6780=CARTESIAN_POINT('Ctrl Pts',(-271.268653086958,60.9068285899164,0.));
#6781=CARTESIAN_POINT('Ctrl Pts',(-271.148938298469,60.6295887462181,0.));
#6782=CARTESIAN_POINT('Ctrl Pts',(-270.99457917867,60.2721183051269,0.));
#6783=CARTESIAN_POINT('Ctrl Pts',(-270.728956379321,59.5358900118271,0.));
#6784=CARTESIAN_POINT('Ctrl Pts',(-270.342611857291,58.5494171279493,0.));
#6785=CARTESIAN_POINT('Ctrl Pts',(-269.808007454903,57.184384840738,0.));
#6786=CARTESIAN_POINT('Ctrl Pts',(-269.031655078681,55.4260673231694,0.));
#6787=CARTESIAN_POINT('Ctrl Pts',(-267.981234966733,53.523061429256,0.));
#6788=CARTESIAN_POINT('Ctrl Pts',(-265.885881551973,49.7269898834387,0.));
#6789=CARTESIAN_POINT('Ctrl Pts',(-262.700036888365,45.2435218048696,0.));
#6790=CARTESIAN_POINT('Ctrl Pts',(-258.382406415109,39.9706167604053,0.));
#6791=CARTESIAN_POINT('Ctrl Pts',(-257.932451810401,39.4211098214393,0.));
#6792=CARTESIAN_POINT('Ctrl Pts',(-257.482497205693,38.8716028824732,0.));
#6793=CARTESIAN_POINT('Ctrl Pts',(-257.032542600985,38.3220959435072,0.));
#6794=CARTESIAN_POINT('',(-271.309419972312,60.9592317349453,0.));
#6795=CARTESIAN_POINT('Ctrl Pts',(-282.91850935876,65.8878060147536,0.));
#6796=CARTESIAN_POINT('Ctrl Pts',(-282.91850935876,65.8878060147536,4.5));
#6797=CARTESIAN_POINT('Ctrl Pts',(-280.16937215907,65.0194405371275,0.));
#6798=CARTESIAN_POINT('Ctrl Pts',(-280.16937215907,65.0194405371275,4.5));
#6799=CARTESIAN_POINT('Ctrl Pts',(-277.852142918256,64.1981775322936,0.));
#6800=CARTESIAN_POINT('Ctrl Pts',(-277.852142918256,64.1981775322936,4.5));
#6801=CARTESIAN_POINT('Ctrl Pts',(-276.027437978858,63.4568743001462,0.));
#6802=CARTESIAN_POINT('Ctrl Pts',(-276.027437978858,63.4568743001462,4.5));
#6803=CARTESIAN_POINT('Ctrl Pts',(-273.758340171848,62.535032361717,0.));
#6804=CARTESIAN_POINT('Ctrl Pts',(-273.758340171848,62.535032361717,4.5));
#6805=CARTESIAN_POINT('Ctrl Pts',(-272.282104606667,61.7118468558766,0.));
#6806=CARTESIAN_POINT('Ctrl Pts',(-272.282104606667,61.7118468558766,4.5));
#6807=CARTESIAN_POINT('Ctrl Pts',(-271.690991574649,61.2813747786388,0.));
#6808=CARTESIAN_POINT('Ctrl Pts',(-271.690991574649,61.2813747786388,4.5));
#6809=CARTESIAN_POINT('Ctrl Pts',(-271.365420804629,61.0442811635986,0.));
#6810=CARTESIAN_POINT('Ctrl Pts',(-271.365420804629,61.0442811635986,4.5));
#6811=CARTESIAN_POINT('Ctrl Pts',(-271.314517201092,60.9656424672908,0.));
#6812=CARTESIAN_POINT('Ctrl Pts',(-271.314517201092,60.9656424672908,4.5));
#6813=CARTESIAN_POINT('Ctrl Pts',(-271.309419972313,60.9592317349443,0.));
#6814=CARTESIAN_POINT('Ctrl Pts',(-271.309419972313,60.9592317349443,4.5));
#6815=CARTESIAN_POINT('',(-282.91850935876,65.8878060147536,0.));
#6816=CARTESIAN_POINT('Ctrl Pts',(-282.91850935876,65.8878060147536,0.));
#6817=CARTESIAN_POINT('Ctrl Pts',(-280.16937215907,65.0194405371275,0.));
#6818=CARTESIAN_POINT('Ctrl Pts',(-277.852142918256,64.1981775322936,0.));
#6819=CARTESIAN_POINT('Ctrl Pts',(-276.027437978858,63.4568743001462,0.));
#6820=CARTESIAN_POINT('Ctrl Pts',(-273.758340171848,62.535032361717,0.));
#6821=CARTESIAN_POINT('Ctrl Pts',(-272.282104606667,61.7118468558766,0.));
#6822=CARTESIAN_POINT('Ctrl Pts',(-271.690991574649,61.2813747786388,0.));
#6823=CARTESIAN_POINT('Ctrl Pts',(-271.365420804629,61.0442811635986,0.));
#6824=CARTESIAN_POINT('Ctrl Pts',(-271.314517201092,60.9656424672908,0.));
#6825=CARTESIAN_POINT('Ctrl Pts',(-271.309419972313,60.9592317349443,0.));
#6826=CARTESIAN_POINT('',(-282.91850935876,65.8878060147536,0.));
#6827=CARTESIAN_POINT('Ctrl Pts',(-289.623153149353,113.27464297371,0.));
#6828=CARTESIAN_POINT('Ctrl Pts',(-289.623153149353,113.27464297371,4.5));
#6829=CARTESIAN_POINT('Ctrl Pts',(-291.25269580424,112.523777476732,0.));
#6830=CARTESIAN_POINT('Ctrl Pts',(-291.25269580424,112.523777476732,4.5));
#6831=CARTESIAN_POINT('Ctrl Pts',(-292.6781463635,111.585659565655,0.));
#6832=CARTESIAN_POINT('Ctrl Pts',(-292.6781463635,111.585659565655,4.5));
#6833=CARTESIAN_POINT('Ctrl Pts',(-293.839959374514,110.700252664498,0.));
#6834=CARTESIAN_POINT('Ctrl Pts',(-293.839959374514,110.700252664498,4.5));
#6835=CARTESIAN_POINT('Ctrl Pts',(-295.145568625948,109.705259984545,0.));
#6836=CARTESIAN_POINT('Ctrl Pts',(-295.145568625948,109.705259984545,4.5));
#6837=CARTESIAN_POINT('Ctrl Pts',(-296.133183589146,108.80084219705,0.));
#6838=CARTESIAN_POINT('Ctrl Pts',(-296.133183589146,108.80084219705,4.5));
#6839=CARTESIAN_POINT('Ctrl Pts',(-296.966269511673,108.023958562604,0.));
#6840=CARTESIAN_POINT('Ctrl Pts',(-296.966269511673,108.023958562604,4.5));
#6841=CARTESIAN_POINT('Ctrl Pts',(-297.756628714439,107.286919184841,0.));
#6842=CARTESIAN_POINT('Ctrl Pts',(-297.756628714439,107.286919184841,4.5));
#6843=CARTESIAN_POINT('Ctrl Pts',(-298.463446341918,106.613580015191,0.));
#6844=CARTESIAN_POINT('Ctrl Pts',(-298.463446341918,106.613580015191,4.5));
#6845=CARTESIAN_POINT('Ctrl Pts',(-299.255880939535,105.725316194904,0.));
#6846=CARTESIAN_POINT('Ctrl Pts',(-299.255880939535,105.725316194904,4.5));
#6847=CARTESIAN_POINT('Ctrl Pts',(-300.222761997288,104.64151008055,0.));
#6848=CARTESIAN_POINT('Ctrl Pts',(-300.222761997288,104.64151008055,4.5));
#6849=CARTESIAN_POINT('Ctrl Pts',(-301.216524125709,103.253810632156,0.));
#6850=CARTESIAN_POINT('Ctrl Pts',(-301.216524125709,103.253810632156,4.5));
#6851=CARTESIAN_POINT('Ctrl Pts',(-302.012157387117,101.760976047109,0.));
#6852=CARTESIAN_POINT('Ctrl Pts',(-302.012157387117,101.760976047109,4.5));
#6853=CARTESIAN_POINT('Ctrl Pts',(-303.059580050086,99.7957128381818,0.));
#6854=CARTESIAN_POINT('Ctrl Pts',(-303.059580050086,99.7957128381818,4.5));
#6855=CARTESIAN_POINT('Ctrl Pts',(-303.892372153304,97.6077152306996,0.));
#6856=CARTESIAN_POINT('Ctrl Pts',(-303.892372153304,97.6077152306996,4.5));
#6857=CARTESIAN_POINT('Ctrl Pts',(-304.330573448514,95.2102104723594,0.));
#6858=CARTESIAN_POINT('Ctrl Pts',(-304.330573448514,95.2102104723594,4.5));
#6859=CARTESIAN_POINT('Ctrl Pts',(-304.671440001652,93.3452475157416,0.));
#6860=CARTESIAN_POINT('Ctrl Pts',(-304.671440001652,93.3452475157416,4.5));
#6861=CARTESIAN_POINT('Ctrl Pts',(-304.704048613197,91.3940955253309,0.));
#6862=CARTESIAN_POINT('Ctrl Pts',(-304.704048613197,91.3940955253309,4.5));
#6863=CARTESIAN_POINT('Ctrl Pts',(-304.523528260425,89.6543360546702,0.));
#6864=CARTESIAN_POINT('Ctrl Pts',(-304.523528260425,89.6543360546702,4.5));
#6865=CARTESIAN_POINT('Ctrl Pts',(-304.320264705499,87.6953896572558,0.));
#6866=CARTESIAN_POINT('Ctrl Pts',(-304.320264705499,87.6953896572558,4.5));
#6867=CARTESIAN_POINT('Ctrl Pts',(-303.922546135064,85.9312531086372,0.));
#6868=CARTESIAN_POINT('Ctrl Pts',(-303.922546135064,85.9312531086372,4.5));
#6869=CARTESIAN_POINT('Ctrl Pts',(-303.435079018865,84.1365019030793,0.));
#6870=CARTESIAN_POINT('Ctrl Pts',(-303.435079018865,84.1365019030793,4.5));
#6871=CARTESIAN_POINT('Ctrl Pts',(-302.825484573985,81.8921036072918,0.));
#6872=CARTESIAN_POINT('Ctrl Pts',(-302.825484573985,81.8921036072918,4.5));
#6873=CARTESIAN_POINT('Ctrl Pts',(-302.013447218587,79.6387619413767,0.));
#6874=CARTESIAN_POINT('Ctrl Pts',(-302.013447218587,79.6387619413767,4.5));
#6875=CARTESIAN_POINT('Ctrl Pts',(-301.214410077836,77.8540169925193,0.));
#6876=CARTESIAN_POINT('Ctrl Pts',(-301.214410077836,77.8540169925193,4.5));
#6877=CARTESIAN_POINT('Ctrl Pts',(-300.753965776607,76.8255596168368,0.));
#6878=CARTESIAN_POINT('Ctrl Pts',(-300.753965776607,76.8255596168368,4.5));
#6879=CARTESIAN_POINT('Ctrl Pts',(-300.332055443834,75.9709348245847,0.));
#6880=CARTESIAN_POINT('Ctrl Pts',(-300.332055443834,75.9709348245847,4.5));
#6881=CARTESIAN_POINT('Ctrl Pts',(-299.820571124481,75.0678667266178,0.));
#6882=CARTESIAN_POINT('Ctrl Pts',(-299.820571124481,75.0678667266178,4.5));
#6883=CARTESIAN_POINT('Ctrl Pts',(-299.430294052456,74.3788001027188,0.));
#6884=CARTESIAN_POINT('Ctrl Pts',(-299.430294052456,74.3788001027188,4.5));
#6885=CARTESIAN_POINT('Ctrl Pts',(-298.958082016958,73.6051474904193,0.));
#6886=CARTESIAN_POINT('Ctrl Pts',(-298.958082016958,73.6051474904193,4.5));
#6887=CARTESIAN_POINT('Ctrl Pts',(-298.251407069266,72.7519801442734,0.));
#6888=CARTESIAN_POINT('Ctrl Pts',(-298.251407069266,72.7519801442734,4.5));
#6889=CARTESIAN_POINT('Ctrl Pts',(-297.442303054937,71.7751503770447,0.));
#6890=CARTESIAN_POINT('Ctrl Pts',(-297.442303054937,71.7751503770447,4.5));
#6891=CARTESIAN_POINT('Ctrl Pts',(-296.327272533967,70.7877182809572,0.));
#6892=CARTESIAN_POINT('Ctrl Pts',(-296.327272533967,70.7877182809572,4.5));
#6893=CARTESIAN_POINT('Ctrl Pts',(-295.145497741879,70.040063767796,0.));
#6894=CARTESIAN_POINT('Ctrl Pts',(-295.145497741879,70.040063767796,4.5));
#6895=CARTESIAN_POINT('Ctrl Pts',(-293.839426646406,69.213772704915,0.));
#6896=CARTESIAN_POINT('Ctrl Pts',(-293.839426646406,69.213772704915,4.5));
#6897=CARTESIAN_POINT('Ctrl Pts',(-292.471737029841,68.6136754786214,0.));
#6898=CARTESIAN_POINT('Ctrl Pts',(-292.471737029841,68.6136754786214,4.5));
#6899=CARTESIAN_POINT('Ctrl Pts',(-290.958316770497,68.070806270274,0.));
#6900=CARTESIAN_POINT('Ctrl Pts',(-290.958316770497,68.070806270274,4.5));
#6901=CARTESIAN_POINT('Ctrl Pts',(-288.727571346003,67.2706299840488,0.));
#6902=CARTESIAN_POINT('Ctrl Pts',(-288.727571346003,67.2706299840488,4.5));
#6903=CARTESIAN_POINT('Ctrl Pts',(-286.118310135543,66.5848542789721,0.));
#6904=CARTESIAN_POINT('Ctrl Pts',(-286.118310135543,66.5848542789721,4.5));
#6905=CARTESIAN_POINT('Ctrl Pts',(-282.91850935876,65.8878060147536,0.));
#6906=CARTESIAN_POINT('Ctrl Pts',(-282.91850935876,65.8878060147536,4.5));
#6907=CARTESIAN_POINT('',(-289.623153149353,113.27464297371,0.));
#6908=CARTESIAN_POINT('Ctrl Pts',(-289.623153149353,113.27464297371,0.));
#6909=CARTESIAN_POINT('Ctrl Pts',(-291.25269580424,112.523777476732,0.));
#6910=CARTESIAN_POINT('Ctrl Pts',(-292.6781463635,111.585659565655,0.));
#6911=CARTESIAN_POINT('Ctrl Pts',(-293.839959374514,110.700252664498,0.));
#6912=CARTESIAN_POINT('Ctrl Pts',(-295.145568625948,109.705259984545,0.));
#6913=CARTESIAN_POINT('Ctrl Pts',(-296.133183589146,108.80084219705,0.));
#6914=CARTESIAN_POINT('Ctrl Pts',(-296.966269511673,108.023958562604,0.));
#6915=CARTESIAN_POINT('Ctrl Pts',(-297.756628714439,107.286919184841,0.));
#6916=CARTESIAN_POINT('Ctrl Pts',(-298.463446341918,106.613580015191,0.));
#6917=CARTESIAN_POINT('Ctrl Pts',(-299.255880939535,105.725316194904,0.));
#6918=CARTESIAN_POINT('Ctrl Pts',(-300.222761997288,104.64151008055,0.));
#6919=CARTESIAN_POINT('Ctrl Pts',(-301.216524125709,103.253810632156,0.));
#6920=CARTESIAN_POINT('Ctrl Pts',(-302.012157387117,101.760976047109,0.));
#6921=CARTESIAN_POINT('Ctrl Pts',(-303.059580050086,99.7957128381818,0.));
#6922=CARTESIAN_POINT('Ctrl Pts',(-303.892372153304,97.6077152306996,0.));
#6923=CARTESIAN_POINT('Ctrl Pts',(-304.330573448514,95.2102104723594,0.));
#6924=CARTESIAN_POINT('Ctrl Pts',(-304.671440001652,93.3452475157416,0.));
#6925=CARTESIAN_POINT('Ctrl Pts',(-304.704048613197,91.3940955253309,0.));
#6926=CARTESIAN_POINT('Ctrl Pts',(-304.523528260425,89.6543360546702,0.));
#6927=CARTESIAN_POINT('Ctrl Pts',(-304.320264705499,87.6953896572558,0.));
#6928=CARTESIAN_POINT('Ctrl Pts',(-303.922546135064,85.9312531086372,0.));
#6929=CARTESIAN_POINT('Ctrl Pts',(-303.435079018865,84.1365019030793,0.));
#6930=CARTESIAN_POINT('Ctrl Pts',(-302.825484573985,81.8921036072918,0.));
#6931=CARTESIAN_POINT('Ctrl Pts',(-302.013447218587,79.6387619413767,0.));
#6932=CARTESIAN_POINT('Ctrl Pts',(-301.214410077836,77.8540169925193,0.));
#6933=CARTESIAN_POINT('Ctrl Pts',(-300.753965776607,76.8255596168368,0.));
#6934=CARTESIAN_POINT('Ctrl Pts',(-300.332055443834,75.9709348245847,0.));
#6935=CARTESIAN_POINT('Ctrl Pts',(-299.820571124481,75.0678667266178,0.));
#6936=CARTESIAN_POINT('Ctrl Pts',(-299.430294052456,74.3788001027188,0.));
#6937=CARTESIAN_POINT('Ctrl Pts',(-298.958082016958,73.6051474904193,0.));
#6938=CARTESIAN_POINT('Ctrl Pts',(-298.251407069266,72.7519801442734,0.));
#6939=CARTESIAN_POINT('Ctrl Pts',(-297.442303054937,71.7751503770447,0.));
#6940=CARTESIAN_POINT('Ctrl Pts',(-296.327272533967,70.7877182809572,0.));
#6941=CARTESIAN_POINT('Ctrl Pts',(-295.145497741879,70.040063767796,0.));
#6942=CARTESIAN_POINT('Ctrl Pts',(-293.839426646406,69.213772704915,0.));
#6943=CARTESIAN_POINT('Ctrl Pts',(-292.471737029841,68.6136754786214,0.));
#6944=CARTESIAN_POINT('Ctrl Pts',(-290.958316770497,68.070806270274,0.));
#6945=CARTESIAN_POINT('Ctrl Pts',(-288.727571346003,67.2706299840488,0.));
#6946=CARTESIAN_POINT('Ctrl Pts',(-286.118310135543,66.5848542789721,0.));
#6947=CARTESIAN_POINT('Ctrl Pts',(-282.91850935876,65.8878060147536,0.));
#6948=CARTESIAN_POINT('',(-289.623153149353,113.27464297371,0.));
#6949=CARTESIAN_POINT('Ctrl Pts',(-266.141549514309,112.246513858878,0.));
#6950=CARTESIAN_POINT('Ctrl Pts',(-266.141549514309,112.246513858878,4.5));
#6951=CARTESIAN_POINT('Ctrl Pts',(-266.648387208867,112.556425041472,0.));
#6952=CARTESIAN_POINT('Ctrl Pts',(-266.648387208867,112.556425041472,4.5));
#6953=CARTESIAN_POINT('Ctrl Pts',(-267.120602481497,112.82623527456,0.));
#6954=CARTESIAN_POINT('Ctrl Pts',(-267.120602481497,112.82623527456,4.5));
#6955=CARTESIAN_POINT('Ctrl Pts',(-267.553690091392,113.06274201833,0.));
#6956=CARTESIAN_POINT('Ctrl Pts',(-267.553690091392,113.06274201833,4.5));
#6957=CARTESIAN_POINT('Ctrl Pts',(-268.013496294026,113.313839637531,0.));
#6958=CARTESIAN_POINT('Ctrl Pts',(-268.013496294026,113.313839637531,4.5));
#6959=CARTESIAN_POINT('Ctrl Pts',(-268.398909775879,113.521314794506,0.));
#6960=CARTESIAN_POINT('Ctrl Pts',(-268.398909775879,113.521314794506,4.5));
#6961=CARTESIAN_POINT('Ctrl Pts',(-268.968604368718,113.772637826788,0.));
#6962=CARTESIAN_POINT('Ctrl Pts',(-268.968604368718,113.772637826788,4.5));
#6963=CARTESIAN_POINT('Ctrl Pts',(-269.33755954439,113.935403867912,0.));
#6964=CARTESIAN_POINT('Ctrl Pts',(-269.33755954439,113.935403867912,4.5));
#6965=CARTESIAN_POINT('Ctrl Pts',(-269.832735893837,114.137631926289,0.));
#6966=CARTESIAN_POINT('Ctrl Pts',(-269.832735893837,114.137631926289,4.5));
#6967=CARTESIAN_POINT('Ctrl Pts',(-270.498099691033,114.301936045022,0.));
#6968=CARTESIAN_POINT('Ctrl Pts',(-270.498099691033,114.301936045022,4.5));
#6969=CARTESIAN_POINT('Ctrl Pts',(-271.151878123894,114.463379288117,0.));
#6970=CARTESIAN_POINT('Ctrl Pts',(-271.151878123894,114.463379288117,4.5));
#6971=CARTESIAN_POINT('Ctrl Pts',(-271.914256162952,114.539038946653,0.));
#6972=CARTESIAN_POINT('Ctrl Pts',(-271.914256162952,114.539038946653,4.5));
#6973=CARTESIAN_POINT('Ctrl Pts',(-272.420938893775,114.544876312915,0.));
#6974=CARTESIAN_POINT('Ctrl Pts',(-272.420938893775,114.544876312915,4.5));
#6975=CARTESIAN_POINT('Ctrl Pts',(-273.207685565419,114.553940226482,0.));
#6976=CARTESIAN_POINT('Ctrl Pts',(-273.207685565419,114.553940226482,4.5));
#6977=CARTESIAN_POINT('Ctrl Pts',(-273.451482346025,114.505406930107,0.));
#6978=CARTESIAN_POINT('Ctrl Pts',(-273.451482346025,114.505406930107,4.5));
#6979=CARTESIAN_POINT('Ctrl Pts',(-273.683833900077,114.488375362126,0.));
#6980=CARTESIAN_POINT('Ctrl Pts',(-273.683833900077,114.488375362126,4.5));
#6981=CARTESIAN_POINT('Ctrl Pts',(-274.007726998335,114.464633720526,0.));
#6982=CARTESIAN_POINT('Ctrl Pts',(-274.007726998335,114.464633720526,4.5));
#6983=CARTESIAN_POINT('Ctrl Pts',(-274.294926085996,114.44992782337,0.));
#6984=CARTESIAN_POINT('Ctrl Pts',(-274.294926085996,114.44992782337,4.5));
#6985=CARTESIAN_POINT('Ctrl Pts',(-274.610665438382,114.448065459893,0.));
#6986=CARTESIAN_POINT('Ctrl Pts',(-274.610665438382,114.448065459893,4.5));
#6987=CARTESIAN_POINT('Ctrl Pts',(-275.151308594953,114.444876519201,0.));
#6988=CARTESIAN_POINT('Ctrl Pts',(-275.151308594953,114.444876519201,4.5));
#6989=CARTESIAN_POINT('Ctrl Pts',(-275.645253099268,114.484941244193,0.));
#6990=CARTESIAN_POINT('Ctrl Pts',(-275.645253099268,114.484941244193,4.5));
#6991=CARTESIAN_POINT('Ctrl Pts',(-276.487643199381,114.554165142933,0.));
#6992=CARTESIAN_POINT('Ctrl Pts',(-276.487643199381,114.554165142933,4.5));
#6993=CARTESIAN_POINT('Ctrl Pts',(-277.198736125209,114.612599619651,0.));
#6994=CARTESIAN_POINT('Ctrl Pts',(-277.198736125209,114.612599619651,4.5));
#6995=CARTESIAN_POINT('Ctrl Pts',(-278.077191738628,114.66678640546,0.));
#6996=CARTESIAN_POINT('Ctrl Pts',(-278.077191738628,114.66678640546,4.5));
#6997=CARTESIAN_POINT('Ctrl Pts',(-278.909927316216,114.693050857978,0.));
#6998=CARTESIAN_POINT('Ctrl Pts',(-278.909927316216,114.693050857978,4.5));
#6999=CARTESIAN_POINT('Ctrl Pts',(-279.882686558991,114.723731652256,0.));
#7000=CARTESIAN_POINT('Ctrl Pts',(-279.882686558991,114.723731652256,4.5));
#7001=CARTESIAN_POINT('Ctrl Pts',(-280.858404809456,114.748256790104,0.));
#7002=CARTESIAN_POINT('Ctrl Pts',(-280.858404809456,114.748256790104,4.5));
#7003=CARTESIAN_POINT('Ctrl Pts',(-282.131319905937,114.706129945497,0.));
#7004=CARTESIAN_POINT('Ctrl Pts',(-282.131319905937,114.706129945497,4.5));
#7005=CARTESIAN_POINT('Ctrl Pts',(-283.556644232806,114.658959150998,0.));
#7006=CARTESIAN_POINT('Ctrl Pts',(-283.556644232806,114.658959150998,4.5));
#7007=CARTESIAN_POINT('Ctrl Pts',(-285.341925512952,114.471072453682,0.));
#7008=CARTESIAN_POINT('Ctrl Pts',(-285.341925512952,114.471072453682,4.5));
#7009=CARTESIAN_POINT('Ctrl Pts',(-287.042440102841,114.061105112809,0.));
#7010=CARTESIAN_POINT('Ctrl Pts',(-287.042440102841,114.061105112809,4.5));
#7011=CARTESIAN_POINT('Ctrl Pts',(-287.937744708557,113.845261243749,0.));
#7012=CARTESIAN_POINT('Ctrl Pts',(-287.937744708557,113.845261243749,4.5));
#7013=CARTESIAN_POINT('Ctrl Pts',(-288.804301601909,113.577538599039,0.));
#7014=CARTESIAN_POINT('Ctrl Pts',(-288.804301601909,113.577538599039,4.5));
#7015=CARTESIAN_POINT('Ctrl Pts',(-289.623153149353,113.27464297371,0.));
#7016=CARTESIAN_POINT('Ctrl Pts',(-289.623153149353,113.27464297371,4.5));
#7017=CARTESIAN_POINT('',(-266.141549514309,112.246513858878,0.));
#7018=CARTESIAN_POINT('Ctrl Pts',(-266.141549514309,112.246513858878,0.));
#7019=CARTESIAN_POINT('Ctrl Pts',(-266.648387208867,112.556425041472,0.));
#7020=CARTESIAN_POINT('Ctrl Pts',(-267.120602481497,112.82623527456,0.));
#7021=CARTESIAN_POINT('Ctrl Pts',(-267.553690091392,113.06274201833,0.));
#7022=CARTESIAN_POINT('Ctrl Pts',(-268.013496294026,113.313839637531,0.));
#7023=CARTESIAN_POINT('Ctrl Pts',(-268.398909775879,113.521314794506,0.));
#7024=CARTESIAN_POINT('Ctrl Pts',(-268.968604368718,113.772637826788,0.));
#7025=CARTESIAN_POINT('Ctrl Pts',(-269.33755954439,113.935403867912,0.));
#7026=CARTESIAN_POINT('Ctrl Pts',(-269.832735893837,114.137631926289,0.));
#7027=CARTESIAN_POINT('Ctrl Pts',(-270.498099691033,114.301936045022,0.));
#7028=CARTESIAN_POINT('Ctrl Pts',(-271.151878123894,114.463379288117,0.));
#7029=CARTESIAN_POINT('Ctrl Pts',(-271.914256162952,114.539038946653,0.));
#7030=CARTESIAN_POINT('Ctrl Pts',(-272.420938893775,114.544876312915,0.));
#7031=CARTESIAN_POINT('Ctrl Pts',(-273.207685565419,114.553940226482,0.));
#7032=CARTESIAN_POINT('Ctrl Pts',(-273.451482346025,114.505406930107,0.));
#7033=CARTESIAN_POINT('Ctrl Pts',(-273.683833900077,114.488375362126,0.));
#7034=CARTESIAN_POINT('Ctrl Pts',(-274.007726998335,114.464633720526,0.));
#7035=CARTESIAN_POINT('Ctrl Pts',(-274.294926085996,114.44992782337,0.));
#7036=CARTESIAN_POINT('Ctrl Pts',(-274.610665438382,114.448065459893,0.));
#7037=CARTESIAN_POINT('Ctrl Pts',(-275.151308594953,114.444876519201,0.));
#7038=CARTESIAN_POINT('Ctrl Pts',(-275.645253099268,114.484941244193,0.));
#7039=CARTESIAN_POINT('Ctrl Pts',(-276.487643199381,114.554165142933,0.));
#7040=CARTESIAN_POINT('Ctrl Pts',(-277.198736125209,114.612599619651,0.));
#7041=CARTESIAN_POINT('Ctrl Pts',(-278.077191738628,114.66678640546,0.));
#7042=CARTESIAN_POINT('Ctrl Pts',(-278.909927316216,114.693050857978,0.));
#7043=CARTESIAN_POINT('Ctrl Pts',(-279.882686558991,114.723731652256,0.));
#7044=CARTESIAN_POINT('Ctrl Pts',(-280.858404809456,114.748256790104,0.));
#7045=CARTESIAN_POINT('Ctrl Pts',(-282.131319905937,114.706129945497,0.));
#7046=CARTESIAN_POINT('Ctrl Pts',(-283.556644232806,114.658959150998,0.));
#7047=CARTESIAN_POINT('Ctrl Pts',(-285.341925512952,114.471072453682,0.));
#7048=CARTESIAN_POINT('Ctrl Pts',(-287.042440102841,114.061105112809,0.));
#7049=CARTESIAN_POINT('Ctrl Pts',(-287.937744708557,113.845261243749,0.));
#7050=CARTESIAN_POINT('Ctrl Pts',(-288.804301601909,113.577538599039,0.));
#7051=CARTESIAN_POINT('Ctrl Pts',(-289.623153149353,113.27464297371,0.));
#7052=CARTESIAN_POINT('',(-266.141549514309,112.246513858878,0.));
#7053=CARTESIAN_POINT('Origin',(-265.451396611389,111.812195979568,3.94430452610506E-30));
#7054=CARTESIAN_POINT('',(-265.451396611389,111.812195979568,3.94430452610506E-30));
#7055=CARTESIAN_POINT('',(-265.451396611389,111.812195979568,3.94430452610506E-30));
#7056=CARTESIAN_POINT('',(-265.451396611389,111.812195979568,3.94430452610506E-30));
#7057=CARTESIAN_POINT('Origin',(-264.845457844532,113.147204055804,0.));
#7058=CARTESIAN_POINT('',(-264.845457844532,113.147204055804,0.));
#7059=CARTESIAN_POINT('',(-264.845457844532,113.147204055804,0.));
#7060=CARTESIAN_POINT('',(-264.845457844532,113.147204055804,0.));
#7061=CARTESIAN_POINT('Ctrl Pts',(-248.707063278385,181.933424110361,0.));
#7062=CARTESIAN_POINT('Ctrl Pts',(-248.707063278385,181.933424110361,4.5));
#7063=CARTESIAN_POINT('Ctrl Pts',(-251.21706628354,178.60686789598,0.));
#7064=CARTESIAN_POINT('Ctrl Pts',(-251.21706628354,178.60686789598,4.5));
#7065=CARTESIAN_POINT('Ctrl Pts',(-253.264791730772,175.56261322902,0.));
#7066=CARTESIAN_POINT('Ctrl Pts',(-253.264791730772,175.56261322902,4.5));
#7067=CARTESIAN_POINT('Ctrl Pts',(-254.869792344727,172.729064876025,0.));
#7068=CARTESIAN_POINT('Ctrl Pts',(-254.869792344727,172.729064876025,4.5));
#7069=CARTESIAN_POINT('Ctrl Pts',(-256.563854169485,169.73828340736,0.));
#7070=CARTESIAN_POINT('Ctrl Pts',(-256.563854169485,169.73828340736,4.5));
#7071=CARTESIAN_POINT('Ctrl Pts',(-257.756201392206,166.938685053693,0.));
#7072=CARTESIAN_POINT('Ctrl Pts',(-257.756201392206,166.938685053693,4.5));
#7073=CARTESIAN_POINT('Ctrl Pts',(-258.524773868629,164.429066809951,0.));
#7074=CARTESIAN_POINT('Ctrl Pts',(-258.524773868629,164.429066809951,4.5));
#7075=CARTESIAN_POINT('Ctrl Pts',(-259.145195153057,162.403206371322,0.));
#7076=CARTESIAN_POINT('Ctrl Pts',(-259.145195153057,162.403206371322,4.5));
#7077=CARTESIAN_POINT('Ctrl Pts',(-259.500259673716,160.639068693611,0.));
#7078=CARTESIAN_POINT('Ctrl Pts',(-259.500259673716,160.639068693611,4.5));
#7079=CARTESIAN_POINT('Ctrl Pts',(-259.801536458528,159.045185667843,0.));
#7080=CARTESIAN_POINT('Ctrl Pts',(-259.801536458528,159.045185667843,4.5));
#7081=CARTESIAN_POINT('Ctrl Pts',(-260.104040932822,157.444807639716,0.));
#7082=CARTESIAN_POINT('Ctrl Pts',(-260.104040932822,157.444807639716,4.5));
#7083=CARTESIAN_POINT('Ctrl Pts',(-260.375401242987,155.933810576575,0.));
#7084=CARTESIAN_POINT('Ctrl Pts',(-260.375401242987,155.933810576575,4.5));
#7085=CARTESIAN_POINT('Ctrl Pts',(-260.637326907944,154.194516268628,0.));
#7086=CARTESIAN_POINT('Ctrl Pts',(-260.637326907944,154.194516268628,4.5));
#7087=CARTESIAN_POINT('Ctrl Pts',(-260.919689120754,152.3195148647,0.));
#7088=CARTESIAN_POINT('Ctrl Pts',(-260.919689120754,152.3195148647,4.5));
#7089=CARTESIAN_POINT('Ctrl Pts',(-261.150590980868,150.18934396747,0.));
#7090=CARTESIAN_POINT('Ctrl Pts',(-261.150590980868,150.18934396747,4.5));
#7091=CARTESIAN_POINT('Ctrl Pts',(-261.219005749605,148.067433855385,0.));
#7092=CARTESIAN_POINT('Ctrl Pts',(-261.219005749605,148.067433855385,4.5));
#7093=CARTESIAN_POINT('Ctrl Pts',(-261.294227296751,145.73440891816,0.));
#7094=CARTESIAN_POINT('Ctrl Pts',(-261.294227296751,145.73440891816,4.5));
#7095=CARTESIAN_POINT('Ctrl Pts',(-261.195124818618,143.477535485422,0.));
#7096=CARTESIAN_POINT('Ctrl Pts',(-261.195124818618,143.477535485422,4.5));
#7097=CARTESIAN_POINT('Ctrl Pts',(-261.058943774185,141.418224941922,0.));
#7098=CARTESIAN_POINT('Ctrl Pts',(-261.058943774185,141.418224941922,4.5));
#7099=CARTESIAN_POINT('Ctrl Pts',(-260.889316394448,138.853143634067,0.));
#7100=CARTESIAN_POINT('Ctrl Pts',(-260.889316394448,138.853143634067,4.5));
#7101=CARTESIAN_POINT('Ctrl Pts',(-260.66842509408,136.489037502829,0.));
#7102=CARTESIAN_POINT('Ctrl Pts',(-260.66842509408,136.489037502829,4.5));
#7103=CARTESIAN_POINT('Ctrl Pts',(-260.450244733185,133.976077190586,0.));
#7104=CARTESIAN_POINT('Ctrl Pts',(-260.450244733185,133.976077190586,4.5));
#7105=CARTESIAN_POINT('Ctrl Pts',(-260.273462267145,131.939930035833,0.));
#7106=CARTESIAN_POINT('Ctrl Pts',(-260.273462267145,131.939930035833,4.5));
#7107=CARTESIAN_POINT('Ctrl Pts',(-260.090367684529,129.805070827247,0.));
#7108=CARTESIAN_POINT('Ctrl Pts',(-260.090367684529,129.805070827247,4.5));
#7109=CARTESIAN_POINT('Ctrl Pts',(-260.008236699491,127.994325405593,0.));
#7110=CARTESIAN_POINT('Ctrl Pts',(-260.008236699491,127.994325405593,4.5));
#7111=CARTESIAN_POINT('Ctrl Pts',(-259.945545437304,126.612168404452,0.));
#7112=CARTESIAN_POINT('Ctrl Pts',(-259.945545437304,126.612168404452,4.5));
#7113=CARTESIAN_POINT('Ctrl Pts',(-259.955952233797,125.473573645062,0.));
#7114=CARTESIAN_POINT('Ctrl Pts',(-259.955952233797,125.473573645062,4.5));
#7115=CARTESIAN_POINT('Ctrl Pts',(-260.038468460903,124.712869186845,0.));
#7116=CARTESIAN_POINT('Ctrl Pts',(-260.038468460903,124.712869186845,4.5));
#7117=CARTESIAN_POINT('Ctrl Pts',(-260.117752532475,123.981961475402,0.));
#7118=CARTESIAN_POINT('Ctrl Pts',(-260.117752532475,123.981961475402,4.5));
#7119=CARTESIAN_POINT('Ctrl Pts',(-260.224689012481,123.564848077141,0.));
#7120=CARTESIAN_POINT('Ctrl Pts',(-260.224689012481,123.564848077141,4.5));
#7121=CARTESIAN_POINT('Ctrl Pts',(-260.47331890261,122.935353784818,0.));
#7122=CARTESIAN_POINT('Ctrl Pts',(-260.47331890261,122.935353784818,4.5));
#7123=CARTESIAN_POINT('Ctrl Pts',(-260.700170547842,122.360998803588,0.));
#7124=CARTESIAN_POINT('Ctrl Pts',(-260.700170547842,122.360998803588,4.5));
#7125=CARTESIAN_POINT('Ctrl Pts',(-261.0963615921,121.583814631191,0.));
#7126=CARTESIAN_POINT('Ctrl Pts',(-261.0963615921,121.583814631191,4.5));
#7127=CARTESIAN_POINT('Ctrl Pts',(-261.598409891784,120.605657254255,0.));
#7128=CARTESIAN_POINT('Ctrl Pts',(-261.598409891784,120.605657254255,4.5));
#7129=CARTESIAN_POINT('Ctrl Pts',(-262.084325037914,119.658932636222,0.));
#7130=CARTESIAN_POINT('Ctrl Pts',(-262.084325037914,119.658932636222,4.5));
#7131=CARTESIAN_POINT('Ctrl Pts',(-262.64182837525,118.49694347333,0.));
#7132=CARTESIAN_POINT('Ctrl Pts',(-262.64182837525,118.49694347333,4.5));
#7133=CARTESIAN_POINT('Ctrl Pts',(-263.056042429726,117.476696627236,0.));
#7134=CARTESIAN_POINT('Ctrl Pts',(-263.056042429726,117.476696627236,4.5));
#7135=CARTESIAN_POINT('Ctrl Pts',(-263.398174995942,116.633993035081,0.));
#7136=CARTESIAN_POINT('Ctrl Pts',(-263.398174995942,116.633993035081,4.5));
#7137=CARTESIAN_POINT('Ctrl Pts',(-263.64697816066,115.944212879159,0.));
#7138=CARTESIAN_POINT('Ctrl Pts',(-263.64697816066,115.944212879159,4.5));
#7139=CARTESIAN_POINT('Ctrl Pts',(-263.900889985311,115.306672097985,0.));
#7140=CARTESIAN_POINT('Ctrl Pts',(-263.900889985311,115.306672097985,4.5));
#7141=CARTESIAN_POINT('Ctrl Pts',(-264.161535723765,114.652223302886,0.));
#7142=CARTESIAN_POINT('Ctrl Pts',(-264.161535723765,114.652223302886,4.5));
#7143=CARTESIAN_POINT('Ctrl Pts',(-264.454390143055,113.979515510277,0.));
#7144=CARTESIAN_POINT('Ctrl Pts',(-264.454390143055,113.979515510277,4.5));
#7145=CARTESIAN_POINT('Ctrl Pts',(-264.845457844532,113.147204055804,0.));
#7146=CARTESIAN_POINT('Ctrl Pts',(-264.845457844532,113.147204055804,4.5));
#7147=CARTESIAN_POINT('',(-248.707063278385,181.933424110361,0.));
#7148=CARTESIAN_POINT('Ctrl Pts',(-248.707063278385,181.933424110361,0.));
#7149=CARTESIAN_POINT('Ctrl Pts',(-251.21706628354,178.60686789598,0.));
#7150=CARTESIAN_POINT('Ctrl Pts',(-253.264791730772,175.56261322902,0.));
#7151=CARTESIAN_POINT('Ctrl Pts',(-254.869792344727,172.729064876025,0.));
#7152=CARTESIAN_POINT('Ctrl Pts',(-256.563854169485,169.73828340736,0.));
#7153=CARTESIAN_POINT('Ctrl Pts',(-257.756201392206,166.938685053693,0.));
#7154=CARTESIAN_POINT('Ctrl Pts',(-258.524773868629,164.429066809951,0.));
#7155=CARTESIAN_POINT('Ctrl Pts',(-259.145195153057,162.403206371322,0.));
#7156=CARTESIAN_POINT('Ctrl Pts',(-259.500259673716,160.639068693611,0.));
#7157=CARTESIAN_POINT('Ctrl Pts',(-259.801536458528,159.045185667843,0.));
#7158=CARTESIAN_POINT('Ctrl Pts',(-260.104040932822,157.444807639716,0.));
#7159=CARTESIAN_POINT('Ctrl Pts',(-260.375401242987,155.933810576575,0.));
#7160=CARTESIAN_POINT('Ctrl Pts',(-260.637326907944,154.194516268628,0.));
#7161=CARTESIAN_POINT('Ctrl Pts',(-260.919689120754,152.3195148647,0.));
#7162=CARTESIAN_POINT('Ctrl Pts',(-261.150590980868,150.18934396747,0.));
#7163=CARTESIAN_POINT('Ctrl Pts',(-261.219005749605,148.067433855385,0.));
#7164=CARTESIAN_POINT('Ctrl Pts',(-261.294227296751,145.73440891816,0.));
#7165=CARTESIAN_POINT('Ctrl Pts',(-261.195124818618,143.477535485422,0.));
#7166=CARTESIAN_POINT('Ctrl Pts',(-261.058943774185,141.418224941922,0.));
#7167=CARTESIAN_POINT('Ctrl Pts',(-260.889316394448,138.853143634067,0.));
#7168=CARTESIAN_POINT('Ctrl Pts',(-260.66842509408,136.489037502829,0.));
#7169=CARTESIAN_POINT('Ctrl Pts',(-260.450244733185,133.976077190586,0.));
#7170=CARTESIAN_POINT('Ctrl Pts',(-260.273462267145,131.939930035833,0.));
#7171=CARTESIAN_POINT('Ctrl Pts',(-260.090367684529,129.805070827247,0.));
#7172=CARTESIAN_POINT('Ctrl Pts',(-260.008236699491,127.994325405593,0.));
#7173=CARTESIAN_POINT('Ctrl Pts',(-259.945545437304,126.612168404452,0.));
#7174=CARTESIAN_POINT('Ctrl Pts',(-259.955952233797,125.473573645062,0.));
#7175=CARTESIAN_POINT('Ctrl Pts',(-260.038468460903,124.712869186845,0.));
#7176=CARTESIAN_POINT('Ctrl Pts',(-260.117752532475,123.981961475402,0.));
#7177=CARTESIAN_POINT('Ctrl Pts',(-260.224689012481,123.564848077141,0.));
#7178=CARTESIAN_POINT('Ctrl Pts',(-260.47331890261,122.935353784818,0.));
#7179=CARTESIAN_POINT('Ctrl Pts',(-260.700170547842,122.360998803588,0.));
#7180=CARTESIAN_POINT('Ctrl Pts',(-261.0963615921,121.583814631191,0.));
#7181=CARTESIAN_POINT('Ctrl Pts',(-261.598409891784,120.605657254255,0.));
#7182=CARTESIAN_POINT('Ctrl Pts',(-262.084325037914,119.658932636222,0.));
#7183=CARTESIAN_POINT('Ctrl Pts',(-262.64182837525,118.49694347333,0.));
#7184=CARTESIAN_POINT('Ctrl Pts',(-263.056042429726,117.476696627236,0.));
#7185=CARTESIAN_POINT('Ctrl Pts',(-263.398174995942,116.633993035081,0.));
#7186=CARTESIAN_POINT('Ctrl Pts',(-263.64697816066,115.944212879159,0.));
#7187=CARTESIAN_POINT('Ctrl Pts',(-263.900889985311,115.306672097985,0.));
#7188=CARTESIAN_POINT('Ctrl Pts',(-264.161535723765,114.652223302886,0.));
#7189=CARTESIAN_POINT('Ctrl Pts',(-264.454390143055,113.979515510277,0.));
#7190=CARTESIAN_POINT('Ctrl Pts',(-264.845457844532,113.147204055804,0.));
#7191=CARTESIAN_POINT('',(-248.707063278385,181.933424110361,0.));
#7192=CARTESIAN_POINT('Origin',(-248.933215002865,183.589012618364,-3.99443016194159E-43));
#7193=CARTESIAN_POINT('',(-248.933215002865,183.589012618364,0.));
#7194=CARTESIAN_POINT('',(-248.933215002865,183.589012618365,0.));
#7195=CARTESIAN_POINT('',(-248.933215002865,183.589012618364,0.));
#7196=CARTESIAN_POINT('Ctrl Pts',(-253.393642814081,190.726474984159,0.));
#7197=CARTESIAN_POINT('Ctrl Pts',(-253.393642814081,190.726474984159,4.5));
#7198=CARTESIAN_POINT('Ctrl Pts',(-253.039354194115,189.907908801289,0.));
#7199=CARTESIAN_POINT('Ctrl Pts',(-253.039354194115,189.907908801289,4.5));
#7200=CARTESIAN_POINT('Ctrl Pts',(-252.630286267063,189.079948033721,0.));
#7201=CARTESIAN_POINT('Ctrl Pts',(-252.630286267063,189.079948033721,4.5));
#7202=CARTESIAN_POINT('Ctrl Pts',(-252.149480852598,188.218771830538,0.));
#7203=CARTESIAN_POINT('Ctrl Pts',(-252.149480852598,188.218771830538,4.5));
#7204=CARTESIAN_POINT('Ctrl Pts',(-251.577439709193,187.19418224581,0.));
#7205=CARTESIAN_POINT('Ctrl Pts',(-251.577439709193,187.19418224581,4.5));
#7206=CARTESIAN_POINT('Ctrl Pts',(-250.878428168935,186.098062232858,0.));
#7207=CARTESIAN_POINT('Ctrl Pts',(-250.878428168935,186.098062232858,4.5));
#7208=CARTESIAN_POINT('Ctrl Pts',(-250.154459350341,185.124288950347,0.));
#7209=CARTESIAN_POINT('Ctrl Pts',(-250.154459350341,185.124288950347,4.5));
#7210=CARTESIAN_POINT('Ctrl Pts',(-249.708492866007,184.52444233239,0.));
#7211=CARTESIAN_POINT('Ctrl Pts',(-249.708492866007,184.52444233239,4.5));
#7212=CARTESIAN_POINT('Ctrl Pts',(-249.265032130874,183.98614900679,0.));
#7213=CARTESIAN_POINT('Ctrl Pts',(-249.265032130874,183.98614900679,4.5));
#7214=CARTESIAN_POINT('Ctrl Pts',(-248.933215002865,183.589012618364,0.));
#7215=CARTESIAN_POINT('Ctrl Pts',(-248.933215002865,183.589012618364,4.5));
#7216=CARTESIAN_POINT('Ctrl Pts',(-253.393642814081,190.726474984159,0.));
#7217=CARTESIAN_POINT('Ctrl Pts',(-253.039354194115,189.907908801289,0.));
#7218=CARTESIAN_POINT('Ctrl Pts',(-252.630286267063,189.079948033721,0.));
#7219=CARTESIAN_POINT('Ctrl Pts',(-252.149480852598,188.218771830538,0.));
#7220=CARTESIAN_POINT('Ctrl Pts',(-251.577439709193,187.19418224581,0.));
#7221=CARTESIAN_POINT('Ctrl Pts',(-250.878428168935,186.098062232858,0.));
#7222=CARTESIAN_POINT('Ctrl Pts',(-250.154459350341,185.124288950347,0.));
#7223=CARTESIAN_POINT('Ctrl Pts',(-249.708492866007,184.52444233239,0.));
#7224=CARTESIAN_POINT('Ctrl Pts',(-249.265032130874,183.98614900679,0.));
#7225=CARTESIAN_POINT('Ctrl Pts',(-248.933215002865,183.589012618364,0.));
#7226=CARTESIAN_POINT('Origin',(-205.077439590842,151.22280692245,0.));
#7227=UNCERTAINTY_MEASURE_WITH_UNIT(LENGTH_MEASURE(0.01),#7231,
'DISTANCE_ACCURACY_VALUE',
'Maximum model space distance between geometric entities at asserted c
onnectivities');
#7228=UNCERTAINTY_MEASURE_WITH_UNIT(LENGTH_MEASURE(0.01),#7231,
'DISTANCE_ACCURACY_VALUE',
'Maximum model space distance between geometric entities at asserted c
onnectivities');
#7229=(
GEOMETRIC_REPRESENTATION_CONTEXT(3)
GLOBAL_UNCERTAINTY_ASSIGNED_CONTEXT((#7227))
GLOBAL_UNIT_ASSIGNED_CONTEXT((#7231,#7233,#7234))
REPRESENTATION_CONTEXT('','3D')
);
#7230=(
GEOMETRIC_REPRESENTATION_CONTEXT(3)
GLOBAL_UNCERTAINTY_ASSIGNED_CONTEXT((#7228))
GLOBAL_UNIT_ASSIGNED_CONTEXT((#7231,#7233,#7234))
REPRESENTATION_CONTEXT('','3D')
);
#7231=(
LENGTH_UNIT()
NAMED_UNIT(*)
SI_UNIT(.MILLI.,.METRE.)
);
#7232=(
LENGTH_UNIT()
NAMED_UNIT(*)
SI_UNIT($,.METRE.)
);
#7233=(
NAMED_UNIT(*)
PLANE_ANGLE_UNIT()
SI_UNIT($,.RADIAN.)
);
#7234=(
NAMED_UNIT(*)
SI_UNIT($,.STERADIAN.)
SOLID_ANGLE_UNIT()
);
#7235=SHAPE_DEFINITION_REPRESENTATION(#7236,#7237);
#7236=PRODUCT_DEFINITION_SHAPE('',$,#7239);
#7237=SHAPE_REPRESENTATION('',(#1415),#7229);
#7238=PRODUCT_DEFINITION_CONTEXT('part definition',#7243,'design');
#7239=PRODUCT_DEFINITION('2026-06-20-02-43-00-592','TOP_COVER',#7240,#7238);
#7240=PRODUCT_DEFINITION_FORMATION('',$,#7245);
#7241=PRODUCT_RELATED_PRODUCT_CATEGORY('TOP_COVER','TOP_COVER',(#7245));
#7242=APPLICATION_PROTOCOL_DEFINITION('international standard',
'automotive_design',2009,#7243);
#7243=APPLICATION_CONTEXT(
'Core Data for Automotive Mechanical Design Process');
#7244=PRODUCT_CONTEXT('part definition',#7243,'mechanical');
#7245=PRODUCT('2026-06-20-02-43-00-592','TOP_COVER',$,(#7244));
#7246=PRESENTATION_STYLE_ASSIGNMENT((#7249));
#7247=PRESENTATION_STYLE_ASSIGNMENT((#7250));
#7248=PRESENTATION_STYLE_ASSIGNMENT((#7251));
#7249=SURFACE_STYLE_USAGE(.BOTH.,#7252);
#7250=SURFACE_STYLE_USAGE(.BOTH.,#7253);
#7251=SURFACE_STYLE_USAGE(.BOTH.,#7254);
#7252=SURFACE_SIDE_STYLE('',(#7255));
#7253=SURFACE_SIDE_STYLE('',(#7256));
#7254=SURFACE_SIDE_STYLE('',(#7257));
#7255=SURFACE_STYLE_FILL_AREA(#7258);
#7256=SURFACE_STYLE_FILL_AREA(#7259);
#7257=SURFACE_STYLE_FILL_AREA(#7260);
#7258=FILL_AREA_STYLE('Steel - Satin',(#7261));
#7259=FILL_AREA_STYLE('new2',(#7262));
#7260=FILL_AREA_STYLE('new',(#7263));
#7261=FILL_AREA_STYLE_COLOUR('Steel - Satin',#7264);
#7262=FILL_AREA_STYLE_COLOUR('new2',#7265);
#7263=FILL_AREA_STYLE_COLOUR('new',#7266);
#7264=COLOUR_RGB('Steel - Satin',0.627450980392157,0.627450980392157,0.627450980392157);
#7265=COLOUR_RGB('new2',0.552941176470588,0.392156862745098,0.392156862745098);
#7266=COLOUR_RGB('new',0.847058823529412,0.768627450980392,0.729411764705882);
ENDSEC;
END-ISO-10303-21;
