ISO-10303-21;
HEADER;
/* Generated by software containing ST-Developer
 * from STEP Tools, Inc. (www.steptools.com) 
 */

FILE_DESCRIPTION(
/* description */ (''),
/* implementation_level */ '2;1');

FILE_NAME(
/* name */ 'Cover.step',
/* time_stamp */ '2026-06-20T11:47:21+03:00',
/* author */ (''),
/* organization */ (''),
/* preprocessor_version */ 'ST-DEVELOPER v20.1',
/* originating_system */ 'Autodesk Translation Framework v15.8.0.0',
/* authorisation */ '');

FILE_SCHEMA (('AUTOMOTIVE_DESIGN { 1 0 10303 214 3 1 1 }'));
ENDSEC;

DATA;
#10=MECHANICAL_DESIGN_GEOMETRIC_PRESENTATION_REPRESENTATION('',(#25,#26,
#27,#28,#29,#30,#31,#32,#33,#34,#35,#36,#37,#38,#39,#40,#41,#42,#43,#44,
#45),#4768);
#11=ITEM_DEFINED_TRANSFORMATION($,$,#2787,#2993);
#12=ITEM_DEFINED_TRANSFORMATION($,$,#2786,#3112);
#13=(
REPRESENTATION_RELATIONSHIP($,$,#4783,#4782)
REPRESENTATION_RELATIONSHIP_WITH_TRANSFORMATION(#11)
SHAPE_REPRESENTATION_RELATIONSHIP()
);
#14=(
REPRESENTATION_RELATIONSHIP($,$,#4782,#4781)
REPRESENTATION_RELATIONSHIP_WITH_TRANSFORMATION(#12)
SHAPE_REPRESENTATION_RELATIONSHIP()
);
#15=CONTEXT_DEPENDENT_SHAPE_REPRESENTATION(#13,#4779);
#16=CONTEXT_DEPENDENT_SHAPE_REPRESENTATION(#14,#4780);
#17=NEXT_ASSEMBLY_USAGE_OCCURRENCE('Cover:1','Cover:1','Cover:1',#4786,
#4787,'Cover:1');
#18=NEXT_ASSEMBLY_USAGE_OCCURRENCE('Cover (1):1','Cover (1):1',
'Cover (1):1',#4785,#4786,'Cover (1):1');
#19=SHAPE_REPRESENTATION_RELATIONSHIP('SRR','None',#4783,#22);
#20=SHAPE_REPRESENTATION_RELATIONSHIP('SRR','None',#4782,#23);
#21=SHAPE_REPRESENTATION_RELATIONSHIP('SRR','None',#4781,#24);
#22=ADVANCED_BREP_SHAPE_REPRESENTATION('',(#46),#4767);
#23=ADVANCED_BREP_SHAPE_REPRESENTATION('',(#47,#48,#49,#50,#51,#52,#53,
#54,#55,#56),#4766);
#24=ADVANCED_BREP_SHAPE_REPRESENTATION('',(#57,#58,#59,#60,#61,#62,#63,
#64,#65,#66),#4765);
#25=STYLED_ITEM('',(#4801),#46);
#26=STYLED_ITEM('',(#4801),#47);
#27=STYLED_ITEM('',(#4801),#48);
#28=STYLED_ITEM('',(#4801),#49);
#29=STYLED_ITEM('',(#4801),#50);
#30=STYLED_ITEM('',(#4801),#51);
#31=STYLED_ITEM('',(#4801),#52);
#32=STYLED_ITEM('',(#4801),#53);
#33=STYLED_ITEM('',(#4801),#54);
#34=STYLED_ITEM('',(#4801),#55);
#35=STYLED_ITEM('',(#4801),#56);
#36=STYLED_ITEM('',(#4801),#57);
#37=STYLED_ITEM('',(#4801),#58);
#38=STYLED_ITEM('',(#4801),#59);
#39=STYLED_ITEM('',(#4801),#60);
#40=STYLED_ITEM('',(#4801),#61);
#41=STYLED_ITEM('',(#4801),#62);
#42=STYLED_ITEM('',(#4801),#63);
#43=STYLED_ITEM('',(#4801),#64);
#44=STYLED_ITEM('',(#4801),#65);
#45=STYLED_ITEM('',(#4801),#66);
#46=MANIFOLD_SOLID_BREP('Body1',#2752);
#47=MANIFOLD_SOLID_BREP('Body1',#2753);
#48=MANIFOLD_SOLID_BREP('Body2',#2754);
#49=MANIFOLD_SOLID_BREP('Body3',#2755);
#50=MANIFOLD_SOLID_BREP('Body4',#2756);
#51=MANIFOLD_SOLID_BREP('Body5',#2757);
#52=MANIFOLD_SOLID_BREP('Body6',#2758);
#53=MANIFOLD_SOLID_BREP('Body7',#2759);
#54=MANIFOLD_SOLID_BREP('Body8',#2760);
#55=MANIFOLD_SOLID_BREP('Body9',#2761);
#56=MANIFOLD_SOLID_BREP('Body10',#2762);
#57=MANIFOLD_SOLID_BREP('Body1',#2763);
#58=MANIFOLD_SOLID_BREP('Body2',#2764);
#59=MANIFOLD_SOLID_BREP('Body3',#2765);
#60=MANIFOLD_SOLID_BREP('Body4',#2766);
#61=MANIFOLD_SOLID_BREP('Body5',#2767);
#62=MANIFOLD_SOLID_BREP('Body6',#2768);
#63=MANIFOLD_SOLID_BREP('Body7',#2769);
#64=MANIFOLD_SOLID_BREP('Body8',#2770);
#65=MANIFOLD_SOLID_BREP('Body9',#2771);
#66=MANIFOLD_SOLID_BREP('Body10',#2772);
#67=FACE_BOUND('',#523,.T.);
#68=FACE_BOUND('',#524,.T.);
#69=FACE_BOUND('',#525,.T.);
#70=FACE_BOUND('',#526,.T.);
#71=FACE_BOUND('',#565,.T.);
#72=FACE_BOUND('',#566,.T.);
#73=FACE_BOUND('',#567,.T.);
#74=FACE_BOUND('',#568,.T.);
#75=FACE_BOUND('',#570,.T.);
#76=FACE_BOUND('',#574,.T.);
#77=FACE_BOUND('',#576,.T.);
#78=FACE_BOUND('',#580,.T.);
#79=FACE_BOUND('',#582,.T.);
#80=FACE_BOUND('',#586,.T.);
#81=FACE_BOUND('',#588,.T.);
#82=FACE_BOUND('',#592,.T.);
#83=FACE_BOUND('',#607,.T.);
#84=FACE_BOUND('',#610,.T.);
#85=FACE_BOUND('',#612,.T.);
#86=FACE_BOUND('',#613,.T.);
#87=FACE_BOUND('',#627,.T.);
#88=FACE_BOUND('',#628,.T.);
#89=FACE_BOUND('',#631,.T.);
#90=FACE_BOUND('',#634,.T.);
#91=FACE_BOUND('',#636,.T.);
#92=FACE_BOUND('',#637,.T.);
#93=FACE_BOUND('',#649,.T.);
#94=FACE_BOUND('',#650,.T.);
#95=FACE_BOUND('',#652,.T.);
#96=FACE_BOUND('',#656,.T.);
#97=FACE_BOUND('',#658,.T.);
#98=FACE_BOUND('',#662,.T.);
#99=FACE_BOUND('',#664,.T.);
#100=FACE_BOUND('',#668,.T.);
#101=FACE_BOUND('',#670,.T.);
#102=FACE_BOUND('',#674,.T.);
#103=FACE_BOUND('',#689,.T.);
#104=FACE_BOUND('',#692,.T.);
#105=FACE_BOUND('',#706,.T.);
#106=FACE_BOUND('',#707,.T.);
#107=FACE_BOUND('',#709,.T.);
#108=FACE_BOUND('',#710,.T.);
#109=FACE_BOUND('',#713,.T.);
#110=FACE_BOUND('',#716,.T.);
#111=FACE_BOUND('',#728,.T.);
#112=FACE_BOUND('',#729,.T.);
#113=FACE_BOUND('',#731,.T.);
#114=FACE_BOUND('',#732,.T.);
#115=CIRCLE('',#2791,0.799999982118607);
#116=CIRCLE('',#2792,0.799999982118607);
#117=CIRCLE('',#2795,1.5);
#118=CIRCLE('',#2796,1.5);
#119=CIRCLE('',#2797,0.799999982118607);
#120=CIRCLE('',#2798,1.24999999999999);
#121=CIRCLE('',#2799,1.24999999999998);
#122=CIRCLE('',#2800,1.24999999999998);
#123=CIRCLE('',#2801,1.24999999999998);
#124=CIRCLE('',#2804,1.5);
#125=CIRCLE('',#2806,1.5);
#126=CIRCLE('',#2808,12.0000000000001);
#127=CIRCLE('',#2809,11.9999999999999);
#128=CIRCLE('',#2810,12.);
#129=CIRCLE('',#2811,12.0000000000001);
#130=CIRCLE('',#2812,15.);
#131=CIRCLE('',#2813,15.);
#132=CIRCLE('',#2814,15.);
#133=CIRCLE('',#2815,15.);
#134=CIRCLE('',#2816,1.59999999999997);
#135=CIRCLE('',#2817,1.59999999999999);
#136=CIRCLE('',#2818,1.6);
#137=CIRCLE('',#2819,1.59999999999997);
#138=CIRCLE('',#2823,0.799999982118607);
#139=CIRCLE('',#2825,1.24999999999999);
#140=CIRCLE('',#2829,1.24999999999998);
#141=CIRCLE('',#2832,1.24999999999998);
#142=CIRCLE('',#2835,1.24999999999998);
#143=CIRCLE('',#2844,11.9999999999999);
#144=CIRCLE('',#2847,12.0000000000001);
#145=CIRCLE('',#2849,15.);
#146=CIRCLE('',#2851,15.);
#147=CIRCLE('',#2854,1.59999999999997);
#148=CIRCLE('',#2856,1.6);
#149=CIRCLE('',#2858,1.59999999999999);
#150=CIRCLE('',#2860,1.59999999999997);
#151=CIRCLE('',#2862,12.0000000000001);
#152=CIRCLE('',#2863,12.);
#153=CIRCLE('',#2870,15.);
#154=CIRCLE('',#2873,15.);
#155=CIRCLE('',#2876,2.45);
#156=CIRCLE('',#2877,1.6);
#157=CIRCLE('',#2879,1.6);
#158=CIRCLE('',#2881,2.45);
#159=CIRCLE('',#2884,2.44999999999997);
#160=CIRCLE('',#2885,1.60000000000004);
#161=CIRCLE('',#2887,1.60000000000004);
#162=CIRCLE('',#2889,2.44999999999997);
#163=CIRCLE('',#2892,2.45000000000001);
#164=CIRCLE('',#2893,1.6);
#165=CIRCLE('',#2895,1.6);
#166=CIRCLE('',#2897,2.45000000000001);
#167=CIRCLE('',#2900,2.44999999999997);
#168=CIRCLE('',#2901,1.60000000000004);
#169=CIRCLE('',#2903,1.60000000000004);
#170=CIRCLE('',#2905,2.44999999999997);
#171=CIRCLE('',#2908,1.58746200000003);
#172=CIRCLE('',#2909,1.58746200000003);
#173=CIRCLE('',#2913,1.587462);
#174=CIRCLE('',#2914,1.587462);
#175=CIRCLE('',#2918,1.58746200000003);
#176=CIRCLE('',#2920,1.58746200000003);
#177=CIRCLE('',#2923,1.587462);
#178=CIRCLE('',#2924,1.587462);
#179=CIRCLE('',#2928,3.);
#180=CIRCLE('',#2929,3.);
#181=CIRCLE('',#2931,2.45);
#182=CIRCLE('',#2933,2.99999999999997);
#183=CIRCLE('',#2934,2.99999999999997);
#184=CIRCLE('',#2936,2.44999999999997);
#185=CIRCLE('',#2938,12.0000000000001);
#186=CIRCLE('',#2939,12.);
#187=CIRCLE('',#2940,5.5);
#188=CIRCLE('',#2941,5.49999999999997);
#189=CIRCLE('',#2945,12.);
#190=CIRCLE('',#2948,12.0000000000001);
#191=CIRCLE('',#2950,2.45);
#192=CIRCLE('',#2952,2.44999999999997);
#193=CIRCLE('',#2955,5.49999999999997);
#194=CIRCLE('',#2958,5.5);
#195=CIRCLE('',#2962,3.00000000000001);
#196=CIRCLE('',#2963,3.00000000000001);
#197=CIRCLE('',#2965,2.45000000000001);
#198=CIRCLE('',#2967,3.00000000000004);
#199=CIRCLE('',#2968,3.00000000000004);
#200=CIRCLE('',#2970,2.44999999999997);
#201=CIRCLE('',#2972,12.0000000000001);
#202=CIRCLE('',#2973,6.99999999999996);
#203=CIRCLE('',#2974,6.99999999999996);
#204=CIRCLE('',#2975,12.);
#205=CIRCLE('',#2977,6.99999999999996);
#206=CIRCLE('',#2980,6.99999999999996);
#207=CIRCLE('',#2983,2.45000000000001);
#208=CIRCLE('',#2985,2.44999999999997);
#209=CIRCLE('',#2988,12.);
#210=CIRCLE('',#2991,12.0000000000001);
#211=CIRCLE('',#2995,2.45);
#212=CIRCLE('',#2996,1.6);
#213=CIRCLE('',#2998,1.6);
#214=CIRCLE('',#3000,2.45);
#215=CIRCLE('',#3003,2.44999999999997);
#216=CIRCLE('',#3004,1.60000000000004);
#217=CIRCLE('',#3006,1.60000000000004);
#218=CIRCLE('',#3008,2.44999999999997);
#219=CIRCLE('',#3011,2.45000000000001);
#220=CIRCLE('',#3012,1.6);
#221=CIRCLE('',#3014,1.6);
#222=CIRCLE('',#3016,2.45000000000001);
#223=CIRCLE('',#3019,2.44999999999997);
#224=CIRCLE('',#3020,1.60000000000004);
#225=CIRCLE('',#3022,1.60000000000004);
#226=CIRCLE('',#3024,2.44999999999997);
#227=CIRCLE('',#3027,1.58746200000003);
#228=CIRCLE('',#3029,1.58746200000003);
#229=CIRCLE('',#3032,1.587462);
#230=CIRCLE('',#3034,1.587462);
#231=CIRCLE('',#3037,1.58746200000003);
#232=CIRCLE('',#3038,1.58746200000003);
#233=CIRCLE('',#3042,1.587462);
#234=CIRCLE('',#3044,1.587462);
#235=CIRCLE('',#3047,3.);
#236=CIRCLE('',#3048,3.);
#237=CIRCLE('',#3050,2.45);
#238=CIRCLE('',#3052,2.99999999999997);
#239=CIRCLE('',#3053,2.99999999999997);
#240=CIRCLE('',#3055,2.44999999999997);
#241=CIRCLE('',#3057,2.44999999999997);
#242=CIRCLE('',#3059,2.45);
#243=CIRCLE('',#3062,5.49999999999997);
#244=CIRCLE('',#3063,5.49999999999997);
#245=CIRCLE('',#3066,5.5);
#246=CIRCLE('',#3067,5.5);
#247=CIRCLE('',#3071,12.);
#248=CIRCLE('',#3072,12.);
#249=CIRCLE('',#3075,12.0000000000001);
#250=CIRCLE('',#3076,12.0000000000001);
#251=CIRCLE('',#3081,3.00000000000001);
#252=CIRCLE('',#3082,3.00000000000001);
#253=CIRCLE('',#3084,2.45000000000001);
#254=CIRCLE('',#3086,3.00000000000004);
#255=CIRCLE('',#3087,3.00000000000004);
#256=CIRCLE('',#3089,2.44999999999997);
#257=CIRCLE('',#3091,2.45000000000001);
#258=CIRCLE('',#3093,2.44999999999997);
#259=CIRCLE('',#3096,12.);
#260=CIRCLE('',#3097,12.);
#261=CIRCLE('',#3100,6.99999999999996);
#262=CIRCLE('',#3101,6.99999999999996);
#263=CIRCLE('',#3104,6.99999999999996);
#264=CIRCLE('',#3105,6.99999999999996);
#265=CIRCLE('',#3108,12.0000000000001);
#266=CIRCLE('',#3109,12.0000000000001);
#267=CYLINDRICAL_SURFACE('',#2790,0.799999982118607);
#268=CYLINDRICAL_SURFACE('',#2803,1.5);
#269=CYLINDRICAL_SURFACE('',#2805,1.5);
#270=CYLINDRICAL_SURFACE('',#2822,0.799999982118607);
#271=CYLINDRICAL_SURFACE('',#2824,1.24999999999999);
#272=CYLINDRICAL_SURFACE('',#2828,1.24999999999998);
#273=CYLINDRICAL_SURFACE('',#2831,1.24999999999998);
#274=CYLINDRICAL_SURFACE('',#2834,1.24999999999998);
#275=CYLINDRICAL_SURFACE('',#2843,11.9999999999999);
#276=CYLINDRICAL_SURFACE('',#2846,12.0000000000001);
#277=CYLINDRICAL_SURFACE('',#2848,15.);
#278=CYLINDRICAL_SURFACE('',#2850,15.);
#279=CYLINDRICAL_SURFACE('',#2853,1.59999999999997);
#280=CYLINDRICAL_SURFACE('',#2855,1.6);
#281=CYLINDRICAL_SURFACE('',#2857,1.59999999999999);
#282=CYLINDRICAL_SURFACE('',#2859,1.59999999999997);
#283=CYLINDRICAL_SURFACE('',#2864,12.);
#284=CYLINDRICAL_SURFACE('',#2866,12.0000000000001);
#285=CYLINDRICAL_SURFACE('',#2869,15.);
#286=CYLINDRICAL_SURFACE('',#2872,15.);
#287=CYLINDRICAL_SURFACE('',#2878,1.6);
#288=CYLINDRICAL_SURFACE('',#2880,2.45);
#289=CYLINDRICAL_SURFACE('',#2886,1.60000000000004);
#290=CYLINDRICAL_SURFACE('',#2888,2.44999999999997);
#291=CYLINDRICAL_SURFACE('',#2894,1.6);
#292=CYLINDRICAL_SURFACE('',#2896,2.45000000000001);
#293=CYLINDRICAL_SURFACE('',#2902,1.60000000000004);
#294=CYLINDRICAL_SURFACE('',#2904,2.44999999999997);
#295=CYLINDRICAL_SURFACE('',#2907,1.58746200000003);
#296=CYLINDRICAL_SURFACE('',#2912,1.587462);
#297=CYLINDRICAL_SURFACE('',#2919,1.58746200000003);
#298=CYLINDRICAL_SURFACE('',#2922,1.587462);
#299=CYLINDRICAL_SURFACE('',#2927,3.);
#300=CYLINDRICAL_SURFACE('',#2932,2.99999999999997);
#301=CYLINDRICAL_SURFACE('',#2944,12.);
#302=CYLINDRICAL_SURFACE('',#2947,12.0000000000001);
#303=CYLINDRICAL_SURFACE('',#2949,2.45);
#304=CYLINDRICAL_SURFACE('',#2951,2.44999999999997);
#305=CYLINDRICAL_SURFACE('',#2954,5.49999999999997);
#306=CYLINDRICAL_SURFACE('',#2957,5.5);
#307=CYLINDRICAL_SURFACE('',#2961,3.00000000000001);
#308=CYLINDRICAL_SURFACE('',#2966,3.00000000000004);
#309=CYLINDRICAL_SURFACE('',#2976,6.99999999999996);
#310=CYLINDRICAL_SURFACE('',#2979,6.99999999999996);
#311=CYLINDRICAL_SURFACE('',#2982,2.45000000000001);
#312=CYLINDRICAL_SURFACE('',#2984,2.44999999999997);
#313=CYLINDRICAL_SURFACE('',#2987,12.);
#314=CYLINDRICAL_SURFACE('',#2990,12.0000000000001);
#315=CYLINDRICAL_SURFACE('',#2997,1.6);
#316=CYLINDRICAL_SURFACE('',#2999,2.45);
#317=CYLINDRICAL_SURFACE('',#3005,1.60000000000004);
#318=CYLINDRICAL_SURFACE('',#3007,2.44999999999997);
#319=CYLINDRICAL_SURFACE('',#3013,1.6);
#320=CYLINDRICAL_SURFACE('',#3015,2.45000000000001);
#321=CYLINDRICAL_SURFACE('',#3021,1.60000000000004);
#322=CYLINDRICAL_SURFACE('',#3023,2.44999999999997);
#323=CYLINDRICAL_SURFACE('',#3028,1.58746200000003);
#324=CYLINDRICAL_SURFACE('',#3033,1.587462);
#325=CYLINDRICAL_SURFACE('',#3036,1.58746200000003);
#326=CYLINDRICAL_SURFACE('',#3043,1.587462);
#327=CYLINDRICAL_SURFACE('',#3046,3.);
#328=CYLINDRICAL_SURFACE('',#3051,2.99999999999997);
#329=CYLINDRICAL_SURFACE('',#3056,2.44999999999997);
#330=CYLINDRICAL_SURFACE('',#3058,2.45);
#331=CYLINDRICAL_SURFACE('',#3061,5.49999999999997);
#332=CYLINDRICAL_SURFACE('',#3065,5.5);
#333=CYLINDRICAL_SURFACE('',#3070,12.);
#334=CYLINDRICAL_SURFACE('',#3074,12.0000000000001);
#335=CYLINDRICAL_SURFACE('',#3080,3.00000000000001);
#336=CYLINDRICAL_SURFACE('',#3085,3.00000000000004);
#337=CYLINDRICAL_SURFACE('',#3090,2.45000000000001);
#338=CYLINDRICAL_SURFACE('',#3092,2.44999999999997);
#339=CYLINDRICAL_SURFACE('',#3095,12.);
#340=CYLINDRICAL_SURFACE('',#3099,6.99999999999996);
#341=CYLINDRICAL_SURFACE('',#3103,6.99999999999996);
#342=CYLINDRICAL_SURFACE('',#3107,12.0000000000001);
#343=FACE_OUTER_BOUND('',#514,.T.);
#344=FACE_OUTER_BOUND('',#515,.T.);
#345=FACE_OUTER_BOUND('',#516,.T.);
#346=FACE_OUTER_BOUND('',#517,.T.);
#347=FACE_OUTER_BOUND('',#518,.T.);
#348=FACE_OUTER_BOUND('',#519,.T.);
#349=FACE_OUTER_BOUND('',#520,.T.);
#350=FACE_OUTER_BOUND('',#521,.T.);
#351=FACE_OUTER_BOUND('',#522,.T.);
#352=FACE_OUTER_BOUND('',#527,.T.);
#353=FACE_OUTER_BOUND('',#528,.T.);
#354=FACE_OUTER_BOUND('',#529,.T.);
#355=FACE_OUTER_BOUND('',#530,.T.);
#356=FACE_OUTER_BOUND('',#531,.T.);
#357=FACE_OUTER_BOUND('',#532,.T.);
#358=FACE_OUTER_BOUND('',#533,.T.);
#359=FACE_OUTER_BOUND('',#534,.T.);
#360=FACE_OUTER_BOUND('',#535,.T.);
#361=FACE_OUTER_BOUND('',#536,.T.);
#362=FACE_OUTER_BOUND('',#537,.T.);
#363=FACE_OUTER_BOUND('',#538,.T.);
#364=FACE_OUTER_BOUND('',#539,.T.);
#365=FACE_OUTER_BOUND('',#540,.T.);
#366=FACE_OUTER_BOUND('',#541,.T.);
#367=FACE_OUTER_BOUND('',#542,.T.);
#368=FACE_OUTER_BOUND('',#543,.T.);
#369=FACE_OUTER_BOUND('',#544,.T.);
#370=FACE_OUTER_BOUND('',#545,.T.);
#371=FACE_OUTER_BOUND('',#546,.T.);
#372=FACE_OUTER_BOUND('',#547,.T.);
#373=FACE_OUTER_BOUND('',#548,.T.);
#374=FACE_OUTER_BOUND('',#549,.T.);
#375=FACE_OUTER_BOUND('',#550,.T.);
#376=FACE_OUTER_BOUND('',#551,.T.);
#377=FACE_OUTER_BOUND('',#552,.T.);
#378=FACE_OUTER_BOUND('',#553,.T.);
#379=FACE_OUTER_BOUND('',#554,.T.);
#380=FACE_OUTER_BOUND('',#555,.T.);
#381=FACE_OUTER_BOUND('',#556,.T.);
#382=FACE_OUTER_BOUND('',#557,.T.);
#383=FACE_OUTER_BOUND('',#558,.T.);
#384=FACE_OUTER_BOUND('',#559,.T.);
#385=FACE_OUTER_BOUND('',#560,.T.);
#386=FACE_OUTER_BOUND('',#561,.T.);
#387=FACE_OUTER_BOUND('',#562,.T.);
#388=FACE_OUTER_BOUND('',#563,.T.);
#389=FACE_OUTER_BOUND('',#564,.T.);
#390=FACE_OUTER_BOUND('',#569,.T.);
#391=FACE_OUTER_BOUND('',#571,.T.);
#392=FACE_OUTER_BOUND('',#572,.T.);
#393=FACE_OUTER_BOUND('',#573,.T.);
#394=FACE_OUTER_BOUND('',#575,.T.);
#395=FACE_OUTER_BOUND('',#577,.T.);
#396=FACE_OUTER_BOUND('',#578,.T.);
#397=FACE_OUTER_BOUND('',#579,.T.);
#398=FACE_OUTER_BOUND('',#581,.T.);
#399=FACE_OUTER_BOUND('',#583,.T.);
#400=FACE_OUTER_BOUND('',#584,.T.);
#401=FACE_OUTER_BOUND('',#585,.T.);
#402=FACE_OUTER_BOUND('',#587,.T.);
#403=FACE_OUTER_BOUND('',#589,.T.);
#404=FACE_OUTER_BOUND('',#590,.T.);
#405=FACE_OUTER_BOUND('',#591,.T.);
#406=FACE_OUTER_BOUND('',#593,.T.);
#407=FACE_OUTER_BOUND('',#594,.T.);
#408=FACE_OUTER_BOUND('',#595,.T.);
#409=FACE_OUTER_BOUND('',#596,.T.);
#410=FACE_OUTER_BOUND('',#597,.T.);
#411=FACE_OUTER_BOUND('',#598,.T.);
#412=FACE_OUTER_BOUND('',#599,.T.);
#413=FACE_OUTER_BOUND('',#600,.T.);
#414=FACE_OUTER_BOUND('',#601,.T.);
#415=FACE_OUTER_BOUND('',#602,.T.);
#416=FACE_OUTER_BOUND('',#603,.T.);
#417=FACE_OUTER_BOUND('',#604,.T.);
#418=FACE_OUTER_BOUND('',#605,.T.);
#419=FACE_OUTER_BOUND('',#606,.T.);
#420=FACE_OUTER_BOUND('',#608,.T.);
#421=FACE_OUTER_BOUND('',#609,.T.);
#422=FACE_OUTER_BOUND('',#611,.T.);
#423=FACE_OUTER_BOUND('',#614,.T.);
#424=FACE_OUTER_BOUND('',#615,.T.);
#425=FACE_OUTER_BOUND('',#616,.T.);
#426=FACE_OUTER_BOUND('',#617,.T.);
#427=FACE_OUTER_BOUND('',#618,.T.);
#428=FACE_OUTER_BOUND('',#619,.T.);
#429=FACE_OUTER_BOUND('',#620,.T.);
#430=FACE_OUTER_BOUND('',#621,.T.);
#431=FACE_OUTER_BOUND('',#622,.T.);
#432=FACE_OUTER_BOUND('',#623,.T.);
#433=FACE_OUTER_BOUND('',#624,.T.);
#434=FACE_OUTER_BOUND('',#625,.T.);
#435=FACE_OUTER_BOUND('',#626,.T.);
#436=FACE_OUTER_BOUND('',#629,.T.);
#437=FACE_OUTER_BOUND('',#630,.T.);
#438=FACE_OUTER_BOUND('',#632,.T.);
#439=FACE_OUTER_BOUND('',#633,.T.);
#440=FACE_OUTER_BOUND('',#635,.T.);
#441=FACE_OUTER_BOUND('',#638,.T.);
#442=FACE_OUTER_BOUND('',#639,.T.);
#443=FACE_OUTER_BOUND('',#640,.T.);
#444=FACE_OUTER_BOUND('',#641,.T.);
#445=FACE_OUTER_BOUND('',#642,.T.);
#446=FACE_OUTER_BOUND('',#643,.T.);
#447=FACE_OUTER_BOUND('',#644,.T.);
#448=FACE_OUTER_BOUND('',#645,.T.);
#449=FACE_OUTER_BOUND('',#646,.T.);
#450=FACE_OUTER_BOUND('',#647,.T.);
#451=FACE_OUTER_BOUND('',#648,.T.);
#452=FACE_OUTER_BOUND('',#651,.T.);
#453=FACE_OUTER_BOUND('',#653,.T.);
#454=FACE_OUTER_BOUND('',#654,.T.);
#455=FACE_OUTER_BOUND('',#655,.T.);
#456=FACE_OUTER_BOUND('',#657,.T.);
#457=FACE_OUTER_BOUND('',#659,.T.);
#458=FACE_OUTER_BOUND('',#660,.T.);
#459=FACE_OUTER_BOUND('',#661,.T.);
#460=FACE_OUTER_BOUND('',#663,.T.);
#461=FACE_OUTER_BOUND('',#665,.T.);
#462=FACE_OUTER_BOUND('',#666,.T.);
#463=FACE_OUTER_BOUND('',#667,.T.);
#464=FACE_OUTER_BOUND('',#669,.T.);
#465=FACE_OUTER_BOUND('',#671,.T.);
#466=FACE_OUTER_BOUND('',#672,.T.);
#467=FACE_OUTER_BOUND('',#673,.T.);
#468=FACE_OUTER_BOUND('',#675,.T.);
#469=FACE_OUTER_BOUND('',#676,.T.);
#470=FACE_OUTER_BOUND('',#677,.T.);
#471=FACE_OUTER_BOUND('',#678,.T.);
#472=FACE_OUTER_BOUND('',#679,.T.);
#473=FACE_OUTER_BOUND('',#680,.T.);
#474=FACE_OUTER_BOUND('',#681,.T.);
#475=FACE_OUTER_BOUND('',#682,.T.);
#476=FACE_OUTER_BOUND('',#683,.T.);
#477=FACE_OUTER_BOUND('',#684,.T.);
#478=FACE_OUTER_BOUND('',#685,.T.);
#479=FACE_OUTER_BOUND('',#686,.T.);
#480=FACE_OUTER_BOUND('',#687,.T.);
#481=FACE_OUTER_BOUND('',#688,.T.);
#482=FACE_OUTER_BOUND('',#690,.T.);
#483=FACE_OUTER_BOUND('',#691,.T.);
#484=FACE_OUTER_BOUND('',#693,.T.);
#485=FACE_OUTER_BOUND('',#694,.T.);
#486=FACE_OUTER_BOUND('',#695,.T.);
#487=FACE_OUTER_BOUND('',#696,.T.);
#488=FACE_OUTER_BOUND('',#697,.T.);
#489=FACE_OUTER_BOUND('',#698,.T.);
#490=FACE_OUTER_BOUND('',#699,.T.);
#491=FACE_OUTER_BOUND('',#700,.T.);
#492=FACE_OUTER_BOUND('',#701,.T.);
#493=FACE_OUTER_BOUND('',#702,.T.);
#494=FACE_OUTER_BOUND('',#703,.T.);
#495=FACE_OUTER_BOUND('',#704,.T.);
#496=FACE_OUTER_BOUND('',#705,.T.);
#497=FACE_OUTER_BOUND('',#708,.T.);
#498=FACE_OUTER_BOUND('',#711,.T.);
#499=FACE_OUTER_BOUND('',#712,.T.);
#500=FACE_OUTER_BOUND('',#714,.T.);
#501=FACE_OUTER_BOUND('',#715,.T.);
#502=FACE_OUTER_BOUND('',#717,.T.);
#503=FACE_OUTER_BOUND('',#718,.T.);
#504=FACE_OUTER_BOUND('',#719,.T.);
#505=FACE_OUTER_BOUND('',#720,.T.);
#506=FACE_OUTER_BOUND('',#721,.T.);
#507=FACE_OUTER_BOUND('',#722,.T.);
#508=FACE_OUTER_BOUND('',#723,.T.);
#509=FACE_OUTER_BOUND('',#724,.T.);
#510=FACE_OUTER_BOUND('',#725,.T.);
#511=FACE_OUTER_BOUND('',#726,.T.);
#512=FACE_OUTER_BOUND('',#727,.T.);
#513=FACE_OUTER_BOUND('',#730,.T.);
#514=EDGE_LOOP('',(#1760,#1761,#1762,#1763));
#515=EDGE_LOOP('',(#1764,#1765,#1766,#1767));
#516=EDGE_LOOP('',(#1768,#1769,#1770,#1771));
#517=EDGE_LOOP('',(#1772,#1773,#1774,#1775));
#518=EDGE_LOOP('',(#1776,#1777,#1778,#1779,#1780,#1781,#1782,#1783,#1784,
#1785,#1786,#1787,#1788,#1789,#1790,#1791,#1792,#1793,#1794,#1795,#1796,
#1797,#1798,#1799,#1800,#1801,#1802,#1803,#1804));
#519=EDGE_LOOP('',(#1805,#1806,#1807,#1808));
#520=EDGE_LOOP('',(#1809,#1810,#1811,#1812));
#521=EDGE_LOOP('',(#1813,#1814,#1815,#1816));
#522=EDGE_LOOP('',(#1817,#1818,#1819,#1820,#1821,#1822,#1823,#1824,#1825,
#1826,#1827,#1828,#1829,#1830,#1831,#1832,#1833,#1834,#1835,#1836));
#523=EDGE_LOOP('',(#1837));
#524=EDGE_LOOP('',(#1838));
#525=EDGE_LOOP('',(#1839));
#526=EDGE_LOOP('',(#1840));
#527=EDGE_LOOP('',(#1841,#1842,#1843,#1844));
#528=EDGE_LOOP('',(#1845,#1846,#1847,#1848));
#529=EDGE_LOOP('',(#1849,#1850,#1851,#1852));
#530=EDGE_LOOP('',(#1853,#1854,#1855,#1856));
#531=EDGE_LOOP('',(#1857,#1858,#1859,#1860));
#532=EDGE_LOOP('',(#1861,#1862,#1863,#1864));
#533=EDGE_LOOP('',(#1865,#1866,#1867,#1868));
#534=EDGE_LOOP('',(#1869,#1870,#1871,#1872));
#535=EDGE_LOOP('',(#1873,#1874,#1875,#1876));
#536=EDGE_LOOP('',(#1877,#1878,#1879,#1880));
#537=EDGE_LOOP('',(#1881,#1882,#1883,#1884));
#538=EDGE_LOOP('',(#1885,#1886,#1887,#1888));
#539=EDGE_LOOP('',(#1889,#1890,#1891,#1892));
#540=EDGE_LOOP('',(#1893,#1894,#1895,#1896));
#541=EDGE_LOOP('',(#1897,#1898,#1899,#1900));
#542=EDGE_LOOP('',(#1901,#1902,#1903,#1904));
#543=EDGE_LOOP('',(#1905,#1906,#1907,#1908));
#544=EDGE_LOOP('',(#1909,#1910,#1911,#1912,#1913,#1914,#1915,#1916,#1917,
#1918,#1919,#1920,#1921,#1922,#1923,#1924,#1925,#1926,#1927,#1928,#1929,
#1930,#1931,#1932,#1933,#1934,#1935,#1936,#1937));
#545=EDGE_LOOP('',(#1938,#1939,#1940,#1941));
#546=EDGE_LOOP('',(#1942,#1943,#1944,#1945));
#547=EDGE_LOOP('',(#1946,#1947,#1948,#1949));
#548=EDGE_LOOP('',(#1950,#1951,#1952,#1953));
#549=EDGE_LOOP('',(#1954,#1955,#1956,#1957));
#550=EDGE_LOOP('',(#1958,#1959,#1960,#1961));
#551=EDGE_LOOP('',(#1962,#1963,#1964,#1965));
#552=EDGE_LOOP('',(#1966,#1967,#1968,#1969));
#553=EDGE_LOOP('',(#1970,#1971,#1972,#1973));
#554=EDGE_LOOP('',(#1974,#1975,#1976,#1977));
#555=EDGE_LOOP('',(#1978,#1979,#1980,#1981,#1982,#1983,#1984,#1985));
#556=EDGE_LOOP('',(#1986,#1987,#1988,#1989));
#557=EDGE_LOOP('',(#1990,#1991,#1992,#1993));
#558=EDGE_LOOP('',(#1994,#1995,#1996,#1997));
#559=EDGE_LOOP('',(#1998,#1999,#2000,#2001));
#560=EDGE_LOOP('',(#2002,#2003,#2004,#2005));
#561=EDGE_LOOP('',(#2006,#2007,#2008,#2009));
#562=EDGE_LOOP('',(#2010,#2011,#2012,#2013));
#563=EDGE_LOOP('',(#2014,#2015,#2016,#2017));
#564=EDGE_LOOP('',(#2018,#2019,#2020,#2021,#2022,#2023,#2024,#2025));
#565=EDGE_LOOP('',(#2026));
#566=EDGE_LOOP('',(#2027));
#567=EDGE_LOOP('',(#2028));
#568=EDGE_LOOP('',(#2029));
#569=EDGE_LOOP('',(#2030));
#570=EDGE_LOOP('',(#2031));
#571=EDGE_LOOP('',(#2032,#2033,#2034,#2035));
#572=EDGE_LOOP('',(#2036,#2037,#2038,#2039));
#573=EDGE_LOOP('',(#2040));
#574=EDGE_LOOP('',(#2041));
#575=EDGE_LOOP('',(#2042));
#576=EDGE_LOOP('',(#2043));
#577=EDGE_LOOP('',(#2044,#2045,#2046,#2047));
#578=EDGE_LOOP('',(#2048,#2049,#2050,#2051));
#579=EDGE_LOOP('',(#2052));
#580=EDGE_LOOP('',(#2053));
#581=EDGE_LOOP('',(#2054));
#582=EDGE_LOOP('',(#2055));
#583=EDGE_LOOP('',(#2056,#2057,#2058,#2059));
#584=EDGE_LOOP('',(#2060,#2061,#2062,#2063));
#585=EDGE_LOOP('',(#2064));
#586=EDGE_LOOP('',(#2065));
#587=EDGE_LOOP('',(#2066));
#588=EDGE_LOOP('',(#2067));
#589=EDGE_LOOP('',(#2068,#2069,#2070,#2071));
#590=EDGE_LOOP('',(#2072,#2073,#2074,#2075));
#591=EDGE_LOOP('',(#2076));
#592=EDGE_LOOP('',(#2077));
#593=EDGE_LOOP('',(#2078,#2079,#2080,#2081));
#594=EDGE_LOOP('',(#2082));
#595=EDGE_LOOP('',(#2083));
#596=EDGE_LOOP('',(#2084,#2085,#2086,#2087));
#597=EDGE_LOOP('',(#2088));
#598=EDGE_LOOP('',(#2089));
#599=EDGE_LOOP('',(#2090));
#600=EDGE_LOOP('',(#2091,#2092,#2093,#2094));
#601=EDGE_LOOP('',(#2095));
#602=EDGE_LOOP('',(#2096,#2097,#2098,#2099));
#603=EDGE_LOOP('',(#2100));
#604=EDGE_LOOP('',(#2101));
#605=EDGE_LOOP('',(#2102,#2103,#2104,#2105));
#606=EDGE_LOOP('',(#2106));
#607=EDGE_LOOP('',(#2107));
#608=EDGE_LOOP('',(#2108,#2109,#2110,#2111));
#609=EDGE_LOOP('',(#2112));
#610=EDGE_LOOP('',(#2113));
#611=EDGE_LOOP('',(#2114,#2115,#2116,#2117,#2118,#2119,#2120,#2121,#2122,
#2123));
#612=EDGE_LOOP('',(#2124));
#613=EDGE_LOOP('',(#2125));
#614=EDGE_LOOP('',(#2126,#2127,#2128,#2129));
#615=EDGE_LOOP('',(#2130,#2131,#2132,#2133));
#616=EDGE_LOOP('',(#2134,#2135,#2136,#2137));
#617=EDGE_LOOP('',(#2138,#2139,#2140,#2141));
#618=EDGE_LOOP('',(#2142,#2143,#2144,#2145));
#619=EDGE_LOOP('',(#2146,#2147,#2148,#2149));
#620=EDGE_LOOP('',(#2150,#2151,#2152,#2153));
#621=EDGE_LOOP('',(#2154,#2155,#2156,#2157));
#622=EDGE_LOOP('',(#2158,#2159,#2160,#2161));
#623=EDGE_LOOP('',(#2162,#2163,#2164,#2165));
#624=EDGE_LOOP('',(#2166,#2167,#2168,#2169));
#625=EDGE_LOOP('',(#2170,#2171,#2172,#2173));
#626=EDGE_LOOP('',(#2174,#2175,#2176,#2177,#2178,#2179,#2180,#2181,#2182,
#2183));
#627=EDGE_LOOP('',(#2184));
#628=EDGE_LOOP('',(#2185));
#629=EDGE_LOOP('',(#2186,#2187,#2188,#2189));
#630=EDGE_LOOP('',(#2190));
#631=EDGE_LOOP('',(#2191));
#632=EDGE_LOOP('',(#2192,#2193,#2194,#2195));
#633=EDGE_LOOP('',(#2196));
#634=EDGE_LOOP('',(#2197));
#635=EDGE_LOOP('',(#2198,#2199,#2200,#2201,#2202,#2203,#2204,#2205));
#636=EDGE_LOOP('',(#2206));
#637=EDGE_LOOP('',(#2207));
#638=EDGE_LOOP('',(#2208,#2209,#2210,#2211));
#639=EDGE_LOOP('',(#2212,#2213,#2214,#2215));
#640=EDGE_LOOP('',(#2216,#2217,#2218,#2219));
#641=EDGE_LOOP('',(#2220,#2221,#2222,#2223));
#642=EDGE_LOOP('',(#2224,#2225,#2226,#2227));
#643=EDGE_LOOP('',(#2228,#2229,#2230,#2231));
#644=EDGE_LOOP('',(#2232,#2233,#2234,#2235));
#645=EDGE_LOOP('',(#2236,#2237,#2238,#2239));
#646=EDGE_LOOP('',(#2240,#2241,#2242,#2243));
#647=EDGE_LOOP('',(#2244,#2245,#2246,#2247));
#648=EDGE_LOOP('',(#2248,#2249,#2250,#2251,#2252,#2253,#2254,#2255));
#649=EDGE_LOOP('',(#2256));
#650=EDGE_LOOP('',(#2257));
#651=EDGE_LOOP('',(#2258));
#652=EDGE_LOOP('',(#2259));
#653=EDGE_LOOP('',(#2260,#2261,#2262,#2263));
#654=EDGE_LOOP('',(#2264,#2265,#2266,#2267));
#655=EDGE_LOOP('',(#2268));
#656=EDGE_LOOP('',(#2269));
#657=EDGE_LOOP('',(#2270));
#658=EDGE_LOOP('',(#2271));
#659=EDGE_LOOP('',(#2272,#2273,#2274,#2275));
#660=EDGE_LOOP('',(#2276,#2277,#2278,#2279));
#661=EDGE_LOOP('',(#2280));
#662=EDGE_LOOP('',(#2281));
#663=EDGE_LOOP('',(#2282));
#664=EDGE_LOOP('',(#2283));
#665=EDGE_LOOP('',(#2284,#2285,#2286,#2287));
#666=EDGE_LOOP('',(#2288,#2289,#2290,#2291));
#667=EDGE_LOOP('',(#2292));
#668=EDGE_LOOP('',(#2293));
#669=EDGE_LOOP('',(#2294));
#670=EDGE_LOOP('',(#2295));
#671=EDGE_LOOP('',(#2296,#2297,#2298,#2299));
#672=EDGE_LOOP('',(#2300,#2301,#2302,#2303));
#673=EDGE_LOOP('',(#2304));
#674=EDGE_LOOP('',(#2305));
#675=EDGE_LOOP('',(#2306));
#676=EDGE_LOOP('',(#2307,#2308,#2309,#2310));
#677=EDGE_LOOP('',(#2311));
#678=EDGE_LOOP('',(#2312));
#679=EDGE_LOOP('',(#2313,#2314,#2315,#2316));
#680=EDGE_LOOP('',(#2317));
#681=EDGE_LOOP('',(#2318,#2319,#2320,#2321));
#682=EDGE_LOOP('',(#2322));
#683=EDGE_LOOP('',(#2323));
#684=EDGE_LOOP('',(#2324));
#685=EDGE_LOOP('',(#2325,#2326,#2327,#2328));
#686=EDGE_LOOP('',(#2329));
#687=EDGE_LOOP('',(#2330,#2331,#2332,#2333));
#688=EDGE_LOOP('',(#2334));
#689=EDGE_LOOP('',(#2335));
#690=EDGE_LOOP('',(#2336,#2337,#2338,#2339));
#691=EDGE_LOOP('',(#2340));
#692=EDGE_LOOP('',(#2341));
#693=EDGE_LOOP('',(#2342,#2343,#2344,#2345));
#694=EDGE_LOOP('',(#2346,#2347,#2348,#2349));
#695=EDGE_LOOP('',(#2350,#2351,#2352,#2353));
#696=EDGE_LOOP('',(#2354,#2355,#2356,#2357));
#697=EDGE_LOOP('',(#2358,#2359,#2360,#2361));
#698=EDGE_LOOP('',(#2362,#2363,#2364,#2365));
#699=EDGE_LOOP('',(#2366,#2367,#2368,#2369));
#700=EDGE_LOOP('',(#2370,#2371,#2372,#2373));
#701=EDGE_LOOP('',(#2374,#2375,#2376,#2377));
#702=EDGE_LOOP('',(#2378,#2379,#2380,#2381));
#703=EDGE_LOOP('',(#2382,#2383,#2384,#2385));
#704=EDGE_LOOP('',(#2386,#2387,#2388,#2389));
#705=EDGE_LOOP('',(#2390,#2391,#2392,#2393,#2394,#2395,#2396,#2397,#2398,
#2399));
#706=EDGE_LOOP('',(#2400));
#707=EDGE_LOOP('',(#2401));
#708=EDGE_LOOP('',(#2402,#2403,#2404,#2405,#2406,#2407,#2408,#2409,#2410,
#2411));
#709=EDGE_LOOP('',(#2412));
#710=EDGE_LOOP('',(#2413));
#711=EDGE_LOOP('',(#2414,#2415,#2416,#2417));
#712=EDGE_LOOP('',(#2418));
#713=EDGE_LOOP('',(#2419));
#714=EDGE_LOOP('',(#2420,#2421,#2422,#2423));
#715=EDGE_LOOP('',(#2424));
#716=EDGE_LOOP('',(#2425));
#717=EDGE_LOOP('',(#2426,#2427,#2428,#2429));
#718=EDGE_LOOP('',(#2430,#2431,#2432,#2433));
#719=EDGE_LOOP('',(#2434,#2435,#2436,#2437));
#720=EDGE_LOOP('',(#2438,#2439,#2440,#2441));
#721=EDGE_LOOP('',(#2442,#2443,#2444,#2445));
#722=EDGE_LOOP('',(#2446,#2447,#2448,#2449));
#723=EDGE_LOOP('',(#2450,#2451,#2452,#2453));
#724=EDGE_LOOP('',(#2454,#2455,#2456,#2457));
#725=EDGE_LOOP('',(#2458,#2459,#2460,#2461));
#726=EDGE_LOOP('',(#2462,#2463,#2464,#2465));
#727=EDGE_LOOP('',(#2466,#2467,#2468,#2469,#2470,#2471,#2472,#2473));
#728=EDGE_LOOP('',(#2474));
#729=EDGE_LOOP('',(#2475));
#730=EDGE_LOOP('',(#2476,#2477,#2478,#2479,#2480,#2481,#2482,#2483));
#731=EDGE_LOOP('',(#2484));
#732=EDGE_LOOP('',(#2485));
#733=LINE('',#3986,#944);
#734=LINE('',#3988,#945);
#735=LINE('',#3990,#946);
#736=LINE('',#3991,#947);
#737=LINE('',#3995,#948);
#738=LINE('',#3997,#949);
#739=LINE('',#3999,#950);
#740=LINE('',#4000,#951);
#741=LINE('',#4005,#952);
#742=LINE('',#4009,#953);
#743=LINE('',#4011,#954);
#744=LINE('',#4012,#955);
#745=LINE('',#4015,#956);
#746=LINE('',#4017,#957);
#747=LINE('',#4019,#958);
#748=LINE('',#4021,#959);
#749=LINE('',#4023,#960);
#750=LINE('',#4027,#961);
#751=LINE('',#4032,#962);
#752=LINE('',#4034,#963);
#753=LINE('',#4038,#964);
#754=LINE('',#4040,#965);
#755=LINE('',#4042,#966);
#756=LINE('',#4044,#967);
#757=LINE('',#4046,#968);
#758=LINE('',#4048,#969);
#759=LINE('',#4050,#970);
#760=LINE('',#4054,#971);
#761=LINE('',#4058,#972);
#762=LINE('',#4061,#973);
#763=LINE('',#4065,#974);
#764=LINE('',#4066,#975);
#765=LINE('',#4067,#976);
#766=LINE('',#4071,#977);
#767=LINE('',#4076,#978);
#768=LINE('',#4080,#979);
#769=LINE('',#4084,#980);
#770=LINE('',#4088,#981);
#771=LINE('',#4091,#982);
#772=LINE('',#4095,#983);
#773=LINE('',#4099,#984);
#774=LINE('',#4103,#985);
#775=LINE('',#4115,#986);
#776=LINE('',#4116,#987);
#777=LINE('',#4120,#988);
#778=LINE('',#4121,#989);
#779=LINE('',#4122,#990);
#780=LINE('',#4129,#991);
#781=LINE('',#4130,#992);
#782=LINE('',#4132,#993);
#783=LINE('',#4135,#994);
#784=LINE('',#4136,#995);
#785=LINE('',#4139,#996);
#786=LINE('',#4143,#997);
#787=LINE('',#4144,#998);
#788=LINE('',#4148,#999);
#789=LINE('',#4151,#1000);
#790=LINE('',#4152,#1001);
#791=LINE('',#4156,#1002);
#792=LINE('',#4159,#1003);
#793=LINE('',#4160,#1004);
#794=LINE('',#4163,#1005);
#795=LINE('',#4164,#1006);
#796=LINE('',#4167,#1007);
#797=LINE('',#4168,#1008);
#798=LINE('',#4171,#1009);
#799=LINE('',#4172,#1010);
#800=LINE('',#4175,#1011);
#801=LINE('',#4176,#1012);
#802=LINE('',#4178,#1013);
#803=LINE('',#4181,#1014);
#804=LINE('',#4183,#1015);
#805=LINE('',#4184,#1016);
#806=LINE('',#4187,#1017);
#807=LINE('',#4190,#1018);
#808=LINE('',#4193,#1019);
#809=LINE('',#4194,#1020);
#810=LINE('',#4200,#1021);
#811=LINE('',#4203,#1022);
#812=LINE('',#4207,#1023);
#813=LINE('',#4208,#1024);
#814=LINE('',#4212,#1025);
#815=LINE('',#4216,#1026);
#816=LINE('',#4220,#1027);
#817=LINE('',#4224,#1028);
#818=LINE('',#4229,#1029);
#819=LINE('',#4232,#1030);
#820=LINE('',#4234,#1031);
#821=LINE('',#4235,#1032);
#822=LINE('',#4237,#1033);
#823=LINE('',#4242,#1034);
#824=LINE('',#4244,#1035);
#825=LINE('',#4245,#1036);
#826=LINE('',#4248,#1037);
#827=LINE('',#4251,#1038);
#828=LINE('',#4263,#1039);
#829=LINE('',#4266,#1040);
#830=LINE('',#4277,#1041);
#831=LINE('',#4280,#1042);
#832=LINE('',#4291,#1043);
#833=LINE('',#4294,#1044);
#834=LINE('',#4305,#1045);
#835=LINE('',#4308,#1046);
#836=LINE('',#4315,#1047);
#837=LINE('',#4323,#1048);
#838=LINE('',#4332,#1049);
#839=LINE('',#4339,#1050);
#840=LINE('',#4347,#1051);
#841=LINE('',#4356,#1052);
#842=LINE('',#4364,#1053);
#843=LINE('',#4368,#1054);
#844=LINE('',#4372,#1055);
#845=LINE('',#4374,#1056);
#846=LINE('',#4378,#1057);
#847=LINE('',#4381,#1058);
#848=LINE('',#4384,#1059);
#849=LINE('',#4386,#1060);
#850=LINE('',#4387,#1061);
#851=LINE('',#4390,#1062);
#852=LINE('',#4391,#1063);
#853=LINE('',#4394,#1064);
#854=LINE('',#4398,#1065);
#855=LINE('',#4399,#1066);
#856=LINE('',#4402,#1067);
#857=LINE('',#4407,#1068);
#858=LINE('',#4411,#1069);
#859=LINE('',#4414,#1070);
#860=LINE('',#4416,#1071);
#861=LINE('',#4417,#1072);
#862=LINE('',#4420,#1073);
#863=LINE('',#4424,#1074);
#864=LINE('',#4425,#1075);
#865=LINE('',#4429,#1076);
#866=LINE('',#4435,#1077);
#867=LINE('',#4444,#1078);
#868=LINE('',#4454,#1079);
#869=LINE('',#4458,#1080);
#870=LINE('',#4462,#1081);
#871=LINE('',#4465,#1082);
#872=LINE('',#4468,#1083);
#873=LINE('',#4471,#1084);
#874=LINE('',#4474,#1085);
#875=LINE('',#4475,#1086);
#876=LINE('',#4478,#1087);
#877=LINE('',#4482,#1088);
#878=LINE('',#4483,#1089);
#879=LINE('',#4487,#1090);
#880=LINE('',#4491,#1091);
#881=LINE('',#4494,#1092);
#882=LINE('',#4496,#1093);
#883=LINE('',#4497,#1094);
#884=LINE('',#4500,#1095);
#885=LINE('',#4503,#1096);
#886=LINE('',#4516,#1097);
#887=LINE('',#4519,#1098);
#888=LINE('',#4530,#1099);
#889=LINE('',#4533,#1100);
#890=LINE('',#4544,#1101);
#891=LINE('',#4547,#1102);
#892=LINE('',#4558,#1103);
#893=LINE('',#4561,#1104);
#894=LINE('',#4569,#1105);
#895=LINE('',#4577,#1106);
#896=LINE('',#4584,#1107);
#897=LINE('',#4593,#1108);
#898=LINE('',#4600,#1109);
#899=LINE('',#4609,#1110);
#900=LINE('',#4617,#1111);
#901=LINE('',#4621,#1112);
#902=LINE('',#4625,#1113);
#903=LINE('',#4627,#1114);
#904=LINE('',#4629,#1115);
#905=LINE('',#4630,#1116);
#906=LINE('',#4636,#1117);
#907=LINE('',#4639,#1118);
#908=LINE('',#4641,#1119);
#909=LINE('',#4642,#1120);
#910=LINE('',#4648,#1121);
#911=LINE('',#4651,#1122);
#912=LINE('',#4653,#1123);
#913=LINE('',#4654,#1124);
#914=LINE('',#4657,#1125);
#915=LINE('',#4659,#1126);
#916=LINE('',#4660,#1127);
#917=LINE('',#4666,#1128);
#918=LINE('',#4669,#1129);
#919=LINE('',#4671,#1130);
#920=LINE('',#4672,#1131);
#921=LINE('',#4678,#1132);
#922=LINE('',#4680,#1133);
#923=LINE('',#4681,#1134);
#924=LINE('',#4688,#1135);
#925=LINE('',#4697,#1136);
#926=LINE('',#4705,#1137);
#927=LINE('',#4709,#1138);
#928=LINE('',#4713,#1139);
#929=LINE('',#4715,#1140);
#930=LINE('',#4717,#1141);
#931=LINE('',#4718,#1142);
#932=LINE('',#4724,#1143);
#933=LINE('',#4727,#1144);
#934=LINE('',#4729,#1145);
#935=LINE('',#4730,#1146);
#936=LINE('',#4736,#1147);
#937=LINE('',#4739,#1148);
#938=LINE('',#4741,#1149);
#939=LINE('',#4742,#1150);
#940=LINE('',#4748,#1151);
#941=LINE('',#4751,#1152);
#942=LINE('',#4753,#1153);
#943=LINE('',#4754,#1154);
#944=VECTOR('',#3121,10.);
#945=VECTOR('',#3122,10.);
#946=VECTOR('',#3123,10.);
#947=VECTOR('',#3124,10.);
#948=VECTOR('',#3127,10.);
#949=VECTOR('',#3128,10.);
#950=VECTOR('',#3129,10.);
#951=VECTOR('',#3130,10.);
#952=VECTOR('',#3135,10.);
#953=VECTOR('',#3140,10.);
#954=VECTOR('',#3141,10.);
#955=VECTOR('',#3142,10.);
#956=VECTOR('',#3145,10.);
#957=VECTOR('',#3146,10.);
#958=VECTOR('',#3147,10.);
#959=VECTOR('',#3148,10.);
#960=VECTOR('',#3149,10.);
#961=VECTOR('',#3152,10.);
#962=VECTOR('',#3157,10.);
#963=VECTOR('',#3158,10.);
#964=VECTOR('',#3161,10.);
#965=VECTOR('',#3162,10.);
#966=VECTOR('',#3163,10.);
#967=VECTOR('',#3164,10.);
#968=VECTOR('',#3165,10.);
#969=VECTOR('',#3166,10.);
#970=VECTOR('',#3167,10.);
#971=VECTOR('',#3170,10.);
#972=VECTOR('',#3173,10.);
#973=VECTOR('',#3176,10.);
#974=VECTOR('',#3179,10.);
#975=VECTOR('',#3180,10.);
#976=VECTOR('',#3181,10.);
#977=VECTOR('',#3186,10.);
#978=VECTOR('',#3193,10.);
#979=VECTOR('',#3196,10.);
#980=VECTOR('',#3199,10.);
#981=VECTOR('',#3202,10.);
#982=VECTOR('',#3205,10.);
#983=VECTOR('',#3208,10.);
#984=VECTOR('',#3211,10.);
#985=VECTOR('',#3214,10.);
#986=VECTOR('',#3227,10.);
#987=VECTOR('',#3228,10.);
#988=VECTOR('',#3231,10.);
#989=VECTOR('',#3232,10.);
#990=VECTOR('',#3233,10.);
#991=VECTOR('',#3242,10.);
#992=VECTOR('',#3243,10.);
#993=VECTOR('',#3246,10.);
#994=VECTOR('',#3249,10.);
#995=VECTOR('',#3250,10.);
#996=VECTOR('',#3253,10.);
#997=VECTOR('',#3258,10.);
#998=VECTOR('',#3259,10.);
#999=VECTOR('',#3264,10.);
#1000=VECTOR('',#3267,10.);
#1001=VECTOR('',#3268,10.);
#1002=VECTOR('',#3273,10.);
#1003=VECTOR('',#3276,10.);
#1004=VECTOR('',#3277,10.);
#1005=VECTOR('',#3280,10.);
#1006=VECTOR('',#3281,10.);
#1007=VECTOR('',#3284,10.);
#1008=VECTOR('',#3285,10.);
#1009=VECTOR('',#3288,10.);
#1010=VECTOR('',#3289,10.);
#1011=VECTOR('',#3292,10.);
#1012=VECTOR('',#3293,10.);
#1013=VECTOR('',#3296,10.);
#1014=VECTOR('',#3299,10.);
#1015=VECTOR('',#3300,10.);
#1016=VECTOR('',#3301,10.);
#1017=VECTOR('',#3304,10.);
#1018=VECTOR('',#3307,10.);
#1019=VECTOR('',#3310,10.);
#1020=VECTOR('',#3311,10.);
#1021=VECTOR('',#3320,10.);
#1022=VECTOR('',#3323,10.);
#1023=VECTOR('',#3328,10.);
#1024=VECTOR('',#3329,10.);
#1025=VECTOR('',#3334,1.59999999999997);
#1026=VECTOR('',#3339,1.6);
#1027=VECTOR('',#3344,1.59999999999999);
#1028=VECTOR('',#3349,1.59999999999997);
#1029=VECTOR('',#3354,10.);
#1030=VECTOR('',#3357,10.);
#1031=VECTOR('',#3360,10.);
#1032=VECTOR('',#3361,10.);
#1033=VECTOR('',#3364,10.);
#1034=VECTOR('',#3371,10.);
#1035=VECTOR('',#3372,10.);
#1036=VECTOR('',#3373,10.);
#1037=VECTOR('',#3376,10.);
#1038=VECTOR('',#3381,10.);
#1039=VECTOR('',#3398,1.6);
#1040=VECTOR('',#3401,2.45);
#1041=VECTOR('',#3416,1.60000000000004);
#1042=VECTOR('',#3419,2.44999999999997);
#1043=VECTOR('',#3434,1.6);
#1044=VECTOR('',#3437,2.45000000000001);
#1045=VECTOR('',#3452,1.60000000000004);
#1046=VECTOR('',#3455,2.44999999999997);
#1047=VECTOR('',#3464,1.58746200000003);
#1048=VECTOR('',#3475,1.587462);
#1049=VECTOR('',#3488,1.58746200000003);
#1050=VECTOR('',#3497,1.587462);
#1051=VECTOR('',#3508,3.);
#1052=VECTOR('',#3519,2.99999999999997);
#1053=VECTOR('',#3528,10.);
#1054=VECTOR('',#3531,10.);
#1055=VECTOR('',#3534,10.);
#1056=VECTOR('',#3535,10.);
#1057=VECTOR('',#3538,10.);
#1058=VECTOR('',#3541,10.);
#1059=VECTOR('',#3544,10.);
#1060=VECTOR('',#3545,10.);
#1061=VECTOR('',#3546,10.);
#1062=VECTOR('',#3549,10.);
#1063=VECTOR('',#3550,10.);
#1064=VECTOR('',#3553,10.);
#1065=VECTOR('',#3558,10.);
#1066=VECTOR('',#3559,10.);
#1067=VECTOR('',#3562,10.);
#1068=VECTOR('',#3569,2.45);
#1069=VECTOR('',#3574,2.44999999999997);
#1070=VECTOR('',#3577,10.);
#1071=VECTOR('',#3578,10.);
#1072=VECTOR('',#3579,10.);
#1073=VECTOR('',#3582,10.);
#1074=VECTOR('',#3587,10.);
#1075=VECTOR('',#3588,10.);
#1076=VECTOR('',#3595,10.);
#1077=VECTOR('',#3602,3.00000000000001);
#1078=VECTOR('',#3613,3.00000000000004);
#1079=VECTOR('',#3624,10.);
#1080=VECTOR('',#3627,10.);
#1081=VECTOR('',#3630,10.);
#1082=VECTOR('',#3633,10.);
#1083=VECTOR('',#3636,10.);
#1084=VECTOR('',#3639,10.);
#1085=VECTOR('',#3642,10.);
#1086=VECTOR('',#3643,10.);
#1087=VECTOR('',#3646,10.);
#1088=VECTOR('',#3651,10.);
#1089=VECTOR('',#3652,10.);
#1090=VECTOR('',#3657,2.45000000000001);
#1091=VECTOR('',#3662,2.44999999999997);
#1092=VECTOR('',#3665,10.);
#1093=VECTOR('',#3666,10.);
#1094=VECTOR('',#3667,10.);
#1095=VECTOR('',#3670,10.);
#1096=VECTOR('',#3675,10.);
#1097=VECTOR('',#3694,1.6);
#1098=VECTOR('',#3697,2.45);
#1099=VECTOR('',#3712,1.60000000000004);
#1100=VECTOR('',#3715,2.44999999999997);
#1101=VECTOR('',#3730,1.6);
#1102=VECTOR('',#3733,2.45000000000001);
#1103=VECTOR('',#3748,1.60000000000004);
#1104=VECTOR('',#3751,2.44999999999997);
#1105=VECTOR('',#3762,1.58746200000003);
#1106=VECTOR('',#3773,1.587462);
#1107=VECTOR('',#3782,1.58746200000003);
#1108=VECTOR('',#3795,1.587462);
#1109=VECTOR('',#3804,3.);
#1110=VECTOR('',#3815,2.99999999999997);
#1111=VECTOR('',#3826,2.44999999999997);
#1112=VECTOR('',#3831,2.45);
#1113=VECTOR('',#3834,10.);
#1114=VECTOR('',#3835,10.);
#1115=VECTOR('',#3836,10.);
#1116=VECTOR('',#3837,10.);
#1117=VECTOR('',#3844,10.);
#1118=VECTOR('',#3847,10.);
#1119=VECTOR('',#3848,10.);
#1120=VECTOR('',#3849,10.);
#1121=VECTOR('',#3856,10.);
#1122=VECTOR('',#3859,10.);
#1123=VECTOR('',#3860,10.);
#1124=VECTOR('',#3861,10.);
#1125=VECTOR('',#3864,10.);
#1126=VECTOR('',#3865,10.);
#1127=VECTOR('',#3866,10.);
#1128=VECTOR('',#3873,10.);
#1129=VECTOR('',#3876,10.);
#1130=VECTOR('',#3877,10.);
#1131=VECTOR('',#3878,10.);
#1132=VECTOR('',#3885,10.);
#1133=VECTOR('',#3888,10.);
#1134=VECTOR('',#3889,10.);
#1135=VECTOR('',#3898,3.00000000000001);
#1136=VECTOR('',#3909,3.00000000000004);
#1137=VECTOR('',#3920,2.45000000000001);
#1138=VECTOR('',#3925,2.44999999999997);
#1139=VECTOR('',#3928,10.);
#1140=VECTOR('',#3929,10.);
#1141=VECTOR('',#3930,10.);
#1142=VECTOR('',#3931,10.);
#1143=VECTOR('',#3938,10.);
#1144=VECTOR('',#3941,10.);
#1145=VECTOR('',#3942,10.);
#1146=VECTOR('',#3943,10.);
#1147=VECTOR('',#3950,10.);
#1148=VECTOR('',#3953,10.);
#1149=VECTOR('',#3954,10.);
#1150=VECTOR('',#3955,10.);
#1151=VECTOR('',#3962,10.);
#1152=VECTOR('',#3965,10.);
#1153=VECTOR('',#3966,10.);
#1154=VECTOR('',#3967,10.);
#1155=VERTEX_POINT('',#3984);
#1156=VERTEX_POINT('',#3985);
#1157=VERTEX_POINT('',#3987);
#1158=VERTEX_POINT('',#3989);
#1159=VERTEX_POINT('',#3993);
#1160=VERTEX_POINT('',#3994);
#1161=VERTEX_POINT('',#3996);
#1162=VERTEX_POINT('',#3998);
#1163=VERTEX_POINT('',#4002);
#1164=VERTEX_POINT('',#4004);
#1165=VERTEX_POINT('',#4008);
#1166=VERTEX_POINT('',#4010);
#1167=VERTEX_POINT('',#4014);
#1168=VERTEX_POINT('',#4016);
#1169=VERTEX_POINT('',#4018);
#1170=VERTEX_POINT('',#4020);
#1171=VERTEX_POINT('',#4022);
#1172=VERTEX_POINT('',#4024);
#1173=VERTEX_POINT('',#4026);
#1174=VERTEX_POINT('',#4029);
#1175=VERTEX_POINT('',#4031);
#1176=VERTEX_POINT('',#4033);
#1177=VERTEX_POINT('',#4035);
#1178=VERTEX_POINT('',#4037);
#1179=VERTEX_POINT('',#4039);
#1180=VERTEX_POINT('',#4041);
#1181=VERTEX_POINT('',#4043);
#1182=VERTEX_POINT('',#4045);
#1183=VERTEX_POINT('',#4047);
#1184=VERTEX_POINT('',#4049);
#1185=VERTEX_POINT('',#4051);
#1186=VERTEX_POINT('',#4053);
#1187=VERTEX_POINT('',#4055);
#1188=VERTEX_POINT('',#4057);
#1189=VERTEX_POINT('',#4059);
#1190=VERTEX_POINT('',#4063);
#1191=VERTEX_POINT('',#4064);
#1192=VERTEX_POINT('',#4069);
#1193=VERTEX_POINT('',#4075);
#1194=VERTEX_POINT('',#4077);
#1195=VERTEX_POINT('',#4079);
#1196=VERTEX_POINT('',#4081);
#1197=VERTEX_POINT('',#4083);
#1198=VERTEX_POINT('',#4085);
#1199=VERTEX_POINT('',#4087);
#1200=VERTEX_POINT('',#4089);
#1201=VERTEX_POINT('',#4092);
#1202=VERTEX_POINT('',#4094);
#1203=VERTEX_POINT('',#4096);
#1204=VERTEX_POINT('',#4098);
#1205=VERTEX_POINT('',#4100);
#1206=VERTEX_POINT('',#4102);
#1207=VERTEX_POINT('',#4105);
#1208=VERTEX_POINT('',#4107);
#1209=VERTEX_POINT('',#4109);
#1210=VERTEX_POINT('',#4111);
#1211=VERTEX_POINT('',#4114);
#1212=VERTEX_POINT('',#4118);
#1213=VERTEX_POINT('',#4119);
#1214=VERTEX_POINT('',#4126);
#1215=VERTEX_POINT('',#4127);
#1216=VERTEX_POINT('',#4134);
#1217=VERTEX_POINT('',#4138);
#1218=VERTEX_POINT('',#4142);
#1219=VERTEX_POINT('',#4146);
#1220=VERTEX_POINT('',#4150);
#1221=VERTEX_POINT('',#4154);
#1222=VERTEX_POINT('',#4158);
#1223=VERTEX_POINT('',#4162);
#1224=VERTEX_POINT('',#4166);
#1225=VERTEX_POINT('',#4170);
#1226=VERTEX_POINT('',#4174);
#1227=VERTEX_POINT('',#4180);
#1228=VERTEX_POINT('',#4182);
#1229=VERTEX_POINT('',#4186);
#1230=VERTEX_POINT('',#4188);
#1231=VERTEX_POINT('',#4192);
#1232=VERTEX_POINT('',#4198);
#1233=VERTEX_POINT('',#4202);
#1234=VERTEX_POINT('',#4206);
#1235=VERTEX_POINT('',#4210);
#1236=VERTEX_POINT('',#4214);
#1237=VERTEX_POINT('',#4218);
#1238=VERTEX_POINT('',#4222);
#1239=VERTEX_POINT('',#4226);
#1240=VERTEX_POINT('',#4228);
#1241=VERTEX_POINT('',#4230);
#1242=VERTEX_POINT('',#4241);
#1243=VERTEX_POINT('',#4243);
#1244=VERTEX_POINT('',#4247);
#1245=VERTEX_POINT('',#4256);
#1246=VERTEX_POINT('',#4258);
#1247=VERTEX_POINT('',#4261);
#1248=VERTEX_POINT('',#4265);
#1249=VERTEX_POINT('',#4270);
#1250=VERTEX_POINT('',#4272);
#1251=VERTEX_POINT('',#4275);
#1252=VERTEX_POINT('',#4279);
#1253=VERTEX_POINT('',#4284);
#1254=VERTEX_POINT('',#4286);
#1255=VERTEX_POINT('',#4289);
#1256=VERTEX_POINT('',#4293);
#1257=VERTEX_POINT('',#4298);
#1258=VERTEX_POINT('',#4300);
#1259=VERTEX_POINT('',#4303);
#1260=VERTEX_POINT('',#4307);
#1261=VERTEX_POINT('',#4312);
#1262=VERTEX_POINT('',#4314);
#1263=VERTEX_POINT('',#4320);
#1264=VERTEX_POINT('',#4322);
#1265=VERTEX_POINT('',#4328);
#1266=VERTEX_POINT('',#4331);
#1267=VERTEX_POINT('',#4336);
#1268=VERTEX_POINT('',#4338);
#1269=VERTEX_POINT('',#4344);
#1270=VERTEX_POINT('',#4346);
#1271=VERTEX_POINT('',#4350);
#1272=VERTEX_POINT('',#4353);
#1273=VERTEX_POINT('',#4355);
#1274=VERTEX_POINT('',#4359);
#1275=VERTEX_POINT('',#4362);
#1276=VERTEX_POINT('',#4363);
#1277=VERTEX_POINT('',#4365);
#1278=VERTEX_POINT('',#4367);
#1279=VERTEX_POINT('',#4369);
#1280=VERTEX_POINT('',#4371);
#1281=VERTEX_POINT('',#4373);
#1282=VERTEX_POINT('',#4375);
#1283=VERTEX_POINT('',#4377);
#1284=VERTEX_POINT('',#4379);
#1285=VERTEX_POINT('',#4383);
#1286=VERTEX_POINT('',#4385);
#1287=VERTEX_POINT('',#4389);
#1288=VERTEX_POINT('',#4393);
#1289=VERTEX_POINT('',#4397);
#1290=VERTEX_POINT('',#4401);
#1291=VERTEX_POINT('',#4405);
#1292=VERTEX_POINT('',#4409);
#1293=VERTEX_POINT('',#4413);
#1294=VERTEX_POINT('',#4415);
#1295=VERTEX_POINT('',#4419);
#1296=VERTEX_POINT('',#4423);
#1297=VERTEX_POINT('',#4432);
#1298=VERTEX_POINT('',#4434);
#1299=VERTEX_POINT('',#4438);
#1300=VERTEX_POINT('',#4441);
#1301=VERTEX_POINT('',#4443);
#1302=VERTEX_POINT('',#4447);
#1303=VERTEX_POINT('',#4450);
#1304=VERTEX_POINT('',#4451);
#1305=VERTEX_POINT('',#4453);
#1306=VERTEX_POINT('',#4455);
#1307=VERTEX_POINT('',#4457);
#1308=VERTEX_POINT('',#4459);
#1309=VERTEX_POINT('',#4461);
#1310=VERTEX_POINT('',#4463);
#1311=VERTEX_POINT('',#4467);
#1312=VERTEX_POINT('',#4469);
#1313=VERTEX_POINT('',#4473);
#1314=VERTEX_POINT('',#4477);
#1315=VERTEX_POINT('',#4481);
#1316=VERTEX_POINT('',#4485);
#1317=VERTEX_POINT('',#4489);
#1318=VERTEX_POINT('',#4493);
#1319=VERTEX_POINT('',#4495);
#1320=VERTEX_POINT('',#4499);
#1321=VERTEX_POINT('',#4509);
#1322=VERTEX_POINT('',#4511);
#1323=VERTEX_POINT('',#4514);
#1324=VERTEX_POINT('',#4518);
#1325=VERTEX_POINT('',#4523);
#1326=VERTEX_POINT('',#4525);
#1327=VERTEX_POINT('',#4528);
#1328=VERTEX_POINT('',#4532);
#1329=VERTEX_POINT('',#4537);
#1330=VERTEX_POINT('',#4539);
#1331=VERTEX_POINT('',#4542);
#1332=VERTEX_POINT('',#4546);
#1333=VERTEX_POINT('',#4551);
#1334=VERTEX_POINT('',#4553);
#1335=VERTEX_POINT('',#4556);
#1336=VERTEX_POINT('',#4560);
#1337=VERTEX_POINT('',#4565);
#1338=VERTEX_POINT('',#4568);
#1339=VERTEX_POINT('',#4573);
#1340=VERTEX_POINT('',#4576);
#1341=VERTEX_POINT('',#4581);
#1342=VERTEX_POINT('',#4583);
#1343=VERTEX_POINT('',#4589);
#1344=VERTEX_POINT('',#4592);
#1345=VERTEX_POINT('',#4597);
#1346=VERTEX_POINT('',#4599);
#1347=VERTEX_POINT('',#4603);
#1348=VERTEX_POINT('',#4606);
#1349=VERTEX_POINT('',#4608);
#1350=VERTEX_POINT('',#4612);
#1351=VERTEX_POINT('',#4615);
#1352=VERTEX_POINT('',#4619);
#1353=VERTEX_POINT('',#4623);
#1354=VERTEX_POINT('',#4624);
#1355=VERTEX_POINT('',#4626);
#1356=VERTEX_POINT('',#4628);
#1357=VERTEX_POINT('',#4632);
#1358=VERTEX_POINT('',#4634);
#1359=VERTEX_POINT('',#4638);
#1360=VERTEX_POINT('',#4640);
#1361=VERTEX_POINT('',#4644);
#1362=VERTEX_POINT('',#4646);
#1363=VERTEX_POINT('',#4650);
#1364=VERTEX_POINT('',#4652);
#1365=VERTEX_POINT('',#4656);
#1366=VERTEX_POINT('',#4658);
#1367=VERTEX_POINT('',#4662);
#1368=VERTEX_POINT('',#4664);
#1369=VERTEX_POINT('',#4668);
#1370=VERTEX_POINT('',#4670);
#1371=VERTEX_POINT('',#4674);
#1372=VERTEX_POINT('',#4676);
#1373=VERTEX_POINT('',#4685);
#1374=VERTEX_POINT('',#4687);
#1375=VERTEX_POINT('',#4691);
#1376=VERTEX_POINT('',#4694);
#1377=VERTEX_POINT('',#4696);
#1378=VERTEX_POINT('',#4700);
#1379=VERTEX_POINT('',#4703);
#1380=VERTEX_POINT('',#4707);
#1381=VERTEX_POINT('',#4711);
#1382=VERTEX_POINT('',#4712);
#1383=VERTEX_POINT('',#4714);
#1384=VERTEX_POINT('',#4716);
#1385=VERTEX_POINT('',#4720);
#1386=VERTEX_POINT('',#4722);
#1387=VERTEX_POINT('',#4726);
#1388=VERTEX_POINT('',#4728);
#1389=VERTEX_POINT('',#4732);
#1390=VERTEX_POINT('',#4734);
#1391=VERTEX_POINT('',#4738);
#1392=VERTEX_POINT('',#4740);
#1393=VERTEX_POINT('',#4744);
#1394=VERTEX_POINT('',#4746);
#1395=VERTEX_POINT('',#4750);
#1396=VERTEX_POINT('',#4752);
#1397=EDGE_CURVE('',#1155,#1156,#733,.T.);
#1398=EDGE_CURVE('',#1157,#1155,#734,.T.);
#1399=EDGE_CURVE('',#1158,#1157,#735,.T.);
#1400=EDGE_CURVE('',#1158,#1156,#736,.T.);
#1401=EDGE_CURVE('',#1159,#1160,#737,.T.);
#1402=EDGE_CURVE('',#1161,#1159,#738,.T.);
#1403=EDGE_CURVE('',#1161,#1162,#739,.T.);
#1404=EDGE_CURVE('',#1162,#1160,#740,.T.);
#1405=EDGE_CURVE('',#1163,#1158,#115,.T.);
#1406=EDGE_CURVE('',#1163,#1164,#741,.T.);
#1407=EDGE_CURVE('',#1156,#1164,#116,.T.);
#1408=EDGE_CURVE('',#1165,#1162,#742,.T.);
#1409=EDGE_CURVE('',#1165,#1166,#743,.T.);
#1410=EDGE_CURVE('',#1160,#1166,#744,.T.);
#1411=EDGE_CURVE('',#1157,#1167,#745,.T.);
#1412=EDGE_CURVE('',#1168,#1167,#746,.T.);
#1413=EDGE_CURVE('',#1168,#1169,#747,.T.);
#1414=EDGE_CURVE('',#1169,#1170,#748,.T.);
#1415=EDGE_CURVE('',#1170,#1171,#749,.T.);
#1416=EDGE_CURVE('',#1171,#1172,#117,.T.);
#1417=EDGE_CURVE('',#1172,#1173,#750,.T.);
#1418=EDGE_CURVE('',#1173,#1165,#118,.T.);
#1419=EDGE_CURVE('',#1161,#1174,#119,.T.);
#1420=EDGE_CURVE('',#1174,#1175,#751,.T.);
#1421=EDGE_CURVE('',#1175,#1176,#752,.T.);
#1422=EDGE_CURVE('',#1176,#1177,#120,.T.);
#1423=EDGE_CURVE('',#1177,#1178,#753,.T.);
#1424=EDGE_CURVE('',#1178,#1179,#754,.T.);
#1425=EDGE_CURVE('',#1179,#1180,#755,.T.);
#1426=EDGE_CURVE('',#1180,#1181,#756,.T.);
#1427=EDGE_CURVE('',#1181,#1182,#757,.T.);
#1428=EDGE_CURVE('',#1182,#1183,#758,.T.);
#1429=EDGE_CURVE('',#1183,#1184,#759,.T.);
#1430=EDGE_CURVE('',#1184,#1185,#121,.T.);
#1431=EDGE_CURVE('',#1185,#1186,#760,.T.);
#1432=EDGE_CURVE('',#1186,#1187,#122,.T.);
#1433=EDGE_CURVE('',#1187,#1188,#761,.T.);
#1434=EDGE_CURVE('',#1188,#1189,#123,.T.);
#1435=EDGE_CURVE('',#1189,#1163,#762,.T.);
#1436=EDGE_CURVE('',#1190,#1191,#763,.T.);
#1437=EDGE_CURVE('',#1173,#1190,#764,.T.);
#1438=EDGE_CURVE('',#1172,#1191,#765,.T.);
#1439=EDGE_CURVE('',#1191,#1192,#124,.T.);
#1440=EDGE_CURVE('',#1171,#1192,#766,.T.);
#1441=EDGE_CURVE('',#1166,#1190,#125,.T.);
#1442=EDGE_CURVE('',#1193,#1155,#767,.T.);
#1443=EDGE_CURVE('',#1194,#1193,#126,.T.);
#1444=EDGE_CURVE('',#1195,#1194,#768,.T.);
#1445=EDGE_CURVE('',#1196,#1195,#127,.T.);
#1446=EDGE_CURVE('',#1197,#1196,#769,.T.);
#1447=EDGE_CURVE('',#1198,#1197,#128,.T.);
#1448=EDGE_CURVE('',#1199,#1198,#770,.T.);
#1449=EDGE_CURVE('',#1200,#1199,#129,.T.);
#1450=EDGE_CURVE('',#1192,#1200,#771,.T.);
#1451=EDGE_CURVE('',#1201,#1170,#130,.T.);
#1452=EDGE_CURVE('',#1202,#1201,#772,.T.);
#1453=EDGE_CURVE('',#1203,#1202,#131,.T.);
#1454=EDGE_CURVE('',#1204,#1203,#773,.T.);
#1455=EDGE_CURVE('',#1205,#1204,#132,.T.);
#1456=EDGE_CURVE('',#1206,#1205,#774,.T.);
#1457=EDGE_CURVE('',#1167,#1206,#133,.T.);
#1458=EDGE_CURVE('',#1207,#1207,#134,.T.);
#1459=EDGE_CURVE('',#1208,#1208,#135,.T.);
#1460=EDGE_CURVE('',#1209,#1209,#136,.T.);
#1461=EDGE_CURVE('',#1210,#1210,#137,.T.);
#1462=EDGE_CURVE('',#1164,#1211,#775,.T.);
#1463=EDGE_CURVE('',#1211,#1189,#776,.T.);
#1464=EDGE_CURVE('',#1212,#1213,#777,.T.);
#1465=EDGE_CURVE('',#1175,#1212,#778,.T.);
#1466=EDGE_CURVE('',#1174,#1213,#779,.T.);
#1467=EDGE_CURVE('',#1213,#1159,#138,.T.);
#1468=EDGE_CURVE('',#1214,#1215,#139,.T.);
#1469=EDGE_CURVE('',#1177,#1214,#780,.T.);
#1470=EDGE_CURVE('',#1176,#1215,#781,.T.);
#1471=EDGE_CURVE('',#1215,#1212,#782,.T.);
#1472=EDGE_CURVE('',#1216,#1214,#783,.T.);
#1473=EDGE_CURVE('',#1178,#1216,#784,.T.);
#1474=EDGE_CURVE('',#1188,#1217,#785,.T.);
#1475=EDGE_CURVE('',#1211,#1217,#140,.T.);
#1476=EDGE_CURVE('',#1217,#1218,#786,.T.);
#1477=EDGE_CURVE('',#1187,#1218,#787,.T.);
#1478=EDGE_CURVE('',#1218,#1219,#141,.T.);
#1479=EDGE_CURVE('',#1186,#1219,#788,.T.);
#1480=EDGE_CURVE('',#1219,#1220,#789,.T.);
#1481=EDGE_CURVE('',#1185,#1220,#790,.T.);
#1482=EDGE_CURVE('',#1220,#1221,#142,.T.);
#1483=EDGE_CURVE('',#1184,#1221,#791,.T.);
#1484=EDGE_CURVE('',#1221,#1222,#792,.T.);
#1485=EDGE_CURVE('',#1183,#1222,#793,.T.);
#1486=EDGE_CURVE('',#1222,#1223,#794,.T.);
#1487=EDGE_CURVE('',#1182,#1223,#795,.T.);
#1488=EDGE_CURVE('',#1223,#1224,#796,.T.);
#1489=EDGE_CURVE('',#1181,#1224,#797,.T.);
#1490=EDGE_CURVE('',#1224,#1225,#798,.T.);
#1491=EDGE_CURVE('',#1180,#1225,#799,.T.);
#1492=EDGE_CURVE('',#1225,#1226,#800,.T.);
#1493=EDGE_CURVE('',#1179,#1226,#801,.T.);
#1494=EDGE_CURVE('',#1226,#1216,#802,.T.);
#1495=EDGE_CURVE('',#1227,#1200,#803,.T.);
#1496=EDGE_CURVE('',#1227,#1228,#804,.T.);
#1497=EDGE_CURVE('',#1228,#1193,#805,.T.);
#1498=EDGE_CURVE('',#1229,#1195,#806,.T.);
#1499=EDGE_CURVE('',#1229,#1230,#143,.T.);
#1500=EDGE_CURVE('',#1230,#1196,#807,.T.);
#1501=EDGE_CURVE('',#1231,#1194,#808,.T.);
#1502=EDGE_CURVE('',#1231,#1229,#809,.T.);
#1503=EDGE_CURVE('',#1228,#1231,#144,.T.);
#1504=EDGE_CURVE('',#1169,#1232,#145,.T.);
#1505=EDGE_CURVE('',#1232,#1201,#810,.T.);
#1506=EDGE_CURVE('',#1233,#1206,#811,.T.);
#1507=EDGE_CURVE('',#1233,#1168,#146,.T.);
#1508=EDGE_CURVE('',#1234,#1205,#812,.T.);
#1509=EDGE_CURVE('',#1234,#1233,#813,.T.);
#1510=EDGE_CURVE('',#1235,#1235,#147,.T.);
#1511=EDGE_CURVE('',#1235,#1210,#814,.T.);
#1512=EDGE_CURVE('',#1236,#1236,#148,.T.);
#1513=EDGE_CURVE('',#1236,#1209,#815,.T.);
#1514=EDGE_CURVE('',#1237,#1237,#149,.T.);
#1515=EDGE_CURVE('',#1237,#1208,#816,.T.);
#1516=EDGE_CURVE('',#1238,#1238,#150,.T.);
#1517=EDGE_CURVE('',#1238,#1207,#817,.T.);
#1518=EDGE_CURVE('',#1239,#1227,#151,.T.);
#1519=EDGE_CURVE('',#1240,#1239,#818,.T.);
#1520=EDGE_CURVE('',#1241,#1240,#152,.T.);
#1521=EDGE_CURVE('',#1230,#1241,#819,.T.);
#1522=EDGE_CURVE('',#1241,#1197,#820,.T.);
#1523=EDGE_CURVE('',#1240,#1198,#821,.T.);
#1524=EDGE_CURVE('',#1239,#1199,#822,.T.);
#1525=EDGE_CURVE('',#1242,#1203,#823,.T.);
#1526=EDGE_CURVE('',#1242,#1243,#824,.T.);
#1527=EDGE_CURVE('',#1243,#1204,#825,.T.);
#1528=EDGE_CURVE('',#1244,#1202,#826,.T.);
#1529=EDGE_CURVE('',#1244,#1242,#153,.T.);
#1530=EDGE_CURVE('',#1232,#1244,#827,.T.);
#1531=EDGE_CURVE('',#1243,#1234,#154,.T.);
#1532=EDGE_CURVE('',#1245,#1245,#155,.T.);
#1533=EDGE_CURVE('',#1246,#1246,#156,.T.);
#1534=EDGE_CURVE('',#1247,#1247,#157,.T.);
#1535=EDGE_CURVE('',#1247,#1246,#828,.T.);
#1536=EDGE_CURVE('',#1245,#1248,#829,.T.);
#1537=EDGE_CURVE('',#1248,#1248,#158,.T.);
#1538=EDGE_CURVE('',#1249,#1249,#159,.T.);
#1539=EDGE_CURVE('',#1250,#1250,#160,.T.);
#1540=EDGE_CURVE('',#1251,#1251,#161,.T.);
#1541=EDGE_CURVE('',#1251,#1250,#830,.T.);
#1542=EDGE_CURVE('',#1249,#1252,#831,.T.);
#1543=EDGE_CURVE('',#1252,#1252,#162,.T.);
#1544=EDGE_CURVE('',#1253,#1253,#163,.T.);
#1545=EDGE_CURVE('',#1254,#1254,#164,.T.);
#1546=EDGE_CURVE('',#1255,#1255,#165,.T.);
#1547=EDGE_CURVE('',#1255,#1254,#832,.T.);
#1548=EDGE_CURVE('',#1253,#1256,#833,.T.);
#1549=EDGE_CURVE('',#1256,#1256,#166,.T.);
#1550=EDGE_CURVE('',#1257,#1257,#167,.T.);
#1551=EDGE_CURVE('',#1258,#1258,#168,.T.);
#1552=EDGE_CURVE('',#1259,#1259,#169,.T.);
#1553=EDGE_CURVE('',#1259,#1258,#834,.T.);
#1554=EDGE_CURVE('',#1257,#1260,#835,.T.);
#1555=EDGE_CURVE('',#1260,#1260,#170,.T.);
#1556=EDGE_CURVE('',#1261,#1261,#171,.T.);
#1557=EDGE_CURVE('',#1261,#1262,#836,.T.);
#1558=EDGE_CURVE('',#1262,#1262,#172,.T.);
#1559=EDGE_CURVE('',#1263,#1263,#173,.T.);
#1560=EDGE_CURVE('',#1263,#1264,#837,.T.);
#1561=EDGE_CURVE('',#1264,#1264,#174,.T.);
#1562=EDGE_CURVE('',#1265,#1265,#175,.T.);
#1563=EDGE_CURVE('',#1265,#1266,#838,.T.);
#1564=EDGE_CURVE('',#1266,#1266,#176,.T.);
#1565=EDGE_CURVE('',#1267,#1267,#177,.T.);
#1566=EDGE_CURVE('',#1267,#1268,#839,.T.);
#1567=EDGE_CURVE('',#1268,#1268,#178,.T.);
#1568=EDGE_CURVE('',#1269,#1269,#179,.T.);
#1569=EDGE_CURVE('',#1269,#1270,#840,.T.);
#1570=EDGE_CURVE('',#1270,#1270,#180,.T.);
#1571=EDGE_CURVE('',#1271,#1271,#181,.T.);
#1572=EDGE_CURVE('',#1272,#1272,#182,.T.);
#1573=EDGE_CURVE('',#1272,#1273,#841,.T.);
#1574=EDGE_CURVE('',#1273,#1273,#183,.T.);
#1575=EDGE_CURVE('',#1274,#1274,#184,.T.);
#1576=EDGE_CURVE('',#1275,#1276,#842,.T.);
#1577=EDGE_CURVE('',#1276,#1277,#185,.T.);
#1578=EDGE_CURVE('',#1277,#1278,#843,.T.);
#1579=EDGE_CURVE('',#1278,#1279,#186,.T.);
#1580=EDGE_CURVE('',#1279,#1280,#844,.T.);
#1581=EDGE_CURVE('',#1280,#1281,#845,.T.);
#1582=EDGE_CURVE('',#1281,#1282,#187,.T.);
#1583=EDGE_CURVE('',#1282,#1283,#846,.T.);
#1584=EDGE_CURVE('',#1283,#1284,#188,.T.);
#1585=EDGE_CURVE('',#1284,#1275,#847,.T.);
#1586=EDGE_CURVE('',#1285,#1280,#848,.T.);
#1587=EDGE_CURVE('',#1285,#1286,#849,.T.);
#1588=EDGE_CURVE('',#1286,#1281,#850,.T.);
#1589=EDGE_CURVE('',#1287,#1279,#851,.T.);
#1590=EDGE_CURVE('',#1287,#1285,#852,.T.);
#1591=EDGE_CURVE('',#1288,#1278,#853,.T.);
#1592=EDGE_CURVE('',#1288,#1287,#189,.T.);
#1593=EDGE_CURVE('',#1289,#1277,#854,.T.);
#1594=EDGE_CURVE('',#1289,#1288,#855,.T.);
#1595=EDGE_CURVE('',#1290,#1276,#856,.T.);
#1596=EDGE_CURVE('',#1290,#1289,#190,.T.);
#1597=EDGE_CURVE('',#1291,#1291,#191,.T.);
#1598=EDGE_CURVE('',#1291,#1271,#857,.T.);
#1599=EDGE_CURVE('',#1292,#1292,#192,.T.);
#1600=EDGE_CURVE('',#1292,#1274,#858,.T.);
#1601=EDGE_CURVE('',#1293,#1284,#859,.T.);
#1602=EDGE_CURVE('',#1293,#1294,#860,.T.);
#1603=EDGE_CURVE('',#1294,#1275,#861,.T.);
#1604=EDGE_CURVE('',#1295,#1283,#862,.T.);
#1605=EDGE_CURVE('',#1293,#1295,#193,.T.);
#1606=EDGE_CURVE('',#1296,#1282,#863,.T.);
#1607=EDGE_CURVE('',#1296,#1295,#864,.T.);
#1608=EDGE_CURVE('',#1296,#1286,#194,.T.);
#1609=EDGE_CURVE('',#1294,#1290,#865,.T.);
#1610=EDGE_CURVE('',#1297,#1297,#195,.T.);
#1611=EDGE_CURVE('',#1297,#1298,#866,.T.);
#1612=EDGE_CURVE('',#1298,#1298,#196,.T.);
#1613=EDGE_CURVE('',#1299,#1299,#197,.T.);
#1614=EDGE_CURVE('',#1300,#1300,#198,.T.);
#1615=EDGE_CURVE('',#1300,#1301,#867,.T.);
#1616=EDGE_CURVE('',#1301,#1301,#199,.T.);
#1617=EDGE_CURVE('',#1302,#1302,#200,.T.);
#1618=EDGE_CURVE('',#1303,#1304,#201,.T.);
#1619=EDGE_CURVE('',#1305,#1303,#868,.T.);
#1620=EDGE_CURVE('',#1306,#1305,#202,.T.);
#1621=EDGE_CURVE('',#1307,#1306,#869,.T.);
#1622=EDGE_CURVE('',#1308,#1307,#203,.T.);
#1623=EDGE_CURVE('',#1309,#1308,#870,.T.);
#1624=EDGE_CURVE('',#1310,#1309,#204,.T.);
#1625=EDGE_CURVE('',#1304,#1310,#871,.T.);
#1626=EDGE_CURVE('',#1311,#1307,#872,.T.);
#1627=EDGE_CURVE('',#1312,#1311,#205,.T.);
#1628=EDGE_CURVE('',#1312,#1308,#873,.T.);
#1629=EDGE_CURVE('',#1313,#1306,#874,.T.);
#1630=EDGE_CURVE('',#1311,#1313,#875,.T.);
#1631=EDGE_CURVE('',#1314,#1305,#876,.T.);
#1632=EDGE_CURVE('',#1313,#1314,#206,.T.);
#1633=EDGE_CURVE('',#1315,#1303,#877,.T.);
#1634=EDGE_CURVE('',#1314,#1315,#878,.T.);
#1635=EDGE_CURVE('',#1316,#1316,#207,.T.);
#1636=EDGE_CURVE('',#1316,#1299,#879,.T.);
#1637=EDGE_CURVE('',#1317,#1317,#208,.T.);
#1638=EDGE_CURVE('',#1317,#1302,#880,.T.);
#1639=EDGE_CURVE('',#1318,#1310,#881,.T.);
#1640=EDGE_CURVE('',#1319,#1318,#882,.T.);
#1641=EDGE_CURVE('',#1319,#1304,#883,.T.);
#1642=EDGE_CURVE('',#1320,#1309,#884,.T.);
#1643=EDGE_CURVE('',#1320,#1318,#209,.T.);
#1644=EDGE_CURVE('',#1320,#1312,#885,.T.);
#1645=EDGE_CURVE('',#1319,#1315,#210,.T.);
#1646=EDGE_CURVE('',#1321,#1321,#211,.T.);
#1647=EDGE_CURVE('',#1322,#1322,#212,.T.);
#1648=EDGE_CURVE('',#1323,#1323,#213,.T.);
#1649=EDGE_CURVE('',#1323,#1322,#886,.T.);
#1650=EDGE_CURVE('',#1321,#1324,#887,.T.);
#1651=EDGE_CURVE('',#1324,#1324,#214,.T.);
#1652=EDGE_CURVE('',#1325,#1325,#215,.T.);
#1653=EDGE_CURVE('',#1326,#1326,#216,.T.);
#1654=EDGE_CURVE('',#1327,#1327,#217,.T.);
#1655=EDGE_CURVE('',#1327,#1326,#888,.T.);
#1656=EDGE_CURVE('',#1325,#1328,#889,.T.);
#1657=EDGE_CURVE('',#1328,#1328,#218,.T.);
#1658=EDGE_CURVE('',#1329,#1329,#219,.T.);
#1659=EDGE_CURVE('',#1330,#1330,#220,.T.);
#1660=EDGE_CURVE('',#1331,#1331,#221,.T.);
#1661=EDGE_CURVE('',#1331,#1330,#890,.T.);
#1662=EDGE_CURVE('',#1329,#1332,#891,.T.);
#1663=EDGE_CURVE('',#1332,#1332,#222,.T.);
#1664=EDGE_CURVE('',#1333,#1333,#223,.T.);
#1665=EDGE_CURVE('',#1334,#1334,#224,.T.);
#1666=EDGE_CURVE('',#1335,#1335,#225,.T.);
#1667=EDGE_CURVE('',#1335,#1334,#892,.T.);
#1668=EDGE_CURVE('',#1333,#1336,#893,.T.);
#1669=EDGE_CURVE('',#1336,#1336,#226,.T.);
#1670=EDGE_CURVE('',#1337,#1337,#227,.T.);
#1671=EDGE_CURVE('',#1337,#1338,#894,.T.);
#1672=EDGE_CURVE('',#1338,#1338,#228,.T.);
#1673=EDGE_CURVE('',#1339,#1339,#229,.T.);
#1674=EDGE_CURVE('',#1339,#1340,#895,.T.);
#1675=EDGE_CURVE('',#1340,#1340,#230,.T.);
#1676=EDGE_CURVE('',#1341,#1341,#231,.T.);
#1677=EDGE_CURVE('',#1341,#1342,#896,.T.);
#1678=EDGE_CURVE('',#1342,#1342,#232,.T.);
#1679=EDGE_CURVE('',#1343,#1343,#233,.T.);
#1680=EDGE_CURVE('',#1343,#1344,#897,.T.);
#1681=EDGE_CURVE('',#1344,#1344,#234,.T.);
#1682=EDGE_CURVE('',#1345,#1345,#235,.T.);
#1683=EDGE_CURVE('',#1345,#1346,#898,.T.);
#1684=EDGE_CURVE('',#1346,#1346,#236,.T.);
#1685=EDGE_CURVE('',#1347,#1347,#237,.T.);
#1686=EDGE_CURVE('',#1348,#1348,#238,.T.);
#1687=EDGE_CURVE('',#1348,#1349,#899,.T.);
#1688=EDGE_CURVE('',#1349,#1349,#239,.T.);
#1689=EDGE_CURVE('',#1350,#1350,#240,.T.);
#1690=EDGE_CURVE('',#1351,#1351,#241,.T.);
#1691=EDGE_CURVE('',#1351,#1350,#900,.T.);
#1692=EDGE_CURVE('',#1352,#1352,#242,.T.);
#1693=EDGE_CURVE('',#1352,#1347,#901,.T.);
#1694=EDGE_CURVE('',#1353,#1354,#902,.T.);
#1695=EDGE_CURVE('',#1354,#1355,#903,.T.);
#1696=EDGE_CURVE('',#1356,#1355,#904,.T.);
#1697=EDGE_CURVE('',#1353,#1356,#905,.T.);
#1698=EDGE_CURVE('',#1353,#1357,#243,.T.);
#1699=EDGE_CURVE('',#1358,#1356,#244,.T.);
#1700=EDGE_CURVE('',#1357,#1358,#906,.T.);
#1701=EDGE_CURVE('',#1359,#1357,#907,.T.);
#1702=EDGE_CURVE('',#1360,#1358,#908,.T.);
#1703=EDGE_CURVE('',#1359,#1360,#909,.T.);
#1704=EDGE_CURVE('',#1359,#1361,#245,.T.);
#1705=EDGE_CURVE('',#1362,#1360,#246,.T.);
#1706=EDGE_CURVE('',#1361,#1362,#910,.T.);
#1707=EDGE_CURVE('',#1363,#1361,#911,.T.);
#1708=EDGE_CURVE('',#1364,#1362,#912,.T.);
#1709=EDGE_CURVE('',#1363,#1364,#913,.T.);
#1710=EDGE_CURVE('',#1365,#1363,#914,.T.);
#1711=EDGE_CURVE('',#1366,#1364,#915,.T.);
#1712=EDGE_CURVE('',#1365,#1366,#916,.T.);
#1713=EDGE_CURVE('',#1367,#1365,#247,.T.);
#1714=EDGE_CURVE('',#1368,#1366,#248,.T.);
#1715=EDGE_CURVE('',#1367,#1368,#917,.T.);
#1716=EDGE_CURVE('',#1369,#1367,#918,.T.);
#1717=EDGE_CURVE('',#1370,#1368,#919,.T.);
#1718=EDGE_CURVE('',#1369,#1370,#920,.T.);
#1719=EDGE_CURVE('',#1371,#1369,#249,.T.);
#1720=EDGE_CURVE('',#1372,#1370,#250,.T.);
#1721=EDGE_CURVE('',#1371,#1372,#921,.T.);
#1722=EDGE_CURVE('',#1354,#1371,#922,.T.);
#1723=EDGE_CURVE('',#1355,#1372,#923,.T.);
#1724=EDGE_CURVE('',#1373,#1373,#251,.T.);
#1725=EDGE_CURVE('',#1373,#1374,#924,.T.);
#1726=EDGE_CURVE('',#1374,#1374,#252,.T.);
#1727=EDGE_CURVE('',#1375,#1375,#253,.T.);
#1728=EDGE_CURVE('',#1376,#1376,#254,.T.);
#1729=EDGE_CURVE('',#1376,#1377,#925,.T.);
#1730=EDGE_CURVE('',#1377,#1377,#255,.T.);
#1731=EDGE_CURVE('',#1378,#1378,#256,.T.);
#1732=EDGE_CURVE('',#1379,#1379,#257,.T.);
#1733=EDGE_CURVE('',#1379,#1375,#926,.T.);
#1734=EDGE_CURVE('',#1380,#1380,#258,.T.);
#1735=EDGE_CURVE('',#1380,#1378,#927,.T.);
#1736=EDGE_CURVE('',#1381,#1382,#928,.T.);
#1737=EDGE_CURVE('',#1381,#1383,#929,.T.);
#1738=EDGE_CURVE('',#1384,#1383,#930,.T.);
#1739=EDGE_CURVE('',#1382,#1384,#931,.T.);
#1740=EDGE_CURVE('',#1385,#1382,#259,.T.);
#1741=EDGE_CURVE('',#1386,#1384,#260,.T.);
#1742=EDGE_CURVE('',#1385,#1386,#932,.T.);
#1743=EDGE_CURVE('',#1385,#1387,#933,.T.);
#1744=EDGE_CURVE('',#1388,#1386,#934,.T.);
#1745=EDGE_CURVE('',#1387,#1388,#935,.T.);
#1746=EDGE_CURVE('',#1387,#1389,#261,.T.);
#1747=EDGE_CURVE('',#1390,#1388,#262,.T.);
#1748=EDGE_CURVE('',#1389,#1390,#936,.T.);
#1749=EDGE_CURVE('',#1389,#1391,#937,.T.);
#1750=EDGE_CURVE('',#1392,#1390,#938,.T.);
#1751=EDGE_CURVE('',#1391,#1392,#939,.T.);
#1752=EDGE_CURVE('',#1391,#1393,#263,.T.);
#1753=EDGE_CURVE('',#1394,#1392,#264,.T.);
#1754=EDGE_CURVE('',#1393,#1394,#940,.T.);
#1755=EDGE_CURVE('',#1393,#1395,#941,.T.);
#1756=EDGE_CURVE('',#1396,#1394,#942,.T.);
#1757=EDGE_CURVE('',#1395,#1396,#943,.T.);
#1758=EDGE_CURVE('',#1381,#1395,#265,.T.);
#1759=EDGE_CURVE('',#1383,#1396,#266,.T.);
#1760=ORIENTED_EDGE('',*,*,#1397,.F.);
#1761=ORIENTED_EDGE('',*,*,#1398,.F.);
#1762=ORIENTED_EDGE('',*,*,#1399,.F.);
#1763=ORIENTED_EDGE('',*,*,#1400,.T.);
#1764=ORIENTED_EDGE('',*,*,#1401,.F.);
#1765=ORIENTED_EDGE('',*,*,#1402,.F.);
#1766=ORIENTED_EDGE('',*,*,#1403,.T.);
#1767=ORIENTED_EDGE('',*,*,#1404,.T.);
#1768=ORIENTED_EDGE('',*,*,#1400,.F.);
#1769=ORIENTED_EDGE('',*,*,#1405,.F.);
#1770=ORIENTED_EDGE('',*,*,#1406,.T.);
#1771=ORIENTED_EDGE('',*,*,#1407,.F.);
#1772=ORIENTED_EDGE('',*,*,#1404,.F.);
#1773=ORIENTED_EDGE('',*,*,#1408,.F.);
#1774=ORIENTED_EDGE('',*,*,#1409,.T.);
#1775=ORIENTED_EDGE('',*,*,#1410,.F.);
#1776=ORIENTED_EDGE('',*,*,#1399,.T.);
#1777=ORIENTED_EDGE('',*,*,#1411,.T.);
#1778=ORIENTED_EDGE('',*,*,#1412,.F.);
#1779=ORIENTED_EDGE('',*,*,#1413,.T.);
#1780=ORIENTED_EDGE('',*,*,#1414,.T.);
#1781=ORIENTED_EDGE('',*,*,#1415,.T.);
#1782=ORIENTED_EDGE('',*,*,#1416,.T.);
#1783=ORIENTED_EDGE('',*,*,#1417,.T.);
#1784=ORIENTED_EDGE('',*,*,#1418,.T.);
#1785=ORIENTED_EDGE('',*,*,#1408,.T.);
#1786=ORIENTED_EDGE('',*,*,#1403,.F.);
#1787=ORIENTED_EDGE('',*,*,#1419,.T.);
#1788=ORIENTED_EDGE('',*,*,#1420,.T.);
#1789=ORIENTED_EDGE('',*,*,#1421,.T.);
#1790=ORIENTED_EDGE('',*,*,#1422,.T.);
#1791=ORIENTED_EDGE('',*,*,#1423,.T.);
#1792=ORIENTED_EDGE('',*,*,#1424,.T.);
#1793=ORIENTED_EDGE('',*,*,#1425,.T.);
#1794=ORIENTED_EDGE('',*,*,#1426,.T.);
#1795=ORIENTED_EDGE('',*,*,#1427,.T.);
#1796=ORIENTED_EDGE('',*,*,#1428,.T.);
#1797=ORIENTED_EDGE('',*,*,#1429,.T.);
#1798=ORIENTED_EDGE('',*,*,#1430,.T.);
#1799=ORIENTED_EDGE('',*,*,#1431,.T.);
#1800=ORIENTED_EDGE('',*,*,#1432,.T.);
#1801=ORIENTED_EDGE('',*,*,#1433,.T.);
#1802=ORIENTED_EDGE('',*,*,#1434,.T.);
#1803=ORIENTED_EDGE('',*,*,#1435,.T.);
#1804=ORIENTED_EDGE('',*,*,#1405,.T.);
#1805=ORIENTED_EDGE('',*,*,#1436,.F.);
#1806=ORIENTED_EDGE('',*,*,#1437,.F.);
#1807=ORIENTED_EDGE('',*,*,#1417,.F.);
#1808=ORIENTED_EDGE('',*,*,#1438,.T.);
#1809=ORIENTED_EDGE('',*,*,#1439,.F.);
#1810=ORIENTED_EDGE('',*,*,#1438,.F.);
#1811=ORIENTED_EDGE('',*,*,#1416,.F.);
#1812=ORIENTED_EDGE('',*,*,#1440,.T.);
#1813=ORIENTED_EDGE('',*,*,#1441,.F.);
#1814=ORIENTED_EDGE('',*,*,#1409,.F.);
#1815=ORIENTED_EDGE('',*,*,#1418,.F.);
#1816=ORIENTED_EDGE('',*,*,#1437,.T.);
#1817=ORIENTED_EDGE('',*,*,#1398,.T.);
#1818=ORIENTED_EDGE('',*,*,#1442,.F.);
#1819=ORIENTED_EDGE('',*,*,#1443,.F.);
#1820=ORIENTED_EDGE('',*,*,#1444,.F.);
#1821=ORIENTED_EDGE('',*,*,#1445,.F.);
#1822=ORIENTED_EDGE('',*,*,#1446,.F.);
#1823=ORIENTED_EDGE('',*,*,#1447,.F.);
#1824=ORIENTED_EDGE('',*,*,#1448,.F.);
#1825=ORIENTED_EDGE('',*,*,#1449,.F.);
#1826=ORIENTED_EDGE('',*,*,#1450,.F.);
#1827=ORIENTED_EDGE('',*,*,#1440,.F.);
#1828=ORIENTED_EDGE('',*,*,#1415,.F.);
#1829=ORIENTED_EDGE('',*,*,#1451,.F.);
#1830=ORIENTED_EDGE('',*,*,#1452,.F.);
#1831=ORIENTED_EDGE('',*,*,#1453,.F.);
#1832=ORIENTED_EDGE('',*,*,#1454,.F.);
#1833=ORIENTED_EDGE('',*,*,#1455,.F.);
#1834=ORIENTED_EDGE('',*,*,#1456,.F.);
#1835=ORIENTED_EDGE('',*,*,#1457,.F.);
#1836=ORIENTED_EDGE('',*,*,#1411,.F.);
#1837=ORIENTED_EDGE('',*,*,#1458,.F.);
#1838=ORIENTED_EDGE('',*,*,#1459,.F.);
#1839=ORIENTED_EDGE('',*,*,#1460,.F.);
#1840=ORIENTED_EDGE('',*,*,#1461,.F.);
#1841=ORIENTED_EDGE('',*,*,#1462,.F.);
#1842=ORIENTED_EDGE('',*,*,#1406,.F.);
#1843=ORIENTED_EDGE('',*,*,#1435,.F.);
#1844=ORIENTED_EDGE('',*,*,#1463,.F.);
#1845=ORIENTED_EDGE('',*,*,#1464,.F.);
#1846=ORIENTED_EDGE('',*,*,#1465,.F.);
#1847=ORIENTED_EDGE('',*,*,#1420,.F.);
#1848=ORIENTED_EDGE('',*,*,#1466,.T.);
#1849=ORIENTED_EDGE('',*,*,#1402,.T.);
#1850=ORIENTED_EDGE('',*,*,#1467,.F.);
#1851=ORIENTED_EDGE('',*,*,#1466,.F.);
#1852=ORIENTED_EDGE('',*,*,#1419,.F.);
#1853=ORIENTED_EDGE('',*,*,#1468,.F.);
#1854=ORIENTED_EDGE('',*,*,#1469,.F.);
#1855=ORIENTED_EDGE('',*,*,#1422,.F.);
#1856=ORIENTED_EDGE('',*,*,#1470,.T.);
#1857=ORIENTED_EDGE('',*,*,#1465,.T.);
#1858=ORIENTED_EDGE('',*,*,#1471,.F.);
#1859=ORIENTED_EDGE('',*,*,#1470,.F.);
#1860=ORIENTED_EDGE('',*,*,#1421,.F.);
#1861=ORIENTED_EDGE('',*,*,#1472,.F.);
#1862=ORIENTED_EDGE('',*,*,#1473,.F.);
#1863=ORIENTED_EDGE('',*,*,#1423,.F.);
#1864=ORIENTED_EDGE('',*,*,#1469,.T.);
#1865=ORIENTED_EDGE('',*,*,#1463,.T.);
#1866=ORIENTED_EDGE('',*,*,#1434,.F.);
#1867=ORIENTED_EDGE('',*,*,#1474,.T.);
#1868=ORIENTED_EDGE('',*,*,#1475,.F.);
#1869=ORIENTED_EDGE('',*,*,#1476,.F.);
#1870=ORIENTED_EDGE('',*,*,#1474,.F.);
#1871=ORIENTED_EDGE('',*,*,#1433,.F.);
#1872=ORIENTED_EDGE('',*,*,#1477,.T.);
#1873=ORIENTED_EDGE('',*,*,#1478,.F.);
#1874=ORIENTED_EDGE('',*,*,#1477,.F.);
#1875=ORIENTED_EDGE('',*,*,#1432,.F.);
#1876=ORIENTED_EDGE('',*,*,#1479,.T.);
#1877=ORIENTED_EDGE('',*,*,#1480,.F.);
#1878=ORIENTED_EDGE('',*,*,#1479,.F.);
#1879=ORIENTED_EDGE('',*,*,#1431,.F.);
#1880=ORIENTED_EDGE('',*,*,#1481,.T.);
#1881=ORIENTED_EDGE('',*,*,#1482,.F.);
#1882=ORIENTED_EDGE('',*,*,#1481,.F.);
#1883=ORIENTED_EDGE('',*,*,#1430,.F.);
#1884=ORIENTED_EDGE('',*,*,#1483,.T.);
#1885=ORIENTED_EDGE('',*,*,#1484,.F.);
#1886=ORIENTED_EDGE('',*,*,#1483,.F.);
#1887=ORIENTED_EDGE('',*,*,#1429,.F.);
#1888=ORIENTED_EDGE('',*,*,#1485,.T.);
#1889=ORIENTED_EDGE('',*,*,#1486,.F.);
#1890=ORIENTED_EDGE('',*,*,#1485,.F.);
#1891=ORIENTED_EDGE('',*,*,#1428,.F.);
#1892=ORIENTED_EDGE('',*,*,#1487,.T.);
#1893=ORIENTED_EDGE('',*,*,#1488,.F.);
#1894=ORIENTED_EDGE('',*,*,#1487,.F.);
#1895=ORIENTED_EDGE('',*,*,#1427,.F.);
#1896=ORIENTED_EDGE('',*,*,#1489,.T.);
#1897=ORIENTED_EDGE('',*,*,#1490,.F.);
#1898=ORIENTED_EDGE('',*,*,#1489,.F.);
#1899=ORIENTED_EDGE('',*,*,#1426,.F.);
#1900=ORIENTED_EDGE('',*,*,#1491,.T.);
#1901=ORIENTED_EDGE('',*,*,#1492,.F.);
#1902=ORIENTED_EDGE('',*,*,#1491,.F.);
#1903=ORIENTED_EDGE('',*,*,#1425,.F.);
#1904=ORIENTED_EDGE('',*,*,#1493,.T.);
#1905=ORIENTED_EDGE('',*,*,#1494,.F.);
#1906=ORIENTED_EDGE('',*,*,#1493,.F.);
#1907=ORIENTED_EDGE('',*,*,#1424,.F.);
#1908=ORIENTED_EDGE('',*,*,#1473,.T.);
#1909=ORIENTED_EDGE('',*,*,#1397,.T.);
#1910=ORIENTED_EDGE('',*,*,#1407,.T.);
#1911=ORIENTED_EDGE('',*,*,#1462,.T.);
#1912=ORIENTED_EDGE('',*,*,#1475,.T.);
#1913=ORIENTED_EDGE('',*,*,#1476,.T.);
#1914=ORIENTED_EDGE('',*,*,#1478,.T.);
#1915=ORIENTED_EDGE('',*,*,#1480,.T.);
#1916=ORIENTED_EDGE('',*,*,#1482,.T.);
#1917=ORIENTED_EDGE('',*,*,#1484,.T.);
#1918=ORIENTED_EDGE('',*,*,#1486,.T.);
#1919=ORIENTED_EDGE('',*,*,#1488,.T.);
#1920=ORIENTED_EDGE('',*,*,#1490,.T.);
#1921=ORIENTED_EDGE('',*,*,#1492,.T.);
#1922=ORIENTED_EDGE('',*,*,#1494,.T.);
#1923=ORIENTED_EDGE('',*,*,#1472,.T.);
#1924=ORIENTED_EDGE('',*,*,#1468,.T.);
#1925=ORIENTED_EDGE('',*,*,#1471,.T.);
#1926=ORIENTED_EDGE('',*,*,#1464,.T.);
#1927=ORIENTED_EDGE('',*,*,#1467,.T.);
#1928=ORIENTED_EDGE('',*,*,#1401,.T.);
#1929=ORIENTED_EDGE('',*,*,#1410,.T.);
#1930=ORIENTED_EDGE('',*,*,#1441,.T.);
#1931=ORIENTED_EDGE('',*,*,#1436,.T.);
#1932=ORIENTED_EDGE('',*,*,#1439,.T.);
#1933=ORIENTED_EDGE('',*,*,#1450,.T.);
#1934=ORIENTED_EDGE('',*,*,#1495,.F.);
#1935=ORIENTED_EDGE('',*,*,#1496,.T.);
#1936=ORIENTED_EDGE('',*,*,#1497,.T.);
#1937=ORIENTED_EDGE('',*,*,#1442,.T.);
#1938=ORIENTED_EDGE('',*,*,#1445,.T.);
#1939=ORIENTED_EDGE('',*,*,#1498,.F.);
#1940=ORIENTED_EDGE('',*,*,#1499,.T.);
#1941=ORIENTED_EDGE('',*,*,#1500,.T.);
#1942=ORIENTED_EDGE('',*,*,#1444,.T.);
#1943=ORIENTED_EDGE('',*,*,#1501,.F.);
#1944=ORIENTED_EDGE('',*,*,#1502,.T.);
#1945=ORIENTED_EDGE('',*,*,#1498,.T.);
#1946=ORIENTED_EDGE('',*,*,#1443,.T.);
#1947=ORIENTED_EDGE('',*,*,#1497,.F.);
#1948=ORIENTED_EDGE('',*,*,#1503,.T.);
#1949=ORIENTED_EDGE('',*,*,#1501,.T.);
#1950=ORIENTED_EDGE('',*,*,#1451,.T.);
#1951=ORIENTED_EDGE('',*,*,#1414,.F.);
#1952=ORIENTED_EDGE('',*,*,#1504,.T.);
#1953=ORIENTED_EDGE('',*,*,#1505,.T.);
#1954=ORIENTED_EDGE('',*,*,#1457,.T.);
#1955=ORIENTED_EDGE('',*,*,#1506,.F.);
#1956=ORIENTED_EDGE('',*,*,#1507,.T.);
#1957=ORIENTED_EDGE('',*,*,#1412,.T.);
#1958=ORIENTED_EDGE('',*,*,#1456,.T.);
#1959=ORIENTED_EDGE('',*,*,#1508,.F.);
#1960=ORIENTED_EDGE('',*,*,#1509,.T.);
#1961=ORIENTED_EDGE('',*,*,#1506,.T.);
#1962=ORIENTED_EDGE('',*,*,#1510,.F.);
#1963=ORIENTED_EDGE('',*,*,#1511,.T.);
#1964=ORIENTED_EDGE('',*,*,#1461,.T.);
#1965=ORIENTED_EDGE('',*,*,#1511,.F.);
#1966=ORIENTED_EDGE('',*,*,#1512,.F.);
#1967=ORIENTED_EDGE('',*,*,#1513,.T.);
#1968=ORIENTED_EDGE('',*,*,#1460,.T.);
#1969=ORIENTED_EDGE('',*,*,#1513,.F.);
#1970=ORIENTED_EDGE('',*,*,#1514,.F.);
#1971=ORIENTED_EDGE('',*,*,#1515,.T.);
#1972=ORIENTED_EDGE('',*,*,#1459,.T.);
#1973=ORIENTED_EDGE('',*,*,#1515,.F.);
#1974=ORIENTED_EDGE('',*,*,#1516,.F.);
#1975=ORIENTED_EDGE('',*,*,#1517,.T.);
#1976=ORIENTED_EDGE('',*,*,#1458,.T.);
#1977=ORIENTED_EDGE('',*,*,#1517,.F.);
#1978=ORIENTED_EDGE('',*,*,#1503,.F.);
#1979=ORIENTED_EDGE('',*,*,#1496,.F.);
#1980=ORIENTED_EDGE('',*,*,#1518,.F.);
#1981=ORIENTED_EDGE('',*,*,#1519,.F.);
#1982=ORIENTED_EDGE('',*,*,#1520,.F.);
#1983=ORIENTED_EDGE('',*,*,#1521,.F.);
#1984=ORIENTED_EDGE('',*,*,#1499,.F.);
#1985=ORIENTED_EDGE('',*,*,#1502,.F.);
#1986=ORIENTED_EDGE('',*,*,#1447,.T.);
#1987=ORIENTED_EDGE('',*,*,#1522,.F.);
#1988=ORIENTED_EDGE('',*,*,#1520,.T.);
#1989=ORIENTED_EDGE('',*,*,#1523,.T.);
#1990=ORIENTED_EDGE('',*,*,#1448,.T.);
#1991=ORIENTED_EDGE('',*,*,#1523,.F.);
#1992=ORIENTED_EDGE('',*,*,#1519,.T.);
#1993=ORIENTED_EDGE('',*,*,#1524,.T.);
#1994=ORIENTED_EDGE('',*,*,#1449,.T.);
#1995=ORIENTED_EDGE('',*,*,#1524,.F.);
#1996=ORIENTED_EDGE('',*,*,#1518,.T.);
#1997=ORIENTED_EDGE('',*,*,#1495,.T.);
#1998=ORIENTED_EDGE('',*,*,#1446,.T.);
#1999=ORIENTED_EDGE('',*,*,#1500,.F.);
#2000=ORIENTED_EDGE('',*,*,#1521,.T.);
#2001=ORIENTED_EDGE('',*,*,#1522,.T.);
#2002=ORIENTED_EDGE('',*,*,#1454,.T.);
#2003=ORIENTED_EDGE('',*,*,#1525,.F.);
#2004=ORIENTED_EDGE('',*,*,#1526,.T.);
#2005=ORIENTED_EDGE('',*,*,#1527,.T.);
#2006=ORIENTED_EDGE('',*,*,#1453,.T.);
#2007=ORIENTED_EDGE('',*,*,#1528,.F.);
#2008=ORIENTED_EDGE('',*,*,#1529,.T.);
#2009=ORIENTED_EDGE('',*,*,#1525,.T.);
#2010=ORIENTED_EDGE('',*,*,#1452,.T.);
#2011=ORIENTED_EDGE('',*,*,#1505,.F.);
#2012=ORIENTED_EDGE('',*,*,#1530,.T.);
#2013=ORIENTED_EDGE('',*,*,#1528,.T.);
#2014=ORIENTED_EDGE('',*,*,#1455,.T.);
#2015=ORIENTED_EDGE('',*,*,#1527,.F.);
#2016=ORIENTED_EDGE('',*,*,#1531,.T.);
#2017=ORIENTED_EDGE('',*,*,#1508,.T.);
#2018=ORIENTED_EDGE('',*,*,#1531,.F.);
#2019=ORIENTED_EDGE('',*,*,#1526,.F.);
#2020=ORIENTED_EDGE('',*,*,#1529,.F.);
#2021=ORIENTED_EDGE('',*,*,#1530,.F.);
#2022=ORIENTED_EDGE('',*,*,#1504,.F.);
#2023=ORIENTED_EDGE('',*,*,#1413,.F.);
#2024=ORIENTED_EDGE('',*,*,#1507,.F.);
#2025=ORIENTED_EDGE('',*,*,#1509,.F.);
#2026=ORIENTED_EDGE('',*,*,#1510,.T.);
#2027=ORIENTED_EDGE('',*,*,#1512,.T.);
#2028=ORIENTED_EDGE('',*,*,#1514,.T.);
#2029=ORIENTED_EDGE('',*,*,#1516,.T.);
#2030=ORIENTED_EDGE('',*,*,#1532,.F.);
#2031=ORIENTED_EDGE('',*,*,#1533,.F.);
#2032=ORIENTED_EDGE('',*,*,#1534,.T.);
#2033=ORIENTED_EDGE('',*,*,#1535,.T.);
#2034=ORIENTED_EDGE('',*,*,#1533,.T.);
#2035=ORIENTED_EDGE('',*,*,#1535,.F.);
#2036=ORIENTED_EDGE('',*,*,#1532,.T.);
#2037=ORIENTED_EDGE('',*,*,#1536,.T.);
#2038=ORIENTED_EDGE('',*,*,#1537,.T.);
#2039=ORIENTED_EDGE('',*,*,#1536,.F.);
#2040=ORIENTED_EDGE('',*,*,#1537,.F.);
#2041=ORIENTED_EDGE('',*,*,#1534,.F.);
#2042=ORIENTED_EDGE('',*,*,#1538,.F.);
#2043=ORIENTED_EDGE('',*,*,#1539,.F.);
#2044=ORIENTED_EDGE('',*,*,#1540,.T.);
#2045=ORIENTED_EDGE('',*,*,#1541,.T.);
#2046=ORIENTED_EDGE('',*,*,#1539,.T.);
#2047=ORIENTED_EDGE('',*,*,#1541,.F.);
#2048=ORIENTED_EDGE('',*,*,#1538,.T.);
#2049=ORIENTED_EDGE('',*,*,#1542,.T.);
#2050=ORIENTED_EDGE('',*,*,#1543,.T.);
#2051=ORIENTED_EDGE('',*,*,#1542,.F.);
#2052=ORIENTED_EDGE('',*,*,#1543,.F.);
#2053=ORIENTED_EDGE('',*,*,#1540,.F.);
#2054=ORIENTED_EDGE('',*,*,#1544,.F.);
#2055=ORIENTED_EDGE('',*,*,#1545,.F.);
#2056=ORIENTED_EDGE('',*,*,#1546,.T.);
#2057=ORIENTED_EDGE('',*,*,#1547,.T.);
#2058=ORIENTED_EDGE('',*,*,#1545,.T.);
#2059=ORIENTED_EDGE('',*,*,#1547,.F.);
#2060=ORIENTED_EDGE('',*,*,#1544,.T.);
#2061=ORIENTED_EDGE('',*,*,#1548,.T.);
#2062=ORIENTED_EDGE('',*,*,#1549,.T.);
#2063=ORIENTED_EDGE('',*,*,#1548,.F.);
#2064=ORIENTED_EDGE('',*,*,#1549,.F.);
#2065=ORIENTED_EDGE('',*,*,#1546,.F.);
#2066=ORIENTED_EDGE('',*,*,#1550,.F.);
#2067=ORIENTED_EDGE('',*,*,#1551,.F.);
#2068=ORIENTED_EDGE('',*,*,#1552,.T.);
#2069=ORIENTED_EDGE('',*,*,#1553,.T.);
#2070=ORIENTED_EDGE('',*,*,#1551,.T.);
#2071=ORIENTED_EDGE('',*,*,#1553,.F.);
#2072=ORIENTED_EDGE('',*,*,#1550,.T.);
#2073=ORIENTED_EDGE('',*,*,#1554,.T.);
#2074=ORIENTED_EDGE('',*,*,#1555,.T.);
#2075=ORIENTED_EDGE('',*,*,#1554,.F.);
#2076=ORIENTED_EDGE('',*,*,#1555,.F.);
#2077=ORIENTED_EDGE('',*,*,#1552,.F.);
#2078=ORIENTED_EDGE('',*,*,#1556,.F.);
#2079=ORIENTED_EDGE('',*,*,#1557,.T.);
#2080=ORIENTED_EDGE('',*,*,#1558,.T.);
#2081=ORIENTED_EDGE('',*,*,#1557,.F.);
#2082=ORIENTED_EDGE('',*,*,#1556,.T.);
#2083=ORIENTED_EDGE('',*,*,#1558,.F.);
#2084=ORIENTED_EDGE('',*,*,#1559,.F.);
#2085=ORIENTED_EDGE('',*,*,#1560,.T.);
#2086=ORIENTED_EDGE('',*,*,#1561,.T.);
#2087=ORIENTED_EDGE('',*,*,#1560,.F.);
#2088=ORIENTED_EDGE('',*,*,#1559,.T.);
#2089=ORIENTED_EDGE('',*,*,#1561,.F.);
#2090=ORIENTED_EDGE('',*,*,#1562,.T.);
#2091=ORIENTED_EDGE('',*,*,#1562,.F.);
#2092=ORIENTED_EDGE('',*,*,#1563,.T.);
#2093=ORIENTED_EDGE('',*,*,#1564,.T.);
#2094=ORIENTED_EDGE('',*,*,#1563,.F.);
#2095=ORIENTED_EDGE('',*,*,#1564,.F.);
#2096=ORIENTED_EDGE('',*,*,#1565,.F.);
#2097=ORIENTED_EDGE('',*,*,#1566,.T.);
#2098=ORIENTED_EDGE('',*,*,#1567,.T.);
#2099=ORIENTED_EDGE('',*,*,#1566,.F.);
#2100=ORIENTED_EDGE('',*,*,#1565,.T.);
#2101=ORIENTED_EDGE('',*,*,#1567,.F.);
#2102=ORIENTED_EDGE('',*,*,#1568,.F.);
#2103=ORIENTED_EDGE('',*,*,#1569,.T.);
#2104=ORIENTED_EDGE('',*,*,#1570,.T.);
#2105=ORIENTED_EDGE('',*,*,#1569,.F.);
#2106=ORIENTED_EDGE('',*,*,#1570,.F.);
#2107=ORIENTED_EDGE('',*,*,#1571,.F.);
#2108=ORIENTED_EDGE('',*,*,#1572,.F.);
#2109=ORIENTED_EDGE('',*,*,#1573,.T.);
#2110=ORIENTED_EDGE('',*,*,#1574,.T.);
#2111=ORIENTED_EDGE('',*,*,#1573,.F.);
#2112=ORIENTED_EDGE('',*,*,#1574,.F.);
#2113=ORIENTED_EDGE('',*,*,#1575,.F.);
#2114=ORIENTED_EDGE('',*,*,#1576,.T.);
#2115=ORIENTED_EDGE('',*,*,#1577,.T.);
#2116=ORIENTED_EDGE('',*,*,#1578,.T.);
#2117=ORIENTED_EDGE('',*,*,#1579,.T.);
#2118=ORIENTED_EDGE('',*,*,#1580,.T.);
#2119=ORIENTED_EDGE('',*,*,#1581,.T.);
#2120=ORIENTED_EDGE('',*,*,#1582,.T.);
#2121=ORIENTED_EDGE('',*,*,#1583,.T.);
#2122=ORIENTED_EDGE('',*,*,#1584,.T.);
#2123=ORIENTED_EDGE('',*,*,#1585,.T.);
#2124=ORIENTED_EDGE('',*,*,#1568,.T.);
#2125=ORIENTED_EDGE('',*,*,#1572,.T.);
#2126=ORIENTED_EDGE('',*,*,#1586,.F.);
#2127=ORIENTED_EDGE('',*,*,#1587,.T.);
#2128=ORIENTED_EDGE('',*,*,#1588,.T.);
#2129=ORIENTED_EDGE('',*,*,#1581,.F.);
#2130=ORIENTED_EDGE('',*,*,#1589,.F.);
#2131=ORIENTED_EDGE('',*,*,#1590,.T.);
#2132=ORIENTED_EDGE('',*,*,#1586,.T.);
#2133=ORIENTED_EDGE('',*,*,#1580,.F.);
#2134=ORIENTED_EDGE('',*,*,#1591,.F.);
#2135=ORIENTED_EDGE('',*,*,#1592,.T.);
#2136=ORIENTED_EDGE('',*,*,#1589,.T.);
#2137=ORIENTED_EDGE('',*,*,#1579,.F.);
#2138=ORIENTED_EDGE('',*,*,#1593,.F.);
#2139=ORIENTED_EDGE('',*,*,#1594,.T.);
#2140=ORIENTED_EDGE('',*,*,#1591,.T.);
#2141=ORIENTED_EDGE('',*,*,#1578,.F.);
#2142=ORIENTED_EDGE('',*,*,#1595,.F.);
#2143=ORIENTED_EDGE('',*,*,#1596,.T.);
#2144=ORIENTED_EDGE('',*,*,#1593,.T.);
#2145=ORIENTED_EDGE('',*,*,#1577,.F.);
#2146=ORIENTED_EDGE('',*,*,#1597,.T.);
#2147=ORIENTED_EDGE('',*,*,#1598,.T.);
#2148=ORIENTED_EDGE('',*,*,#1571,.T.);
#2149=ORIENTED_EDGE('',*,*,#1598,.F.);
#2150=ORIENTED_EDGE('',*,*,#1599,.T.);
#2151=ORIENTED_EDGE('',*,*,#1600,.T.);
#2152=ORIENTED_EDGE('',*,*,#1575,.T.);
#2153=ORIENTED_EDGE('',*,*,#1600,.F.);
#2154=ORIENTED_EDGE('',*,*,#1601,.F.);
#2155=ORIENTED_EDGE('',*,*,#1602,.T.);
#2156=ORIENTED_EDGE('',*,*,#1603,.T.);
#2157=ORIENTED_EDGE('',*,*,#1585,.F.);
#2158=ORIENTED_EDGE('',*,*,#1604,.F.);
#2159=ORIENTED_EDGE('',*,*,#1605,.F.);
#2160=ORIENTED_EDGE('',*,*,#1601,.T.);
#2161=ORIENTED_EDGE('',*,*,#1584,.F.);
#2162=ORIENTED_EDGE('',*,*,#1606,.F.);
#2163=ORIENTED_EDGE('',*,*,#1607,.T.);
#2164=ORIENTED_EDGE('',*,*,#1604,.T.);
#2165=ORIENTED_EDGE('',*,*,#1583,.F.);
#2166=ORIENTED_EDGE('',*,*,#1588,.F.);
#2167=ORIENTED_EDGE('',*,*,#1608,.F.);
#2168=ORIENTED_EDGE('',*,*,#1606,.T.);
#2169=ORIENTED_EDGE('',*,*,#1582,.F.);
#2170=ORIENTED_EDGE('',*,*,#1603,.F.);
#2171=ORIENTED_EDGE('',*,*,#1609,.T.);
#2172=ORIENTED_EDGE('',*,*,#1595,.T.);
#2173=ORIENTED_EDGE('',*,*,#1576,.F.);
#2174=ORIENTED_EDGE('',*,*,#1609,.F.);
#2175=ORIENTED_EDGE('',*,*,#1602,.F.);
#2176=ORIENTED_EDGE('',*,*,#1605,.T.);
#2177=ORIENTED_EDGE('',*,*,#1607,.F.);
#2178=ORIENTED_EDGE('',*,*,#1608,.T.);
#2179=ORIENTED_EDGE('',*,*,#1587,.F.);
#2180=ORIENTED_EDGE('',*,*,#1590,.F.);
#2181=ORIENTED_EDGE('',*,*,#1592,.F.);
#2182=ORIENTED_EDGE('',*,*,#1594,.F.);
#2183=ORIENTED_EDGE('',*,*,#1596,.F.);
#2184=ORIENTED_EDGE('',*,*,#1599,.F.);
#2185=ORIENTED_EDGE('',*,*,#1597,.F.);
#2186=ORIENTED_EDGE('',*,*,#1610,.F.);
#2187=ORIENTED_EDGE('',*,*,#1611,.T.);
#2188=ORIENTED_EDGE('',*,*,#1612,.T.);
#2189=ORIENTED_EDGE('',*,*,#1611,.F.);
#2190=ORIENTED_EDGE('',*,*,#1612,.F.);
#2191=ORIENTED_EDGE('',*,*,#1613,.F.);
#2192=ORIENTED_EDGE('',*,*,#1614,.F.);
#2193=ORIENTED_EDGE('',*,*,#1615,.T.);
#2194=ORIENTED_EDGE('',*,*,#1616,.T.);
#2195=ORIENTED_EDGE('',*,*,#1615,.F.);
#2196=ORIENTED_EDGE('',*,*,#1616,.F.);
#2197=ORIENTED_EDGE('',*,*,#1617,.F.);
#2198=ORIENTED_EDGE('',*,*,#1618,.F.);
#2199=ORIENTED_EDGE('',*,*,#1619,.F.);
#2200=ORIENTED_EDGE('',*,*,#1620,.F.);
#2201=ORIENTED_EDGE('',*,*,#1621,.F.);
#2202=ORIENTED_EDGE('',*,*,#1622,.F.);
#2203=ORIENTED_EDGE('',*,*,#1623,.F.);
#2204=ORIENTED_EDGE('',*,*,#1624,.F.);
#2205=ORIENTED_EDGE('',*,*,#1625,.F.);
#2206=ORIENTED_EDGE('',*,*,#1610,.T.);
#2207=ORIENTED_EDGE('',*,*,#1614,.T.);
#2208=ORIENTED_EDGE('',*,*,#1622,.T.);
#2209=ORIENTED_EDGE('',*,*,#1626,.F.);
#2210=ORIENTED_EDGE('',*,*,#1627,.F.);
#2211=ORIENTED_EDGE('',*,*,#1628,.T.);
#2212=ORIENTED_EDGE('',*,*,#1621,.T.);
#2213=ORIENTED_EDGE('',*,*,#1629,.F.);
#2214=ORIENTED_EDGE('',*,*,#1630,.F.);
#2215=ORIENTED_EDGE('',*,*,#1626,.T.);
#2216=ORIENTED_EDGE('',*,*,#1620,.T.);
#2217=ORIENTED_EDGE('',*,*,#1631,.F.);
#2218=ORIENTED_EDGE('',*,*,#1632,.F.);
#2219=ORIENTED_EDGE('',*,*,#1629,.T.);
#2220=ORIENTED_EDGE('',*,*,#1619,.T.);
#2221=ORIENTED_EDGE('',*,*,#1633,.F.);
#2222=ORIENTED_EDGE('',*,*,#1634,.F.);
#2223=ORIENTED_EDGE('',*,*,#1631,.T.);
#2224=ORIENTED_EDGE('',*,*,#1635,.T.);
#2225=ORIENTED_EDGE('',*,*,#1636,.T.);
#2226=ORIENTED_EDGE('',*,*,#1613,.T.);
#2227=ORIENTED_EDGE('',*,*,#1636,.F.);
#2228=ORIENTED_EDGE('',*,*,#1637,.T.);
#2229=ORIENTED_EDGE('',*,*,#1638,.T.);
#2230=ORIENTED_EDGE('',*,*,#1617,.T.);
#2231=ORIENTED_EDGE('',*,*,#1638,.F.);
#2232=ORIENTED_EDGE('',*,*,#1625,.T.);
#2233=ORIENTED_EDGE('',*,*,#1639,.F.);
#2234=ORIENTED_EDGE('',*,*,#1640,.F.);
#2235=ORIENTED_EDGE('',*,*,#1641,.T.);
#2236=ORIENTED_EDGE('',*,*,#1624,.T.);
#2237=ORIENTED_EDGE('',*,*,#1642,.F.);
#2238=ORIENTED_EDGE('',*,*,#1643,.T.);
#2239=ORIENTED_EDGE('',*,*,#1639,.T.);
#2240=ORIENTED_EDGE('',*,*,#1623,.T.);
#2241=ORIENTED_EDGE('',*,*,#1628,.F.);
#2242=ORIENTED_EDGE('',*,*,#1644,.F.);
#2243=ORIENTED_EDGE('',*,*,#1642,.T.);
#2244=ORIENTED_EDGE('',*,*,#1618,.T.);
#2245=ORIENTED_EDGE('',*,*,#1641,.F.);
#2246=ORIENTED_EDGE('',*,*,#1645,.T.);
#2247=ORIENTED_EDGE('',*,*,#1633,.T.);
#2248=ORIENTED_EDGE('',*,*,#1645,.F.);
#2249=ORIENTED_EDGE('',*,*,#1640,.T.);
#2250=ORIENTED_EDGE('',*,*,#1643,.F.);
#2251=ORIENTED_EDGE('',*,*,#1644,.T.);
#2252=ORIENTED_EDGE('',*,*,#1627,.T.);
#2253=ORIENTED_EDGE('',*,*,#1630,.T.);
#2254=ORIENTED_EDGE('',*,*,#1632,.T.);
#2255=ORIENTED_EDGE('',*,*,#1634,.T.);
#2256=ORIENTED_EDGE('',*,*,#1637,.F.);
#2257=ORIENTED_EDGE('',*,*,#1635,.F.);
#2258=ORIENTED_EDGE('',*,*,#1646,.F.);
#2259=ORIENTED_EDGE('',*,*,#1647,.F.);
#2260=ORIENTED_EDGE('',*,*,#1648,.T.);
#2261=ORIENTED_EDGE('',*,*,#1649,.T.);
#2262=ORIENTED_EDGE('',*,*,#1647,.T.);
#2263=ORIENTED_EDGE('',*,*,#1649,.F.);
#2264=ORIENTED_EDGE('',*,*,#1646,.T.);
#2265=ORIENTED_EDGE('',*,*,#1650,.T.);
#2266=ORIENTED_EDGE('',*,*,#1651,.T.);
#2267=ORIENTED_EDGE('',*,*,#1650,.F.);
#2268=ORIENTED_EDGE('',*,*,#1651,.F.);
#2269=ORIENTED_EDGE('',*,*,#1648,.F.);
#2270=ORIENTED_EDGE('',*,*,#1652,.F.);
#2271=ORIENTED_EDGE('',*,*,#1653,.F.);
#2272=ORIENTED_EDGE('',*,*,#1654,.T.);
#2273=ORIENTED_EDGE('',*,*,#1655,.T.);
#2274=ORIENTED_EDGE('',*,*,#1653,.T.);
#2275=ORIENTED_EDGE('',*,*,#1655,.F.);
#2276=ORIENTED_EDGE('',*,*,#1652,.T.);
#2277=ORIENTED_EDGE('',*,*,#1656,.T.);
#2278=ORIENTED_EDGE('',*,*,#1657,.T.);
#2279=ORIENTED_EDGE('',*,*,#1656,.F.);
#2280=ORIENTED_EDGE('',*,*,#1657,.F.);
#2281=ORIENTED_EDGE('',*,*,#1654,.F.);
#2282=ORIENTED_EDGE('',*,*,#1658,.F.);
#2283=ORIENTED_EDGE('',*,*,#1659,.F.);
#2284=ORIENTED_EDGE('',*,*,#1660,.T.);
#2285=ORIENTED_EDGE('',*,*,#1661,.T.);
#2286=ORIENTED_EDGE('',*,*,#1659,.T.);
#2287=ORIENTED_EDGE('',*,*,#1661,.F.);
#2288=ORIENTED_EDGE('',*,*,#1658,.T.);
#2289=ORIENTED_EDGE('',*,*,#1662,.T.);
#2290=ORIENTED_EDGE('',*,*,#1663,.T.);
#2291=ORIENTED_EDGE('',*,*,#1662,.F.);
#2292=ORIENTED_EDGE('',*,*,#1663,.F.);
#2293=ORIENTED_EDGE('',*,*,#1660,.F.);
#2294=ORIENTED_EDGE('',*,*,#1664,.F.);
#2295=ORIENTED_EDGE('',*,*,#1665,.F.);
#2296=ORIENTED_EDGE('',*,*,#1666,.T.);
#2297=ORIENTED_EDGE('',*,*,#1667,.T.);
#2298=ORIENTED_EDGE('',*,*,#1665,.T.);
#2299=ORIENTED_EDGE('',*,*,#1667,.F.);
#2300=ORIENTED_EDGE('',*,*,#1664,.T.);
#2301=ORIENTED_EDGE('',*,*,#1668,.T.);
#2302=ORIENTED_EDGE('',*,*,#1669,.T.);
#2303=ORIENTED_EDGE('',*,*,#1668,.F.);
#2304=ORIENTED_EDGE('',*,*,#1669,.F.);
#2305=ORIENTED_EDGE('',*,*,#1666,.F.);
#2306=ORIENTED_EDGE('',*,*,#1670,.T.);
#2307=ORIENTED_EDGE('',*,*,#1670,.F.);
#2308=ORIENTED_EDGE('',*,*,#1671,.T.);
#2309=ORIENTED_EDGE('',*,*,#1672,.T.);
#2310=ORIENTED_EDGE('',*,*,#1671,.F.);
#2311=ORIENTED_EDGE('',*,*,#1672,.F.);
#2312=ORIENTED_EDGE('',*,*,#1673,.T.);
#2313=ORIENTED_EDGE('',*,*,#1673,.F.);
#2314=ORIENTED_EDGE('',*,*,#1674,.T.);
#2315=ORIENTED_EDGE('',*,*,#1675,.T.);
#2316=ORIENTED_EDGE('',*,*,#1674,.F.);
#2317=ORIENTED_EDGE('',*,*,#1675,.F.);
#2318=ORIENTED_EDGE('',*,*,#1676,.F.);
#2319=ORIENTED_EDGE('',*,*,#1677,.T.);
#2320=ORIENTED_EDGE('',*,*,#1678,.T.);
#2321=ORIENTED_EDGE('',*,*,#1677,.F.);
#2322=ORIENTED_EDGE('',*,*,#1676,.T.);
#2323=ORIENTED_EDGE('',*,*,#1678,.F.);
#2324=ORIENTED_EDGE('',*,*,#1679,.T.);
#2325=ORIENTED_EDGE('',*,*,#1679,.F.);
#2326=ORIENTED_EDGE('',*,*,#1680,.T.);
#2327=ORIENTED_EDGE('',*,*,#1681,.T.);
#2328=ORIENTED_EDGE('',*,*,#1680,.F.);
#2329=ORIENTED_EDGE('',*,*,#1681,.F.);
#2330=ORIENTED_EDGE('',*,*,#1682,.F.);
#2331=ORIENTED_EDGE('',*,*,#1683,.T.);
#2332=ORIENTED_EDGE('',*,*,#1684,.T.);
#2333=ORIENTED_EDGE('',*,*,#1683,.F.);
#2334=ORIENTED_EDGE('',*,*,#1684,.F.);
#2335=ORIENTED_EDGE('',*,*,#1685,.F.);
#2336=ORIENTED_EDGE('',*,*,#1686,.F.);
#2337=ORIENTED_EDGE('',*,*,#1687,.T.);
#2338=ORIENTED_EDGE('',*,*,#1688,.T.);
#2339=ORIENTED_EDGE('',*,*,#1687,.F.);
#2340=ORIENTED_EDGE('',*,*,#1688,.F.);
#2341=ORIENTED_EDGE('',*,*,#1689,.F.);
#2342=ORIENTED_EDGE('',*,*,#1690,.T.);
#2343=ORIENTED_EDGE('',*,*,#1691,.T.);
#2344=ORIENTED_EDGE('',*,*,#1689,.T.);
#2345=ORIENTED_EDGE('',*,*,#1691,.F.);
#2346=ORIENTED_EDGE('',*,*,#1692,.T.);
#2347=ORIENTED_EDGE('',*,*,#1693,.T.);
#2348=ORIENTED_EDGE('',*,*,#1685,.T.);
#2349=ORIENTED_EDGE('',*,*,#1693,.F.);
#2350=ORIENTED_EDGE('',*,*,#1694,.T.);
#2351=ORIENTED_EDGE('',*,*,#1695,.T.);
#2352=ORIENTED_EDGE('',*,*,#1696,.F.);
#2353=ORIENTED_EDGE('',*,*,#1697,.F.);
#2354=ORIENTED_EDGE('',*,*,#1698,.F.);
#2355=ORIENTED_EDGE('',*,*,#1697,.T.);
#2356=ORIENTED_EDGE('',*,*,#1699,.F.);
#2357=ORIENTED_EDGE('',*,*,#1700,.F.);
#2358=ORIENTED_EDGE('',*,*,#1701,.T.);
#2359=ORIENTED_EDGE('',*,*,#1700,.T.);
#2360=ORIENTED_EDGE('',*,*,#1702,.F.);
#2361=ORIENTED_EDGE('',*,*,#1703,.F.);
#2362=ORIENTED_EDGE('',*,*,#1704,.F.);
#2363=ORIENTED_EDGE('',*,*,#1703,.T.);
#2364=ORIENTED_EDGE('',*,*,#1705,.F.);
#2365=ORIENTED_EDGE('',*,*,#1706,.F.);
#2366=ORIENTED_EDGE('',*,*,#1707,.T.);
#2367=ORIENTED_EDGE('',*,*,#1706,.T.);
#2368=ORIENTED_EDGE('',*,*,#1708,.F.);
#2369=ORIENTED_EDGE('',*,*,#1709,.F.);
#2370=ORIENTED_EDGE('',*,*,#1710,.T.);
#2371=ORIENTED_EDGE('',*,*,#1709,.T.);
#2372=ORIENTED_EDGE('',*,*,#1711,.F.);
#2373=ORIENTED_EDGE('',*,*,#1712,.F.);
#2374=ORIENTED_EDGE('',*,*,#1713,.T.);
#2375=ORIENTED_EDGE('',*,*,#1712,.T.);
#2376=ORIENTED_EDGE('',*,*,#1714,.F.);
#2377=ORIENTED_EDGE('',*,*,#1715,.F.);
#2378=ORIENTED_EDGE('',*,*,#1716,.T.);
#2379=ORIENTED_EDGE('',*,*,#1715,.T.);
#2380=ORIENTED_EDGE('',*,*,#1717,.F.);
#2381=ORIENTED_EDGE('',*,*,#1718,.F.);
#2382=ORIENTED_EDGE('',*,*,#1719,.T.);
#2383=ORIENTED_EDGE('',*,*,#1718,.T.);
#2384=ORIENTED_EDGE('',*,*,#1720,.F.);
#2385=ORIENTED_EDGE('',*,*,#1721,.F.);
#2386=ORIENTED_EDGE('',*,*,#1722,.T.);
#2387=ORIENTED_EDGE('',*,*,#1721,.T.);
#2388=ORIENTED_EDGE('',*,*,#1723,.F.);
#2389=ORIENTED_EDGE('',*,*,#1695,.F.);
#2390=ORIENTED_EDGE('',*,*,#1723,.T.);
#2391=ORIENTED_EDGE('',*,*,#1720,.T.);
#2392=ORIENTED_EDGE('',*,*,#1717,.T.);
#2393=ORIENTED_EDGE('',*,*,#1714,.T.);
#2394=ORIENTED_EDGE('',*,*,#1711,.T.);
#2395=ORIENTED_EDGE('',*,*,#1708,.T.);
#2396=ORIENTED_EDGE('',*,*,#1705,.T.);
#2397=ORIENTED_EDGE('',*,*,#1702,.T.);
#2398=ORIENTED_EDGE('',*,*,#1699,.T.);
#2399=ORIENTED_EDGE('',*,*,#1696,.T.);
#2400=ORIENTED_EDGE('',*,*,#1682,.T.);
#2401=ORIENTED_EDGE('',*,*,#1686,.T.);
#2402=ORIENTED_EDGE('',*,*,#1722,.F.);
#2403=ORIENTED_EDGE('',*,*,#1694,.F.);
#2404=ORIENTED_EDGE('',*,*,#1698,.T.);
#2405=ORIENTED_EDGE('',*,*,#1701,.F.);
#2406=ORIENTED_EDGE('',*,*,#1704,.T.);
#2407=ORIENTED_EDGE('',*,*,#1707,.F.);
#2408=ORIENTED_EDGE('',*,*,#1710,.F.);
#2409=ORIENTED_EDGE('',*,*,#1713,.F.);
#2410=ORIENTED_EDGE('',*,*,#1716,.F.);
#2411=ORIENTED_EDGE('',*,*,#1719,.F.);
#2412=ORIENTED_EDGE('',*,*,#1692,.F.);
#2413=ORIENTED_EDGE('',*,*,#1690,.F.);
#2414=ORIENTED_EDGE('',*,*,#1724,.F.);
#2415=ORIENTED_EDGE('',*,*,#1725,.T.);
#2416=ORIENTED_EDGE('',*,*,#1726,.T.);
#2417=ORIENTED_EDGE('',*,*,#1725,.F.);
#2418=ORIENTED_EDGE('',*,*,#1726,.F.);
#2419=ORIENTED_EDGE('',*,*,#1727,.F.);
#2420=ORIENTED_EDGE('',*,*,#1728,.F.);
#2421=ORIENTED_EDGE('',*,*,#1729,.T.);
#2422=ORIENTED_EDGE('',*,*,#1730,.T.);
#2423=ORIENTED_EDGE('',*,*,#1729,.F.);
#2424=ORIENTED_EDGE('',*,*,#1730,.F.);
#2425=ORIENTED_EDGE('',*,*,#1731,.F.);
#2426=ORIENTED_EDGE('',*,*,#1732,.T.);
#2427=ORIENTED_EDGE('',*,*,#1733,.T.);
#2428=ORIENTED_EDGE('',*,*,#1727,.T.);
#2429=ORIENTED_EDGE('',*,*,#1733,.F.);
#2430=ORIENTED_EDGE('',*,*,#1734,.T.);
#2431=ORIENTED_EDGE('',*,*,#1735,.T.);
#2432=ORIENTED_EDGE('',*,*,#1731,.T.);
#2433=ORIENTED_EDGE('',*,*,#1735,.F.);
#2434=ORIENTED_EDGE('',*,*,#1736,.F.);
#2435=ORIENTED_EDGE('',*,*,#1737,.T.);
#2436=ORIENTED_EDGE('',*,*,#1738,.F.);
#2437=ORIENTED_EDGE('',*,*,#1739,.F.);
#2438=ORIENTED_EDGE('',*,*,#1740,.T.);
#2439=ORIENTED_EDGE('',*,*,#1739,.T.);
#2440=ORIENTED_EDGE('',*,*,#1741,.F.);
#2441=ORIENTED_EDGE('',*,*,#1742,.F.);
#2442=ORIENTED_EDGE('',*,*,#1743,.F.);
#2443=ORIENTED_EDGE('',*,*,#1742,.T.);
#2444=ORIENTED_EDGE('',*,*,#1744,.F.);
#2445=ORIENTED_EDGE('',*,*,#1745,.F.);
#2446=ORIENTED_EDGE('',*,*,#1746,.F.);
#2447=ORIENTED_EDGE('',*,*,#1745,.T.);
#2448=ORIENTED_EDGE('',*,*,#1747,.F.);
#2449=ORIENTED_EDGE('',*,*,#1748,.F.);
#2450=ORIENTED_EDGE('',*,*,#1749,.F.);
#2451=ORIENTED_EDGE('',*,*,#1748,.T.);
#2452=ORIENTED_EDGE('',*,*,#1750,.F.);
#2453=ORIENTED_EDGE('',*,*,#1751,.F.);
#2454=ORIENTED_EDGE('',*,*,#1752,.F.);
#2455=ORIENTED_EDGE('',*,*,#1751,.T.);
#2456=ORIENTED_EDGE('',*,*,#1753,.F.);
#2457=ORIENTED_EDGE('',*,*,#1754,.F.);
#2458=ORIENTED_EDGE('',*,*,#1755,.F.);
#2459=ORIENTED_EDGE('',*,*,#1754,.T.);
#2460=ORIENTED_EDGE('',*,*,#1756,.F.);
#2461=ORIENTED_EDGE('',*,*,#1757,.F.);
#2462=ORIENTED_EDGE('',*,*,#1758,.T.);
#2463=ORIENTED_EDGE('',*,*,#1757,.T.);
#2464=ORIENTED_EDGE('',*,*,#1759,.F.);
#2465=ORIENTED_EDGE('',*,*,#1737,.F.);
#2466=ORIENTED_EDGE('',*,*,#1759,.T.);
#2467=ORIENTED_EDGE('',*,*,#1756,.T.);
#2468=ORIENTED_EDGE('',*,*,#1753,.T.);
#2469=ORIENTED_EDGE('',*,*,#1750,.T.);
#2470=ORIENTED_EDGE('',*,*,#1747,.T.);
#2471=ORIENTED_EDGE('',*,*,#1744,.T.);
#2472=ORIENTED_EDGE('',*,*,#1741,.T.);
#2473=ORIENTED_EDGE('',*,*,#1738,.T.);
#2474=ORIENTED_EDGE('',*,*,#1724,.T.);
#2475=ORIENTED_EDGE('',*,*,#1728,.T.);
#2476=ORIENTED_EDGE('',*,*,#1758,.F.);
#2477=ORIENTED_EDGE('',*,*,#1736,.T.);
#2478=ORIENTED_EDGE('',*,*,#1740,.F.);
#2479=ORIENTED_EDGE('',*,*,#1743,.T.);
#2480=ORIENTED_EDGE('',*,*,#1746,.T.);
#2481=ORIENTED_EDGE('',*,*,#1749,.T.);
#2482=ORIENTED_EDGE('',*,*,#1752,.T.);
#2483=ORIENTED_EDGE('',*,*,#1755,.T.);
#2484=ORIENTED_EDGE('',*,*,#1734,.F.);
#2485=ORIENTED_EDGE('',*,*,#1732,.F.);
#2486=PLANE('',#2788);
#2487=PLANE('',#2789);
#2488=PLANE('',#2793);
#2489=PLANE('',#2794);
#2490=PLANE('',#2802);
#2491=PLANE('',#2807);
#2492=PLANE('',#2820);
#2493=PLANE('',#2821);
#2494=PLANE('',#2826);
#2495=PLANE('',#2827);
#2496=PLANE('',#2830);
#2497=PLANE('',#2833);
#2498=PLANE('',#2836);
#2499=PLANE('',#2837);
#2500=PLANE('',#2838);
#2501=PLANE('',#2839);
#2502=PLANE('',#2840);
#2503=PLANE('',#2841);
#2504=PLANE('',#2842);
#2505=PLANE('',#2845);
#2506=PLANE('',#2852);
#2507=PLANE('',#2861);
#2508=PLANE('',#2865);
#2509=PLANE('',#2867);
#2510=PLANE('',#2868);
#2511=PLANE('',#2871);
#2512=PLANE('',#2874);
#2513=PLANE('',#2875);
#2514=PLANE('',#2882);
#2515=PLANE('',#2883);
#2516=PLANE('',#2890);
#2517=PLANE('',#2891);
#2518=PLANE('',#2898);
#2519=PLANE('',#2899);
#2520=PLANE('',#2906);
#2521=PLANE('',#2910);
#2522=PLANE('',#2911);
#2523=PLANE('',#2915);
#2524=PLANE('',#2916);
#2525=PLANE('',#2917);
#2526=PLANE('',#2921);
#2527=PLANE('',#2925);
#2528=PLANE('',#2926);
#2529=PLANE('',#2930);
#2530=PLANE('',#2935);
#2531=PLANE('',#2937);
#2532=PLANE('',#2942);
#2533=PLANE('',#2943);
#2534=PLANE('',#2946);
#2535=PLANE('',#2953);
#2536=PLANE('',#2956);
#2537=PLANE('',#2959);
#2538=PLANE('',#2960);
#2539=PLANE('',#2964);
#2540=PLANE('',#2969);
#2541=PLANE('',#2971);
#2542=PLANE('',#2978);
#2543=PLANE('',#2981);
#2544=PLANE('',#2986);
#2545=PLANE('',#2989);
#2546=PLANE('',#2992);
#2547=PLANE('',#2994);
#2548=PLANE('',#3001);
#2549=PLANE('',#3002);
#2550=PLANE('',#3009);
#2551=PLANE('',#3010);
#2552=PLANE('',#3017);
#2553=PLANE('',#3018);
#2554=PLANE('',#3025);
#2555=PLANE('',#3026);
#2556=PLANE('',#3030);
#2557=PLANE('',#3031);
#2558=PLANE('',#3035);
#2559=PLANE('',#3039);
#2560=PLANE('',#3040);
#2561=PLANE('',#3041);
#2562=PLANE('',#3045);
#2563=PLANE('',#3049);
#2564=PLANE('',#3054);
#2565=PLANE('',#3060);
#2566=PLANE('',#3064);
#2567=PLANE('',#3068);
#2568=PLANE('',#3069);
#2569=PLANE('',#3073);
#2570=PLANE('',#3077);
#2571=PLANE('',#3078);
#2572=PLANE('',#3079);
#2573=PLANE('',#3083);
#2574=PLANE('',#3088);
#2575=PLANE('',#3094);
#2576=PLANE('',#3098);
#2577=PLANE('',#3102);
#2578=PLANE('',#3106);
#2579=PLANE('',#3110);
#2580=PLANE('',#3111);
#2581=ADVANCED_FACE('',(#343),#2486,.F.);
#2582=ADVANCED_FACE('',(#344),#2487,.F.);
#2583=ADVANCED_FACE('',(#345),#267,.F.);
#2584=ADVANCED_FACE('',(#346),#2488,.T.);
#2585=ADVANCED_FACE('',(#347),#2489,.T.);
#2586=ADVANCED_FACE('',(#348),#2490,.F.);
#2587=ADVANCED_FACE('',(#349),#268,.F.);
#2588=ADVANCED_FACE('',(#350),#269,.F.);
#2589=ADVANCED_FACE('',(#351,#67,#68,#69,#70),#2491,.T.);
#2590=ADVANCED_FACE('',(#352),#2492,.F.);
#2591=ADVANCED_FACE('',(#353),#2493,.F.);
#2592=ADVANCED_FACE('',(#354),#270,.F.);
#2593=ADVANCED_FACE('',(#355),#271,.F.);
#2594=ADVANCED_FACE('',(#356),#2494,.F.);
#2595=ADVANCED_FACE('',(#357),#2495,.F.);
#2596=ADVANCED_FACE('',(#358),#272,.F.);
#2597=ADVANCED_FACE('',(#359),#2496,.F.);
#2598=ADVANCED_FACE('',(#360),#273,.F.);
#2599=ADVANCED_FACE('',(#361),#2497,.F.);
#2600=ADVANCED_FACE('',(#362),#274,.F.);
#2601=ADVANCED_FACE('',(#363),#2498,.F.);
#2602=ADVANCED_FACE('',(#364),#2499,.F.);
#2603=ADVANCED_FACE('',(#365),#2500,.F.);
#2604=ADVANCED_FACE('',(#366),#2501,.F.);
#2605=ADVANCED_FACE('',(#367),#2502,.F.);
#2606=ADVANCED_FACE('',(#368),#2503,.F.);
#2607=ADVANCED_FACE('',(#369),#2504,.T.);
#2608=ADVANCED_FACE('',(#370),#275,.F.);
#2609=ADVANCED_FACE('',(#371),#2505,.T.);
#2610=ADVANCED_FACE('',(#372),#276,.F.);
#2611=ADVANCED_FACE('',(#373),#277,.T.);
#2612=ADVANCED_FACE('',(#374),#278,.T.);
#2613=ADVANCED_FACE('',(#375),#2506,.T.);
#2614=ADVANCED_FACE('',(#376),#279,.F.);
#2615=ADVANCED_FACE('',(#377),#280,.F.);
#2616=ADVANCED_FACE('',(#378),#281,.F.);
#2617=ADVANCED_FACE('',(#379),#282,.F.);
#2618=ADVANCED_FACE('',(#380),#2507,.T.);
#2619=ADVANCED_FACE('',(#381),#283,.F.);
#2620=ADVANCED_FACE('',(#382),#2508,.T.);
#2621=ADVANCED_FACE('',(#383),#284,.F.);
#2622=ADVANCED_FACE('',(#384),#2509,.T.);
#2623=ADVANCED_FACE('',(#385),#2510,.T.);
#2624=ADVANCED_FACE('',(#386),#285,.T.);
#2625=ADVANCED_FACE('',(#387),#2511,.T.);
#2626=ADVANCED_FACE('',(#388),#286,.T.);
#2627=ADVANCED_FACE('',(#389,#71,#72,#73,#74),#2512,.F.);
#2628=ADVANCED_FACE('',(#390,#75),#2513,.T.);
#2629=ADVANCED_FACE('',(#391),#287,.F.);
#2630=ADVANCED_FACE('',(#392),#288,.T.);
#2631=ADVANCED_FACE('',(#393,#76),#2514,.F.);
#2632=ADVANCED_FACE('',(#394,#77),#2515,.T.);
#2633=ADVANCED_FACE('',(#395),#289,.F.);
#2634=ADVANCED_FACE('',(#396),#290,.T.);
#2635=ADVANCED_FACE('',(#397,#78),#2516,.F.);
#2636=ADVANCED_FACE('',(#398,#79),#2517,.T.);
#2637=ADVANCED_FACE('',(#399),#291,.F.);
#2638=ADVANCED_FACE('',(#400),#292,.T.);
#2639=ADVANCED_FACE('',(#401,#80),#2518,.F.);
#2640=ADVANCED_FACE('',(#402,#81),#2519,.T.);
#2641=ADVANCED_FACE('',(#403),#293,.F.);
#2642=ADVANCED_FACE('',(#404),#294,.T.);
#2643=ADVANCED_FACE('',(#405,#82),#2520,.F.);
#2644=ADVANCED_FACE('',(#406),#295,.T.);
#2645=ADVANCED_FACE('',(#407),#2521,.T.);
#2646=ADVANCED_FACE('',(#408),#2522,.F.);
#2647=ADVANCED_FACE('',(#409),#296,.T.);
#2648=ADVANCED_FACE('',(#410),#2523,.T.);
#2649=ADVANCED_FACE('',(#411),#2524,.F.);
#2650=ADVANCED_FACE('',(#412),#2525,.T.);
#2651=ADVANCED_FACE('',(#413),#297,.T.);
#2652=ADVANCED_FACE('',(#414),#2526,.F.);
#2653=ADVANCED_FACE('',(#415),#298,.T.);
#2654=ADVANCED_FACE('',(#416),#2527,.T.);
#2655=ADVANCED_FACE('',(#417),#2528,.F.);
#2656=ADVANCED_FACE('',(#418),#299,.F.);
#2657=ADVANCED_FACE('',(#419,#83),#2529,.T.);
#2658=ADVANCED_FACE('',(#420),#300,.F.);
#2659=ADVANCED_FACE('',(#421,#84),#2530,.T.);
#2660=ADVANCED_FACE('',(#422,#85,#86),#2531,.T.);
#2661=ADVANCED_FACE('',(#423),#2532,.T.);
#2662=ADVANCED_FACE('',(#424),#2533,.T.);
#2663=ADVANCED_FACE('',(#425),#301,.T.);
#2664=ADVANCED_FACE('',(#426),#2534,.T.);
#2665=ADVANCED_FACE('',(#427),#302,.T.);
#2666=ADVANCED_FACE('',(#428),#303,.F.);
#2667=ADVANCED_FACE('',(#429),#304,.F.);
#2668=ADVANCED_FACE('',(#430),#2535,.T.);
#2669=ADVANCED_FACE('',(#431),#305,.F.);
#2670=ADVANCED_FACE('',(#432),#2536,.T.);
#2671=ADVANCED_FACE('',(#433),#306,.F.);
#2672=ADVANCED_FACE('',(#434),#2537,.T.);
#2673=ADVANCED_FACE('',(#435,#87,#88),#2538,.F.);
#2674=ADVANCED_FACE('',(#436),#307,.F.);
#2675=ADVANCED_FACE('',(#437,#89),#2539,.T.);
#2676=ADVANCED_FACE('',(#438),#308,.F.);
#2677=ADVANCED_FACE('',(#439,#90),#2540,.T.);
#2678=ADVANCED_FACE('',(#440,#91,#92),#2541,.T.);
#2679=ADVANCED_FACE('',(#441),#309,.F.);
#2680=ADVANCED_FACE('',(#442),#2542,.T.);
#2681=ADVANCED_FACE('',(#443),#310,.F.);
#2682=ADVANCED_FACE('',(#444),#2543,.T.);
#2683=ADVANCED_FACE('',(#445),#311,.F.);
#2684=ADVANCED_FACE('',(#446),#312,.F.);
#2685=ADVANCED_FACE('',(#447),#2544,.T.);
#2686=ADVANCED_FACE('',(#448),#313,.T.);
#2687=ADVANCED_FACE('',(#449),#2545,.T.);
#2688=ADVANCED_FACE('',(#450),#314,.T.);
#2689=ADVANCED_FACE('',(#451,#93,#94),#2546,.F.);
#2690=ADVANCED_FACE('',(#452,#95),#2547,.T.);
#2691=ADVANCED_FACE('',(#453),#315,.F.);
#2692=ADVANCED_FACE('',(#454),#316,.T.);
#2693=ADVANCED_FACE('',(#455,#96),#2548,.F.);
#2694=ADVANCED_FACE('',(#456,#97),#2549,.T.);
#2695=ADVANCED_FACE('',(#457),#317,.F.);
#2696=ADVANCED_FACE('',(#458),#318,.T.);
#2697=ADVANCED_FACE('',(#459,#98),#2550,.F.);
#2698=ADVANCED_FACE('',(#460,#99),#2551,.T.);
#2699=ADVANCED_FACE('',(#461),#319,.F.);
#2700=ADVANCED_FACE('',(#462),#320,.T.);
#2701=ADVANCED_FACE('',(#463,#100),#2552,.F.);
#2702=ADVANCED_FACE('',(#464,#101),#2553,.T.);
#2703=ADVANCED_FACE('',(#465),#321,.F.);
#2704=ADVANCED_FACE('',(#466),#322,.T.);
#2705=ADVANCED_FACE('',(#467,#102),#2554,.F.);
#2706=ADVANCED_FACE('',(#468),#2555,.T.);
#2707=ADVANCED_FACE('',(#469),#323,.T.);
#2708=ADVANCED_FACE('',(#470),#2556,.F.);
#2709=ADVANCED_FACE('',(#471),#2557,.T.);
#2710=ADVANCED_FACE('',(#472),#324,.T.);
#2711=ADVANCED_FACE('',(#473),#2558,.F.);
#2712=ADVANCED_FACE('',(#474),#325,.T.);
#2713=ADVANCED_FACE('',(#475),#2559,.T.);
#2714=ADVANCED_FACE('',(#476),#2560,.F.);
#2715=ADVANCED_FACE('',(#477),#2561,.T.);
#2716=ADVANCED_FACE('',(#478),#326,.T.);
#2717=ADVANCED_FACE('',(#479),#2562,.F.);
#2718=ADVANCED_FACE('',(#480),#327,.F.);
#2719=ADVANCED_FACE('',(#481,#103),#2563,.T.);
#2720=ADVANCED_FACE('',(#482),#328,.F.);
#2721=ADVANCED_FACE('',(#483,#104),#2564,.T.);
#2722=ADVANCED_FACE('',(#484),#329,.F.);
#2723=ADVANCED_FACE('',(#485),#330,.F.);
#2724=ADVANCED_FACE('',(#486),#2565,.T.);
#2725=ADVANCED_FACE('',(#487),#331,.F.);
#2726=ADVANCED_FACE('',(#488),#2566,.T.);
#2727=ADVANCED_FACE('',(#489),#332,.F.);
#2728=ADVANCED_FACE('',(#490),#2567,.T.);
#2729=ADVANCED_FACE('',(#491),#2568,.T.);
#2730=ADVANCED_FACE('',(#492),#333,.T.);
#2731=ADVANCED_FACE('',(#493),#2569,.T.);
#2732=ADVANCED_FACE('',(#494),#334,.T.);
#2733=ADVANCED_FACE('',(#495),#2570,.T.);
#2734=ADVANCED_FACE('',(#496,#105,#106),#2571,.T.);
#2735=ADVANCED_FACE('',(#497,#107,#108),#2572,.F.);
#2736=ADVANCED_FACE('',(#498),#335,.F.);
#2737=ADVANCED_FACE('',(#499,#109),#2573,.T.);
#2738=ADVANCED_FACE('',(#500),#336,.F.);
#2739=ADVANCED_FACE('',(#501,#110),#2574,.T.);
#2740=ADVANCED_FACE('',(#502),#337,.F.);
#2741=ADVANCED_FACE('',(#503),#338,.F.);
#2742=ADVANCED_FACE('',(#504),#2575,.T.);
#2743=ADVANCED_FACE('',(#505),#339,.T.);
#2744=ADVANCED_FACE('',(#506),#2576,.T.);
#2745=ADVANCED_FACE('',(#507),#340,.F.);
#2746=ADVANCED_FACE('',(#508),#2577,.T.);
#2747=ADVANCED_FACE('',(#509),#341,.F.);
#2748=ADVANCED_FACE('',(#510),#2578,.T.);
#2749=ADVANCED_FACE('',(#511),#342,.T.);
#2750=ADVANCED_FACE('',(#512,#111,#112),#2579,.T.);
#2751=ADVANCED_FACE('',(#513,#113,#114),#2580,.F.);
#2752=CLOSED_SHELL('',(#2581,#2582,#2583,#2584,#2585,#2586,#2587,#2588,
#2589,#2590,#2591,#2592,#2593,#2594,#2595,#2596,#2597,#2598,#2599,#2600,
#2601,#2602,#2603,#2604,#2605,#2606,#2607,#2608,#2609,#2610,#2611,#2612,
#2613,#2614,#2615,#2616,#2617,#2618,#2619,#2620,#2621,#2622,#2623,#2624,
#2625,#2626,#2627));
#2753=CLOSED_SHELL('',(#2628,#2629,#2630,#2631));
#2754=CLOSED_SHELL('',(#2632,#2633,#2634,#2635));
#2755=CLOSED_SHELL('',(#2636,#2637,#2638,#2639));
#2756=CLOSED_SHELL('',(#2640,#2641,#2642,#2643));
#2757=CLOSED_SHELL('',(#2644,#2645,#2646));
#2758=CLOSED_SHELL('',(#2647,#2648,#2649));
#2759=CLOSED_SHELL('',(#2650,#2651,#2652));
#2760=CLOSED_SHELL('',(#2653,#2654,#2655));
#2761=CLOSED_SHELL('',(#2656,#2657,#2658,#2659,#2660,#2661,#2662,#2663,
#2664,#2665,#2666,#2667,#2668,#2669,#2670,#2671,#2672,#2673));
#2762=CLOSED_SHELL('',(#2674,#2675,#2676,#2677,#2678,#2679,#2680,#2681,
#2682,#2683,#2684,#2685,#2686,#2687,#2688,#2689));
#2763=CLOSED_SHELL('',(#2690,#2691,#2692,#2693));
#2764=CLOSED_SHELL('',(#2694,#2695,#2696,#2697));
#2765=CLOSED_SHELL('',(#2698,#2699,#2700,#2701));
#2766=CLOSED_SHELL('',(#2702,#2703,#2704,#2705));
#2767=CLOSED_SHELL('',(#2706,#2707,#2708));
#2768=CLOSED_SHELL('',(#2709,#2710,#2711));
#2769=CLOSED_SHELL('',(#2712,#2713,#2714));
#2770=CLOSED_SHELL('',(#2715,#2716,#2717));
#2771=CLOSED_SHELL('',(#2718,#2719,#2720,#2721,#2722,#2723,#2724,#2725,
#2726,#2727,#2728,#2729,#2730,#2731,#2732,#2733,#2734,#2735));
#2772=CLOSED_SHELL('',(#2736,#2737,#2738,#2739,#2740,#2741,#2742,#2743,
#2744,#2745,#2746,#2747,#2748,#2749,#2750,#2751));
#2773=DERIVED_UNIT_ELEMENT(#2775,1.);
#2774=DERIVED_UNIT_ELEMENT(#4770,-3.);
#2775=(
MASS_UNIT()
NAMED_UNIT(*)
SI_UNIT(.KILO.,.GRAM.)
);
#2776=DERIVED_UNIT((#2773,#2774));
#2777=MEASURE_REPRESENTATION_ITEM('density measure',
POSITIVE_RATIO_MEASURE(7850.),#2776);
#2778=PROPERTY_DEFINITION_REPRESENTATION(#2783,#2780);
#2779=PROPERTY_DEFINITION_REPRESENTATION(#2784,#2781);
#2780=REPRESENTATION('material name',(#2782),#4767);
#2781=REPRESENTATION('density',(#2777),#4767);
#2782=DESCRIPTIVE_REPRESENTATION_ITEM('Steel','Steel');
#2783=PROPERTY_DEFINITION('material property','material name',#4787);
#2784=PROPERTY_DEFINITION('material property','density of part',#4787);
#2785=AXIS2_PLACEMENT_3D('',#3980,#3113,#3114);
#2786=AXIS2_PLACEMENT_3D('',#3981,#3115,#3116);
#2787=AXIS2_PLACEMENT_3D('',#3982,#3117,#3118);
#2788=AXIS2_PLACEMENT_3D('',#3983,#3119,#3120);
#2789=AXIS2_PLACEMENT_3D('',#3992,#3125,#3126);
#2790=AXIS2_PLACEMENT_3D('',#4001,#3131,#3132);
#2791=AXIS2_PLACEMENT_3D('',#4003,#3133,#3134);
#2792=AXIS2_PLACEMENT_3D('',#4006,#3136,#3137);
#2793=AXIS2_PLACEMENT_3D('',#4007,#3138,#3139);
#2794=AXIS2_PLACEMENT_3D('',#4013,#3143,#3144);
#2795=AXIS2_PLACEMENT_3D('',#4025,#3150,#3151);
#2796=AXIS2_PLACEMENT_3D('',#4028,#3153,#3154);
#2797=AXIS2_PLACEMENT_3D('',#4030,#3155,#3156);
#2798=AXIS2_PLACEMENT_3D('',#4036,#3159,#3160);
#2799=AXIS2_PLACEMENT_3D('',#4052,#3168,#3169);
#2800=AXIS2_PLACEMENT_3D('',#4056,#3171,#3172);
#2801=AXIS2_PLACEMENT_3D('',#4060,#3174,#3175);
#2802=AXIS2_PLACEMENT_3D('',#4062,#3177,#3178);
#2803=AXIS2_PLACEMENT_3D('',#4068,#3182,#3183);
#2804=AXIS2_PLACEMENT_3D('',#4070,#3184,#3185);
#2805=AXIS2_PLACEMENT_3D('',#4072,#3187,#3188);
#2806=AXIS2_PLACEMENT_3D('',#4073,#3189,#3190);
#2807=AXIS2_PLACEMENT_3D('',#4074,#3191,#3192);
#2808=AXIS2_PLACEMENT_3D('',#4078,#3194,#3195);
#2809=AXIS2_PLACEMENT_3D('',#4082,#3197,#3198);
#2810=AXIS2_PLACEMENT_3D('',#4086,#3200,#3201);
#2811=AXIS2_PLACEMENT_3D('',#4090,#3203,#3204);
#2812=AXIS2_PLACEMENT_3D('',#4093,#3206,#3207);
#2813=AXIS2_PLACEMENT_3D('',#4097,#3209,#3210);
#2814=AXIS2_PLACEMENT_3D('',#4101,#3212,#3213);
#2815=AXIS2_PLACEMENT_3D('',#4104,#3215,#3216);
#2816=AXIS2_PLACEMENT_3D('',#4106,#3217,#3218);
#2817=AXIS2_PLACEMENT_3D('',#4108,#3219,#3220);
#2818=AXIS2_PLACEMENT_3D('',#4110,#3221,#3222);
#2819=AXIS2_PLACEMENT_3D('',#4112,#3223,#3224);
#2820=AXIS2_PLACEMENT_3D('',#4113,#3225,#3226);
#2821=AXIS2_PLACEMENT_3D('',#4117,#3229,#3230);
#2822=AXIS2_PLACEMENT_3D('',#4123,#3234,#3235);
#2823=AXIS2_PLACEMENT_3D('',#4124,#3236,#3237);
#2824=AXIS2_PLACEMENT_3D('',#4125,#3238,#3239);
#2825=AXIS2_PLACEMENT_3D('',#4128,#3240,#3241);
#2826=AXIS2_PLACEMENT_3D('',#4131,#3244,#3245);
#2827=AXIS2_PLACEMENT_3D('',#4133,#3247,#3248);
#2828=AXIS2_PLACEMENT_3D('',#4137,#3251,#3252);
#2829=AXIS2_PLACEMENT_3D('',#4140,#3254,#3255);
#2830=AXIS2_PLACEMENT_3D('',#4141,#3256,#3257);
#2831=AXIS2_PLACEMENT_3D('',#4145,#3260,#3261);
#2832=AXIS2_PLACEMENT_3D('',#4147,#3262,#3263);
#2833=AXIS2_PLACEMENT_3D('',#4149,#3265,#3266);
#2834=AXIS2_PLACEMENT_3D('',#4153,#3269,#3270);
#2835=AXIS2_PLACEMENT_3D('',#4155,#3271,#3272);
#2836=AXIS2_PLACEMENT_3D('',#4157,#3274,#3275);
#2837=AXIS2_PLACEMENT_3D('',#4161,#3278,#3279);
#2838=AXIS2_PLACEMENT_3D('',#4165,#3282,#3283);
#2839=AXIS2_PLACEMENT_3D('',#4169,#3286,#3287);
#2840=AXIS2_PLACEMENT_3D('',#4173,#3290,#3291);
#2841=AXIS2_PLACEMENT_3D('',#4177,#3294,#3295);
#2842=AXIS2_PLACEMENT_3D('',#4179,#3297,#3298);
#2843=AXIS2_PLACEMENT_3D('',#4185,#3302,#3303);
#2844=AXIS2_PLACEMENT_3D('',#4189,#3305,#3306);
#2845=AXIS2_PLACEMENT_3D('',#4191,#3308,#3309);
#2846=AXIS2_PLACEMENT_3D('',#4195,#3312,#3313);
#2847=AXIS2_PLACEMENT_3D('',#4196,#3314,#3315);
#2848=AXIS2_PLACEMENT_3D('',#4197,#3316,#3317);
#2849=AXIS2_PLACEMENT_3D('',#4199,#3318,#3319);
#2850=AXIS2_PLACEMENT_3D('',#4201,#3321,#3322);
#2851=AXIS2_PLACEMENT_3D('',#4204,#3324,#3325);
#2852=AXIS2_PLACEMENT_3D('',#4205,#3326,#3327);
#2853=AXIS2_PLACEMENT_3D('',#4209,#3330,#3331);
#2854=AXIS2_PLACEMENT_3D('',#4211,#3332,#3333);
#2855=AXIS2_PLACEMENT_3D('',#4213,#3335,#3336);
#2856=AXIS2_PLACEMENT_3D('',#4215,#3337,#3338);
#2857=AXIS2_PLACEMENT_3D('',#4217,#3340,#3341);
#2858=AXIS2_PLACEMENT_3D('',#4219,#3342,#3343);
#2859=AXIS2_PLACEMENT_3D('',#4221,#3345,#3346);
#2860=AXIS2_PLACEMENT_3D('',#4223,#3347,#3348);
#2861=AXIS2_PLACEMENT_3D('',#4225,#3350,#3351);
#2862=AXIS2_PLACEMENT_3D('',#4227,#3352,#3353);
#2863=AXIS2_PLACEMENT_3D('',#4231,#3355,#3356);
#2864=AXIS2_PLACEMENT_3D('',#4233,#3358,#3359);
#2865=AXIS2_PLACEMENT_3D('',#4236,#3362,#3363);
#2866=AXIS2_PLACEMENT_3D('',#4238,#3365,#3366);
#2867=AXIS2_PLACEMENT_3D('',#4239,#3367,#3368);
#2868=AXIS2_PLACEMENT_3D('',#4240,#3369,#3370);
#2869=AXIS2_PLACEMENT_3D('',#4246,#3374,#3375);
#2870=AXIS2_PLACEMENT_3D('',#4249,#3377,#3378);
#2871=AXIS2_PLACEMENT_3D('',#4250,#3379,#3380);
#2872=AXIS2_PLACEMENT_3D('',#4252,#3382,#3383);
#2873=AXIS2_PLACEMENT_3D('',#4253,#3384,#3385);
#2874=AXIS2_PLACEMENT_3D('',#4254,#3386,#3387);
#2875=AXIS2_PLACEMENT_3D('',#4255,#3388,#3389);
#2876=AXIS2_PLACEMENT_3D('',#4257,#3390,#3391);
#2877=AXIS2_PLACEMENT_3D('',#4259,#3392,#3393);
#2878=AXIS2_PLACEMENT_3D('',#4260,#3394,#3395);
#2879=AXIS2_PLACEMENT_3D('',#4262,#3396,#3397);
#2880=AXIS2_PLACEMENT_3D('',#4264,#3399,#3400);
#2881=AXIS2_PLACEMENT_3D('',#4267,#3402,#3403);
#2882=AXIS2_PLACEMENT_3D('',#4268,#3404,#3405);
#2883=AXIS2_PLACEMENT_3D('',#4269,#3406,#3407);
#2884=AXIS2_PLACEMENT_3D('',#4271,#3408,#3409);
#2885=AXIS2_PLACEMENT_3D('',#4273,#3410,#3411);
#2886=AXIS2_PLACEMENT_3D('',#4274,#3412,#3413);
#2887=AXIS2_PLACEMENT_3D('',#4276,#3414,#3415);
#2888=AXIS2_PLACEMENT_3D('',#4278,#3417,#3418);
#2889=AXIS2_PLACEMENT_3D('',#4281,#3420,#3421);
#2890=AXIS2_PLACEMENT_3D('',#4282,#3422,#3423);
#2891=AXIS2_PLACEMENT_3D('',#4283,#3424,#3425);
#2892=AXIS2_PLACEMENT_3D('',#4285,#3426,#3427);
#2893=AXIS2_PLACEMENT_3D('',#4287,#3428,#3429);
#2894=AXIS2_PLACEMENT_3D('',#4288,#3430,#3431);
#2895=AXIS2_PLACEMENT_3D('',#4290,#3432,#3433);
#2896=AXIS2_PLACEMENT_3D('',#4292,#3435,#3436);
#2897=AXIS2_PLACEMENT_3D('',#4295,#3438,#3439);
#2898=AXIS2_PLACEMENT_3D('',#4296,#3440,#3441);
#2899=AXIS2_PLACEMENT_3D('',#4297,#3442,#3443);
#2900=AXIS2_PLACEMENT_3D('',#4299,#3444,#3445);
#2901=AXIS2_PLACEMENT_3D('',#4301,#3446,#3447);
#2902=AXIS2_PLACEMENT_3D('',#4302,#3448,#3449);
#2903=AXIS2_PLACEMENT_3D('',#4304,#3450,#3451);
#2904=AXIS2_PLACEMENT_3D('',#4306,#3453,#3454);
#2905=AXIS2_PLACEMENT_3D('',#4309,#3456,#3457);
#2906=AXIS2_PLACEMENT_3D('',#4310,#3458,#3459);
#2907=AXIS2_PLACEMENT_3D('',#4311,#3460,#3461);
#2908=AXIS2_PLACEMENT_3D('',#4313,#3462,#3463);
#2909=AXIS2_PLACEMENT_3D('',#4316,#3465,#3466);
#2910=AXIS2_PLACEMENT_3D('',#4317,#3467,#3468);
#2911=AXIS2_PLACEMENT_3D('',#4318,#3469,#3470);
#2912=AXIS2_PLACEMENT_3D('',#4319,#3471,#3472);
#2913=AXIS2_PLACEMENT_3D('',#4321,#3473,#3474);
#2914=AXIS2_PLACEMENT_3D('',#4324,#3476,#3477);
#2915=AXIS2_PLACEMENT_3D('',#4325,#3478,#3479);
#2916=AXIS2_PLACEMENT_3D('',#4326,#3480,#3481);
#2917=AXIS2_PLACEMENT_3D('',#4327,#3482,#3483);
#2918=AXIS2_PLACEMENT_3D('',#4329,#3484,#3485);
#2919=AXIS2_PLACEMENT_3D('',#4330,#3486,#3487);
#2920=AXIS2_PLACEMENT_3D('',#4333,#3489,#3490);
#2921=AXIS2_PLACEMENT_3D('',#4334,#3491,#3492);
#2922=AXIS2_PLACEMENT_3D('',#4335,#3493,#3494);
#2923=AXIS2_PLACEMENT_3D('',#4337,#3495,#3496);
#2924=AXIS2_PLACEMENT_3D('',#4340,#3498,#3499);
#2925=AXIS2_PLACEMENT_3D('',#4341,#3500,#3501);
#2926=AXIS2_PLACEMENT_3D('',#4342,#3502,#3503);
#2927=AXIS2_PLACEMENT_3D('',#4343,#3504,#3505);
#2928=AXIS2_PLACEMENT_3D('',#4345,#3506,#3507);
#2929=AXIS2_PLACEMENT_3D('',#4348,#3509,#3510);
#2930=AXIS2_PLACEMENT_3D('',#4349,#3511,#3512);
#2931=AXIS2_PLACEMENT_3D('',#4351,#3513,#3514);
#2932=AXIS2_PLACEMENT_3D('',#4352,#3515,#3516);
#2933=AXIS2_PLACEMENT_3D('',#4354,#3517,#3518);
#2934=AXIS2_PLACEMENT_3D('',#4357,#3520,#3521);
#2935=AXIS2_PLACEMENT_3D('',#4358,#3522,#3523);
#2936=AXIS2_PLACEMENT_3D('',#4360,#3524,#3525);
#2937=AXIS2_PLACEMENT_3D('',#4361,#3526,#3527);
#2938=AXIS2_PLACEMENT_3D('',#4366,#3529,#3530);
#2939=AXIS2_PLACEMENT_3D('',#4370,#3532,#3533);
#2940=AXIS2_PLACEMENT_3D('',#4376,#3536,#3537);
#2941=AXIS2_PLACEMENT_3D('',#4380,#3539,#3540);
#2942=AXIS2_PLACEMENT_3D('',#4382,#3542,#3543);
#2943=AXIS2_PLACEMENT_3D('',#4388,#3547,#3548);
#2944=AXIS2_PLACEMENT_3D('',#4392,#3551,#3552);
#2945=AXIS2_PLACEMENT_3D('',#4395,#3554,#3555);
#2946=AXIS2_PLACEMENT_3D('',#4396,#3556,#3557);
#2947=AXIS2_PLACEMENT_3D('',#4400,#3560,#3561);
#2948=AXIS2_PLACEMENT_3D('',#4403,#3563,#3564);
#2949=AXIS2_PLACEMENT_3D('',#4404,#3565,#3566);
#2950=AXIS2_PLACEMENT_3D('',#4406,#3567,#3568);
#2951=AXIS2_PLACEMENT_3D('',#4408,#3570,#3571);
#2952=AXIS2_PLACEMENT_3D('',#4410,#3572,#3573);
#2953=AXIS2_PLACEMENT_3D('',#4412,#3575,#3576);
#2954=AXIS2_PLACEMENT_3D('',#4418,#3580,#3581);
#2955=AXIS2_PLACEMENT_3D('',#4421,#3583,#3584);
#2956=AXIS2_PLACEMENT_3D('',#4422,#3585,#3586);
#2957=AXIS2_PLACEMENT_3D('',#4426,#3589,#3590);
#2958=AXIS2_PLACEMENT_3D('',#4427,#3591,#3592);
#2959=AXIS2_PLACEMENT_3D('',#4428,#3593,#3594);
#2960=AXIS2_PLACEMENT_3D('',#4430,#3596,#3597);
#2961=AXIS2_PLACEMENT_3D('',#4431,#3598,#3599);
#2962=AXIS2_PLACEMENT_3D('',#4433,#3600,#3601);
#2963=AXIS2_PLACEMENT_3D('',#4436,#3603,#3604);
#2964=AXIS2_PLACEMENT_3D('',#4437,#3605,#3606);
#2965=AXIS2_PLACEMENT_3D('',#4439,#3607,#3608);
#2966=AXIS2_PLACEMENT_3D('',#4440,#3609,#3610);
#2967=AXIS2_PLACEMENT_3D('',#4442,#3611,#3612);
#2968=AXIS2_PLACEMENT_3D('',#4445,#3614,#3615);
#2969=AXIS2_PLACEMENT_3D('',#4446,#3616,#3617);
#2970=AXIS2_PLACEMENT_3D('',#4448,#3618,#3619);
#2971=AXIS2_PLACEMENT_3D('',#4449,#3620,#3621);
#2972=AXIS2_PLACEMENT_3D('',#4452,#3622,#3623);
#2973=AXIS2_PLACEMENT_3D('',#4456,#3625,#3626);
#2974=AXIS2_PLACEMENT_3D('',#4460,#3628,#3629);
#2975=AXIS2_PLACEMENT_3D('',#4464,#3631,#3632);
#2976=AXIS2_PLACEMENT_3D('',#4466,#3634,#3635);
#2977=AXIS2_PLACEMENT_3D('',#4470,#3637,#3638);
#2978=AXIS2_PLACEMENT_3D('',#4472,#3640,#3641);
#2979=AXIS2_PLACEMENT_3D('',#4476,#3644,#3645);
#2980=AXIS2_PLACEMENT_3D('',#4479,#3647,#3648);
#2981=AXIS2_PLACEMENT_3D('',#4480,#3649,#3650);
#2982=AXIS2_PLACEMENT_3D('',#4484,#3653,#3654);
#2983=AXIS2_PLACEMENT_3D('',#4486,#3655,#3656);
#2984=AXIS2_PLACEMENT_3D('',#4488,#3658,#3659);
#2985=AXIS2_PLACEMENT_3D('',#4490,#3660,#3661);
#2986=AXIS2_PLACEMENT_3D('',#4492,#3663,#3664);
#2987=AXIS2_PLACEMENT_3D('',#4498,#3668,#3669);
#2988=AXIS2_PLACEMENT_3D('',#4501,#3671,#3672);
#2989=AXIS2_PLACEMENT_3D('',#4502,#3673,#3674);
#2990=AXIS2_PLACEMENT_3D('',#4504,#3676,#3677);
#2991=AXIS2_PLACEMENT_3D('',#4505,#3678,#3679);
#2992=AXIS2_PLACEMENT_3D('',#4506,#3680,#3681);
#2993=AXIS2_PLACEMENT_3D('',#4507,#3682,#3683);
#2994=AXIS2_PLACEMENT_3D('',#4508,#3684,#3685);
#2995=AXIS2_PLACEMENT_3D('',#4510,#3686,#3687);
#2996=AXIS2_PLACEMENT_3D('',#4512,#3688,#3689);
#2997=AXIS2_PLACEMENT_3D('',#4513,#3690,#3691);
#2998=AXIS2_PLACEMENT_3D('',#4515,#3692,#3693);
#2999=AXIS2_PLACEMENT_3D('',#4517,#3695,#3696);
#3000=AXIS2_PLACEMENT_3D('',#4520,#3698,#3699);
#3001=AXIS2_PLACEMENT_3D('',#4521,#3700,#3701);
#3002=AXIS2_PLACEMENT_3D('',#4522,#3702,#3703);
#3003=AXIS2_PLACEMENT_3D('',#4524,#3704,#3705);
#3004=AXIS2_PLACEMENT_3D('',#4526,#3706,#3707);
#3005=AXIS2_PLACEMENT_3D('',#4527,#3708,#3709);
#3006=AXIS2_PLACEMENT_3D('',#4529,#3710,#3711);
#3007=AXIS2_PLACEMENT_3D('',#4531,#3713,#3714);
#3008=AXIS2_PLACEMENT_3D('',#4534,#3716,#3717);
#3009=AXIS2_PLACEMENT_3D('',#4535,#3718,#3719);
#3010=AXIS2_PLACEMENT_3D('',#4536,#3720,#3721);
#3011=AXIS2_PLACEMENT_3D('',#4538,#3722,#3723);
#3012=AXIS2_PLACEMENT_3D('',#4540,#3724,#3725);
#3013=AXIS2_PLACEMENT_3D('',#4541,#3726,#3727);
#3014=AXIS2_PLACEMENT_3D('',#4543,#3728,#3729);
#3015=AXIS2_PLACEMENT_3D('',#4545,#3731,#3732);
#3016=AXIS2_PLACEMENT_3D('',#4548,#3734,#3735);
#3017=AXIS2_PLACEMENT_3D('',#4549,#3736,#3737);
#3018=AXIS2_PLACEMENT_3D('',#4550,#3738,#3739);
#3019=AXIS2_PLACEMENT_3D('',#4552,#3740,#3741);
#3020=AXIS2_PLACEMENT_3D('',#4554,#3742,#3743);
#3021=AXIS2_PLACEMENT_3D('',#4555,#3744,#3745);
#3022=AXIS2_PLACEMENT_3D('',#4557,#3746,#3747);
#3023=AXIS2_PLACEMENT_3D('',#4559,#3749,#3750);
#3024=AXIS2_PLACEMENT_3D('',#4562,#3752,#3753);
#3025=AXIS2_PLACEMENT_3D('',#4563,#3754,#3755);
#3026=AXIS2_PLACEMENT_3D('',#4564,#3756,#3757);
#3027=AXIS2_PLACEMENT_3D('',#4566,#3758,#3759);
#3028=AXIS2_PLACEMENT_3D('',#4567,#3760,#3761);
#3029=AXIS2_PLACEMENT_3D('',#4570,#3763,#3764);
#3030=AXIS2_PLACEMENT_3D('',#4571,#3765,#3766);
#3031=AXIS2_PLACEMENT_3D('',#4572,#3767,#3768);
#3032=AXIS2_PLACEMENT_3D('',#4574,#3769,#3770);
#3033=AXIS2_PLACEMENT_3D('',#4575,#3771,#3772);
#3034=AXIS2_PLACEMENT_3D('',#4578,#3774,#3775);
#3035=AXIS2_PLACEMENT_3D('',#4579,#3776,#3777);
#3036=AXIS2_PLACEMENT_3D('',#4580,#3778,#3779);
#3037=AXIS2_PLACEMENT_3D('',#4582,#3780,#3781);
#3038=AXIS2_PLACEMENT_3D('',#4585,#3783,#3784);
#3039=AXIS2_PLACEMENT_3D('',#4586,#3785,#3786);
#3040=AXIS2_PLACEMENT_3D('',#4587,#3787,#3788);
#3041=AXIS2_PLACEMENT_3D('',#4588,#3789,#3790);
#3042=AXIS2_PLACEMENT_3D('',#4590,#3791,#3792);
#3043=AXIS2_PLACEMENT_3D('',#4591,#3793,#3794);
#3044=AXIS2_PLACEMENT_3D('',#4594,#3796,#3797);
#3045=AXIS2_PLACEMENT_3D('',#4595,#3798,#3799);
#3046=AXIS2_PLACEMENT_3D('',#4596,#3800,#3801);
#3047=AXIS2_PLACEMENT_3D('',#4598,#3802,#3803);
#3048=AXIS2_PLACEMENT_3D('',#4601,#3805,#3806);
#3049=AXIS2_PLACEMENT_3D('',#4602,#3807,#3808);
#3050=AXIS2_PLACEMENT_3D('',#4604,#3809,#3810);
#3051=AXIS2_PLACEMENT_3D('',#4605,#3811,#3812);
#3052=AXIS2_PLACEMENT_3D('',#4607,#3813,#3814);
#3053=AXIS2_PLACEMENT_3D('',#4610,#3816,#3817);
#3054=AXIS2_PLACEMENT_3D('',#4611,#3818,#3819);
#3055=AXIS2_PLACEMENT_3D('',#4613,#3820,#3821);
#3056=AXIS2_PLACEMENT_3D('',#4614,#3822,#3823);
#3057=AXIS2_PLACEMENT_3D('',#4616,#3824,#3825);
#3058=AXIS2_PLACEMENT_3D('',#4618,#3827,#3828);
#3059=AXIS2_PLACEMENT_3D('',#4620,#3829,#3830);
#3060=AXIS2_PLACEMENT_3D('',#4622,#3832,#3833);
#3061=AXIS2_PLACEMENT_3D('',#4631,#3838,#3839);
#3062=AXIS2_PLACEMENT_3D('',#4633,#3840,#3841);
#3063=AXIS2_PLACEMENT_3D('',#4635,#3842,#3843);
#3064=AXIS2_PLACEMENT_3D('',#4637,#3845,#3846);
#3065=AXIS2_PLACEMENT_3D('',#4643,#3850,#3851);
#3066=AXIS2_PLACEMENT_3D('',#4645,#3852,#3853);
#3067=AXIS2_PLACEMENT_3D('',#4647,#3854,#3855);
#3068=AXIS2_PLACEMENT_3D('',#4649,#3857,#3858);
#3069=AXIS2_PLACEMENT_3D('',#4655,#3862,#3863);
#3070=AXIS2_PLACEMENT_3D('',#4661,#3867,#3868);
#3071=AXIS2_PLACEMENT_3D('',#4663,#3869,#3870);
#3072=AXIS2_PLACEMENT_3D('',#4665,#3871,#3872);
#3073=AXIS2_PLACEMENT_3D('',#4667,#3874,#3875);
#3074=AXIS2_PLACEMENT_3D('',#4673,#3879,#3880);
#3075=AXIS2_PLACEMENT_3D('',#4675,#3881,#3882);
#3076=AXIS2_PLACEMENT_3D('',#4677,#3883,#3884);
#3077=AXIS2_PLACEMENT_3D('',#4679,#3886,#3887);
#3078=AXIS2_PLACEMENT_3D('',#4682,#3890,#3891);
#3079=AXIS2_PLACEMENT_3D('',#4683,#3892,#3893);
#3080=AXIS2_PLACEMENT_3D('',#4684,#3894,#3895);
#3081=AXIS2_PLACEMENT_3D('',#4686,#3896,#3897);
#3082=AXIS2_PLACEMENT_3D('',#4689,#3899,#3900);
#3083=AXIS2_PLACEMENT_3D('',#4690,#3901,#3902);
#3084=AXIS2_PLACEMENT_3D('',#4692,#3903,#3904);
#3085=AXIS2_PLACEMENT_3D('',#4693,#3905,#3906);
#3086=AXIS2_PLACEMENT_3D('',#4695,#3907,#3908);
#3087=AXIS2_PLACEMENT_3D('',#4698,#3910,#3911);
#3088=AXIS2_PLACEMENT_3D('',#4699,#3912,#3913);
#3089=AXIS2_PLACEMENT_3D('',#4701,#3914,#3915);
#3090=AXIS2_PLACEMENT_3D('',#4702,#3916,#3917);
#3091=AXIS2_PLACEMENT_3D('',#4704,#3918,#3919);
#3092=AXIS2_PLACEMENT_3D('',#4706,#3921,#3922);
#3093=AXIS2_PLACEMENT_3D('',#4708,#3923,#3924);
#3094=AXIS2_PLACEMENT_3D('',#4710,#3926,#3927);
#3095=AXIS2_PLACEMENT_3D('',#4719,#3932,#3933);
#3096=AXIS2_PLACEMENT_3D('',#4721,#3934,#3935);
#3097=AXIS2_PLACEMENT_3D('',#4723,#3936,#3937);
#3098=AXIS2_PLACEMENT_3D('',#4725,#3939,#3940);
#3099=AXIS2_PLACEMENT_3D('',#4731,#3944,#3945);
#3100=AXIS2_PLACEMENT_3D('',#4733,#3946,#3947);
#3101=AXIS2_PLACEMENT_3D('',#4735,#3948,#3949);
#3102=AXIS2_PLACEMENT_3D('',#4737,#3951,#3952);
#3103=AXIS2_PLACEMENT_3D('',#4743,#3956,#3957);
#3104=AXIS2_PLACEMENT_3D('',#4745,#3958,#3959);
#3105=AXIS2_PLACEMENT_3D('',#4747,#3960,#3961);
#3106=AXIS2_PLACEMENT_3D('',#4749,#3963,#3964);
#3107=AXIS2_PLACEMENT_3D('',#4755,#3968,#3969);
#3108=AXIS2_PLACEMENT_3D('',#4756,#3970,#3971);
#3109=AXIS2_PLACEMENT_3D('',#4757,#3972,#3973);
#3110=AXIS2_PLACEMENT_3D('',#4758,#3974,#3975);
#3111=AXIS2_PLACEMENT_3D('',#4759,#3976,#3977);
#3112=AXIS2_PLACEMENT_3D('',#4760,#3978,#3979);
#3113=DIRECTION('axis',(0.,0.,1.));
#3114=DIRECTION('refdir',(1.,0.,0.));
#3115=DIRECTION('axis',(0.,0.,1.));
#3116=DIRECTION('refdir',(1.,0.,0.));
#3117=DIRECTION('axis',(0.,0.,1.));
#3118=DIRECTION('refdir',(1.,0.,0.));
#3119=DIRECTION('center_axis',(0.,-1.,3.06128150805946E-9));
#3120=DIRECTION('ref_axis',(0.,3.06128150805946E-9,1.));
#3121=DIRECTION('',(0.,-3.06128150805946E-9,-1.));
#3122=DIRECTION('',(-1.,0.,0.));
#3123=DIRECTION('',(0.,3.06128150805946E-9,1.));
#3124=DIRECTION('',(-1.,0.,0.));
#3125=DIRECTION('center_axis',(0.,0.999999999999999,3.85610217894723E-8));
#3126=DIRECTION('ref_axis',(0.,3.85610217894723E-8,-0.999999999999999));
#3127=DIRECTION('',(0.,-3.85610217894723E-8,0.999999999999999));
#3128=DIRECTION('',(-1.,0.,0.));
#3129=DIRECTION('',(0.,-3.85610217894723E-8,0.999999999999999));
#3130=DIRECTION('',(-1.,0.,0.));
#3131=DIRECTION('center_axis',(-1.,0.,0.));
#3132=DIRECTION('ref_axis',(0.,0.,1.));
#3133=DIRECTION('center_axis',(-1.,4.94118750705643E-16,0.));
#3134=DIRECTION('ref_axis',(0.,0.,1.));
#3135=DIRECTION('',(-1.,0.,0.));
#3136=DIRECTION('center_axis',(1.,0.,0.));
#3137=DIRECTION('ref_axis',(0.,0.,1.));
#3138=DIRECTION('center_axis',(0.,0.,1.));
#3139=DIRECTION('ref_axis',(1.,0.,0.));
#3140=DIRECTION('',(-4.94118750705643E-16,-1.,0.));
#3141=DIRECTION('',(-1.,0.,0.));
#3142=DIRECTION('',(0.,1.,0.));
#3143=DIRECTION('center_axis',(1.,-4.94118750705643E-16,0.));
#3144=DIRECTION('ref_axis',(4.94118750705643E-16,1.,0.));
#3145=DIRECTION('',(-4.94118750705643E-16,-1.,0.));
#3146=DIRECTION('',(0.,0.,1.));
#3147=DIRECTION('',(4.94118750705643E-16,1.,0.));
#3148=DIRECTION('',(0.,0.,1.));
#3149=DIRECTION('',(-4.94118750705643E-16,-1.,0.));
#3150=DIRECTION('center_axis',(-1.,4.94118750705643E-16,0.));
#3151=DIRECTION('ref_axis',(0.,0.,-1.));
#3152=DIRECTION('',(-4.94118750705643E-16,-1.,3.2452672543922E-15));
#3153=DIRECTION('center_axis',(-1.,4.94118750705643E-16,0.));
#3154=DIRECTION('ref_axis',(0.,1.1842378929335E-14,1.));
#3155=DIRECTION('center_axis',(-1.,4.94118750705643E-16,0.));
#3156=DIRECTION('ref_axis',(0.,0.,-1.));
#3157=DIRECTION('',(-4.94118750705643E-16,-1.,0.));
#3158=DIRECTION('',(-3.11566313293661E-16,-0.630549463764971,-0.77614906670414));
#3159=DIRECTION('center_axis',(-1.,4.94118750705643E-16,0.));
#3160=DIRECTION('ref_axis',(0.,-1.42108547152021E-14,-1.));
#3161=DIRECTION('',(-3.86078701468568E-16,-0.781348007775894,-0.624095578212698));
#3162=DIRECTION('',(-4.32017706274523E-16,-0.874319595557881,-0.485350641107544));
#3163=DIRECTION('',(-4.7116535791201E-16,-0.953546808817004,-0.301244889408781));
#3164=DIRECTION('',(-4.91875538511695E-16,-0.995460175937981,-0.0951789794099702));
#3165=DIRECTION('',(-4.94118750705643E-16,-1.,-5.1644719708015E-11));
#3166=DIRECTION('',(-4.91875538432791E-16,-0.995460175778296,0.0951789810800923));
#3167=DIRECTION('',(-4.71218449091306E-16,-0.953654255011303,0.300904572744975));
#3168=DIRECTION('center_axis',(-1.,4.94118750705643E-16,0.));
#3169=DIRECTION('ref_axis',(0.,-1.,1.06581410364017E-14));
#3170=DIRECTION('',(-4.32017706168598E-16,-0.87431959534351,0.485350641493716));
#3171=DIRECTION('center_axis',(-1.,4.94118750705643E-16,0.));
#3172=DIRECTION('ref_axis',(0.,-1.,1.06581410364017E-14));
#3173=DIRECTION('',(-3.85841920378985E-16,-0.780868809022063,0.624695048080633));
#3174=DIRECTION('center_axis',(-1.,4.94118750705643E-16,0.));
#3175=DIRECTION('ref_axis',(0.,-1.,1.06581410364017E-14));
#3176=DIRECTION('',(-4.94118750705643E-16,-1.,0.));
#3177=DIRECTION('center_axis',(0.,-3.2452672543922E-15,-1.));
#3178=DIRECTION('ref_axis',(-4.94118750705643E-16,-1.,3.2452672543922E-15));
#3179=DIRECTION('',(0.,1.,-3.2452672543922E-15));
#3180=DIRECTION('',(-1.,0.,0.));
#3181=DIRECTION('',(-1.,0.,0.));
#3182=DIRECTION('center_axis',(-1.,0.,0.));
#3183=DIRECTION('ref_axis',(0.,0.,-1.));
#3184=DIRECTION('center_axis',(1.,0.,0.));
#3185=DIRECTION('ref_axis',(0.,0.,-1.));
#3186=DIRECTION('',(-1.,0.,0.));
#3187=DIRECTION('center_axis',(-1.,0.,0.));
#3188=DIRECTION('ref_axis',(0.,1.1842378929335E-14,1.));
#3189=DIRECTION('center_axis',(1.,0.,0.));
#3190=DIRECTION('ref_axis',(0.,1.1842378929335E-14,1.));
#3191=DIRECTION('center_axis',(0.,0.,1.));
#3192=DIRECTION('ref_axis',(1.,0.,0.));
#3193=DIRECTION('',(0.,1.,0.));
#3194=DIRECTION('center_axis',(0.,0.,1.));
#3195=DIRECTION('ref_axis',(5.92118946466745E-15,-1.,0.));
#3196=DIRECTION('',(1.,0.,0.));
#3197=DIRECTION('center_axis',(0.,0.,1.));
#3198=DIRECTION('ref_axis',(-1.,5.92118946466754E-15,0.));
#3199=DIRECTION('',(0.,-1.,0.));
#3200=DIRECTION('center_axis',(0.,0.,1.));
#3201=DIRECTION('ref_axis',(-7.40148683083438E-16,1.,0.));
#3202=DIRECTION('',(-1.,0.,0.));
#3203=DIRECTION('center_axis',(0.,0.,1.));
#3204=DIRECTION('ref_axis',(1.,8.14163551391775E-15,0.));
#3205=DIRECTION('',(0.,1.,0.));
#3206=DIRECTION('center_axis',(0.,0.,-1.));
#3207=DIRECTION('ref_axis',(1.,-1.1842378929335E-15,0.));
#3208=DIRECTION('',(1.,0.,0.));
#3209=DIRECTION('center_axis',(0.,0.,-1.));
#3210=DIRECTION('ref_axis',(-5.9211894646675E-16,1.,0.));
#3211=DIRECTION('',(0.,1.,0.));
#3212=DIRECTION('center_axis',(0.,0.,-1.));
#3213=DIRECTION('ref_axis',(-1.,0.,0.));
#3214=DIRECTION('',(-1.,1.13280836820324E-16,0.));
#3215=DIRECTION('center_axis',(0.,0.,-1.));
#3216=DIRECTION('ref_axis',(-4.73695157173401E-15,-1.,0.));
#3217=DIRECTION('center_axis',(0.,0.,1.));
#3218=DIRECTION('ref_axis',(1.,0.,0.));
#3219=DIRECTION('center_axis',(0.,0.,1.));
#3220=DIRECTION('ref_axis',(1.,0.,0.));
#3221=DIRECTION('center_axis',(0.,0.,1.));
#3222=DIRECTION('ref_axis',(1.,0.,0.));
#3223=DIRECTION('center_axis',(0.,0.,1.));
#3224=DIRECTION('ref_axis',(1.,0.,0.));
#3225=DIRECTION('center_axis',(0.,0.,-1.));
#3226=DIRECTION('ref_axis',(-4.94118750705643E-16,-1.,0.));
#3227=DIRECTION('',(0.,1.,0.));
#3228=DIRECTION('',(1.,0.,0.));
#3229=DIRECTION('center_axis',(0.,0.,-1.));
#3230=DIRECTION('ref_axis',(-4.94118750705643E-16,-1.,0.));
#3231=DIRECTION('',(0.,1.,0.));
#3232=DIRECTION('',(-1.,0.,0.));
#3233=DIRECTION('',(-1.,0.,0.));
#3234=DIRECTION('center_axis',(-1.,0.,0.));
#3235=DIRECTION('ref_axis',(0.,0.,-1.));
#3236=DIRECTION('center_axis',(1.,0.,0.));
#3237=DIRECTION('ref_axis',(0.,0.,-1.));
#3238=DIRECTION('center_axis',(-1.,0.,0.));
#3239=DIRECTION('ref_axis',(0.,-1.42108547152021E-14,-1.));
#3240=DIRECTION('center_axis',(1.,0.,0.));
#3241=DIRECTION('ref_axis',(0.,-1.42108547152021E-14,-1.));
#3242=DIRECTION('',(-1.,0.,0.));
#3243=DIRECTION('',(-1.,0.,0.));
#3244=DIRECTION('center_axis',(0.,0.77614906670414,-0.630549463764971));
#3245=DIRECTION('ref_axis',(0.,-0.630549463764971,-0.77614906670414));
#3246=DIRECTION('',(0.,0.630549463764971,0.77614906670414));
#3247=DIRECTION('center_axis',(0.,0.624095578212698,-0.781348007775894));
#3248=DIRECTION('ref_axis',(0.,-0.781348007775894,-0.624095578212698));
#3249=DIRECTION('',(0.,0.781348007775894,0.624095578212698));
#3250=DIRECTION('',(-1.,0.,0.));
#3251=DIRECTION('center_axis',(-1.,0.,0.));
#3252=DIRECTION('ref_axis',(0.,-1.,1.06581410364017E-14));
#3253=DIRECTION('',(-1.,0.,0.));
#3254=DIRECTION('center_axis',(1.,0.,0.));
#3255=DIRECTION('ref_axis',(0.,-1.,1.06581410364017E-14));
#3256=DIRECTION('center_axis',(0.,-0.624695048080633,-0.780868809022064));
#3257=DIRECTION('ref_axis',(0.,-0.780868809022063,0.624695048080633));
#3258=DIRECTION('',(0.,0.780868809022063,-0.624695048080633));
#3259=DIRECTION('',(-1.,0.,0.));
#3260=DIRECTION('center_axis',(-1.,0.,0.));
#3261=DIRECTION('ref_axis',(0.,-1.,1.06581410364017E-14));
#3262=DIRECTION('center_axis',(1.,0.,0.));
#3263=DIRECTION('ref_axis',(0.,-1.,1.06581410364017E-14));
#3264=DIRECTION('',(-1.,0.,0.));
#3265=DIRECTION('center_axis',(0.,-0.485350641493716,-0.87431959534351));
#3266=DIRECTION('ref_axis',(0.,-0.87431959534351,0.485350641493716));
#3267=DIRECTION('',(0.,0.87431959534351,-0.485350641493716));
#3268=DIRECTION('',(-1.,0.,0.));
#3269=DIRECTION('center_axis',(-1.,0.,0.));
#3270=DIRECTION('ref_axis',(0.,-1.,1.06581410364017E-14));
#3271=DIRECTION('center_axis',(1.,0.,0.));
#3272=DIRECTION('ref_axis',(0.,-1.,1.06581410364017E-14));
#3273=DIRECTION('',(-1.,0.,0.));
#3274=DIRECTION('center_axis',(0.,-0.300904572744975,-0.953654255011303));
#3275=DIRECTION('ref_axis',(0.,-0.953654255011303,0.300904572744975));
#3276=DIRECTION('',(0.,0.953654255011303,-0.300904572744975));
#3277=DIRECTION('',(-1.,0.,0.));
#3278=DIRECTION('center_axis',(0.,-0.0951789810800923,-0.995460175778296));
#3279=DIRECTION('ref_axis',(0.,-0.995460175778296,0.0951789810800923));
#3280=DIRECTION('',(0.,0.995460175778296,-0.0951789810800923));
#3281=DIRECTION('',(-1.,0.,0.));
#3282=DIRECTION('center_axis',(0.,5.1644719708015E-11,-1.));
#3283=DIRECTION('ref_axis',(-2.38713849421092E-33,-1.,-5.1644719708015E-11));
#3284=DIRECTION('',(0.,1.,5.1644719708015E-11));
#3285=DIRECTION('',(-1.,0.,0.));
#3286=DIRECTION('center_axis',(0.,0.0951789794099702,-0.995460175937981));
#3287=DIRECTION('ref_axis',(6.05382137789844E-32,-0.995460175937981,-0.0951789794099702));
#3288=DIRECTION('',(0.,0.995460175937981,0.0951789794099702));
#3289=DIRECTION('',(-1.,0.,0.));
#3290=DIRECTION('center_axis',(0.,0.301244889408781,-0.953546808817004));
#3291=DIRECTION('ref_axis',(0.,-0.953546808817004,-0.301244889408781));
#3292=DIRECTION('',(0.,0.953546808817004,0.301244889408781));
#3293=DIRECTION('',(-1.,0.,0.));
#3294=DIRECTION('center_axis',(0.,0.485350641107544,-0.874319595557881));
#3295=DIRECTION('ref_axis',(0.,-0.874319595557881,-0.485350641107544));
#3296=DIRECTION('',(0.,0.874319595557881,0.485350641107544));
#3297=DIRECTION('center_axis',(-1.,0.,0.));
#3298=DIRECTION('ref_axis',(0.,-1.,0.));
#3299=DIRECTION('',(0.,0.,1.));
#3300=DIRECTION('',(0.,-1.,0.));
#3301=DIRECTION('',(0.,0.,1.));
#3302=DIRECTION('center_axis',(0.,0.,1.));
#3303=DIRECTION('ref_axis',(-1.,5.92118946466754E-15,0.));
#3304=DIRECTION('',(0.,0.,1.));
#3305=DIRECTION('center_axis',(0.,0.,-1.));
#3306=DIRECTION('ref_axis',(-1.,5.92118946466754E-15,0.));
#3307=DIRECTION('',(0.,0.,1.));
#3308=DIRECTION('center_axis',(0.,1.,0.));
#3309=DIRECTION('ref_axis',(-1.,0.,0.));
#3310=DIRECTION('',(0.,0.,1.));
#3311=DIRECTION('',(-1.,0.,0.));
#3312=DIRECTION('center_axis',(0.,0.,1.));
#3313=DIRECTION('ref_axis',(5.92118946466745E-15,-1.,0.));
#3314=DIRECTION('center_axis',(0.,0.,-1.));
#3315=DIRECTION('ref_axis',(5.92118946466745E-15,-1.,0.));
#3316=DIRECTION('center_axis',(0.,0.,1.));
#3317=DIRECTION('ref_axis',(1.,-1.1842378929335E-15,0.));
#3318=DIRECTION('center_axis',(0.,0.,1.));
#3319=DIRECTION('ref_axis',(1.,-1.1842378929335E-15,0.));
#3320=DIRECTION('',(0.,0.,1.));
#3321=DIRECTION('center_axis',(0.,0.,1.));
#3322=DIRECTION('ref_axis',(-4.73695157173401E-15,-1.,0.));
#3323=DIRECTION('',(0.,0.,1.));
#3324=DIRECTION('center_axis',(0.,0.,1.));
#3325=DIRECTION('ref_axis',(-4.73695157173401E-15,-1.,0.));
#3326=DIRECTION('center_axis',(-1.13280836820324E-16,-1.,0.));
#3327=DIRECTION('ref_axis',(1.,-1.13280836820324E-16,0.));
#3328=DIRECTION('',(0.,0.,1.));
#3329=DIRECTION('',(1.,-1.13280836820324E-16,0.));
#3330=DIRECTION('center_axis',(0.,0.,1.));
#3331=DIRECTION('ref_axis',(1.,0.,0.));
#3332=DIRECTION('center_axis',(0.,0.,1.));
#3333=DIRECTION('ref_axis',(1.,0.,0.));
#3334=DIRECTION('',(0.,0.,1.));
#3335=DIRECTION('center_axis',(0.,0.,1.));
#3336=DIRECTION('ref_axis',(1.,0.,0.));
#3337=DIRECTION('center_axis',(0.,0.,1.));
#3338=DIRECTION('ref_axis',(1.,0.,0.));
#3339=DIRECTION('',(0.,0.,1.));
#3340=DIRECTION('center_axis',(0.,0.,1.));
#3341=DIRECTION('ref_axis',(1.,0.,0.));
#3342=DIRECTION('center_axis',(0.,0.,1.));
#3343=DIRECTION('ref_axis',(1.,0.,0.));
#3344=DIRECTION('',(0.,0.,1.));
#3345=DIRECTION('center_axis',(0.,0.,1.));
#3346=DIRECTION('ref_axis',(1.,0.,0.));
#3347=DIRECTION('center_axis',(0.,0.,1.));
#3348=DIRECTION('ref_axis',(1.,0.,0.));
#3349=DIRECTION('',(0.,0.,1.));
#3350=DIRECTION('center_axis',(0.,0.,1.));
#3351=DIRECTION('ref_axis',(1.,0.,0.));
#3352=DIRECTION('center_axis',(0.,0.,-1.));
#3353=DIRECTION('ref_axis',(1.,8.14163551391775E-15,0.));
#3354=DIRECTION('',(1.,0.,0.));
#3355=DIRECTION('center_axis',(0.,0.,-1.));
#3356=DIRECTION('ref_axis',(-7.40148683083438E-16,1.,0.));
#3357=DIRECTION('',(0.,1.,0.));
#3358=DIRECTION('center_axis',(0.,0.,1.));
#3359=DIRECTION('ref_axis',(-7.40148683083438E-16,1.,0.));
#3360=DIRECTION('',(0.,0.,1.));
#3361=DIRECTION('',(0.,0.,1.));
#3362=DIRECTION('center_axis',(0.,-1.,0.));
#3363=DIRECTION('ref_axis',(1.,0.,0.));
#3364=DIRECTION('',(0.,0.,1.));
#3365=DIRECTION('center_axis',(0.,0.,1.));
#3366=DIRECTION('ref_axis',(1.,8.14163551391775E-15,0.));
#3367=DIRECTION('center_axis',(1.,0.,0.));
#3368=DIRECTION('ref_axis',(0.,1.,0.));
#3369=DIRECTION('center_axis',(-1.,0.,0.));
#3370=DIRECTION('ref_axis',(0.,-1.,0.));
#3371=DIRECTION('',(0.,0.,1.));
#3372=DIRECTION('',(0.,-1.,0.));
#3373=DIRECTION('',(0.,0.,1.));
#3374=DIRECTION('center_axis',(0.,0.,1.));
#3375=DIRECTION('ref_axis',(-5.9211894646675E-16,1.,0.));
#3376=DIRECTION('',(0.,0.,1.));
#3377=DIRECTION('center_axis',(0.,0.,1.));
#3378=DIRECTION('ref_axis',(-5.9211894646675E-16,1.,0.));
#3379=DIRECTION('center_axis',(0.,1.,0.));
#3380=DIRECTION('ref_axis',(-1.,0.,0.));
#3381=DIRECTION('',(-1.,0.,0.));
#3382=DIRECTION('center_axis',(0.,0.,1.));
#3383=DIRECTION('ref_axis',(-1.,0.,0.));
#3384=DIRECTION('center_axis',(0.,0.,1.));
#3385=DIRECTION('ref_axis',(-1.,0.,0.));
#3386=DIRECTION('center_axis',(0.,0.,1.));
#3387=DIRECTION('ref_axis',(1.,0.,0.));
#3388=DIRECTION('center_axis',(0.,0.,1.));
#3389=DIRECTION('ref_axis',(-1.,0.,0.));
#3390=DIRECTION('center_axis',(0.,0.,-1.));
#3391=DIRECTION('ref_axis',(-1.,0.,0.));
#3392=DIRECTION('center_axis',(0.,0.,1.));
#3393=DIRECTION('ref_axis',(-1.,0.,0.));
#3394=DIRECTION('center_axis',(0.,0.,1.));
#3395=DIRECTION('ref_axis',(-1.,0.,0.));
#3396=DIRECTION('center_axis',(0.,0.,-1.));
#3397=DIRECTION('ref_axis',(-1.,0.,0.));
#3398=DIRECTION('',(0.,0.,1.));
#3399=DIRECTION('center_axis',(0.,0.,1.));
#3400=DIRECTION('ref_axis',(-1.,0.,0.));
#3401=DIRECTION('',(0.,0.,-1.));
#3402=DIRECTION('center_axis',(0.,0.,1.));
#3403=DIRECTION('ref_axis',(-1.,0.,0.));
#3404=DIRECTION('center_axis',(0.,0.,1.));
#3405=DIRECTION('ref_axis',(-1.,0.,0.));
#3406=DIRECTION('center_axis',(0.,0.,1.));
#3407=DIRECTION('ref_axis',(-1.,0.,0.));
#3408=DIRECTION('center_axis',(0.,0.,-1.));
#3409=DIRECTION('ref_axis',(-1.,0.,0.));
#3410=DIRECTION('center_axis',(0.,0.,1.));
#3411=DIRECTION('ref_axis',(-1.,0.,0.));
#3412=DIRECTION('center_axis',(0.,0.,1.));
#3413=DIRECTION('ref_axis',(-1.,0.,0.));
#3414=DIRECTION('center_axis',(0.,0.,-1.));
#3415=DIRECTION('ref_axis',(-1.,0.,0.));
#3416=DIRECTION('',(0.,0.,1.));
#3417=DIRECTION('center_axis',(0.,0.,1.));
#3418=DIRECTION('ref_axis',(-1.,0.,0.));
#3419=DIRECTION('',(0.,0.,-1.));
#3420=DIRECTION('center_axis',(0.,0.,1.));
#3421=DIRECTION('ref_axis',(-1.,0.,0.));
#3422=DIRECTION('center_axis',(0.,0.,1.));
#3423=DIRECTION('ref_axis',(-1.,0.,0.));
#3424=DIRECTION('center_axis',(0.,0.,1.));
#3425=DIRECTION('ref_axis',(-1.,0.,0.));
#3426=DIRECTION('center_axis',(0.,0.,-1.));
#3427=DIRECTION('ref_axis',(-1.,0.,0.));
#3428=DIRECTION('center_axis',(0.,0.,1.));
#3429=DIRECTION('ref_axis',(-1.,0.,0.));
#3430=DIRECTION('center_axis',(0.,0.,1.));
#3431=DIRECTION('ref_axis',(-1.,0.,0.));
#3432=DIRECTION('center_axis',(0.,0.,-1.));
#3433=DIRECTION('ref_axis',(-1.,0.,0.));
#3434=DIRECTION('',(0.,0.,1.));
#3435=DIRECTION('center_axis',(0.,0.,1.));
#3436=DIRECTION('ref_axis',(-1.,0.,0.));
#3437=DIRECTION('',(0.,0.,-1.));
#3438=DIRECTION('center_axis',(0.,0.,1.));
#3439=DIRECTION('ref_axis',(-1.,0.,0.));
#3440=DIRECTION('center_axis',(0.,0.,1.));
#3441=DIRECTION('ref_axis',(-1.,0.,0.));
#3442=DIRECTION('center_axis',(0.,0.,1.));
#3443=DIRECTION('ref_axis',(-1.,0.,0.));
#3444=DIRECTION('center_axis',(0.,0.,-1.));
#3445=DIRECTION('ref_axis',(-1.,0.,0.));
#3446=DIRECTION('center_axis',(0.,0.,1.));
#3447=DIRECTION('ref_axis',(-1.,0.,0.));
#3448=DIRECTION('center_axis',(0.,0.,1.));
#3449=DIRECTION('ref_axis',(-1.,0.,0.));
#3450=DIRECTION('center_axis',(0.,0.,-1.));
#3451=DIRECTION('ref_axis',(-1.,0.,0.));
#3452=DIRECTION('',(0.,0.,1.));
#3453=DIRECTION('center_axis',(0.,0.,1.));
#3454=DIRECTION('ref_axis',(-1.,0.,0.));
#3455=DIRECTION('',(0.,0.,-1.));
#3456=DIRECTION('center_axis',(0.,0.,1.));
#3457=DIRECTION('ref_axis',(-1.,0.,0.));
#3458=DIRECTION('center_axis',(0.,0.,1.));
#3459=DIRECTION('ref_axis',(-1.,0.,0.));
#3460=DIRECTION('center_axis',(0.,0.,1.));
#3461=DIRECTION('ref_axis',(-1.,0.,0.));
#3462=DIRECTION('center_axis',(0.,0.,1.));
#3463=DIRECTION('ref_axis',(-1.,0.,0.));
#3464=DIRECTION('',(0.,0.,-1.));
#3465=DIRECTION('center_axis',(0.,0.,1.));
#3466=DIRECTION('ref_axis',(-1.,0.,0.));
#3467=DIRECTION('center_axis',(0.,0.,1.));
#3468=DIRECTION('ref_axis',(-1.,0.,0.));
#3469=DIRECTION('center_axis',(0.,0.,1.));
#3470=DIRECTION('ref_axis',(-1.,0.,0.));
#3471=DIRECTION('center_axis',(0.,0.,1.));
#3472=DIRECTION('ref_axis',(-1.,0.,0.));
#3473=DIRECTION('center_axis',(0.,0.,1.));
#3474=DIRECTION('ref_axis',(-1.,0.,0.));
#3475=DIRECTION('',(0.,0.,-1.));
#3476=DIRECTION('center_axis',(0.,0.,1.));
#3477=DIRECTION('ref_axis',(-1.,0.,0.));
#3478=DIRECTION('center_axis',(0.,0.,1.));
#3479=DIRECTION('ref_axis',(-1.,0.,0.));
#3480=DIRECTION('center_axis',(0.,0.,1.));
#3481=DIRECTION('ref_axis',(-1.,0.,0.));
#3482=DIRECTION('center_axis',(0.,0.,1.));
#3483=DIRECTION('ref_axis',(-1.,0.,0.));
#3484=DIRECTION('center_axis',(0.,0.,1.));
#3485=DIRECTION('ref_axis',(-1.,0.,0.));
#3486=DIRECTION('center_axis',(0.,0.,1.));
#3487=DIRECTION('ref_axis',(-1.,0.,0.));
#3488=DIRECTION('',(0.,0.,-1.));
#3489=DIRECTION('center_axis',(0.,0.,1.));
#3490=DIRECTION('ref_axis',(-1.,0.,0.));
#3491=DIRECTION('center_axis',(0.,0.,1.));
#3492=DIRECTION('ref_axis',(-1.,0.,0.));
#3493=DIRECTION('center_axis',(0.,0.,1.));
#3494=DIRECTION('ref_axis',(-1.,0.,0.));
#3495=DIRECTION('center_axis',(0.,0.,1.));
#3496=DIRECTION('ref_axis',(-1.,0.,0.));
#3497=DIRECTION('',(0.,0.,-1.));
#3498=DIRECTION('center_axis',(0.,0.,1.));
#3499=DIRECTION('ref_axis',(-1.,0.,0.));
#3500=DIRECTION('center_axis',(0.,0.,1.));
#3501=DIRECTION('ref_axis',(-1.,0.,0.));
#3502=DIRECTION('center_axis',(0.,0.,1.));
#3503=DIRECTION('ref_axis',(-1.,0.,0.));
#3504=DIRECTION('center_axis',(0.,0.,-1.));
#3505=DIRECTION('ref_axis',(-1.,0.,0.));
#3506=DIRECTION('center_axis',(0.,0.,-1.));
#3507=DIRECTION('ref_axis',(-1.,0.,0.));
#3508=DIRECTION('',(0.,0.,-1.));
#3509=DIRECTION('center_axis',(0.,0.,-1.));
#3510=DIRECTION('ref_axis',(-1.,0.,0.));
#3511=DIRECTION('center_axis',(0.,0.,1.));
#3512=DIRECTION('ref_axis',(-1.,0.,0.));
#3513=DIRECTION('center_axis',(0.,0.,1.));
#3514=DIRECTION('ref_axis',(-1.,0.,0.));
#3515=DIRECTION('center_axis',(0.,0.,-1.));
#3516=DIRECTION('ref_axis',(-1.,0.,0.));
#3517=DIRECTION('center_axis',(0.,0.,-1.));
#3518=DIRECTION('ref_axis',(-1.,0.,0.));
#3519=DIRECTION('',(0.,0.,-1.));
#3520=DIRECTION('center_axis',(0.,0.,-1.));
#3521=DIRECTION('ref_axis',(-1.,0.,0.));
#3522=DIRECTION('center_axis',(0.,0.,1.));
#3523=DIRECTION('ref_axis',(-1.,0.,0.));
#3524=DIRECTION('center_axis',(0.,0.,1.));
#3525=DIRECTION('ref_axis',(-1.,0.,0.));
#3526=DIRECTION('center_axis',(0.,0.,1.));
#3527=DIRECTION('ref_axis',(-1.,0.,0.));
#3528=DIRECTION('',(1.,0.,0.));
#3529=DIRECTION('center_axis',(0.,0.,1.));
#3530=DIRECTION('ref_axis',(1.,8.88178419700118E-15,0.));
#3531=DIRECTION('',(-1.,0.,0.));
#3532=DIRECTION('center_axis',(0.,0.,1.));
#3533=DIRECTION('ref_axis',(-1.48029736616687E-15,1.,0.));
#3534=DIRECTION('',(1.,0.,0.));
#3535=DIRECTION('',(0.,1.,0.));
#3536=DIRECTION('center_axis',(0.,0.,-1.));
#3537=DIRECTION('ref_axis',(0.,1.,0.));
#3538=DIRECTION('',(1.,0.,0.));
#3539=DIRECTION('center_axis',(0.,0.,-1.));
#3540=DIRECTION('ref_axis',(1.,-4.84460956200071E-15,0.));
#3541=DIRECTION('',(0.,-1.,0.));
#3542=DIRECTION('center_axis',(1.,0.,0.));
#3543=DIRECTION('ref_axis',(0.,1.,0.));
#3544=DIRECTION('',(0.,0.,1.));
#3545=DIRECTION('',(0.,1.,0.));
#3546=DIRECTION('',(0.,0.,1.));
#3547=DIRECTION('center_axis',(0.,-1.,0.));
#3548=DIRECTION('ref_axis',(1.,0.,0.));
#3549=DIRECTION('',(0.,0.,1.));
#3550=DIRECTION('',(1.,0.,0.));
#3551=DIRECTION('center_axis',(0.,0.,1.));
#3552=DIRECTION('ref_axis',(-1.48029736616687E-15,1.,0.));
#3553=DIRECTION('',(0.,0.,1.));
#3554=DIRECTION('center_axis',(0.,0.,1.));
#3555=DIRECTION('ref_axis',(-1.48029736616687E-15,1.,0.));
#3556=DIRECTION('center_axis',(0.,1.,0.));
#3557=DIRECTION('ref_axis',(-1.,0.,0.));
#3558=DIRECTION('',(0.,0.,1.));
#3559=DIRECTION('',(-1.,0.,0.));
#3560=DIRECTION('center_axis',(0.,0.,1.));
#3561=DIRECTION('ref_axis',(1.,8.88178419700118E-15,0.));
#3562=DIRECTION('',(0.,0.,1.));
#3563=DIRECTION('center_axis',(0.,0.,1.));
#3564=DIRECTION('ref_axis',(1.,8.88178419700118E-15,0.));
#3565=DIRECTION('center_axis',(0.,0.,1.));
#3566=DIRECTION('ref_axis',(-1.,0.,0.));
#3567=DIRECTION('center_axis',(0.,0.,-1.));
#3568=DIRECTION('ref_axis',(-1.,0.,0.));
#3569=DIRECTION('',(0.,0.,1.));
#3570=DIRECTION('center_axis',(0.,0.,1.));
#3571=DIRECTION('ref_axis',(-1.,0.,0.));
#3572=DIRECTION('center_axis',(0.,0.,-1.));
#3573=DIRECTION('ref_axis',(-1.,0.,0.));
#3574=DIRECTION('',(0.,0.,1.));
#3575=DIRECTION('center_axis',(-1.,0.,0.));
#3576=DIRECTION('ref_axis',(0.,-1.,0.));
#3577=DIRECTION('',(0.,0.,1.));
#3578=DIRECTION('',(0.,-1.,0.));
#3579=DIRECTION('',(0.,0.,1.));
#3580=DIRECTION('center_axis',(0.,0.,1.));
#3581=DIRECTION('ref_axis',(1.,-4.84460956200071E-15,0.));
#3582=DIRECTION('',(0.,0.,1.));
#3583=DIRECTION('center_axis',(0.,0.,1.));
#3584=DIRECTION('ref_axis',(1.,-4.84460956200071E-15,0.));
#3585=DIRECTION('center_axis',(0.,-1.,0.));
#3586=DIRECTION('ref_axis',(1.,0.,0.));
#3587=DIRECTION('',(0.,0.,1.));
#3588=DIRECTION('',(1.,0.,0.));
#3589=DIRECTION('center_axis',(0.,0.,1.));
#3590=DIRECTION('ref_axis',(0.,1.,0.));
#3591=DIRECTION('center_axis',(0.,0.,1.));
#3592=DIRECTION('ref_axis',(0.,1.,0.));
#3593=DIRECTION('center_axis',(0.,-1.,0.));
#3594=DIRECTION('ref_axis',(1.,0.,0.));
#3595=DIRECTION('',(1.,0.,0.));
#3596=DIRECTION('center_axis',(0.,0.,1.));
#3597=DIRECTION('ref_axis',(-1.,0.,0.));
#3598=DIRECTION('center_axis',(0.,0.,-1.));
#3599=DIRECTION('ref_axis',(-1.,0.,0.));
#3600=DIRECTION('center_axis',(0.,0.,-1.));
#3601=DIRECTION('ref_axis',(-1.,0.,0.));
#3602=DIRECTION('',(0.,0.,-1.));
#3603=DIRECTION('center_axis',(0.,0.,-1.));
#3604=DIRECTION('ref_axis',(-1.,0.,0.));
#3605=DIRECTION('center_axis',(0.,0.,1.));
#3606=DIRECTION('ref_axis',(-1.,0.,0.));
#3607=DIRECTION('center_axis',(0.,0.,1.));
#3608=DIRECTION('ref_axis',(-1.,0.,0.));
#3609=DIRECTION('center_axis',(0.,0.,-1.));
#3610=DIRECTION('ref_axis',(-1.,0.,0.));
#3611=DIRECTION('center_axis',(0.,0.,-1.));
#3612=DIRECTION('ref_axis',(-1.,0.,0.));
#3613=DIRECTION('',(0.,0.,-1.));
#3614=DIRECTION('center_axis',(0.,0.,-1.));
#3615=DIRECTION('ref_axis',(-1.,0.,0.));
#3616=DIRECTION('center_axis',(0.,0.,1.));
#3617=DIRECTION('ref_axis',(-1.,0.,0.));
#3618=DIRECTION('center_axis',(0.,0.,1.));
#3619=DIRECTION('ref_axis',(-1.,0.,0.));
#3620=DIRECTION('center_axis',(0.,0.,1.));
#3621=DIRECTION('ref_axis',(-1.,0.,0.));
#3622=DIRECTION('center_axis',(0.,0.,-1.));
#3623=DIRECTION('ref_axis',(5.92118946466745E-15,-1.,0.));
#3624=DIRECTION('',(1.,0.,0.));
#3625=DIRECTION('center_axis',(0.,0.,1.));
#3626=DIRECTION('ref_axis',(-1.01506105108586E-14,-1.,0.));
#3627=DIRECTION('',(1.,0.,0.));
#3628=DIRECTION('center_axis',(0.,0.,1.));
#3629=DIRECTION('ref_axis',(-1.,1.01506105108586E-14,0.));
#3630=DIRECTION('',(1.,0.,0.));
#3631=DIRECTION('center_axis',(0.,0.,-1.));
#3632=DIRECTION('ref_axis',(-1.,-5.92118946466749E-15,0.));
#3633=DIRECTION('',(-1.,0.,0.));
#3634=DIRECTION('center_axis',(0.,0.,1.));
#3635=DIRECTION('ref_axis',(-1.,1.01506105108586E-14,0.));
#3636=DIRECTION('',(0.,0.,1.));
#3637=DIRECTION('center_axis',(0.,0.,1.));
#3638=DIRECTION('ref_axis',(-1.,1.01506105108586E-14,0.));
#3639=DIRECTION('',(0.,0.,1.));
#3640=DIRECTION('center_axis',(0.,1.,0.));
#3641=DIRECTION('ref_axis',(-1.,0.,0.));
#3642=DIRECTION('',(0.,0.,1.));
#3643=DIRECTION('',(1.,0.,0.));
#3644=DIRECTION('center_axis',(0.,0.,1.));
#3645=DIRECTION('ref_axis',(-1.01506105108586E-14,-1.,0.));
#3646=DIRECTION('',(0.,0.,1.));
#3647=DIRECTION('center_axis',(0.,0.,1.));
#3648=DIRECTION('ref_axis',(-1.01506105108586E-14,-1.,0.));
#3649=DIRECTION('center_axis',(0.,1.,0.));
#3650=DIRECTION('ref_axis',(-1.,0.,0.));
#3651=DIRECTION('',(0.,0.,1.));
#3652=DIRECTION('',(1.,0.,0.));
#3653=DIRECTION('center_axis',(0.,0.,1.));
#3654=DIRECTION('ref_axis',(-1.,0.,0.));
#3655=DIRECTION('center_axis',(0.,0.,-1.));
#3656=DIRECTION('ref_axis',(-1.,0.,0.));
#3657=DIRECTION('',(0.,0.,1.));
#3658=DIRECTION('center_axis',(0.,0.,1.));
#3659=DIRECTION('ref_axis',(-1.,0.,0.));
#3660=DIRECTION('center_axis',(0.,0.,-1.));
#3661=DIRECTION('ref_axis',(-1.,0.,0.));
#3662=DIRECTION('',(0.,0.,1.));
#3663=DIRECTION('center_axis',(0.,-1.,0.));
#3664=DIRECTION('ref_axis',(1.,0.,0.));
#3665=DIRECTION('',(0.,0.,1.));
#3666=DIRECTION('',(-1.,0.,0.));
#3667=DIRECTION('',(0.,0.,1.));
#3668=DIRECTION('center_axis',(0.,0.,1.));
#3669=DIRECTION('ref_axis',(-1.,-5.92118946466749E-15,0.));
#3670=DIRECTION('',(0.,0.,1.));
#3671=DIRECTION('center_axis',(0.,0.,1.));
#3672=DIRECTION('ref_axis',(-1.,-5.92118946466749E-15,0.));
#3673=DIRECTION('center_axis',(0.,1.,0.));
#3674=DIRECTION('ref_axis',(-1.,0.,0.));
#3675=DIRECTION('',(1.,0.,0.));
#3676=DIRECTION('center_axis',(0.,0.,1.));
#3677=DIRECTION('ref_axis',(5.92118946466745E-15,-1.,0.));
#3678=DIRECTION('center_axis',(0.,0.,1.));
#3679=DIRECTION('ref_axis',(5.92118946466745E-15,-1.,0.));
#3680=DIRECTION('center_axis',(0.,0.,1.));
#3681=DIRECTION('ref_axis',(-1.,0.,0.));
#3682=DIRECTION('',(0.,0.,1.));
#3683=DIRECTION('',(1.,0.,0.));
#3684=DIRECTION('center_axis',(0.,0.,1.));
#3685=DIRECTION('ref_axis',(-1.,0.,0.));
#3686=DIRECTION('center_axis',(0.,0.,-1.));
#3687=DIRECTION('ref_axis',(-1.,0.,0.));
#3688=DIRECTION('center_axis',(0.,0.,1.));
#3689=DIRECTION('ref_axis',(-1.,0.,0.));
#3690=DIRECTION('center_axis',(0.,0.,1.));
#3691=DIRECTION('ref_axis',(-1.,0.,0.));
#3692=DIRECTION('center_axis',(0.,0.,-1.));
#3693=DIRECTION('ref_axis',(-1.,0.,0.));
#3694=DIRECTION('',(0.,0.,1.));
#3695=DIRECTION('center_axis',(0.,0.,1.));
#3696=DIRECTION('ref_axis',(-1.,0.,0.));
#3697=DIRECTION('',(0.,0.,-1.));
#3698=DIRECTION('center_axis',(0.,0.,1.));
#3699=DIRECTION('ref_axis',(-1.,0.,0.));
#3700=DIRECTION('center_axis',(0.,0.,1.));
#3701=DIRECTION('ref_axis',(-1.,0.,0.));
#3702=DIRECTION('center_axis',(0.,0.,1.));
#3703=DIRECTION('ref_axis',(-1.,0.,0.));
#3704=DIRECTION('center_axis',(0.,0.,-1.));
#3705=DIRECTION('ref_axis',(-1.,0.,0.));
#3706=DIRECTION('center_axis',(0.,0.,1.));
#3707=DIRECTION('ref_axis',(-1.,0.,0.));
#3708=DIRECTION('center_axis',(0.,0.,1.));
#3709=DIRECTION('ref_axis',(-1.,0.,0.));
#3710=DIRECTION('center_axis',(0.,0.,-1.));
#3711=DIRECTION('ref_axis',(-1.,0.,0.));
#3712=DIRECTION('',(0.,0.,1.));
#3713=DIRECTION('center_axis',(0.,0.,1.));
#3714=DIRECTION('ref_axis',(-1.,0.,0.));
#3715=DIRECTION('',(0.,0.,-1.));
#3716=DIRECTION('center_axis',(0.,0.,1.));
#3717=DIRECTION('ref_axis',(-1.,0.,0.));
#3718=DIRECTION('center_axis',(0.,0.,1.));
#3719=DIRECTION('ref_axis',(-1.,0.,0.));
#3720=DIRECTION('center_axis',(0.,0.,1.));
#3721=DIRECTION('ref_axis',(-1.,0.,0.));
#3722=DIRECTION('center_axis',(0.,0.,-1.));
#3723=DIRECTION('ref_axis',(-1.,0.,0.));
#3724=DIRECTION('center_axis',(0.,0.,1.));
#3725=DIRECTION('ref_axis',(-1.,0.,0.));
#3726=DIRECTION('center_axis',(0.,0.,1.));
#3727=DIRECTION('ref_axis',(-1.,0.,0.));
#3728=DIRECTION('center_axis',(0.,0.,-1.));
#3729=DIRECTION('ref_axis',(-1.,0.,0.));
#3730=DIRECTION('',(0.,0.,1.));
#3731=DIRECTION('center_axis',(0.,0.,1.));
#3732=DIRECTION('ref_axis',(-1.,0.,0.));
#3733=DIRECTION('',(0.,0.,-1.));
#3734=DIRECTION('center_axis',(0.,0.,1.));
#3735=DIRECTION('ref_axis',(-1.,0.,0.));
#3736=DIRECTION('center_axis',(0.,0.,1.));
#3737=DIRECTION('ref_axis',(-1.,0.,0.));
#3738=DIRECTION('center_axis',(0.,0.,1.));
#3739=DIRECTION('ref_axis',(-1.,0.,0.));
#3740=DIRECTION('center_axis',(0.,0.,-1.));
#3741=DIRECTION('ref_axis',(-1.,0.,0.));
#3742=DIRECTION('center_axis',(0.,0.,1.));
#3743=DIRECTION('ref_axis',(-1.,0.,0.));
#3744=DIRECTION('center_axis',(0.,0.,1.));
#3745=DIRECTION('ref_axis',(-1.,0.,0.));
#3746=DIRECTION('center_axis',(0.,0.,-1.));
#3747=DIRECTION('ref_axis',(-1.,0.,0.));
#3748=DIRECTION('',(0.,0.,1.));
#3749=DIRECTION('center_axis',(0.,0.,1.));
#3750=DIRECTION('ref_axis',(-1.,0.,0.));
#3751=DIRECTION('',(0.,0.,-1.));
#3752=DIRECTION('center_axis',(0.,0.,1.));
#3753=DIRECTION('ref_axis',(-1.,0.,0.));
#3754=DIRECTION('center_axis',(0.,0.,1.));
#3755=DIRECTION('ref_axis',(-1.,0.,0.));
#3756=DIRECTION('center_axis',(0.,0.,1.));
#3757=DIRECTION('ref_axis',(-1.,0.,0.));
#3758=DIRECTION('center_axis',(0.,0.,1.));
#3759=DIRECTION('ref_axis',(-1.,0.,0.));
#3760=DIRECTION('center_axis',(0.,0.,1.));
#3761=DIRECTION('ref_axis',(-1.,0.,0.));
#3762=DIRECTION('',(0.,0.,-1.));
#3763=DIRECTION('center_axis',(0.,0.,1.));
#3764=DIRECTION('ref_axis',(-1.,0.,0.));
#3765=DIRECTION('center_axis',(0.,0.,1.));
#3766=DIRECTION('ref_axis',(-1.,0.,0.));
#3767=DIRECTION('center_axis',(0.,0.,1.));
#3768=DIRECTION('ref_axis',(-1.,0.,0.));
#3769=DIRECTION('center_axis',(0.,0.,1.));
#3770=DIRECTION('ref_axis',(-1.,0.,0.));
#3771=DIRECTION('center_axis',(0.,0.,1.));
#3772=DIRECTION('ref_axis',(-1.,0.,0.));
#3773=DIRECTION('',(0.,0.,-1.));
#3774=DIRECTION('center_axis',(0.,0.,1.));
#3775=DIRECTION('ref_axis',(-1.,0.,0.));
#3776=DIRECTION('center_axis',(0.,0.,1.));
#3777=DIRECTION('ref_axis',(-1.,0.,0.));
#3778=DIRECTION('center_axis',(0.,0.,1.));
#3779=DIRECTION('ref_axis',(-1.,0.,0.));
#3780=DIRECTION('center_axis',(0.,0.,1.));
#3781=DIRECTION('ref_axis',(-1.,0.,0.));
#3782=DIRECTION('',(0.,0.,-1.));
#3783=DIRECTION('center_axis',(0.,0.,1.));
#3784=DIRECTION('ref_axis',(-1.,0.,0.));
#3785=DIRECTION('center_axis',(0.,0.,1.));
#3786=DIRECTION('ref_axis',(-1.,0.,0.));
#3787=DIRECTION('center_axis',(0.,0.,1.));
#3788=DIRECTION('ref_axis',(-1.,0.,0.));
#3789=DIRECTION('center_axis',(0.,0.,1.));
#3790=DIRECTION('ref_axis',(-1.,0.,0.));
#3791=DIRECTION('center_axis',(0.,0.,1.));
#3792=DIRECTION('ref_axis',(-1.,0.,0.));
#3793=DIRECTION('center_axis',(0.,0.,1.));
#3794=DIRECTION('ref_axis',(-1.,0.,0.));
#3795=DIRECTION('',(0.,0.,-1.));
#3796=DIRECTION('center_axis',(0.,0.,1.));
#3797=DIRECTION('ref_axis',(-1.,0.,0.));
#3798=DIRECTION('center_axis',(0.,0.,1.));
#3799=DIRECTION('ref_axis',(-1.,0.,0.));
#3800=DIRECTION('center_axis',(0.,0.,-1.));
#3801=DIRECTION('ref_axis',(-1.,0.,0.));
#3802=DIRECTION('center_axis',(0.,0.,-1.));
#3803=DIRECTION('ref_axis',(-1.,0.,0.));
#3804=DIRECTION('',(0.,0.,-1.));
#3805=DIRECTION('center_axis',(0.,0.,-1.));
#3806=DIRECTION('ref_axis',(-1.,0.,0.));
#3807=DIRECTION('center_axis',(0.,0.,1.));
#3808=DIRECTION('ref_axis',(-1.,0.,0.));
#3809=DIRECTION('center_axis',(0.,0.,1.));
#3810=DIRECTION('ref_axis',(-1.,0.,0.));
#3811=DIRECTION('center_axis',(0.,0.,-1.));
#3812=DIRECTION('ref_axis',(-1.,0.,0.));
#3813=DIRECTION('center_axis',(0.,0.,-1.));
#3814=DIRECTION('ref_axis',(-1.,0.,0.));
#3815=DIRECTION('',(0.,0.,-1.));
#3816=DIRECTION('center_axis',(0.,0.,-1.));
#3817=DIRECTION('ref_axis',(-1.,0.,0.));
#3818=DIRECTION('center_axis',(0.,0.,1.));
#3819=DIRECTION('ref_axis',(-1.,0.,0.));
#3820=DIRECTION('center_axis',(0.,0.,1.));
#3821=DIRECTION('ref_axis',(-1.,0.,0.));
#3822=DIRECTION('center_axis',(0.,0.,1.));
#3823=DIRECTION('ref_axis',(-1.,0.,0.));
#3824=DIRECTION('center_axis',(0.,0.,-1.));
#3825=DIRECTION('ref_axis',(-1.,0.,0.));
#3826=DIRECTION('',(0.,0.,1.));
#3827=DIRECTION('center_axis',(0.,0.,1.));
#3828=DIRECTION('ref_axis',(-1.,0.,0.));
#3829=DIRECTION('center_axis',(0.,0.,-1.));
#3830=DIRECTION('ref_axis',(-1.,0.,0.));
#3831=DIRECTION('',(0.,0.,1.));
#3832=DIRECTION('center_axis',(-1.,0.,0.));
#3833=DIRECTION('ref_axis',(0.,-1.,0.));
#3834=DIRECTION('',(0.,-1.,0.));
#3835=DIRECTION('',(0.,0.,1.));
#3836=DIRECTION('',(0.,-1.,0.));
#3837=DIRECTION('',(0.,0.,1.));
#3838=DIRECTION('center_axis',(0.,0.,1.));
#3839=DIRECTION('ref_axis',(1.,-4.84460956200071E-15,0.));
#3840=DIRECTION('center_axis',(0.,0.,1.));
#3841=DIRECTION('ref_axis',(1.,-4.84460956200071E-15,0.));
#3842=DIRECTION('center_axis',(0.,0.,-1.));
#3843=DIRECTION('ref_axis',(1.,-4.84460956200071E-15,0.));
#3844=DIRECTION('',(0.,0.,1.));
#3845=DIRECTION('center_axis',(0.,-1.,0.));
#3846=DIRECTION('ref_axis',(1.,0.,0.));
#3847=DIRECTION('',(1.,0.,0.));
#3848=DIRECTION('',(1.,0.,0.));
#3849=DIRECTION('',(0.,0.,1.));
#3850=DIRECTION('center_axis',(0.,0.,1.));
#3851=DIRECTION('ref_axis',(0.,1.,0.));
#3852=DIRECTION('center_axis',(0.,0.,1.));
#3853=DIRECTION('ref_axis',(0.,1.,0.));
#3854=DIRECTION('center_axis',(0.,0.,-1.));
#3855=DIRECTION('ref_axis',(0.,1.,0.));
#3856=DIRECTION('',(0.,0.,1.));
#3857=DIRECTION('center_axis',(1.,0.,0.));
#3858=DIRECTION('ref_axis',(0.,1.,0.));
#3859=DIRECTION('',(0.,1.,0.));
#3860=DIRECTION('',(0.,1.,0.));
#3861=DIRECTION('',(0.,0.,1.));
#3862=DIRECTION('center_axis',(0.,-1.,0.));
#3863=DIRECTION('ref_axis',(1.,0.,0.));
#3864=DIRECTION('',(1.,0.,0.));
#3865=DIRECTION('',(1.,0.,0.));
#3866=DIRECTION('',(0.,0.,1.));
#3867=DIRECTION('center_axis',(0.,0.,1.));
#3868=DIRECTION('ref_axis',(-1.48029736616687E-15,1.,0.));
#3869=DIRECTION('center_axis',(0.,0.,1.));
#3870=DIRECTION('ref_axis',(-1.48029736616687E-15,1.,0.));
#3871=DIRECTION('center_axis',(0.,0.,1.));
#3872=DIRECTION('ref_axis',(-1.48029736616687E-15,1.,0.));
#3873=DIRECTION('',(0.,0.,1.));
#3874=DIRECTION('center_axis',(0.,1.,0.));
#3875=DIRECTION('ref_axis',(-1.,0.,0.));
#3876=DIRECTION('',(-1.,0.,0.));
#3877=DIRECTION('',(-1.,0.,0.));
#3878=DIRECTION('',(0.,0.,1.));
#3879=DIRECTION('center_axis',(0.,0.,1.));
#3880=DIRECTION('ref_axis',(1.,8.88178419700118E-15,0.));
#3881=DIRECTION('center_axis',(0.,0.,1.));
#3882=DIRECTION('ref_axis',(1.,8.88178419700118E-15,0.));
#3883=DIRECTION('center_axis',(0.,0.,1.));
#3884=DIRECTION('ref_axis',(1.,8.88178419700118E-15,0.));
#3885=DIRECTION('',(0.,0.,1.));
#3886=DIRECTION('center_axis',(0.,-1.,0.));
#3887=DIRECTION('ref_axis',(1.,0.,0.));
#3888=DIRECTION('',(1.,0.,0.));
#3889=DIRECTION('',(1.,0.,0.));
#3890=DIRECTION('center_axis',(0.,0.,1.));
#3891=DIRECTION('ref_axis',(-1.,0.,0.));
#3892=DIRECTION('center_axis',(0.,0.,1.));
#3893=DIRECTION('ref_axis',(-1.,0.,0.));
#3894=DIRECTION('center_axis',(0.,0.,-1.));
#3895=DIRECTION('ref_axis',(-1.,0.,0.));
#3896=DIRECTION('center_axis',(0.,0.,-1.));
#3897=DIRECTION('ref_axis',(-1.,0.,0.));
#3898=DIRECTION('',(0.,0.,-1.));
#3899=DIRECTION('center_axis',(0.,0.,-1.));
#3900=DIRECTION('ref_axis',(-1.,0.,0.));
#3901=DIRECTION('center_axis',(0.,0.,1.));
#3902=DIRECTION('ref_axis',(-1.,0.,0.));
#3903=DIRECTION('center_axis',(0.,0.,1.));
#3904=DIRECTION('ref_axis',(-1.,0.,0.));
#3905=DIRECTION('center_axis',(0.,0.,-1.));
#3906=DIRECTION('ref_axis',(-1.,0.,0.));
#3907=DIRECTION('center_axis',(0.,0.,-1.));
#3908=DIRECTION('ref_axis',(-1.,0.,0.));
#3909=DIRECTION('',(0.,0.,-1.));
#3910=DIRECTION('center_axis',(0.,0.,-1.));
#3911=DIRECTION('ref_axis',(-1.,0.,0.));
#3912=DIRECTION('center_axis',(0.,0.,1.));
#3913=DIRECTION('ref_axis',(-1.,0.,0.));
#3914=DIRECTION('center_axis',(0.,0.,1.));
#3915=DIRECTION('ref_axis',(-1.,0.,0.));
#3916=DIRECTION('center_axis',(0.,0.,1.));
#3917=DIRECTION('ref_axis',(-1.,0.,0.));
#3918=DIRECTION('center_axis',(0.,0.,-1.));
#3919=DIRECTION('ref_axis',(-1.,0.,0.));
#3920=DIRECTION('',(0.,0.,1.));
#3921=DIRECTION('center_axis',(0.,0.,1.));
#3922=DIRECTION('ref_axis',(-1.,0.,0.));
#3923=DIRECTION('center_axis',(0.,0.,-1.));
#3924=DIRECTION('ref_axis',(-1.,0.,0.));
#3925=DIRECTION('',(0.,0.,1.));
#3926=DIRECTION('center_axis',(0.,-1.,0.));
#3927=DIRECTION('ref_axis',(1.,0.,0.));
#3928=DIRECTION('',(-1.,0.,0.));
#3929=DIRECTION('',(0.,0.,1.));
#3930=DIRECTION('',(1.,0.,0.));
#3931=DIRECTION('',(0.,0.,1.));
#3932=DIRECTION('center_axis',(0.,0.,1.));
#3933=DIRECTION('ref_axis',(-1.,-5.92118946466749E-15,0.));
#3934=DIRECTION('center_axis',(0.,0.,1.));
#3935=DIRECTION('ref_axis',(-1.,-5.92118946466749E-15,0.));
#3936=DIRECTION('center_axis',(0.,0.,1.));
#3937=DIRECTION('ref_axis',(-1.,-5.92118946466749E-15,0.));
#3938=DIRECTION('',(0.,0.,1.));
#3939=DIRECTION('center_axis',(0.,1.,0.));
#3940=DIRECTION('ref_axis',(-1.,0.,0.));
#3941=DIRECTION('',(1.,0.,0.));
#3942=DIRECTION('',(-1.,0.,0.));
#3943=DIRECTION('',(0.,0.,1.));
#3944=DIRECTION('center_axis',(0.,0.,1.));
#3945=DIRECTION('ref_axis',(-1.,1.01506105108586E-14,0.));
#3946=DIRECTION('center_axis',(0.,0.,1.));
#3947=DIRECTION('ref_axis',(-1.,1.01506105108586E-14,0.));
#3948=DIRECTION('center_axis',(0.,0.,-1.));
#3949=DIRECTION('ref_axis',(-1.,1.01506105108586E-14,0.));
#3950=DIRECTION('',(0.,0.,1.));
#3951=DIRECTION('center_axis',(0.,1.,0.));
#3952=DIRECTION('ref_axis',(-1.,0.,0.));
#3953=DIRECTION('',(1.,0.,0.));
#3954=DIRECTION('',(-1.,0.,0.));
#3955=DIRECTION('',(0.,0.,1.));
#3956=DIRECTION('center_axis',(0.,0.,1.));
#3957=DIRECTION('ref_axis',(-1.01506105108586E-14,-1.,0.));
#3958=DIRECTION('center_axis',(0.,0.,1.));
#3959=DIRECTION('ref_axis',(-1.01506105108586E-14,-1.,0.));
#3960=DIRECTION('center_axis',(0.,0.,-1.));
#3961=DIRECTION('ref_axis',(-1.01506105108586E-14,-1.,0.));
#3962=DIRECTION('',(0.,0.,1.));
#3963=DIRECTION('center_axis',(0.,1.,0.));
#3964=DIRECTION('ref_axis',(-1.,0.,0.));
#3965=DIRECTION('',(1.,0.,0.));
#3966=DIRECTION('',(-1.,0.,0.));
#3967=DIRECTION('',(0.,0.,1.));
#3968=DIRECTION('center_axis',(0.,0.,1.));
#3969=DIRECTION('ref_axis',(5.92118946466745E-15,-1.,0.));
#3970=DIRECTION('center_axis',(0.,0.,1.));
#3971=DIRECTION('ref_axis',(5.92118946466745E-15,-1.,0.));
#3972=DIRECTION('center_axis',(0.,0.,1.));
#3973=DIRECTION('ref_axis',(5.92118946466745E-15,-1.,0.));
#3974=DIRECTION('center_axis',(0.,0.,1.));
#3975=DIRECTION('ref_axis',(-1.,0.,0.));
#3976=DIRECTION('center_axis',(0.,0.,1.));
#3977=DIRECTION('ref_axis',(-1.,0.,0.));
#3978=DIRECTION('',(0.,0.,1.));
#3979=DIRECTION('',(1.,0.,0.));
#3980=CARTESIAN_POINT('',(0.,0.,0.));
#3981=CARTESIAN_POINT('',(0.,0.,0.));
#3982=CARTESIAN_POINT('',(0.,0.,0.));
#3983=CARTESIAN_POINT('Origin',(382.620005699694,-106.785307894588,11.3526029931736));
#3984=CARTESIAN_POINT('',(374.000005573034,-106.785307892606,12.));
#3985=CARTESIAN_POINT('',(374.000005573034,-106.785307894588,11.3526029931737));
#3986=CARTESIAN_POINT('',(374.000005573034,-106.785307911965,5.67630155748382));
#3987=CARTESIAN_POINT('',(382.620005699694,-106.785307892606,11.9999996984204));
#3988=CARTESIAN_POINT('',(382.620005699694,-106.785307892606,11.9999996984204));
#3989=CARTESIAN_POINT('',(382.620005699694,-106.785307894588,11.3526029931736));
#3990=CARTESIAN_POINT('',(382.620005699694,-106.785307894588,11.3526029931736));
#3991=CARTESIAN_POINT('',(382.620005699694,-106.785307894588,11.3526029931736));
#3992=CARTESIAN_POINT('Origin',(382.620005699694,-94.3146876354408,11.9999997262987));
#3993=CARTESIAN_POINT('',(374.000005573034,-94.3146876104767,11.3526029931736));
#3994=CARTESIAN_POINT('',(374.000005573034,-94.3146876354408,12.));
#3995=CARTESIAN_POINT('',(374.000005573034,-94.3146874040747,5.99999933650823));
#3996=CARTESIAN_POINT('',(382.620005699694,-94.3146876104765,11.3526029931736));
#3997=CARTESIAN_POINT('',(382.620005699694,-94.3146876104765,11.3526029931736));
#3998=CARTESIAN_POINT('',(382.620005699694,-94.3146876354408,11.9999997262987));
#3999=CARTESIAN_POINT('',(382.620005699694,-94.3146876104765,11.3526029931736));
#4000=CARTESIAN_POINT('',(382.620005699694,-94.3146876354408,11.9999997262987));
#4001=CARTESIAN_POINT('Origin',(382.620005699694,-105.999997630716,11.1999997138977));
#4002=CARTESIAN_POINT('',(382.620005699694,-105.999997630716,10.3999997317791));
#4003=CARTESIAN_POINT('Origin',(382.620005699694,-105.999997630716,11.1999997138977));
#4004=CARTESIAN_POINT('',(374.000005573034,-105.999997630716,10.3999997317791));
#4005=CARTESIAN_POINT('',(382.620005699694,-105.999997630716,10.3999997317791));
#4006=CARTESIAN_POINT('Origin',(374.000005573034,-105.999997630716,11.1999997138977));
#4007=CARTESIAN_POINT('Origin',(210.810002413988,-133.399997884408,12.));
#4008=CARTESIAN_POINT('',(382.620005699694,-82.0000012218954,12.0000002011657));
#4009=CARTESIAN_POINT('',(382.620005699694,-169.34999648016,12.));
#4010=CARTESIAN_POINT('',(374.000005573034,-82.0000012218954,12.0000002011657));
#4011=CARTESIAN_POINT('',(382.620005699694,-82.0000012218954,12.));
#4012=CARTESIAN_POINT('',(374.000005573034,-100.199999351986,12.));
#4013=CARTESIAN_POINT('Origin',(382.620005699694,-205.299995075911,0.));
#4014=CARTESIAN_POINT('',(382.620005699694,-205.299995075911,12.));
#4015=CARTESIAN_POINT('',(382.620005699694,-169.34999648016,12.));
#4016=CARTESIAN_POINT('',(382.620005699694,-205.299995075911,0.));
#4017=CARTESIAN_POINT('',(382.620005699694,-205.299995075911,0.));
#4018=CARTESIAN_POINT('',(382.620005699694,-61.500000692904,0.));
#4019=CARTESIAN_POINT('',(382.620005699694,-205.299995075911,0.));
#4020=CARTESIAN_POINT('',(382.620005699694,-61.500000692904,12.));
#4021=CARTESIAN_POINT('',(382.620005699694,-61.500000692904,0.));
#4022=CARTESIAN_POINT('',(382.620005699694,-69.0000010281803,12.0000002011656));
#4023=CARTESIAN_POINT('',(382.620005699694,-169.34999648016,12.));
#4024=CARTESIAN_POINT('',(382.620005699694,-69.0000010281803,9.00000020116563));
#4025=CARTESIAN_POINT('Origin',(382.620005699694,-69.0000010281803,10.5000002011656));
#4026=CARTESIAN_POINT('',(382.620005699694,-82.0000012218955,9.00000020116568));
#4027=CARTESIAN_POINT('',(382.620005699694,-137.149998052046,9.00000020116586));
#4028=CARTESIAN_POINT('Origin',(382.620005699694,-82.0000012218954,10.5000002011657));
#4029=CARTESIAN_POINT('',(382.620005699694,-95.0999978743496,10.3999997317791));
#4030=CARTESIAN_POINT('Origin',(382.620005699694,-95.0999978743496,11.1999997138977));
#4031=CARTESIAN_POINT('',(382.620005699694,-95.6969517203807,10.3999997317791));
#4032=CARTESIAN_POINT('',(382.620005699694,-150.19999647513,10.3999997317791));
#4033=CARTESIAN_POINT('',(382.620005699694,-95.702406224359,10.3932857332505));
#4034=CARTESIAN_POINT('',(382.620005699694,-119.968412980463,-19.4759625631948));
#4035=CARTESIAN_POINT('',(382.620005699694,-95.7305089840374,10.3649108358128));
#4036=CARTESIAN_POINT('Origin',(382.620005699694,-96.6044764398123,11.2586003155798));
#4037=CARTESIAN_POINT('',(382.620005699694,-95.8973741129451,10.231628626));
#4038=CARTESIAN_POINT('',(382.620005699694,-131.704003592789,-18.3686351574591));
#4039=CARTESIAN_POINT('',(382.620005699694,-96.114533182546,10.1110796937919));
#4040=CARTESIAN_POINT('',(382.620005699694,-139.883860866148,-14.1860667501551));
#4041=CARTESIAN_POINT('',(382.620005699694,-96.3436616489451,10.038693337));
#4042=CARTESIAN_POINT('',(382.620005699694,-147.205265988551,-6.02952505853577));
#4043=CARTESIAN_POINT('',(382.620005699694,-96.5970138959451,10.014469557));
#4044=CARTESIAN_POINT('',(382.620005699694,-150.803876027873,4.83158636443788));
#4045=CARTESIAN_POINT('',(382.620005699694,-103.051369012945,10.0144695566667));
#4046=CARTESIAN_POINT('',(382.620005699694,-150.948504486187,10.014469554193));
#4047=CARTESIAN_POINT('',(382.620005699694,-103.304721258945,10.038693337));
#4048=CARTESIAN_POINT('',(382.620005699694,-153.238125028591,14.8129782439175));
#4049=CARTESIAN_POINT('',(382.620005699694,-103.526424521905,10.1086469132216));
#4050=CARTESIAN_POINT('',(382.620005699694,-148.24450414334,24.2184509347056));
#4051=CARTESIAN_POINT('',(382.620005699694,-103.541675270601,10.115265594116));
#4052=CARTESIAN_POINT('Origin',(382.620005699694,-103.036417203179,11.2586003155798));
#4053=CARTESIAN_POINT('',(382.620005699694,-103.739553399811,10.2251113272565));
#4054=CARTESIAN_POINT('',(382.620005699694,-140.28925894466,30.51451479834));
#4055=CARTESIAN_POINT('',(382.620005699694,-103.76871114287,10.2455625147593));
#4056=CARTESIAN_POINT('Origin',(382.620005699694,-103.036417203179,11.2586003155798));
#4057=CARTESIAN_POINT('',(382.620005699694,-103.863999316043,10.3217930534034));
#4058=CARTESIAN_POINT('',(382.620005699694,-132.224453157893,33.0101561582261));
#4059=CARTESIAN_POINT('',(382.620005699694,-103.944880211505,10.3999997317791));
#4060=CARTESIAN_POINT('Origin',(382.620005699694,-103.036417203179,11.2586003155798));
#4061=CARTESIAN_POINT('',(382.620005699694,-150.19999647513,10.3999997317791));
#4062=CARTESIAN_POINT('Origin',(382.620005699694,-69.0000010281803,9.00000020116563));
#4063=CARTESIAN_POINT('',(374.000005573034,-82.0000012218955,9.00000020116568));
#4064=CARTESIAN_POINT('',(374.000005573034,-69.0000010281803,9.00000020116563));
#4065=CARTESIAN_POINT('',(374.000005573034,-68.0000009238721,9.00000020116563));
#4066=CARTESIAN_POINT('',(382.620005699694,-82.0000012218955,9.00000020116568));
#4067=CARTESIAN_POINT('',(382.620005699694,-69.0000010281803,9.00000020116563));
#4068=CARTESIAN_POINT('Origin',(382.620005699694,-69.0000010281803,10.5000002011656));
#4069=CARTESIAN_POINT('',(374.000005573034,-69.0000010281803,12.));
#4070=CARTESIAN_POINT('Origin',(374.000005573034,-69.0000010281803,10.5000002011656));
#4071=CARTESIAN_POINT('',(382.620005699694,-69.0000010281803,12.));
#4072=CARTESIAN_POINT('Origin',(382.620005699694,-82.0000012218954,10.5000002011657));
#4073=CARTESIAN_POINT('Origin',(374.000005573034,-82.0000012218954,10.5000002011657));
#4074=CARTESIAN_POINT('Origin',(210.810002413988,-133.399997884408,12.));
#4075=CARTESIAN_POINT('',(374.000005573034,-198.000003129244,12.));
#4076=CARTESIAN_POINT('',(374.000005573034,-100.199999351986,12.));
#4077=CARTESIAN_POINT('',(362.000005573034,-210.000003129244,12.));
#4078=CARTESIAN_POINT('Origin',(362.000005573034,-198.000003129244,12.));
#4079=CARTESIAN_POINT('',(60.0000007152557,-210.000003129244,12.));
#4080=CARTESIAN_POINT('',(286.405003993511,-210.000003129244,12.));
#4081=CARTESIAN_POINT('',(48.0000007152557,-198.000003129244,12.));
#4082=CARTESIAN_POINT('Origin',(60.0000007152557,-198.000003129244,12.));
#4083=CARTESIAN_POINT('',(48.0000007152557,-67.0000008195639,12.));
#4084=CARTESIAN_POINT('',(48.0000007152557,-165.700000506826,12.));
#4085=CARTESIAN_POINT('',(60.0000007152557,-55.0000008195639,12.));
#4086=CARTESIAN_POINT('Origin',(60.0000007152557,-67.0000008195639,12.));
#4087=CARTESIAN_POINT('',(362.000005573034,-55.0000008195639,12.));
#4088=CARTESIAN_POINT('',(135.405001564622,-55.0000008195639,12.));
#4089=CARTESIAN_POINT('',(374.000005573034,-67.0000008195639,12.));
#4090=CARTESIAN_POINT('Origin',(362.000005573034,-67.000000819564,12.));
#4091=CARTESIAN_POINT('',(374.000005573034,-100.199999351986,12.));
#4092=CARTESIAN_POINT('',(367.620005699694,-46.500000692904,12.));
#4093=CARTESIAN_POINT('Origin',(367.620005699694,-61.500000692904,12.));
#4094=CARTESIAN_POINT('',(53.9999991282821,-46.500000692904,12.));
#4095=CARTESIAN_POINT('',(289.215004056841,-46.500000692904,12.));
#4096=CARTESIAN_POINT('',(38.9999991282821,-61.500000692904,12.));
#4097=CARTESIAN_POINT('Origin',(53.9999991282821,-61.500000692904,12.));
#4098=CARTESIAN_POINT('',(38.9999991282821,-205.299995075911,12.));
#4099=CARTESIAN_POINT('',(38.9999991282821,-97.449999288656,12.));
#4100=CARTESIAN_POINT('',(53.9999991282821,-220.299995075911,12.));
#4101=CARTESIAN_POINT('Origin',(53.9999991282821,-205.299995075911,12.));
#4102=CARTESIAN_POINT('',(367.620005699694,-220.299995075911,12.));
#4103=CARTESIAN_POINT('',(132.405000771135,-220.299995075911,12.));
#4104=CARTESIAN_POINT('Origin',(367.620005699694,-205.299995075911,12.));
#4105=CARTESIAN_POINT('',(374.252008688662,-211.016928168255,12.));
#4106=CARTESIAN_POINT('Origin',(375.852008688662,-211.016928168255,12.));
#4107=CARTESIAN_POINT('',(44.1681281805697,-55.7836709615422,12.));
#4108=CARTESIAN_POINT('Origin',(45.7681281805697,-55.7836709615422,12.));
#4109=CARTESIAN_POINT('',(44.1681281805697,-211.016928168255,12.));
#4110=CARTESIAN_POINT('Origin',(45.7681281805697,-211.016928168255,12.));
#4111=CARTESIAN_POINT('',(374.252008688662,-55.7836709615422,12.));
#4112=CARTESIAN_POINT('Origin',(375.852008688662,-55.7836709615422,12.));
#4113=CARTESIAN_POINT('Origin',(382.620005699694,-95.0999978743496,10.3999997317791));
#4114=CARTESIAN_POINT('',(374.000005573034,-103.944880211505,10.3999997317791));
#4115=CARTESIAN_POINT('',(374.000005573034,-81.0499993469567,10.3999997317791));
#4116=CARTESIAN_POINT('',(383.620005699694,-103.944880211505,10.3999997317791));
#4117=CARTESIAN_POINT('Origin',(382.620005699694,-95.0999978743496,10.3999997317791));
#4118=CARTESIAN_POINT('',(374.000005573034,-95.6969517203807,10.3999997317791));
#4119=CARTESIAN_POINT('',(374.000005573034,-95.0999978743496,10.3999997317791));
#4120=CARTESIAN_POINT('',(374.000005573034,-81.0499993469567,10.3999997317791));
#4121=CARTESIAN_POINT('',(383.120005699694,-95.6969517203808,10.3999997317791));
#4122=CARTESIAN_POINT('',(382.620005699694,-95.0999978743496,10.3999997317791));
#4123=CARTESIAN_POINT('Origin',(382.620005699694,-95.0999978743496,11.1999997138977));
#4124=CARTESIAN_POINT('Origin',(374.000005573034,-95.0999978743496,11.1999997138977));
#4125=CARTESIAN_POINT('Origin',(383.620005699694,-96.6044764398123,11.2586003155798));
#4126=CARTESIAN_POINT('',(374.000005573034,-95.7305089840374,10.3649108358128));
#4127=CARTESIAN_POINT('',(374.000005573034,-95.702406224359,10.3932857332505));
#4128=CARTESIAN_POINT('Origin',(374.000005573034,-96.6044764398123,11.2586003155798));
#4129=CARTESIAN_POINT('',(383.620005699694,-95.7305089840374,10.3649108358128));
#4130=CARTESIAN_POINT('',(383.620005699694,-95.702406224359,10.3932857332505));
#4131=CARTESIAN_POINT('Origin',(383.620005699694,-95.572748589379,10.5528824947476));
#4132=CARTESIAN_POINT('',(374.000005573034,-92.4748840167953,14.3660721570306));
#4133=CARTESIAN_POINT('Origin',(383.620005699694,-95.7305089840374,10.3649108358128));
#4134=CARTESIAN_POINT('',(374.000005573034,-95.8973741129451,10.231628626));
#4135=CARTESIAN_POINT('',(374.000005573034,-89.4876047010442,15.3513815498185));
#4136=CARTESIAN_POINT('',(383.620005699694,-95.8973741129451,10.231628626));
#4137=CARTESIAN_POINT('Origin',(383.620005699694,-103.036417203179,11.2586003155798));
#4138=CARTESIAN_POINT('',(374.000005573034,-103.863999316043,10.3217930534034));
#4139=CARTESIAN_POINT('',(383.620005699694,-103.863999316043,10.3217930534034));
#4140=CARTESIAN_POINT('Origin',(374.000005573034,-103.036417203179,11.2586003155798));
#4141=CARTESIAN_POINT('Origin',(383.620005699694,-103.76871114287,10.2455625147593));
#4142=CARTESIAN_POINT('',(374.000005573034,-103.76871114287,10.2455625147593));
#4143=CARTESIAN_POINT('',(374.000005573034,-90.0598208081276,-0.721549768185101));
#4144=CARTESIAN_POINT('',(383.620005699694,-103.76871114287,10.2455625147593));
#4145=CARTESIAN_POINT('Origin',(383.620005699694,-103.036417203179,11.2586003155798));
#4146=CARTESIAN_POINT('',(374.000005573034,-103.739553399811,10.2251113272565));
#4147=CARTESIAN_POINT('Origin',(374.000005573034,-103.036417203179,11.2586003155798));
#4148=CARTESIAN_POINT('',(383.620005699694,-103.739553399811,10.2251113272565));
#4149=CARTESIAN_POINT('Origin',(383.620005699694,-103.541675270601,10.115265594116));
#4150=CARTESIAN_POINT('',(374.000005573034,-103.541675270601,10.115265594116));
#4151=CARTESIAN_POINT('',(374.000005573034,-87.4285978454506,1.17060450406908));
#4152=CARTESIAN_POINT('',(383.620005699694,-103.541675270601,10.115265594116));
#4153=CARTESIAN_POINT('Origin',(383.620005699694,-103.036417203179,11.2586003155798));
#4154=CARTESIAN_POINT('',(374.000005573034,-103.526424521905,10.1086469132216));
#4155=CARTESIAN_POINT('Origin',(374.000005573034,-103.036417203179,11.2586003155798));
#4156=CARTESIAN_POINT('',(383.620005699694,-103.526424521905,10.1086469132216));
#4157=CARTESIAN_POINT('Origin',(383.620005699694,-103.304721258945,10.038693337));
#4158=CARTESIAN_POINT('',(374.000005573034,-103.304721258945,10.038693337));
#4159=CARTESIAN_POINT('',(374.000005573034,-85.3555940604456,4.37524201548761));
#4160=CARTESIAN_POINT('',(383.620005699694,-103.304721258945,10.038693337));
#4161=CARTESIAN_POINT('Origin',(383.620005699694,-103.051369012945,10.0144695566667));
#4162=CARTESIAN_POINT('',(374.000005573034,-103.051369012945,10.0144695566667));
#4163=CARTESIAN_POINT('',(374.000005573034,-84.7145603824893,8.26123140191794));
#4164=CARTESIAN_POINT('',(383.620005699694,-103.051369012945,10.0144695566667));
#4165=CARTESIAN_POINT('Origin',(383.620005699694,-96.5970138959451,10.014469557));
#4166=CARTESIAN_POINT('',(374.000005573034,-96.5970138959451,10.014469557));
#4167=CARTESIAN_POINT('',(374.000005573034,-81.7985073580131,10.0144695577643));
#4168=CARTESIAN_POINT('',(383.620005699694,-96.5970138959451,10.014469557));
#4169=CARTESIAN_POINT('Origin',(383.620005699694,-96.3436616489451,10.038693337));
#4170=CARTESIAN_POINT('',(374.000005573034,-96.3436616489451,10.038693337));
#4171=CARTESIAN_POINT('',(374.000005573034,-82.2803113597871,11.3833330925238));
#4172=CARTESIAN_POINT('',(383.620005699694,-96.3436616489451,10.038693337));
#4173=CARTESIAN_POINT('Origin',(383.620005699694,-96.114533182546,10.1110796937919));
#4174=CARTESIAN_POINT('',(374.000005573034,-96.114533182546,10.1110796937919));
#4175=CARTESIAN_POINT('',(374.000005573034,-84.3305262265217,13.8338878867782));
#4176=CARTESIAN_POINT('',(383.620005699694,-96.114533182546,10.1110796937919));
#4177=CARTESIAN_POINT('Origin',(383.620005699694,-95.8973741129451,10.231628626));
#4178=CARTESIAN_POINT('',(374.000005573034,-87.0231997410171,15.1578435279629));
#4179=CARTESIAN_POINT('Origin',(374.000005573034,-67.0000008195639,0.));
#4180=CARTESIAN_POINT('',(374.000005573034,-67.0000008195639,1.));
#4181=CARTESIAN_POINT('',(374.000005573034,-67.0000008195639,0.));
#4182=CARTESIAN_POINT('',(374.000005573034,-198.000003129244,1.));
#4183=CARTESIAN_POINT('',(374.000005573034,-99.7500013969839,1.));
#4184=CARTESIAN_POINT('',(374.000005573034,-198.000003129244,0.));
#4185=CARTESIAN_POINT('Origin',(60.0000007152557,-198.000003129244,0.));
#4186=CARTESIAN_POINT('',(60.0000007152557,-210.000003129244,1.));
#4187=CARTESIAN_POINT('',(60.0000007152557,-210.000003129244,0.));
#4188=CARTESIAN_POINT('',(48.0000007152557,-198.000003129244,1.));
#4189=CARTESIAN_POINT('Origin',(60.0000007152557,-198.000003129244,1.));
#4190=CARTESIAN_POINT('',(48.0000007152557,-198.000003129244,0.));
#4191=CARTESIAN_POINT('Origin',(362.000005573034,-210.000003129244,0.));
#4192=CARTESIAN_POINT('',(362.000005573034,-210.000003129244,1.));
#4193=CARTESIAN_POINT('',(362.000005573034,-210.000003129244,0.));
#4194=CARTESIAN_POINT('',(286.50000435859,-210.000003129244,1.));
#4195=CARTESIAN_POINT('Origin',(362.000005573034,-198.000003129244,0.));
#4196=CARTESIAN_POINT('Origin',(362.000005573034,-198.000003129244,1.));
#4197=CARTESIAN_POINT('Origin',(367.620005699694,-61.500000692904,0.));
#4198=CARTESIAN_POINT('',(367.620005699694,-46.500000692904,0.));
#4199=CARTESIAN_POINT('Origin',(367.620005699694,-61.500000692904,0.));
#4200=CARTESIAN_POINT('',(367.620005699694,-46.500000692904,0.));
#4201=CARTESIAN_POINT('Origin',(367.620005699694,-205.299995075911,0.));
#4202=CARTESIAN_POINT('',(367.620005699694,-220.299995075911,0.));
#4203=CARTESIAN_POINT('',(367.620005699694,-220.299995075911,0.));
#4204=CARTESIAN_POINT('Origin',(367.620005699694,-205.299995075911,0.));
#4205=CARTESIAN_POINT('Origin',(53.9999991282821,-220.299995075911,0.));
#4206=CARTESIAN_POINT('',(53.9999991282821,-220.299995075911,0.));
#4207=CARTESIAN_POINT('',(53.9999991282821,-220.299995075911,0.));
#4208=CARTESIAN_POINT('',(53.9999991282821,-220.299995075911,0.));
#4209=CARTESIAN_POINT('Origin',(375.852008688662,-55.7836709615422,0.));
#4210=CARTESIAN_POINT('',(374.252008688662,-55.7836709615422,0.));
#4211=CARTESIAN_POINT('Origin',(375.852008688662,-55.7836709615422,0.));
#4212=CARTESIAN_POINT('',(374.252008688662,-55.7836709615422,0.));
#4213=CARTESIAN_POINT('Origin',(45.7681281805697,-211.016928168255,0.));
#4214=CARTESIAN_POINT('',(44.1681281805697,-211.016928168255,0.));
#4215=CARTESIAN_POINT('Origin',(45.7681281805697,-211.016928168255,0.));
#4216=CARTESIAN_POINT('',(44.1681281805697,-211.016928168255,0.));
#4217=CARTESIAN_POINT('Origin',(45.7681281805697,-55.7836709615422,0.));
#4218=CARTESIAN_POINT('',(44.1681281805697,-55.7836709615422,0.));
#4219=CARTESIAN_POINT('Origin',(45.7681281805697,-55.7836709615422,0.));
#4220=CARTESIAN_POINT('',(44.1681281805697,-55.7836709615422,0.));
#4221=CARTESIAN_POINT('Origin',(375.852008688662,-211.016928168255,0.));
#4222=CARTESIAN_POINT('',(374.252008688662,-211.016928168255,0.));
#4223=CARTESIAN_POINT('Origin',(375.852008688662,-211.016928168255,0.));
#4224=CARTESIAN_POINT('',(374.252008688662,-211.016928168255,0.));
#4225=CARTESIAN_POINT('Origin',(211.000003144145,-132.500001974404,1.));
#4226=CARTESIAN_POINT('',(362.000005573034,-55.0000008195639,1.));
#4227=CARTESIAN_POINT('Origin',(362.000005573034,-67.000000819564,1.));
#4228=CARTESIAN_POINT('',(60.0000007152557,-55.0000008195639,1.));
#4229=CARTESIAN_POINT('',(135.5000019297,-55.0000008195639,1.));
#4230=CARTESIAN_POINT('',(48.0000007152557,-67.0000008195639,1.));
#4231=CARTESIAN_POINT('Origin',(60.0000007152557,-67.0000008195639,1.));
#4232=CARTESIAN_POINT('',(48.0000007152557,-165.250002551824,1.));
#4233=CARTESIAN_POINT('Origin',(60.0000007152557,-67.0000008195639,0.));
#4234=CARTESIAN_POINT('',(48.0000007152557,-67.0000008195639,0.));
#4235=CARTESIAN_POINT('',(60.0000007152557,-55.0000008195639,0.));
#4236=CARTESIAN_POINT('Origin',(60.0000007152557,-55.0000008195639,0.));
#4237=CARTESIAN_POINT('',(362.000005573034,-55.0000008195639,0.));
#4238=CARTESIAN_POINT('Origin',(362.000005573034,-67.000000819564,0.));
#4239=CARTESIAN_POINT('Origin',(48.0000007152557,-198.000003129244,0.));
#4240=CARTESIAN_POINT('Origin',(38.9999991282821,-61.500000692904,0.));
#4241=CARTESIAN_POINT('',(38.9999991282821,-61.500000692904,0.));
#4242=CARTESIAN_POINT('',(38.9999991282821,-61.500000692904,0.));
#4243=CARTESIAN_POINT('',(38.9999991282821,-205.299995075911,0.));
#4244=CARTESIAN_POINT('',(38.9999991282821,-61.500000692904,0.));
#4245=CARTESIAN_POINT('',(38.9999991282821,-205.299995075911,0.));
#4246=CARTESIAN_POINT('Origin',(53.9999991282821,-61.500000692904,0.));
#4247=CARTESIAN_POINT('',(53.9999991282821,-46.500000692904,0.));
#4248=CARTESIAN_POINT('',(53.9999991282821,-46.500000692904,0.));
#4249=CARTESIAN_POINT('Origin',(53.9999991282821,-61.500000692904,0.));
#4250=CARTESIAN_POINT('Origin',(367.620005699694,-46.500000692904,0.));
#4251=CARTESIAN_POINT('',(367.620005699694,-46.500000692904,0.));
#4252=CARTESIAN_POINT('Origin',(53.9999991282821,-205.299995075911,0.));
#4253=CARTESIAN_POINT('Origin',(53.9999991282821,-205.299995075911,0.));
#4254=CARTESIAN_POINT('Origin',(210.810002413988,-133.399997884408,0.));
#4255=CARTESIAN_POINT('Origin',(55.0184222778907,-62.4504611389453,4.5));
#4256=CARTESIAN_POINT('',(57.4684222778907,-62.4504611389453,4.5));
#4257=CARTESIAN_POINT('Origin',(55.0184222778907,-62.4504611389453,4.5));
#4258=CARTESIAN_POINT('',(56.6184222778907,-62.4504611389453,4.5));
#4259=CARTESIAN_POINT('Origin',(55.0184222778907,-62.4504611389453,4.5));
#4260=CARTESIAN_POINT('Origin',(55.0184222778907,-62.4504611389453,1.));
#4261=CARTESIAN_POINT('',(56.6184222778907,-62.4504611389453,1.));
#4262=CARTESIAN_POINT('Origin',(55.0184222778907,-62.4504611389453,1.));
#4263=CARTESIAN_POINT('',(56.6184222778907,-62.4504611389453,1.));
#4264=CARTESIAN_POINT('Origin',(55.0184222778907,-62.4504611389453,1.));
#4265=CARTESIAN_POINT('',(57.4684222778907,-62.4504611389453,1.));
#4266=CARTESIAN_POINT('',(57.4684222778907,-62.4504611389453,1.));
#4267=CARTESIAN_POINT('Origin',(55.0184222778907,-62.4504611389453,1.));
#4268=CARTESIAN_POINT('Origin',(55.0184222778907,-62.4504611389453,1.));
#4269=CARTESIAN_POINT('Origin',(368.01842227789,-62.4504611389453,4.5));
#4270=CARTESIAN_POINT('',(370.46842227789,-62.4504611389453,4.5));
#4271=CARTESIAN_POINT('Origin',(368.01842227789,-62.4504611389453,4.5));
#4272=CARTESIAN_POINT('',(369.61842227789,-62.4504611389453,4.5));
#4273=CARTESIAN_POINT('Origin',(368.01842227789,-62.4504611389453,4.5));
#4274=CARTESIAN_POINT('Origin',(368.01842227789,-62.4504611389453,1.));
#4275=CARTESIAN_POINT('',(369.61842227789,-62.4504611389453,1.));
#4276=CARTESIAN_POINT('Origin',(368.01842227789,-62.4504611389453,1.));
#4277=CARTESIAN_POINT('',(369.61842227789,-62.4504611389453,1.));
#4278=CARTESIAN_POINT('Origin',(368.01842227789,-62.4504611389453,1.));
#4279=CARTESIAN_POINT('',(370.46842227789,-62.4504611389453,1.));
#4280=CARTESIAN_POINT('',(370.46842227789,-62.4504611389453,1.));
#4281=CARTESIAN_POINT('Origin',(368.01842227789,-62.4504611389453,1.));
#4282=CARTESIAN_POINT('Origin',(368.01842227789,-62.4504611389453,1.));
#4283=CARTESIAN_POINT('Origin',(55.0000008195639,-202.500003017485,4.5));
#4284=CARTESIAN_POINT('',(57.4684222778907,-202.450461138945,4.5));
#4285=CARTESIAN_POINT('Origin',(55.0184222778907,-202.450461138945,4.5));
#4286=CARTESIAN_POINT('',(56.6184222778907,-202.450461138945,4.5));
#4287=CARTESIAN_POINT('Origin',(55.0184222778907,-202.450461138945,4.5));
#4288=CARTESIAN_POINT('Origin',(55.0184222778907,-202.450461138945,1.));
#4289=CARTESIAN_POINT('',(56.6184222778907,-202.450461138945,1.));
#4290=CARTESIAN_POINT('Origin',(55.0184222778907,-202.450461138945,1.));
#4291=CARTESIAN_POINT('',(56.6184222778907,-202.450461138945,1.));
#4292=CARTESIAN_POINT('Origin',(55.0184222778907,-202.450461138945,1.));
#4293=CARTESIAN_POINT('',(57.4684222778907,-202.450461138945,1.));
#4294=CARTESIAN_POINT('',(57.4684222778907,-202.450461138945,1.));
#4295=CARTESIAN_POINT('Origin',(55.0184222778907,-202.450461138945,1.));
#4296=CARTESIAN_POINT('Origin',(55.0184222778907,-202.450461138945,1.));
#4297=CARTESIAN_POINT('Origin',(368.000005483627,-202.500003017485,4.5));
#4298=CARTESIAN_POINT('',(370.46842227789,-202.450461138945,4.5));
#4299=CARTESIAN_POINT('Origin',(368.01842227789,-202.450461138945,4.5));
#4300=CARTESIAN_POINT('',(369.61842227789,-202.450461138945,4.5));
#4301=CARTESIAN_POINT('Origin',(368.01842227789,-202.450461138945,4.5));
#4302=CARTESIAN_POINT('Origin',(368.01842227789,-202.450461138945,1.));
#4303=CARTESIAN_POINT('',(369.61842227789,-202.450461138945,1.));
#4304=CARTESIAN_POINT('Origin',(368.01842227789,-202.450461138945,1.));
#4305=CARTESIAN_POINT('',(369.61842227789,-202.450461138945,1.));
#4306=CARTESIAN_POINT('Origin',(368.01842227789,-202.450461138945,1.));
#4307=CARTESIAN_POINT('',(370.46842227789,-202.450461138945,1.));
#4308=CARTESIAN_POINT('',(370.46842227789,-202.450461138945,1.));
#4309=CARTESIAN_POINT('Origin',(368.01842227789,-202.450461138945,1.));
#4310=CARTESIAN_POINT('Origin',(368.01842227789,-202.450461138945,1.));
#4311=CARTESIAN_POINT('Origin',(368.01842227789,-62.4504611389453,1.));
#4312=CARTESIAN_POINT('',(369.60588427789,-62.4504611389453,2.));
#4313=CARTESIAN_POINT('Origin',(368.01842227789,-62.4504611389453,2.));
#4314=CARTESIAN_POINT('',(369.60588427789,-62.4504611389453,1.));
#4315=CARTESIAN_POINT('',(369.60588427789,-62.4504611389453,1.));
#4316=CARTESIAN_POINT('Origin',(368.01842227789,-62.4504611389453,1.));
#4317=CARTESIAN_POINT('Origin',(368.01842227789,-62.4504611389453,2.));
#4318=CARTESIAN_POINT('Origin',(368.01842227789,-62.4504611389453,1.));
#4319=CARTESIAN_POINT('Origin',(55.0184222778907,-62.4504611389453,1.));
#4320=CARTESIAN_POINT('',(56.6058842778907,-62.4504611389453,2.));
#4321=CARTESIAN_POINT('Origin',(55.0184222778907,-62.4504611389453,2.));
#4322=CARTESIAN_POINT('',(56.6058842778907,-62.4504611389453,1.));
#4323=CARTESIAN_POINT('',(56.6058842778907,-62.4504611389453,1.));
#4324=CARTESIAN_POINT('Origin',(55.0184222778907,-62.4504611389453,1.));
#4325=CARTESIAN_POINT('Origin',(55.0184222778907,-62.4504611389453,2.));
#4326=CARTESIAN_POINT('Origin',(55.0184222778907,-62.4504611389453,1.));
#4327=CARTESIAN_POINT('Origin',(368.01842227789,-202.450461138945,4.5));
#4328=CARTESIAN_POINT('',(369.60588427789,-202.450461138945,4.5));
#4329=CARTESIAN_POINT('Origin',(368.01842227789,-202.450461138945,4.5));
#4330=CARTESIAN_POINT('Origin',(368.01842227789,-202.450461138945,1.));
#4331=CARTESIAN_POINT('',(369.60588427789,-202.450461138945,1.));
#4332=CARTESIAN_POINT('',(369.60588427789,-202.450461138945,1.));
#4333=CARTESIAN_POINT('Origin',(368.01842227789,-202.450461138945,1.));
#4334=CARTESIAN_POINT('Origin',(368.01842227789,-202.450461138945,1.));
#4335=CARTESIAN_POINT('Origin',(55.0184222778907,-202.450461138945,1.));
#4336=CARTESIAN_POINT('',(56.6058842778907,-202.450461138945,2.));
#4337=CARTESIAN_POINT('Origin',(55.0184222778907,-202.450461138945,2.));
#4338=CARTESIAN_POINT('',(56.6058842778907,-202.450461138945,1.));
#4339=CARTESIAN_POINT('',(56.6058842778907,-202.450461138945,1.));
#4340=CARTESIAN_POINT('Origin',(55.0184222778907,-202.450461138945,1.));
#4341=CARTESIAN_POINT('Origin',(55.0184222778907,-202.450461138945,2.));
#4342=CARTESIAN_POINT('Origin',(55.0184222778907,-202.450461138945,1.));
#4343=CARTESIAN_POINT('Origin',(55.0184222778907,-62.4504611389453,8.5));
#4344=CARTESIAN_POINT('',(58.0184222778907,-62.4504611389453,8.5));
#4345=CARTESIAN_POINT('Origin',(55.0184222778907,-62.4504611389453,8.5));
#4346=CARTESIAN_POINT('',(58.0184222778907,-62.4504611389453,4.5));
#4347=CARTESIAN_POINT('',(58.0184222778907,-62.4504611389453,8.5));
#4348=CARTESIAN_POINT('Origin',(55.0184222778907,-62.4504611389453,4.5));
#4349=CARTESIAN_POINT('Origin',(55.0184222778907,-62.4504611389453,4.5));
#4350=CARTESIAN_POINT('',(57.4684222778907,-62.4504611389453,4.5));
#4351=CARTESIAN_POINT('Origin',(55.0184222778907,-62.4504611389453,4.5));
#4352=CARTESIAN_POINT('Origin',(368.01842227789,-62.4504611389453,8.5));
#4353=CARTESIAN_POINT('',(371.01842227789,-62.4504611389453,8.5));
#4354=CARTESIAN_POINT('Origin',(368.01842227789,-62.4504611389453,8.5));
#4355=CARTESIAN_POINT('',(371.01842227789,-62.4504611389453,4.5));
#4356=CARTESIAN_POINT('',(371.01842227789,-62.4504611389453,8.5));
#4357=CARTESIAN_POINT('Origin',(368.01842227789,-62.4504611389453,4.5));
#4358=CARTESIAN_POINT('Origin',(368.01842227789,-62.4504611389453,4.5));
#4359=CARTESIAN_POINT('',(370.46842227789,-62.4504611389453,4.5));
#4360=CARTESIAN_POINT('Origin',(368.01842227789,-62.4504611389453,4.5));
#4361=CARTESIAN_POINT('Origin',(211.000003144145,-60.42069133258,8.5));
#4362=CARTESIAN_POINT('',(365.094714051561,-65.841381845596,8.5));
#4363=CARTESIAN_POINT('',(373.943941359581,-65.841381845596,8.5));
#4364=CARTESIAN_POINT('',(288.047358597853,-65.841381845596,8.5));
#4365=CARTESIAN_POINT('',(362.000005573034,-55.0000008195639,8.5));
#4366=CARTESIAN_POINT('Origin',(362.000005573034,-67.000000819564,8.5));
#4367=CARTESIAN_POINT('',(60.0000007152557,-55.0000008195639,8.5));
#4368=CARTESIAN_POINT('',(286.50000435859,-55.0000008195639,8.5));
#4369=CARTESIAN_POINT('',(48.0560649287086,-65.841381845596,8.5));
#4370=CARTESIAN_POINT('Origin',(60.0000007152558,-67.0000008195639,8.5));
#4371=CARTESIAN_POINT('',(58.0000008642673,-65.841381845596,8.5));
#4372=CARTESIAN_POINT('',(129.528034036427,-65.841381845596,8.5));
#4373=CARTESIAN_POINT('',(58.0000008642673,-65.5000008940697,8.5));
#4374=CARTESIAN_POINT('',(58.0000008642673,-63.131036589088,8.5));
#4375=CARTESIAN_POINT('',(63.5000008642674,-60.0000008940697,8.5));
#4376=CARTESIAN_POINT('Origin',(63.5000008642673,-65.5000008940697,8.5));
#4377=CARTESIAN_POINT('',(359.594714051561,-60.0000008940697,8.5));
#4378=CARTESIAN_POINT('',(137.250002004206,-60.0000008940697,8.5));
#4379=CARTESIAN_POINT('',(365.094714051561,-65.5000008940697,8.5));
#4380=CARTESIAN_POINT('Origin',(359.594714051561,-65.5000008940696,8.5));
#4381=CARTESIAN_POINT('',(365.094714051561,-62.9603461133249,8.5));
#4382=CARTESIAN_POINT('Origin',(58.0000008642673,-65.841381845596,1.));
#4383=CARTESIAN_POINT('',(58.0000008642673,-65.841381845596,1.));
#4384=CARTESIAN_POINT('',(58.0000008642673,-65.841381845596,8.));
#4385=CARTESIAN_POINT('',(58.0000008642673,-65.5000008940697,1.));
#4386=CARTESIAN_POINT('',(58.0000008642673,-65.841381845596,1.));
#4387=CARTESIAN_POINT('',(58.0000008642673,-65.5000008940697,8.));
#4388=CARTESIAN_POINT('Origin',(48.0560649287086,-65.841381845596,1.));
#4389=CARTESIAN_POINT('',(48.0560649287086,-65.841381845596,1.));
#4390=CARTESIAN_POINT('',(48.0560649287086,-65.841381845596,8.));
#4391=CARTESIAN_POINT('',(48.0560649287086,-65.841381845596,1.));
#4392=CARTESIAN_POINT('Origin',(60.0000007152558,-67.0000008195639,1.));
#4393=CARTESIAN_POINT('',(60.0000007152557,-55.0000008195639,1.));
#4394=CARTESIAN_POINT('',(60.0000007152557,-55.0000008195639,8.));
#4395=CARTESIAN_POINT('Origin',(60.0000007152558,-67.0000008195639,1.));
#4396=CARTESIAN_POINT('Origin',(362.000005573034,-55.0000008195639,1.));
#4397=CARTESIAN_POINT('',(362.000005573034,-55.0000008195639,1.));
#4398=CARTESIAN_POINT('',(362.000005573034,-55.0000008195639,8.));
#4399=CARTESIAN_POINT('',(362.000005573034,-55.0000008195639,1.));
#4400=CARTESIAN_POINT('Origin',(362.000005573034,-67.000000819564,1.));
#4401=CARTESIAN_POINT('',(373.943941359581,-65.841381845596,1.));
#4402=CARTESIAN_POINT('',(373.943941359581,-65.841381845596,8.));
#4403=CARTESIAN_POINT('Origin',(362.000005573034,-67.000000819564,1.));
#4404=CARTESIAN_POINT('Origin',(55.0184222778907,-62.4504611389453,1.));
#4405=CARTESIAN_POINT('',(57.4684222778907,-62.4504611389453,1.));
#4406=CARTESIAN_POINT('Origin',(55.0184222778907,-62.4504611389453,1.));
#4407=CARTESIAN_POINT('',(57.4684222778907,-62.4504611389453,1.));
#4408=CARTESIAN_POINT('Origin',(368.01842227789,-62.4504611389453,1.));
#4409=CARTESIAN_POINT('',(370.46842227789,-62.4504611389453,1.));
#4410=CARTESIAN_POINT('Origin',(368.01842227789,-62.4504611389453,1.));
#4411=CARTESIAN_POINT('',(370.46842227789,-62.4504611389453,1.));
#4412=CARTESIAN_POINT('Origin',(365.094714051561,-65.5000008940697,1.));
#4413=CARTESIAN_POINT('',(365.094714051561,-65.5000008940697,1.));
#4414=CARTESIAN_POINT('',(365.094714051561,-65.5000008940697,1.));
#4415=CARTESIAN_POINT('',(365.094714051561,-65.841381845596,1.));
#4416=CARTESIAN_POINT('',(365.094714051561,-65.5000008940697,1.));
#4417=CARTESIAN_POINT('',(365.094714051561,-65.841381845596,1.));
#4418=CARTESIAN_POINT('Origin',(359.594714051561,-65.5000008940696,1.));
#4419=CARTESIAN_POINT('',(359.594714051561,-60.0000008940697,1.));
#4420=CARTESIAN_POINT('',(359.594714051561,-60.0000008940697,1.));
#4421=CARTESIAN_POINT('Origin',(359.594714051561,-65.5000008940696,1.));
#4422=CARTESIAN_POINT('Origin',(63.5000008642673,-60.0000008940697,1.));
#4423=CARTESIAN_POINT('',(63.5000008642673,-60.0000008940697,1.));
#4424=CARTESIAN_POINT('',(63.5000008642673,-60.0000008940697,1.));
#4425=CARTESIAN_POINT('',(63.5000008642673,-60.0000008940697,1.));
#4426=CARTESIAN_POINT('Origin',(63.5000008642673,-65.5000008940697,1.));
#4427=CARTESIAN_POINT('Origin',(63.5000008642673,-65.5000008940697,1.));
#4428=CARTESIAN_POINT('Origin',(365.094714051561,-65.841381845596,1.));
#4429=CARTESIAN_POINT('',(48.0560649287086,-65.841381845596,1.));
#4430=CARTESIAN_POINT('Origin',(211.000003144145,-60.42069133258,1.));
#4431=CARTESIAN_POINT('Origin',(55.0000008195639,-202.500003017485,8.5));
#4432=CARTESIAN_POINT('',(58.0000008195639,-202.500003017485,7.5));
#4433=CARTESIAN_POINT('Origin',(55.0000008195639,-202.500003017485,7.5));
#4434=CARTESIAN_POINT('',(58.0000008195639,-202.500003017485,4.5));
#4435=CARTESIAN_POINT('',(58.0000008195639,-202.500003017485,8.5));
#4436=CARTESIAN_POINT('Origin',(55.0000008195639,-202.500003017485,4.5));
#4437=CARTESIAN_POINT('Origin',(55.0000008195639,-202.500003017485,4.5));
#4438=CARTESIAN_POINT('',(57.4684222778907,-202.450461138945,4.5));
#4439=CARTESIAN_POINT('Origin',(55.0184222778907,-202.450461138945,4.5));
#4440=CARTESIAN_POINT('Origin',(368.000005483627,-202.500003017485,8.5));
#4441=CARTESIAN_POINT('',(371.000005483627,-202.500003017485,7.5));
#4442=CARTESIAN_POINT('Origin',(368.000005483627,-202.500003017485,7.5));
#4443=CARTESIAN_POINT('',(371.000005483627,-202.500003017485,4.5));
#4444=CARTESIAN_POINT('',(371.000005483627,-202.500003017485,8.5));
#4445=CARTESIAN_POINT('Origin',(368.000005483627,-202.500003017485,4.5));
#4446=CARTESIAN_POINT('Origin',(368.000005483627,-202.500003017485,4.5));
#4447=CARTESIAN_POINT('',(370.46842227789,-202.450461138945,4.5));
#4448=CARTESIAN_POINT('Origin',(368.01842227789,-202.450461138945,4.5));
#4449=CARTESIAN_POINT('Origin',(211.000003144145,-204.500003047287,7.5));
#4450=CARTESIAN_POINT('',(373.958266329843,-199.000002965331,7.5));
#4451=CARTESIAN_POINT('',(362.000005573034,-210.000003129244,7.5));
#4452=CARTESIAN_POINT('Origin',(362.000005573034,-198.000003129244,7.5));
#4453=CARTESIAN_POINT('',(365.000005438924,-199.000003017276,7.5));
#4454=CARTESIAN_POINT('',(292.479134736994,-199.000002965331,7.5));
#4455=CARTESIAN_POINT('',(358.000005438924,-206.000003069639,7.5));
#4456=CARTESIAN_POINT('Origin',(358.000005438924,-199.000003069639,7.5));
#4457=CARTESIAN_POINT('',(65.0000008642673,-206.000003069639,7.5));
#4458=CARTESIAN_POINT('',(284.500004291535,-206.000003069639,7.5));
#4459=CARTESIAN_POINT('',(58.0000008642674,-199.000003017276,7.5));
#4460=CARTESIAN_POINT('Origin',(65.0000008642673,-199.000003069639,7.5));
#4461=CARTESIAN_POINT('',(48.0417399584473,-199.000002965331,7.5));
#4462=CARTESIAN_POINT('',(134.500002004206,-199.000002965331,7.5));
#4463=CARTESIAN_POINT('',(60.0000007152557,-210.000003129244,7.5));
#4464=CARTESIAN_POINT('Origin',(60.0000007152558,-198.000003129244,7.5));
#4465=CARTESIAN_POINT('',(135.5000019297,-210.000003129244,7.5));
#4466=CARTESIAN_POINT('Origin',(65.0000008642673,-199.000003069639,1.));
#4467=CARTESIAN_POINT('',(65.0000008642673,-206.000003069639,1.));
#4468=CARTESIAN_POINT('',(65.0000008642673,-206.000003069639,1.));
#4469=CARTESIAN_POINT('',(58.0000008642674,-199.000003017276,1.));
#4470=CARTESIAN_POINT('Origin',(65.0000008642673,-199.000003069639,1.));
#4471=CARTESIAN_POINT('',(58.0000008642674,-199.000003069639,1.));
#4472=CARTESIAN_POINT('Origin',(358.000005438924,-206.000003069639,1.));
#4473=CARTESIAN_POINT('',(358.000005438924,-206.000003069639,1.));
#4474=CARTESIAN_POINT('',(358.000005438924,-206.000003069639,1.));
#4475=CARTESIAN_POINT('',(65.0000008642673,-206.000003069639,1.));
#4476=CARTESIAN_POINT('Origin',(358.000005438924,-199.000003069639,1.));
#4477=CARTESIAN_POINT('',(365.000005438924,-199.000003017276,1.));
#4478=CARTESIAN_POINT('',(365.000005438924,-199.000003069639,1.));
#4479=CARTESIAN_POINT('Origin',(358.000005438924,-199.000003069639,1.));
#4480=CARTESIAN_POINT('Origin',(373.958266329843,-199.000002965331,1.));
#4481=CARTESIAN_POINT('',(373.958266329843,-199.000002965331,1.));
#4482=CARTESIAN_POINT('',(373.958266329843,-199.000002965331,1.));
#4483=CARTESIAN_POINT('',(48.0000007152557,-199.000002965331,1.));
#4484=CARTESIAN_POINT('Origin',(55.0184222778907,-202.450461138945,1.));
#4485=CARTESIAN_POINT('',(57.4684222778907,-202.450461138945,1.));
#4486=CARTESIAN_POINT('Origin',(55.0184222778907,-202.450461138945,1.));
#4487=CARTESIAN_POINT('',(57.4684222778907,-202.450461138945,1.));
#4488=CARTESIAN_POINT('Origin',(368.01842227789,-202.450461138945,1.));
#4489=CARTESIAN_POINT('',(370.46842227789,-202.450461138945,1.));
#4490=CARTESIAN_POINT('Origin',(368.01842227789,-202.450461138945,1.));
#4491=CARTESIAN_POINT('',(370.46842227789,-202.450461138945,1.));
#4492=CARTESIAN_POINT('Origin',(60.0000007152557,-210.000003129244,1.));
#4493=CARTESIAN_POINT('',(60.0000007152557,-210.000003129244,1.));
#4494=CARTESIAN_POINT('',(60.0000007152557,-210.000003129244,1.));
#4495=CARTESIAN_POINT('',(362.000005573034,-210.000003129244,1.));
#4496=CARTESIAN_POINT('',(362.000005573034,-210.000003129244,1.));
#4497=CARTESIAN_POINT('',(362.000005573034,-210.000003129244,1.));
#4498=CARTESIAN_POINT('Origin',(60.0000007152558,-198.000003129244,1.));
#4499=CARTESIAN_POINT('',(48.0417399584473,-199.000002965331,1.));
#4500=CARTESIAN_POINT('',(48.0417399584473,-199.000002965331,1.));
#4501=CARTESIAN_POINT('Origin',(60.0000007152558,-198.000003129244,1.));
#4502=CARTESIAN_POINT('Origin',(58.0000008642674,-199.000002965331,1.));
#4503=CARTESIAN_POINT('',(48.0000007152557,-199.000002965331,1.));
#4504=CARTESIAN_POINT('Origin',(362.000005573034,-198.000003129244,1.));
#4505=CARTESIAN_POINT('Origin',(362.000005573034,-198.000003129244,1.));
#4506=CARTESIAN_POINT('Origin',(211.000003144145,-204.500003047287,1.));
#4507=CARTESIAN_POINT('',(0.,0.,0.));
#4508=CARTESIAN_POINT('Origin',(55.0184222778907,-62.4504611389453,4.5));
#4509=CARTESIAN_POINT('',(57.4684222778907,-62.4504611389453,4.5));
#4510=CARTESIAN_POINT('Origin',(55.0184222778907,-62.4504611389453,4.5));
#4511=CARTESIAN_POINT('',(56.6184222778907,-62.4504611389453,4.5));
#4512=CARTESIAN_POINT('Origin',(55.0184222778907,-62.4504611389453,4.5));
#4513=CARTESIAN_POINT('Origin',(55.0184222778907,-62.4504611389453,1.));
#4514=CARTESIAN_POINT('',(56.6184222778907,-62.4504611389453,1.));
#4515=CARTESIAN_POINT('Origin',(55.0184222778907,-62.4504611389453,1.));
#4516=CARTESIAN_POINT('',(56.6184222778907,-62.4504611389453,1.));
#4517=CARTESIAN_POINT('Origin',(55.0184222778907,-62.4504611389453,1.));
#4518=CARTESIAN_POINT('',(57.4684222778907,-62.4504611389453,1.));
#4519=CARTESIAN_POINT('',(57.4684222778907,-62.4504611389453,1.));
#4520=CARTESIAN_POINT('Origin',(55.0184222778907,-62.4504611389453,1.));
#4521=CARTESIAN_POINT('Origin',(55.0184222778907,-62.4504611389453,1.));
#4522=CARTESIAN_POINT('Origin',(368.01842227789,-62.4504611389453,4.5));
#4523=CARTESIAN_POINT('',(370.46842227789,-62.4504611389453,4.5));
#4524=CARTESIAN_POINT('Origin',(368.01842227789,-62.4504611389453,4.5));
#4525=CARTESIAN_POINT('',(369.61842227789,-62.4504611389453,4.5));
#4526=CARTESIAN_POINT('Origin',(368.01842227789,-62.4504611389453,4.5));
#4527=CARTESIAN_POINT('Origin',(368.01842227789,-62.4504611389453,1.));
#4528=CARTESIAN_POINT('',(369.61842227789,-62.4504611389453,1.));
#4529=CARTESIAN_POINT('Origin',(368.01842227789,-62.4504611389453,1.));
#4530=CARTESIAN_POINT('',(369.61842227789,-62.4504611389453,1.));
#4531=CARTESIAN_POINT('Origin',(368.01842227789,-62.4504611389453,1.));
#4532=CARTESIAN_POINT('',(370.46842227789,-62.4504611389453,1.));
#4533=CARTESIAN_POINT('',(370.46842227789,-62.4504611389453,1.));
#4534=CARTESIAN_POINT('Origin',(368.01842227789,-62.4504611389453,1.));
#4535=CARTESIAN_POINT('Origin',(368.01842227789,-62.4504611389453,1.));
#4536=CARTESIAN_POINT('Origin',(55.0000008195639,-202.500003017485,4.5));
#4537=CARTESIAN_POINT('',(57.4684222778907,-202.450461138945,4.5));
#4538=CARTESIAN_POINT('Origin',(55.0184222778907,-202.450461138945,4.5));
#4539=CARTESIAN_POINT('',(56.6184222778907,-202.450461138945,4.5));
#4540=CARTESIAN_POINT('Origin',(55.0184222778907,-202.450461138945,4.5));
#4541=CARTESIAN_POINT('Origin',(55.0184222778907,-202.450461138945,1.));
#4542=CARTESIAN_POINT('',(56.6184222778907,-202.450461138945,1.));
#4543=CARTESIAN_POINT('Origin',(55.0184222778907,-202.450461138945,1.));
#4544=CARTESIAN_POINT('',(56.6184222778907,-202.450461138945,1.));
#4545=CARTESIAN_POINT('Origin',(55.0184222778907,-202.450461138945,1.));
#4546=CARTESIAN_POINT('',(57.4684222778907,-202.450461138945,1.));
#4547=CARTESIAN_POINT('',(57.4684222778907,-202.450461138945,1.));
#4548=CARTESIAN_POINT('Origin',(55.0184222778907,-202.450461138945,1.));
#4549=CARTESIAN_POINT('Origin',(55.0184222778907,-202.450461138945,1.));
#4550=CARTESIAN_POINT('Origin',(368.000005483627,-202.500003017485,4.5));
#4551=CARTESIAN_POINT('',(370.46842227789,-202.450461138945,4.5));
#4552=CARTESIAN_POINT('Origin',(368.01842227789,-202.450461138945,4.5));
#4553=CARTESIAN_POINT('',(369.61842227789,-202.450461138945,4.5));
#4554=CARTESIAN_POINT('Origin',(368.01842227789,-202.450461138945,4.5));
#4555=CARTESIAN_POINT('Origin',(368.01842227789,-202.450461138945,1.));
#4556=CARTESIAN_POINT('',(369.61842227789,-202.450461138945,1.));
#4557=CARTESIAN_POINT('Origin',(368.01842227789,-202.450461138945,1.));
#4558=CARTESIAN_POINT('',(369.61842227789,-202.450461138945,1.));
#4559=CARTESIAN_POINT('Origin',(368.01842227789,-202.450461138945,1.));
#4560=CARTESIAN_POINT('',(370.46842227789,-202.450461138945,1.));
#4561=CARTESIAN_POINT('',(370.46842227789,-202.450461138945,1.));
#4562=CARTESIAN_POINT('Origin',(368.01842227789,-202.450461138945,1.));
#4563=CARTESIAN_POINT('Origin',(368.01842227789,-202.450461138945,1.));
#4564=CARTESIAN_POINT('Origin',(368.01842227789,-62.4504611389453,4.5));
#4565=CARTESIAN_POINT('',(369.60588427789,-62.4504611389453,4.5));
#4566=CARTESIAN_POINT('Origin',(368.01842227789,-62.4504611389453,4.5));
#4567=CARTESIAN_POINT('Origin',(368.01842227789,-62.4504611389453,1.));
#4568=CARTESIAN_POINT('',(369.60588427789,-62.4504611389453,1.));
#4569=CARTESIAN_POINT('',(369.60588427789,-62.4504611389453,1.));
#4570=CARTESIAN_POINT('Origin',(368.01842227789,-62.4504611389453,1.));
#4571=CARTESIAN_POINT('Origin',(368.01842227789,-62.4504611389453,1.));
#4572=CARTESIAN_POINT('Origin',(55.0184222778907,-62.4504611389453,4.5));
#4573=CARTESIAN_POINT('',(56.6058842778907,-62.4504611389453,4.5));
#4574=CARTESIAN_POINT('Origin',(55.0184222778907,-62.4504611389453,4.5));
#4575=CARTESIAN_POINT('Origin',(55.0184222778907,-62.4504611389453,1.));
#4576=CARTESIAN_POINT('',(56.6058842778907,-62.4504611389453,1.));
#4577=CARTESIAN_POINT('',(56.6058842778907,-62.4504611389453,1.));
#4578=CARTESIAN_POINT('Origin',(55.0184222778907,-62.4504611389453,1.));
#4579=CARTESIAN_POINT('Origin',(55.0184222778907,-62.4504611389453,1.));
#4580=CARTESIAN_POINT('Origin',(368.01842227789,-202.450461138945,1.));
#4581=CARTESIAN_POINT('',(369.60588427789,-202.450461138945,2.));
#4582=CARTESIAN_POINT('Origin',(368.01842227789,-202.450461138945,2.));
#4583=CARTESIAN_POINT('',(369.60588427789,-202.450461138945,1.));
#4584=CARTESIAN_POINT('',(369.60588427789,-202.450461138945,1.));
#4585=CARTESIAN_POINT('Origin',(368.01842227789,-202.450461138945,1.));
#4586=CARTESIAN_POINT('Origin',(368.01842227789,-202.450461138945,2.));
#4587=CARTESIAN_POINT('Origin',(368.01842227789,-202.450461138945,1.));
#4588=CARTESIAN_POINT('Origin',(55.0184222778907,-202.450461138945,4.5));
#4589=CARTESIAN_POINT('',(56.6058842778907,-202.450461138945,4.5));
#4590=CARTESIAN_POINT('Origin',(55.0184222778907,-202.450461138945,4.5));
#4591=CARTESIAN_POINT('Origin',(55.0184222778907,-202.450461138945,1.));
#4592=CARTESIAN_POINT('',(56.6058842778907,-202.450461138945,1.));
#4593=CARTESIAN_POINT('',(56.6058842778907,-202.450461138945,1.));
#4594=CARTESIAN_POINT('Origin',(55.0184222778907,-202.450461138945,1.));
#4595=CARTESIAN_POINT('Origin',(55.0184222778907,-202.450461138945,1.));
#4596=CARTESIAN_POINT('Origin',(55.0184222778907,-62.4504611389453,8.5));
#4597=CARTESIAN_POINT('',(58.0184222778907,-62.4504611389453,8.));
#4598=CARTESIAN_POINT('Origin',(55.0184222778907,-62.4504611389453,8.));
#4599=CARTESIAN_POINT('',(58.0184222778907,-62.4504611389453,4.5));
#4600=CARTESIAN_POINT('',(58.0184222778907,-62.4504611389453,8.5));
#4601=CARTESIAN_POINT('Origin',(55.0184222778907,-62.4504611389453,4.5));
#4602=CARTESIAN_POINT('Origin',(55.0184222778907,-62.4504611389453,4.5));
#4603=CARTESIAN_POINT('',(57.4684222778907,-62.4504611389453,4.5));
#4604=CARTESIAN_POINT('Origin',(55.0184222778907,-62.4504611389453,4.5));
#4605=CARTESIAN_POINT('Origin',(368.01842227789,-62.4504611389453,8.5));
#4606=CARTESIAN_POINT('',(371.01842227789,-62.4504611389453,8.));
#4607=CARTESIAN_POINT('Origin',(368.01842227789,-62.4504611389453,8.));
#4608=CARTESIAN_POINT('',(371.01842227789,-62.4504611389453,4.5));
#4609=CARTESIAN_POINT('',(371.01842227789,-62.4504611389453,8.5));
#4610=CARTESIAN_POINT('Origin',(368.01842227789,-62.4504611389453,4.5));
#4611=CARTESIAN_POINT('Origin',(368.01842227789,-62.4504611389453,4.5));
#4612=CARTESIAN_POINT('',(370.46842227789,-62.4504611389453,4.5));
#4613=CARTESIAN_POINT('Origin',(368.01842227789,-62.4504611389453,4.5));
#4614=CARTESIAN_POINT('Origin',(368.01842227789,-62.4504611389453,1.));
#4615=CARTESIAN_POINT('',(370.46842227789,-62.4504611389453,1.));
#4616=CARTESIAN_POINT('Origin',(368.01842227789,-62.4504611389453,1.));
#4617=CARTESIAN_POINT('',(370.46842227789,-62.4504611389453,1.));
#4618=CARTESIAN_POINT('Origin',(55.0184222778907,-62.4504611389453,1.));
#4619=CARTESIAN_POINT('',(57.4684222778907,-62.4504611389453,1.));
#4620=CARTESIAN_POINT('Origin',(55.0184222778907,-62.4504611389453,1.));
#4621=CARTESIAN_POINT('',(57.4684222778907,-62.4504611389453,1.));
#4622=CARTESIAN_POINT('Origin',(365.094714051561,-65.5000008940697,1.));
#4623=CARTESIAN_POINT('',(365.094714051561,-65.5000008940697,1.));
#4624=CARTESIAN_POINT('',(365.094714051561,-65.841381845596,1.));
#4625=CARTESIAN_POINT('',(365.094714051561,-65.5000008940697,1.));
#4626=CARTESIAN_POINT('',(365.094714051561,-65.841381845596,8.));
#4627=CARTESIAN_POINT('',(365.094714051561,-65.841381845596,1.));
#4628=CARTESIAN_POINT('',(365.094714051561,-65.5000008940697,8.));
#4629=CARTESIAN_POINT('',(365.094714051561,-65.5000008940697,8.));
#4630=CARTESIAN_POINT('',(365.094714051561,-65.5000008940697,1.));
#4631=CARTESIAN_POINT('Origin',(359.594714051561,-65.5000008940696,1.));
#4632=CARTESIAN_POINT('',(359.594714051561,-60.0000008940697,1.));
#4633=CARTESIAN_POINT('Origin',(359.594714051561,-65.5000008940696,1.));
#4634=CARTESIAN_POINT('',(359.594714051561,-60.0000008940697,8.));
#4635=CARTESIAN_POINT('Origin',(359.594714051561,-65.5000008940696,8.));
#4636=CARTESIAN_POINT('',(359.594714051561,-60.0000008940697,1.));
#4637=CARTESIAN_POINT('Origin',(63.5000008642673,-60.0000008940697,1.));
#4638=CARTESIAN_POINT('',(63.5000008642673,-60.0000008940697,1.));
#4639=CARTESIAN_POINT('',(63.5000008642673,-60.0000008940697,1.));
#4640=CARTESIAN_POINT('',(63.5000008642673,-60.0000008940697,8.));
#4641=CARTESIAN_POINT('',(63.5000008642673,-60.0000008940697,8.));
#4642=CARTESIAN_POINT('',(63.5000008642673,-60.0000008940697,1.));
#4643=CARTESIAN_POINT('Origin',(63.5000008642673,-65.5000008940697,1.));
#4644=CARTESIAN_POINT('',(58.0000008642673,-65.5000008940697,1.));
#4645=CARTESIAN_POINT('Origin',(63.5000008642673,-65.5000008940697,1.));
#4646=CARTESIAN_POINT('',(58.0000008642673,-65.5000008940697,8.));
#4647=CARTESIAN_POINT('Origin',(63.5000008642673,-65.5000008940697,8.));
#4648=CARTESIAN_POINT('',(58.0000008642673,-65.5000008940697,1.));
#4649=CARTESIAN_POINT('Origin',(58.0000008642673,-65.841381845596,1.));
#4650=CARTESIAN_POINT('',(58.0000008642673,-65.841381845596,1.));
#4651=CARTESIAN_POINT('',(58.0000008642673,-65.841381845596,1.));
#4652=CARTESIAN_POINT('',(58.0000008642673,-65.841381845596,8.));
#4653=CARTESIAN_POINT('',(58.0000008642673,-65.841381845596,8.));
#4654=CARTESIAN_POINT('',(58.0000008642673,-65.841381845596,1.));
#4655=CARTESIAN_POINT('Origin',(48.0560649287086,-65.841381845596,1.));
#4656=CARTESIAN_POINT('',(48.0560649287086,-65.841381845596,1.));
#4657=CARTESIAN_POINT('',(48.0560649287086,-65.841381845596,1.));
#4658=CARTESIAN_POINT('',(48.0560649287086,-65.841381845596,8.));
#4659=CARTESIAN_POINT('',(48.0560649287086,-65.841381845596,8.));
#4660=CARTESIAN_POINT('',(48.0560649287086,-65.841381845596,1.));
#4661=CARTESIAN_POINT('Origin',(60.0000007152558,-67.0000008195639,1.));
#4662=CARTESIAN_POINT('',(60.0000007152557,-55.0000008195639,1.));
#4663=CARTESIAN_POINT('Origin',(60.0000007152558,-67.0000008195639,1.));
#4664=CARTESIAN_POINT('',(60.0000007152557,-55.0000008195639,8.));
#4665=CARTESIAN_POINT('Origin',(60.0000007152558,-67.0000008195639,8.));
#4666=CARTESIAN_POINT('',(60.0000007152557,-55.0000008195639,1.));
#4667=CARTESIAN_POINT('Origin',(362.000005573034,-55.0000008195639,1.));
#4668=CARTESIAN_POINT('',(362.000005573034,-55.0000008195639,1.));
#4669=CARTESIAN_POINT('',(362.000005573034,-55.0000008195639,1.));
#4670=CARTESIAN_POINT('',(362.000005573034,-55.0000008195639,8.));
#4671=CARTESIAN_POINT('',(362.000005573034,-55.0000008195639,8.));
#4672=CARTESIAN_POINT('',(362.000005573034,-55.0000008195639,1.));
#4673=CARTESIAN_POINT('Origin',(362.000005573034,-67.000000819564,1.));
#4674=CARTESIAN_POINT('',(373.943941359581,-65.841381845596,1.));
#4675=CARTESIAN_POINT('Origin',(362.000005573034,-67.000000819564,1.));
#4676=CARTESIAN_POINT('',(373.943941359581,-65.841381845596,8.));
#4677=CARTESIAN_POINT('Origin',(362.000005573034,-67.000000819564,8.));
#4678=CARTESIAN_POINT('',(373.943941359581,-65.841381845596,1.));
#4679=CARTESIAN_POINT('Origin',(365.094714051561,-65.841381845596,1.));
#4680=CARTESIAN_POINT('',(48.0560649287086,-65.841381845596,1.));
#4681=CARTESIAN_POINT('',(48.0560649287086,-65.841381845596,8.));
#4682=CARTESIAN_POINT('Origin',(211.000003144145,-60.42069133258,8.));
#4683=CARTESIAN_POINT('Origin',(211.000003144145,-60.42069133258,1.));
#4684=CARTESIAN_POINT('Origin',(55.0000008195639,-202.500003017485,8.5));
#4685=CARTESIAN_POINT('',(58.0000008195639,-202.500003017485,7.));
#4686=CARTESIAN_POINT('Origin',(55.0000008195639,-202.500003017485,7.));
#4687=CARTESIAN_POINT('',(58.0000008195639,-202.500003017485,4.5));
#4688=CARTESIAN_POINT('',(58.0000008195639,-202.500003017485,8.5));
#4689=CARTESIAN_POINT('Origin',(55.0000008195639,-202.500003017485,4.5));
#4690=CARTESIAN_POINT('Origin',(55.0000008195639,-202.500003017485,4.5));
#4691=CARTESIAN_POINT('',(57.4684222778907,-202.450461138945,4.5));
#4692=CARTESIAN_POINT('Origin',(55.0184222778907,-202.450461138945,4.5));
#4693=CARTESIAN_POINT('Origin',(368.000005483627,-202.500003017485,8.5));
#4694=CARTESIAN_POINT('',(371.000005483627,-202.500003017485,7.));
#4695=CARTESIAN_POINT('Origin',(368.000005483627,-202.500003017485,7.));
#4696=CARTESIAN_POINT('',(371.000005483627,-202.500003017485,4.5));
#4697=CARTESIAN_POINT('',(371.000005483627,-202.500003017485,8.5));
#4698=CARTESIAN_POINT('Origin',(368.000005483627,-202.500003017485,4.5));
#4699=CARTESIAN_POINT('Origin',(368.000005483627,-202.500003017485,4.5));
#4700=CARTESIAN_POINT('',(370.46842227789,-202.450461138945,4.5));
#4701=CARTESIAN_POINT('Origin',(368.01842227789,-202.450461138945,4.5));
#4702=CARTESIAN_POINT('Origin',(55.0184222778907,-202.450461138945,1.));
#4703=CARTESIAN_POINT('',(57.4684222778907,-202.450461138945,1.));
#4704=CARTESIAN_POINT('Origin',(55.0184222778907,-202.450461138945,1.));
#4705=CARTESIAN_POINT('',(57.4684222778907,-202.450461138945,1.));
#4706=CARTESIAN_POINT('Origin',(368.01842227789,-202.450461138945,1.));
#4707=CARTESIAN_POINT('',(370.46842227789,-202.450461138945,1.));
#4708=CARTESIAN_POINT('Origin',(368.01842227789,-202.450461138945,1.));
#4709=CARTESIAN_POINT('',(370.46842227789,-202.450461138945,1.));
#4710=CARTESIAN_POINT('Origin',(60.0000007152557,-210.000003129244,1.));
#4711=CARTESIAN_POINT('',(362.000005573034,-210.000003129244,1.));
#4712=CARTESIAN_POINT('',(60.0000007152557,-210.000003129244,1.));
#4713=CARTESIAN_POINT('',(362.000005573034,-210.000003129244,1.));
#4714=CARTESIAN_POINT('',(362.000005573034,-210.000003129244,7.));
#4715=CARTESIAN_POINT('',(362.000005573034,-210.000003129244,1.));
#4716=CARTESIAN_POINT('',(60.0000007152557,-210.000003129244,7.));
#4717=CARTESIAN_POINT('',(362.000005573034,-210.000003129244,7.));
#4718=CARTESIAN_POINT('',(60.0000007152557,-210.000003129244,1.));
#4719=CARTESIAN_POINT('Origin',(60.0000007152558,-198.000003129244,1.));
#4720=CARTESIAN_POINT('',(48.0417399584473,-199.000002965331,1.));
#4721=CARTESIAN_POINT('Origin',(60.0000007152558,-198.000003129244,1.));
#4722=CARTESIAN_POINT('',(48.0417399584473,-199.000002965331,7.));
#4723=CARTESIAN_POINT('Origin',(60.0000007152558,-198.000003129244,7.));
#4724=CARTESIAN_POINT('',(48.0417399584473,-199.000002965331,1.));
#4725=CARTESIAN_POINT('Origin',(58.0000008642674,-199.000002965331,1.));
#4726=CARTESIAN_POINT('',(58.0000008642674,-199.000003017278,1.));
#4727=CARTESIAN_POINT('',(48.0000007152557,-199.000002965331,1.));
#4728=CARTESIAN_POINT('',(58.0000008642674,-199.000003017278,7.));
#4729=CARTESIAN_POINT('',(48.0000007152557,-199.000002965331,7.));
#4730=CARTESIAN_POINT('',(58.0000008642674,-199.000003069639,1.));
#4731=CARTESIAN_POINT('Origin',(65.0000008642673,-199.000003069639,1.));
#4732=CARTESIAN_POINT('',(65.0000008642673,-206.000003069639,1.));
#4733=CARTESIAN_POINT('Origin',(65.0000008642673,-199.000003069639,1.));
#4734=CARTESIAN_POINT('',(65.0000008642673,-206.000003069639,7.));
#4735=CARTESIAN_POINT('Origin',(65.0000008642673,-199.000003069639,7.));
#4736=CARTESIAN_POINT('',(65.0000008642673,-206.000003069639,1.));
#4737=CARTESIAN_POINT('Origin',(358.000005438924,-206.000003069639,1.));
#4738=CARTESIAN_POINT('',(358.000005438924,-206.000003069639,1.));
#4739=CARTESIAN_POINT('',(65.0000008642673,-206.000003069639,1.));
#4740=CARTESIAN_POINT('',(358.000005438924,-206.000003069639,7.));
#4741=CARTESIAN_POINT('',(65.0000008642673,-206.000003069639,7.));
#4742=CARTESIAN_POINT('',(358.000005438924,-206.000003069639,1.));
#4743=CARTESIAN_POINT('Origin',(358.000005438924,-199.000003069639,1.));
#4744=CARTESIAN_POINT('',(365.000005438924,-199.000003017278,1.));
#4745=CARTESIAN_POINT('Origin',(358.000005438924,-199.000003069639,1.));
#4746=CARTESIAN_POINT('',(365.000005438924,-199.000003017278,7.));
#4747=CARTESIAN_POINT('Origin',(358.000005438924,-199.000003069639,7.));
#4748=CARTESIAN_POINT('',(365.000005438924,-199.000003069639,1.));
#4749=CARTESIAN_POINT('Origin',(373.958266329843,-199.000002965331,1.));
#4750=CARTESIAN_POINT('',(373.958266329843,-199.000002965331,1.));
#4751=CARTESIAN_POINT('',(48.0000007152557,-199.000002965331,1.));
#4752=CARTESIAN_POINT('',(373.958266329843,-199.000002965331,7.));
#4753=CARTESIAN_POINT('',(48.0000007152557,-199.000002965331,7.));
#4754=CARTESIAN_POINT('',(373.958266329843,-199.000002965331,1.));
#4755=CARTESIAN_POINT('Origin',(362.000005573034,-198.000003129244,1.));
#4756=CARTESIAN_POINT('Origin',(362.000005573034,-198.000003129244,1.));
#4757=CARTESIAN_POINT('Origin',(362.000005573034,-198.000003129244,7.));
#4758=CARTESIAN_POINT('Origin',(211.000003144145,-204.500003047287,7.));
#4759=CARTESIAN_POINT('Origin',(211.000003144145,-204.500003047287,1.));
#4760=CARTESIAN_POINT('',(0.,0.,0.));
#4761=UNCERTAINTY_MEASURE_WITH_UNIT(LENGTH_MEASURE(0.01),#4769,
'DISTANCE_ACCURACY_VALUE',
'Maximum model space distance between geometric entities at asserted c
onnectivities');
#4762=UNCERTAINTY_MEASURE_WITH_UNIT(LENGTH_MEASURE(0.01),#4769,
'DISTANCE_ACCURACY_VALUE',
'Maximum model space distance between geometric entities at asserted c
onnectivities');
#4763=UNCERTAINTY_MEASURE_WITH_UNIT(LENGTH_MEASURE(0.01),#4769,
'DISTANCE_ACCURACY_VALUE',
'Maximum model space distance between geometric entities at asserted c
onnectivities');
#4764=UNCERTAINTY_MEASURE_WITH_UNIT(LENGTH_MEASURE(0.01),#4769,
'DISTANCE_ACCURACY_VALUE',
'Maximum model space distance between geometric entities at asserted c
onnectivities');
#4765=(
GEOMETRIC_REPRESENTATION_CONTEXT(3)
GLOBAL_UNCERTAINTY_ASSIGNED_CONTEXT((#4761))
GLOBAL_UNIT_ASSIGNED_CONTEXT((#4769,#4771,#4772))
REPRESENTATION_CONTEXT('','3D')
);
#4766=(
GEOMETRIC_REPRESENTATION_CONTEXT(3)
GLOBAL_UNCERTAINTY_ASSIGNED_CONTEXT((#4762))
GLOBAL_UNIT_ASSIGNED_CONTEXT((#4769,#4771,#4772))
REPRESENTATION_CONTEXT('','3D')
);
#4767=(
GEOMETRIC_REPRESENTATION_CONTEXT(3)
GLOBAL_UNCERTAINTY_ASSIGNED_CONTEXT((#4763))
GLOBAL_UNIT_ASSIGNED_CONTEXT((#4769,#4771,#4772))
REPRESENTATION_CONTEXT('','3D')
);
#4768=(
GEOMETRIC_REPRESENTATION_CONTEXT(3)
GLOBAL_UNCERTAINTY_ASSIGNED_CONTEXT((#4764))
GLOBAL_UNIT_ASSIGNED_CONTEXT((#4769,#4771,#4772))
REPRESENTATION_CONTEXT('','3D')
);
#4769=(
LENGTH_UNIT()
NAMED_UNIT(*)
SI_UNIT(.MILLI.,.METRE.)
);
#4770=(
LENGTH_UNIT()
NAMED_UNIT(*)
SI_UNIT($,.METRE.)
);
#4771=(
NAMED_UNIT(*)
PLANE_ANGLE_UNIT()
SI_UNIT($,.RADIAN.)
);
#4772=(
NAMED_UNIT(*)
SI_UNIT($,.STERADIAN.)
SOLID_ANGLE_UNIT()
);
#4773=SHAPE_DEFINITION_REPRESENTATION(#4776,#4781);
#4774=SHAPE_DEFINITION_REPRESENTATION(#4777,#4782);
#4775=SHAPE_DEFINITION_REPRESENTATION(#4778,#4783);
#4776=PRODUCT_DEFINITION_SHAPE('',$,#4785);
#4777=PRODUCT_DEFINITION_SHAPE('',$,#4786);
#4778=PRODUCT_DEFINITION_SHAPE('',$,#4787);
#4779=PRODUCT_DEFINITION_SHAPE($,$,#17);
#4780=PRODUCT_DEFINITION_SHAPE($,$,#18);
#4781=SHAPE_REPRESENTATION('',(#2785,#3112),#4765);
#4782=SHAPE_REPRESENTATION('',(#2786,#2993),#4766);
#4783=SHAPE_REPRESENTATION('',(#2787),#4767);
#4784=PRODUCT_DEFINITION_CONTEXT('part definition',#4795,'design');
#4785=PRODUCT_DEFINITION('2026-06-17-03-43-50-280','Cover (2)',#4788,#4784);
#4786=PRODUCT_DEFINITION('2026-06-17-03-43-50-280_1','Cover (1)',#4789,
#4784);
#4787=PRODUCT_DEFINITION('2026-06-16-20-07-49-646','Cover',#4790,#4784);
#4788=PRODUCT_DEFINITION_FORMATION('',$,#4797);
#4789=PRODUCT_DEFINITION_FORMATION('',$,#4798);
#4790=PRODUCT_DEFINITION_FORMATION('',$,#4799);
#4791=PRODUCT_RELATED_PRODUCT_CATEGORY('Cover (2)','Cover (2)',(#4797));
#4792=PRODUCT_RELATED_PRODUCT_CATEGORY('Cover (1)','Cover (1)',(#4798));
#4793=PRODUCT_RELATED_PRODUCT_CATEGORY('Cover','Cover',(#4799));
#4794=APPLICATION_PROTOCOL_DEFINITION('international standard',
'automotive_design',2009,#4795);
#4795=APPLICATION_CONTEXT(
'Core Data for Automotive Mechanical Design Process');
#4796=PRODUCT_CONTEXT('part definition',#4795,'mechanical');
#4797=PRODUCT('2026-06-17-03-43-50-280','Cover (2)',$,(#4796));
#4798=PRODUCT('2026-06-17-03-43-50-280_1','Cover (1)',$,(#4796));
#4799=PRODUCT('2026-06-16-20-07-49-646','Cover',$,(#4796));
#4800=PRESENTATION_STYLE_ASSIGNMENT((#4802));
#4801=PRESENTATION_STYLE_ASSIGNMENT((#4803));
#4802=SURFACE_STYLE_USAGE(.BOTH.,#4804);
#4803=SURFACE_STYLE_USAGE(.BOTH.,#4805);
#4804=SURFACE_SIDE_STYLE('',(#4806));
#4805=SURFACE_SIDE_STYLE('',(#4807));
#4806=SURFACE_STYLE_FILL_AREA(#4808);
#4807=SURFACE_STYLE_FILL_AREA(#4809);
#4808=FILL_AREA_STYLE('Steel - Satin',(#4810));
#4809=FILL_AREA_STYLE('Opaque(160,160,160)',(#4811));
#4810=FILL_AREA_STYLE_COLOUR('Steel - Satin',#4812);
#4811=FILL_AREA_STYLE_COLOUR('Opaque(160,160,160)',#4813);
#4812=COLOUR_RGB('Steel - Satin',0.627450980392157,0.627450980392157,0.627450980392157);
#4813=COLOUR_RGB('Opaque(160,160,160)',0.627450980392157,0.627450980392157,
0.627450980392157);
ENDSEC;
END-ISO-10303-21;
