ISO-10303-21;
HEADER;
/* Generated by software containing ST-Developer
 * from STEP Tools, Inc. (www.steptools.com) 
 */

FILE_DESCRIPTION(
/* description */ (''),
/* implementation_level */ '2;1');

FILE_NAME(
/* name */ 'Plate.step',
/* time_stamp */ '2026-06-20T11:34:45+03:00',
/* author */ (''),
/* organization */ (''),
/* preprocessor_version */ 'ST-DEVELOPER v20.1',
/* originating_system */ 'Autodesk Translation Framework v15.8.0.0',
/* authorisation */ '');

FILE_SCHEMA (('AUTOMOTIVE_DESIGN { 1 0 10303 214 3 1 1 }'));
ENDSEC;

DATA;
#10=MECHANICAL_DESIGN_GEOMETRIC_PRESENTATION_REPRESENTATION('',(#21),#13808);
#11=ITEM_DEFINED_TRANSFORMATION($,$,#8807,#9265);
#12=ITEM_DEFINED_TRANSFORMATION($,$,#8806,#9266);
#13=(
REPRESENTATION_RELATIONSHIP($,$,#13823,#13822)
REPRESENTATION_RELATIONSHIP_WITH_TRANSFORMATION(#11)
SHAPE_REPRESENTATION_RELATIONSHIP()
);
#14=(
REPRESENTATION_RELATIONSHIP($,$,#13822,#13821)
REPRESENTATION_RELATIONSHIP_WITH_TRANSFORMATION(#12)
SHAPE_REPRESENTATION_RELATIONSHIP()
);
#15=CONTEXT_DEPENDENT_SHAPE_REPRESENTATION(#13,#13819);
#16=CONTEXT_DEPENDENT_SHAPE_REPRESENTATION(#14,#13820);
#17=NEXT_ASSEMBLY_USAGE_OCCURRENCE('Plate:1','Plate:1','Plate:1',#13826,
#13827,'Plate:1');
#18=NEXT_ASSEMBLY_USAGE_OCCURRENCE('plate:1','plate:1','plate:1',#13825,
#13826,'plate:1');
#19=SHAPE_REPRESENTATION_RELATIONSHIP('SRR','None',#13823,#20);
#20=ADVANCED_BREP_SHAPE_REPRESENTATION('',(#22),#13807);
#21=STYLED_ITEM('',(#13841),#22);
#22=MANIFOLD_SOLID_BREP('Body1',#8792);
#23=B_SPLINE_CURVE_WITH_KNOTS('',3,(#12199,#12200,#12201,#12202),
 .UNSPECIFIED.,.F.,.F.,(4,4),(-0.000788956915461819,0.),.UNSPECIFIED.);
#24=FACE_BOUND('',#961,.T.);
#25=FACE_BOUND('',#962,.T.);
#26=FACE_BOUND('',#963,.T.);
#27=FACE_BOUND('',#964,.T.);
#28=FACE_BOUND('',#965,.T.);
#29=FACE_BOUND('',#966,.T.);
#30=FACE_BOUND('',#967,.T.);
#31=FACE_BOUND('',#968,.T.);
#32=FACE_BOUND('',#969,.T.);
#33=FACE_BOUND('',#970,.T.);
#34=FACE_BOUND('',#971,.T.);
#35=FACE_BOUND('',#972,.T.);
#36=FACE_BOUND('',#973,.T.);
#37=FACE_BOUND('',#974,.T.);
#38=FACE_BOUND('',#975,.T.);
#39=FACE_BOUND('',#976,.T.);
#40=FACE_BOUND('',#977,.T.);
#41=FACE_BOUND('',#978,.T.);
#42=FACE_BOUND('',#979,.T.);
#43=FACE_BOUND('',#980,.T.);
#44=FACE_BOUND('',#981,.T.);
#45=FACE_BOUND('',#982,.T.);
#46=FACE_BOUND('',#983,.T.);
#47=FACE_BOUND('',#984,.T.);
#48=FACE_BOUND('',#985,.T.);
#49=FACE_BOUND('',#986,.T.);
#50=FACE_BOUND('',#987,.T.);
#51=FACE_BOUND('',#988,.T.);
#52=FACE_BOUND('',#989,.T.);
#53=FACE_BOUND('',#990,.T.);
#54=FACE_BOUND('',#991,.T.);
#55=FACE_BOUND('',#992,.T.);
#56=FACE_BOUND('',#993,.T.);
#57=FACE_BOUND('',#994,.T.);
#58=FACE_BOUND('',#995,.T.);
#59=FACE_BOUND('',#996,.T.);
#60=FACE_BOUND('',#997,.T.);
#61=FACE_BOUND('',#998,.T.);
#62=FACE_BOUND('',#999,.T.);
#63=FACE_BOUND('',#1000,.T.);
#64=FACE_BOUND('',#1001,.T.);
#65=FACE_BOUND('',#1002,.T.);
#66=FACE_BOUND('',#1003,.T.);
#67=FACE_BOUND('',#1004,.T.);
#68=FACE_BOUND('',#1005,.T.);
#69=FACE_BOUND('',#1006,.T.);
#70=FACE_BOUND('',#1007,.T.);
#71=FACE_BOUND('',#1008,.T.);
#72=FACE_BOUND('',#1009,.T.);
#73=FACE_BOUND('',#1010,.T.);
#74=FACE_BOUND('',#1011,.T.);
#75=FACE_BOUND('',#1012,.T.);
#76=FACE_BOUND('',#1013,.T.);
#77=FACE_BOUND('',#1014,.T.);
#78=FACE_BOUND('',#1015,.T.);
#79=FACE_BOUND('',#1016,.T.);
#80=FACE_BOUND('',#1017,.T.);
#81=FACE_BOUND('',#1018,.T.);
#82=FACE_BOUND('',#1019,.T.);
#83=FACE_BOUND('',#1020,.T.);
#84=FACE_BOUND('',#1021,.T.);
#85=FACE_BOUND('',#1022,.T.);
#86=FACE_BOUND('',#1023,.T.);
#87=FACE_BOUND('',#1024,.T.);
#88=FACE_BOUND('',#1025,.T.);
#89=FACE_BOUND('',#1026,.T.);
#90=FACE_BOUND('',#1027,.T.);
#91=FACE_BOUND('',#1028,.T.);
#92=FACE_BOUND('',#1029,.T.);
#93=FACE_BOUND('',#1030,.T.);
#94=FACE_BOUND('',#1031,.T.);
#95=FACE_BOUND('',#1032,.T.);
#96=FACE_BOUND('',#1033,.T.);
#97=FACE_BOUND('',#1034,.T.);
#98=FACE_BOUND('',#1046,.T.);
#99=FACE_BOUND('',#1047,.T.);
#100=FACE_BOUND('',#1048,.T.);
#101=FACE_BOUND('',#1049,.T.);
#102=FACE_BOUND('',#1050,.T.);
#103=FACE_BOUND('',#1051,.T.);
#104=FACE_BOUND('',#1052,.T.);
#105=FACE_BOUND('',#1053,.T.);
#106=FACE_BOUND('',#1054,.T.);
#107=FACE_BOUND('',#1055,.T.);
#108=FACE_BOUND('',#1056,.T.);
#109=FACE_BOUND('',#1057,.T.);
#110=FACE_BOUND('',#1058,.T.);
#111=FACE_BOUND('',#1059,.T.);
#112=FACE_BOUND('',#1060,.T.);
#113=FACE_BOUND('',#1061,.T.);
#114=FACE_BOUND('',#1062,.T.);
#115=FACE_BOUND('',#1063,.T.);
#116=FACE_BOUND('',#1064,.T.);
#117=FACE_BOUND('',#1065,.T.);
#118=FACE_BOUND('',#1066,.T.);
#119=FACE_BOUND('',#1067,.T.);
#120=FACE_BOUND('',#1068,.T.);
#121=FACE_BOUND('',#1069,.T.);
#122=FACE_BOUND('',#1070,.T.);
#123=FACE_BOUND('',#1071,.T.);
#124=FACE_BOUND('',#1072,.T.);
#125=FACE_BOUND('',#1073,.T.);
#126=FACE_BOUND('',#1074,.T.);
#127=FACE_BOUND('',#1075,.T.);
#128=FACE_BOUND('',#1076,.T.);
#129=FACE_BOUND('',#1077,.T.);
#130=FACE_BOUND('',#1078,.T.);
#131=FACE_BOUND('',#1079,.T.);
#132=FACE_BOUND('',#1080,.T.);
#133=FACE_BOUND('',#1081,.T.);
#134=FACE_BOUND('',#1082,.T.);
#135=FACE_BOUND('',#1083,.T.);
#136=FACE_BOUND('',#1084,.T.);
#137=FACE_BOUND('',#1085,.T.);
#138=FACE_BOUND('',#1086,.T.);
#139=FACE_BOUND('',#1087,.T.);
#140=FACE_BOUND('',#1088,.T.);
#141=FACE_BOUND('',#1089,.T.);
#142=FACE_BOUND('',#1090,.T.);
#143=FACE_BOUND('',#1091,.T.);
#144=FACE_BOUND('',#1092,.T.);
#145=FACE_BOUND('',#1093,.T.);
#146=FACE_BOUND('',#1094,.T.);
#147=FACE_BOUND('',#1095,.T.);
#148=FACE_BOUND('',#1096,.T.);
#149=FACE_BOUND('',#1097,.T.);
#150=FACE_BOUND('',#1098,.T.);
#151=FACE_BOUND('',#1099,.T.);
#152=FACE_BOUND('',#1100,.T.);
#153=FACE_BOUND('',#1101,.T.);
#154=FACE_BOUND('',#1102,.T.);
#155=FACE_BOUND('',#1103,.T.);
#156=FACE_BOUND('',#1104,.T.);
#157=FACE_BOUND('',#1105,.T.);
#158=FACE_BOUND('',#1106,.T.);
#159=FACE_BOUND('',#1107,.T.);
#160=FACE_BOUND('',#1108,.T.);
#161=FACE_BOUND('',#1109,.T.);
#162=FACE_BOUND('',#1110,.T.);
#163=FACE_BOUND('',#1111,.T.);
#164=FACE_BOUND('',#1112,.T.);
#165=FACE_BOUND('',#1113,.T.);
#166=FACE_BOUND('',#1114,.T.);
#167=FACE_BOUND('',#1115,.T.);
#168=FACE_BOUND('',#1116,.T.);
#169=FACE_BOUND('',#1117,.T.);
#170=FACE_BOUND('',#1118,.T.);
#171=FACE_BOUND('',#1119,.T.);
#172=FACE_BOUND('',#1120,.T.);
#173=PLANE('',#8811);
#174=PLANE('',#8813);
#175=PLANE('',#8836);
#176=PLANE('',#8837);
#177=PLANE('',#8838);
#178=PLANE('',#8842);
#179=PLANE('',#8843);
#180=PLANE('',#8845);
#181=PLANE('',#8851);
#182=PLANE('',#8852);
#183=PLANE('',#8874);
#184=PLANE('',#8883);
#185=PLANE('',#8885);
#186=PLANE('',#8890);
#187=PLANE('',#8891);
#188=PLANE('',#8893);
#189=PLANE('',#8895);
#190=PLANE('',#8896);
#191=PLANE('',#8897);
#192=PLANE('',#8898);
#193=PLANE('',#8899);
#194=PLANE('',#8900);
#195=PLANE('',#8901);
#196=PLANE('',#8902);
#197=PLANE('',#8903);
#198=PLANE('',#8904);
#199=PLANE('',#8905);
#200=PLANE('',#8906);
#201=PLANE('',#8907);
#202=PLANE('',#8908);
#203=PLANE('',#8909);
#204=PLANE('',#8910);
#205=PLANE('',#8911);
#206=PLANE('',#8912);
#207=PLANE('',#8913);
#208=PLANE('',#8914);
#209=PLANE('',#8915);
#210=PLANE('',#8916);
#211=PLANE('',#8917);
#212=PLANE('',#8918);
#213=PLANE('',#8919);
#214=PLANE('',#8920);
#215=PLANE('',#8921);
#216=PLANE('',#8922);
#217=PLANE('',#8923);
#218=PLANE('',#8924);
#219=PLANE('',#8925);
#220=PLANE('',#8926);
#221=PLANE('',#8927);
#222=PLANE('',#8928);
#223=PLANE('',#8929);
#224=PLANE('',#8930);
#225=PLANE('',#8931);
#226=PLANE('',#8932);
#227=PLANE('',#8933);
#228=PLANE('',#8934);
#229=PLANE('',#8935);
#230=PLANE('',#8936);
#231=PLANE('',#8937);
#232=PLANE('',#8938);
#233=PLANE('',#8939);
#234=PLANE('',#8940);
#235=PLANE('',#8941);
#236=PLANE('',#8942);
#237=PLANE('',#8943);
#238=PLANE('',#8944);
#239=PLANE('',#8945);
#240=PLANE('',#8946);
#241=PLANE('',#8947);
#242=PLANE('',#8948);
#243=PLANE('',#8949);
#244=PLANE('',#8950);
#245=PLANE('',#8951);
#246=PLANE('',#8952);
#247=PLANE('',#8953);
#248=PLANE('',#8954);
#249=PLANE('',#8955);
#250=PLANE('',#8956);
#251=PLANE('',#8957);
#252=PLANE('',#8958);
#253=PLANE('',#8959);
#254=PLANE('',#8960);
#255=PLANE('',#8961);
#256=PLANE('',#8962);
#257=PLANE('',#8963);
#258=PLANE('',#8964);
#259=PLANE('',#8965);
#260=PLANE('',#8966);
#261=PLANE('',#8967);
#262=PLANE('',#8968);
#263=PLANE('',#8969);
#264=PLANE('',#8970);
#265=PLANE('',#8971);
#266=PLANE('',#8972);
#267=PLANE('',#8973);
#268=PLANE('',#8974);
#269=PLANE('',#8975);
#270=PLANE('',#8976);
#271=PLANE('',#8977);
#272=PLANE('',#8978);
#273=PLANE('',#8979);
#274=PLANE('',#8980);
#275=PLANE('',#8981);
#276=PLANE('',#8982);
#277=PLANE('',#8983);
#278=PLANE('',#8984);
#279=PLANE('',#8985);
#280=PLANE('',#8986);
#281=PLANE('',#8987);
#282=PLANE('',#8988);
#283=PLANE('',#8989);
#284=PLANE('',#8990);
#285=PLANE('',#8991);
#286=PLANE('',#8992);
#287=PLANE('',#8993);
#288=PLANE('',#8994);
#289=PLANE('',#8995);
#290=PLANE('',#8996);
#291=PLANE('',#8997);
#292=PLANE('',#8998);
#293=PLANE('',#8999);
#294=PLANE('',#9000);
#295=PLANE('',#9001);
#296=PLANE('',#9002);
#297=PLANE('',#9003);
#298=PLANE('',#9004);
#299=PLANE('',#9005);
#300=PLANE('',#9006);
#301=PLANE('',#9007);
#302=PLANE('',#9008);
#303=PLANE('',#9009);
#304=PLANE('',#9010);
#305=PLANE('',#9011);
#306=PLANE('',#9012);
#307=PLANE('',#9013);
#308=PLANE('',#9014);
#309=PLANE('',#9015);
#310=PLANE('',#9016);
#311=PLANE('',#9017);
#312=PLANE('',#9018);
#313=PLANE('',#9019);
#314=PLANE('',#9020);
#315=PLANE('',#9021);
#316=PLANE('',#9022);
#317=PLANE('',#9023);
#318=PLANE('',#9024);
#319=PLANE('',#9025);
#320=PLANE('',#9026);
#321=PLANE('',#9027);
#322=PLANE('',#9028);
#323=PLANE('',#9029);
#324=PLANE('',#9030);
#325=PLANE('',#9031);
#326=PLANE('',#9032);
#327=PLANE('',#9033);
#328=PLANE('',#9034);
#329=PLANE('',#9035);
#330=PLANE('',#9036);
#331=PLANE('',#9037);
#332=PLANE('',#9038);
#333=PLANE('',#9039);
#334=PLANE('',#9040);
#335=PLANE('',#9041);
#336=PLANE('',#9042);
#337=PLANE('',#9043);
#338=PLANE('',#9044);
#339=PLANE('',#9045);
#340=PLANE('',#9046);
#341=PLANE('',#9047);
#342=PLANE('',#9048);
#343=PLANE('',#9049);
#344=PLANE('',#9050);
#345=PLANE('',#9051);
#346=PLANE('',#9052);
#347=PLANE('',#9053);
#348=PLANE('',#9054);
#349=PLANE('',#9055);
#350=PLANE('',#9056);
#351=PLANE('',#9057);
#352=PLANE('',#9058);
#353=PLANE('',#9059);
#354=PLANE('',#9060);
#355=PLANE('',#9061);
#356=PLANE('',#9062);
#357=PLANE('',#9063);
#358=PLANE('',#9064);
#359=PLANE('',#9065);
#360=PLANE('',#9066);
#361=PLANE('',#9067);
#362=PLANE('',#9068);
#363=PLANE('',#9069);
#364=PLANE('',#9070);
#365=PLANE('',#9071);
#366=PLANE('',#9072);
#367=PLANE('',#9073);
#368=PLANE('',#9074);
#369=PLANE('',#9075);
#370=PLANE('',#9076);
#371=PLANE('',#9077);
#372=PLANE('',#9078);
#373=PLANE('',#9079);
#374=PLANE('',#9080);
#375=PLANE('',#9081);
#376=PLANE('',#9082);
#377=PLANE('',#9083);
#378=PLANE('',#9084);
#379=PLANE('',#9085);
#380=PLANE('',#9086);
#381=PLANE('',#9087);
#382=PLANE('',#9088);
#383=PLANE('',#9089);
#384=PLANE('',#9090);
#385=PLANE('',#9091);
#386=PLANE('',#9092);
#387=PLANE('',#9093);
#388=PLANE('',#9094);
#389=PLANE('',#9095);
#390=PLANE('',#9096);
#391=PLANE('',#9097);
#392=PLANE('',#9098);
#393=PLANE('',#9099);
#394=PLANE('',#9100);
#395=PLANE('',#9101);
#396=PLANE('',#9102);
#397=PLANE('',#9103);
#398=PLANE('',#9104);
#399=PLANE('',#9105);
#400=PLANE('',#9106);
#401=PLANE('',#9107);
#402=PLANE('',#9108);
#403=PLANE('',#9109);
#404=PLANE('',#9110);
#405=PLANE('',#9111);
#406=PLANE('',#9112);
#407=PLANE('',#9113);
#408=PLANE('',#9114);
#409=PLANE('',#9115);
#410=PLANE('',#9116);
#411=PLANE('',#9117);
#412=PLANE('',#9118);
#413=PLANE('',#9119);
#414=PLANE('',#9120);
#415=PLANE('',#9121);
#416=PLANE('',#9122);
#417=PLANE('',#9123);
#418=PLANE('',#9124);
#419=PLANE('',#9125);
#420=PLANE('',#9126);
#421=PLANE('',#9127);
#422=PLANE('',#9128);
#423=PLANE('',#9129);
#424=PLANE('',#9130);
#425=PLANE('',#9131);
#426=PLANE('',#9132);
#427=PLANE('',#9133);
#428=PLANE('',#9134);
#429=PLANE('',#9135);
#430=PLANE('',#9136);
#431=PLANE('',#9137);
#432=PLANE('',#9138);
#433=PLANE('',#9139);
#434=PLANE('',#9140);
#435=PLANE('',#9141);
#436=PLANE('',#9142);
#437=PLANE('',#9143);
#438=PLANE('',#9144);
#439=PLANE('',#9145);
#440=PLANE('',#9146);
#441=PLANE('',#9147);
#442=PLANE('',#9148);
#443=PLANE('',#9149);
#444=PLANE('',#9150);
#445=PLANE('',#9151);
#446=PLANE('',#9152);
#447=PLANE('',#9153);
#448=PLANE('',#9154);
#449=PLANE('',#9155);
#450=PLANE('',#9156);
#451=PLANE('',#9157);
#452=PLANE('',#9158);
#453=PLANE('',#9159);
#454=PLANE('',#9160);
#455=PLANE('',#9161);
#456=PLANE('',#9162);
#457=PLANE('',#9163);
#458=PLANE('',#9164);
#459=PLANE('',#9165);
#460=PLANE('',#9166);
#461=PLANE('',#9167);
#462=PLANE('',#9168);
#463=PLANE('',#9169);
#464=PLANE('',#9170);
#465=PLANE('',#9171);
#466=PLANE('',#9172);
#467=PLANE('',#9173);
#468=PLANE('',#9174);
#469=PLANE('',#9175);
#470=PLANE('',#9176);
#471=PLANE('',#9177);
#472=PLANE('',#9178);
#473=PLANE('',#9179);
#474=PLANE('',#9180);
#475=PLANE('',#9181);
#476=PLANE('',#9182);
#477=PLANE('',#9183);
#478=PLANE('',#9184);
#479=PLANE('',#9185);
#480=PLANE('',#9186);
#481=PLANE('',#9187);
#482=PLANE('',#9188);
#483=PLANE('',#9189);
#484=PLANE('',#9190);
#485=PLANE('',#9191);
#486=PLANE('',#9192);
#487=PLANE('',#9193);
#488=PLANE('',#9194);
#489=PLANE('',#9195);
#490=PLANE('',#9196);
#491=PLANE('',#9197);
#492=PLANE('',#9198);
#493=PLANE('',#9199);
#494=PLANE('',#9201);
#495=PLANE('',#9203);
#496=PLANE('',#9204);
#497=PLANE('',#9205);
#498=PLANE('',#9206);
#499=PLANE('',#9207);
#500=PLANE('',#9208);
#501=PLANE('',#9209);
#502=PLANE('',#9210);
#503=PLANE('',#9211);
#504=PLANE('',#9212);
#505=PLANE('',#9213);
#506=PLANE('',#9214);
#507=PLANE('',#9215);
#508=PLANE('',#9216);
#509=PLANE('',#9217);
#510=PLANE('',#9218);
#511=PLANE('',#9219);
#512=PLANE('',#9220);
#513=PLANE('',#9221);
#514=PLANE('',#9222);
#515=PLANE('',#9223);
#516=PLANE('',#9224);
#517=PLANE('',#9225);
#518=PLANE('',#9226);
#519=PLANE('',#9227);
#520=PLANE('',#9228);
#521=PLANE('',#9229);
#522=PLANE('',#9230);
#523=PLANE('',#9231);
#524=PLANE('',#9232);
#525=PLANE('',#9233);
#526=PLANE('',#9234);
#527=PLANE('',#9235);
#528=PLANE('',#9236);
#529=PLANE('',#9237);
#530=PLANE('',#9238);
#531=PLANE('',#9239);
#532=PLANE('',#9240);
#533=PLANE('',#9241);
#534=PLANE('',#9242);
#535=PLANE('',#9243);
#536=PLANE('',#9244);
#537=PLANE('',#9245);
#538=PLANE('',#9246);
#539=PLANE('',#9247);
#540=PLANE('',#9248);
#541=PLANE('',#9249);
#542=PLANE('',#9250);
#543=PLANE('',#9251);
#544=PLANE('',#9252);
#545=PLANE('',#9253);
#546=PLANE('',#9254);
#547=PLANE('',#9255);
#548=PLANE('',#9256);
#549=PLANE('',#9259);
#550=PLANE('',#9260);
#551=PLANE('',#9262);
#552=PLANE('',#9264);
#553=FACE_OUTER_BOUND('',#958,.T.);
#554=FACE_OUTER_BOUND('',#959,.T.);
#555=FACE_OUTER_BOUND('',#960,.T.);
#556=FACE_OUTER_BOUND('',#1035,.T.);
#557=FACE_OUTER_BOUND('',#1036,.T.);
#558=FACE_OUTER_BOUND('',#1037,.T.);
#559=FACE_OUTER_BOUND('',#1038,.T.);
#560=FACE_OUTER_BOUND('',#1039,.T.);
#561=FACE_OUTER_BOUND('',#1040,.T.);
#562=FACE_OUTER_BOUND('',#1041,.T.);
#563=FACE_OUTER_BOUND('',#1042,.T.);
#564=FACE_OUTER_BOUND('',#1043,.T.);
#565=FACE_OUTER_BOUND('',#1044,.T.);
#566=FACE_OUTER_BOUND('',#1045,.T.);
#567=FACE_OUTER_BOUND('',#1121,.T.);
#568=FACE_OUTER_BOUND('',#1122,.T.);
#569=FACE_OUTER_BOUND('',#1123,.T.);
#570=FACE_OUTER_BOUND('',#1124,.T.);
#571=FACE_OUTER_BOUND('',#1125,.T.);
#572=FACE_OUTER_BOUND('',#1126,.T.);
#573=FACE_OUTER_BOUND('',#1127,.T.);
#574=FACE_OUTER_BOUND('',#1128,.T.);
#575=FACE_OUTER_BOUND('',#1129,.T.);
#576=FACE_OUTER_BOUND('',#1130,.T.);
#577=FACE_OUTER_BOUND('',#1131,.T.);
#578=FACE_OUTER_BOUND('',#1132,.T.);
#579=FACE_OUTER_BOUND('',#1133,.T.);
#580=FACE_OUTER_BOUND('',#1134,.T.);
#581=FACE_OUTER_BOUND('',#1135,.T.);
#582=FACE_OUTER_BOUND('',#1136,.T.);
#583=FACE_OUTER_BOUND('',#1137,.T.);
#584=FACE_OUTER_BOUND('',#1138,.T.);
#585=FACE_OUTER_BOUND('',#1139,.T.);
#586=FACE_OUTER_BOUND('',#1140,.T.);
#587=FACE_OUTER_BOUND('',#1141,.T.);
#588=FACE_OUTER_BOUND('',#1142,.T.);
#589=FACE_OUTER_BOUND('',#1143,.T.);
#590=FACE_OUTER_BOUND('',#1144,.T.);
#591=FACE_OUTER_BOUND('',#1145,.T.);
#592=FACE_OUTER_BOUND('',#1146,.T.);
#593=FACE_OUTER_BOUND('',#1147,.T.);
#594=FACE_OUTER_BOUND('',#1148,.T.);
#595=FACE_OUTER_BOUND('',#1149,.T.);
#596=FACE_OUTER_BOUND('',#1150,.T.);
#597=FACE_OUTER_BOUND('',#1151,.T.);
#598=FACE_OUTER_BOUND('',#1152,.T.);
#599=FACE_OUTER_BOUND('',#1153,.T.);
#600=FACE_OUTER_BOUND('',#1154,.T.);
#601=FACE_OUTER_BOUND('',#1155,.T.);
#602=FACE_OUTER_BOUND('',#1156,.T.);
#603=FACE_OUTER_BOUND('',#1157,.T.);
#604=FACE_OUTER_BOUND('',#1158,.T.);
#605=FACE_OUTER_BOUND('',#1159,.T.);
#606=FACE_OUTER_BOUND('',#1160,.T.);
#607=FACE_OUTER_BOUND('',#1161,.T.);
#608=FACE_OUTER_BOUND('',#1162,.T.);
#609=FACE_OUTER_BOUND('',#1163,.T.);
#610=FACE_OUTER_BOUND('',#1164,.T.);
#611=FACE_OUTER_BOUND('',#1165,.T.);
#612=FACE_OUTER_BOUND('',#1166,.T.);
#613=FACE_OUTER_BOUND('',#1167,.T.);
#614=FACE_OUTER_BOUND('',#1168,.T.);
#615=FACE_OUTER_BOUND('',#1169,.T.);
#616=FACE_OUTER_BOUND('',#1170,.T.);
#617=FACE_OUTER_BOUND('',#1171,.T.);
#618=FACE_OUTER_BOUND('',#1172,.T.);
#619=FACE_OUTER_BOUND('',#1173,.T.);
#620=FACE_OUTER_BOUND('',#1174,.T.);
#621=FACE_OUTER_BOUND('',#1175,.T.);
#622=FACE_OUTER_BOUND('',#1176,.T.);
#623=FACE_OUTER_BOUND('',#1177,.T.);
#624=FACE_OUTER_BOUND('',#1178,.T.);
#625=FACE_OUTER_BOUND('',#1179,.T.);
#626=FACE_OUTER_BOUND('',#1180,.T.);
#627=FACE_OUTER_BOUND('',#1181,.T.);
#628=FACE_OUTER_BOUND('',#1182,.T.);
#629=FACE_OUTER_BOUND('',#1183,.T.);
#630=FACE_OUTER_BOUND('',#1184,.T.);
#631=FACE_OUTER_BOUND('',#1185,.T.);
#632=FACE_OUTER_BOUND('',#1186,.T.);
#633=FACE_OUTER_BOUND('',#1187,.T.);
#634=FACE_OUTER_BOUND('',#1188,.T.);
#635=FACE_OUTER_BOUND('',#1189,.T.);
#636=FACE_OUTER_BOUND('',#1190,.T.);
#637=FACE_OUTER_BOUND('',#1191,.T.);
#638=FACE_OUTER_BOUND('',#1192,.T.);
#639=FACE_OUTER_BOUND('',#1193,.T.);
#640=FACE_OUTER_BOUND('',#1194,.T.);
#641=FACE_OUTER_BOUND('',#1195,.T.);
#642=FACE_OUTER_BOUND('',#1196,.T.);
#643=FACE_OUTER_BOUND('',#1197,.T.);
#644=FACE_OUTER_BOUND('',#1198,.T.);
#645=FACE_OUTER_BOUND('',#1199,.T.);
#646=FACE_OUTER_BOUND('',#1200,.T.);
#647=FACE_OUTER_BOUND('',#1201,.T.);
#648=FACE_OUTER_BOUND('',#1202,.T.);
#649=FACE_OUTER_BOUND('',#1203,.T.);
#650=FACE_OUTER_BOUND('',#1204,.T.);
#651=FACE_OUTER_BOUND('',#1205,.T.);
#652=FACE_OUTER_BOUND('',#1206,.T.);
#653=FACE_OUTER_BOUND('',#1207,.T.);
#654=FACE_OUTER_BOUND('',#1208,.T.);
#655=FACE_OUTER_BOUND('',#1209,.T.);
#656=FACE_OUTER_BOUND('',#1210,.T.);
#657=FACE_OUTER_BOUND('',#1211,.T.);
#658=FACE_OUTER_BOUND('',#1212,.T.);
#659=FACE_OUTER_BOUND('',#1213,.T.);
#660=FACE_OUTER_BOUND('',#1214,.T.);
#661=FACE_OUTER_BOUND('',#1215,.T.);
#662=FACE_OUTER_BOUND('',#1216,.T.);
#663=FACE_OUTER_BOUND('',#1217,.T.);
#664=FACE_OUTER_BOUND('',#1218,.T.);
#665=FACE_OUTER_BOUND('',#1219,.T.);
#666=FACE_OUTER_BOUND('',#1220,.T.);
#667=FACE_OUTER_BOUND('',#1221,.T.);
#668=FACE_OUTER_BOUND('',#1222,.T.);
#669=FACE_OUTER_BOUND('',#1223,.T.);
#670=FACE_OUTER_BOUND('',#1224,.T.);
#671=FACE_OUTER_BOUND('',#1225,.T.);
#672=FACE_OUTER_BOUND('',#1226,.T.);
#673=FACE_OUTER_BOUND('',#1227,.T.);
#674=FACE_OUTER_BOUND('',#1228,.T.);
#675=FACE_OUTER_BOUND('',#1229,.T.);
#676=FACE_OUTER_BOUND('',#1230,.T.);
#677=FACE_OUTER_BOUND('',#1231,.T.);
#678=FACE_OUTER_BOUND('',#1232,.T.);
#679=FACE_OUTER_BOUND('',#1233,.T.);
#680=FACE_OUTER_BOUND('',#1234,.T.);
#681=FACE_OUTER_BOUND('',#1235,.T.);
#682=FACE_OUTER_BOUND('',#1236,.T.);
#683=FACE_OUTER_BOUND('',#1237,.T.);
#684=FACE_OUTER_BOUND('',#1238,.T.);
#685=FACE_OUTER_BOUND('',#1239,.T.);
#686=FACE_OUTER_BOUND('',#1240,.T.);
#687=FACE_OUTER_BOUND('',#1241,.T.);
#688=FACE_OUTER_BOUND('',#1242,.T.);
#689=FACE_OUTER_BOUND('',#1243,.T.);
#690=FACE_OUTER_BOUND('',#1244,.T.);
#691=FACE_OUTER_BOUND('',#1245,.T.);
#692=FACE_OUTER_BOUND('',#1246,.T.);
#693=FACE_OUTER_BOUND('',#1247,.T.);
#694=FACE_OUTER_BOUND('',#1248,.T.);
#695=FACE_OUTER_BOUND('',#1249,.T.);
#696=FACE_OUTER_BOUND('',#1250,.T.);
#697=FACE_OUTER_BOUND('',#1251,.T.);
#698=FACE_OUTER_BOUND('',#1252,.T.);
#699=FACE_OUTER_BOUND('',#1253,.T.);
#700=FACE_OUTER_BOUND('',#1254,.T.);
#701=FACE_OUTER_BOUND('',#1255,.T.);
#702=FACE_OUTER_BOUND('',#1256,.T.);
#703=FACE_OUTER_BOUND('',#1257,.T.);
#704=FACE_OUTER_BOUND('',#1258,.T.);
#705=FACE_OUTER_BOUND('',#1259,.T.);
#706=FACE_OUTER_BOUND('',#1260,.T.);
#707=FACE_OUTER_BOUND('',#1261,.T.);
#708=FACE_OUTER_BOUND('',#1262,.T.);
#709=FACE_OUTER_BOUND('',#1263,.T.);
#710=FACE_OUTER_BOUND('',#1264,.T.);
#711=FACE_OUTER_BOUND('',#1265,.T.);
#712=FACE_OUTER_BOUND('',#1266,.T.);
#713=FACE_OUTER_BOUND('',#1267,.T.);
#714=FACE_OUTER_BOUND('',#1268,.T.);
#715=FACE_OUTER_BOUND('',#1269,.T.);
#716=FACE_OUTER_BOUND('',#1270,.T.);
#717=FACE_OUTER_BOUND('',#1271,.T.);
#718=FACE_OUTER_BOUND('',#1272,.T.);
#719=FACE_OUTER_BOUND('',#1273,.T.);
#720=FACE_OUTER_BOUND('',#1274,.T.);
#721=FACE_OUTER_BOUND('',#1275,.T.);
#722=FACE_OUTER_BOUND('',#1276,.T.);
#723=FACE_OUTER_BOUND('',#1277,.T.);
#724=FACE_OUTER_BOUND('',#1278,.T.);
#725=FACE_OUTER_BOUND('',#1279,.T.);
#726=FACE_OUTER_BOUND('',#1280,.T.);
#727=FACE_OUTER_BOUND('',#1281,.T.);
#728=FACE_OUTER_BOUND('',#1282,.T.);
#729=FACE_OUTER_BOUND('',#1283,.T.);
#730=FACE_OUTER_BOUND('',#1284,.T.);
#731=FACE_OUTER_BOUND('',#1285,.T.);
#732=FACE_OUTER_BOUND('',#1286,.T.);
#733=FACE_OUTER_BOUND('',#1287,.T.);
#734=FACE_OUTER_BOUND('',#1288,.T.);
#735=FACE_OUTER_BOUND('',#1289,.T.);
#736=FACE_OUTER_BOUND('',#1290,.T.);
#737=FACE_OUTER_BOUND('',#1291,.T.);
#738=FACE_OUTER_BOUND('',#1292,.T.);
#739=FACE_OUTER_BOUND('',#1293,.T.);
#740=FACE_OUTER_BOUND('',#1294,.T.);
#741=FACE_OUTER_BOUND('',#1295,.T.);
#742=FACE_OUTER_BOUND('',#1296,.T.);
#743=FACE_OUTER_BOUND('',#1297,.T.);
#744=FACE_OUTER_BOUND('',#1298,.T.);
#745=FACE_OUTER_BOUND('',#1299,.T.);
#746=FACE_OUTER_BOUND('',#1300,.T.);
#747=FACE_OUTER_BOUND('',#1301,.T.);
#748=FACE_OUTER_BOUND('',#1302,.T.);
#749=FACE_OUTER_BOUND('',#1303,.T.);
#750=FACE_OUTER_BOUND('',#1304,.T.);
#751=FACE_OUTER_BOUND('',#1305,.T.);
#752=FACE_OUTER_BOUND('',#1306,.T.);
#753=FACE_OUTER_BOUND('',#1307,.T.);
#754=FACE_OUTER_BOUND('',#1308,.T.);
#755=FACE_OUTER_BOUND('',#1309,.T.);
#756=FACE_OUTER_BOUND('',#1310,.T.);
#757=FACE_OUTER_BOUND('',#1311,.T.);
#758=FACE_OUTER_BOUND('',#1312,.T.);
#759=FACE_OUTER_BOUND('',#1313,.T.);
#760=FACE_OUTER_BOUND('',#1314,.T.);
#761=FACE_OUTER_BOUND('',#1315,.T.);
#762=FACE_OUTER_BOUND('',#1316,.T.);
#763=FACE_OUTER_BOUND('',#1317,.T.);
#764=FACE_OUTER_BOUND('',#1318,.T.);
#765=FACE_OUTER_BOUND('',#1319,.T.);
#766=FACE_OUTER_BOUND('',#1320,.T.);
#767=FACE_OUTER_BOUND('',#1321,.T.);
#768=FACE_OUTER_BOUND('',#1322,.T.);
#769=FACE_OUTER_BOUND('',#1323,.T.);
#770=FACE_OUTER_BOUND('',#1324,.T.);
#771=FACE_OUTER_BOUND('',#1325,.T.);
#772=FACE_OUTER_BOUND('',#1326,.T.);
#773=FACE_OUTER_BOUND('',#1327,.T.);
#774=FACE_OUTER_BOUND('',#1328,.T.);
#775=FACE_OUTER_BOUND('',#1329,.T.);
#776=FACE_OUTER_BOUND('',#1330,.T.);
#777=FACE_OUTER_BOUND('',#1331,.T.);
#778=FACE_OUTER_BOUND('',#1332,.T.);
#779=FACE_OUTER_BOUND('',#1333,.T.);
#780=FACE_OUTER_BOUND('',#1334,.T.);
#781=FACE_OUTER_BOUND('',#1335,.T.);
#782=FACE_OUTER_BOUND('',#1336,.T.);
#783=FACE_OUTER_BOUND('',#1337,.T.);
#784=FACE_OUTER_BOUND('',#1338,.T.);
#785=FACE_OUTER_BOUND('',#1339,.T.);
#786=FACE_OUTER_BOUND('',#1340,.T.);
#787=FACE_OUTER_BOUND('',#1341,.T.);
#788=FACE_OUTER_BOUND('',#1342,.T.);
#789=FACE_OUTER_BOUND('',#1343,.T.);
#790=FACE_OUTER_BOUND('',#1344,.T.);
#791=FACE_OUTER_BOUND('',#1345,.T.);
#792=FACE_OUTER_BOUND('',#1346,.T.);
#793=FACE_OUTER_BOUND('',#1347,.T.);
#794=FACE_OUTER_BOUND('',#1348,.T.);
#795=FACE_OUTER_BOUND('',#1349,.T.);
#796=FACE_OUTER_BOUND('',#1350,.T.);
#797=FACE_OUTER_BOUND('',#1351,.T.);
#798=FACE_OUTER_BOUND('',#1352,.T.);
#799=FACE_OUTER_BOUND('',#1353,.T.);
#800=FACE_OUTER_BOUND('',#1354,.T.);
#801=FACE_OUTER_BOUND('',#1355,.T.);
#802=FACE_OUTER_BOUND('',#1356,.T.);
#803=FACE_OUTER_BOUND('',#1357,.T.);
#804=FACE_OUTER_BOUND('',#1358,.T.);
#805=FACE_OUTER_BOUND('',#1359,.T.);
#806=FACE_OUTER_BOUND('',#1360,.T.);
#807=FACE_OUTER_BOUND('',#1361,.T.);
#808=FACE_OUTER_BOUND('',#1362,.T.);
#809=FACE_OUTER_BOUND('',#1363,.T.);
#810=FACE_OUTER_BOUND('',#1364,.T.);
#811=FACE_OUTER_BOUND('',#1365,.T.);
#812=FACE_OUTER_BOUND('',#1366,.T.);
#813=FACE_OUTER_BOUND('',#1367,.T.);
#814=FACE_OUTER_BOUND('',#1368,.T.);
#815=FACE_OUTER_BOUND('',#1369,.T.);
#816=FACE_OUTER_BOUND('',#1370,.T.);
#817=FACE_OUTER_BOUND('',#1371,.T.);
#818=FACE_OUTER_BOUND('',#1372,.T.);
#819=FACE_OUTER_BOUND('',#1373,.T.);
#820=FACE_OUTER_BOUND('',#1374,.T.);
#821=FACE_OUTER_BOUND('',#1375,.T.);
#822=FACE_OUTER_BOUND('',#1376,.T.);
#823=FACE_OUTER_BOUND('',#1377,.T.);
#824=FACE_OUTER_BOUND('',#1378,.T.);
#825=FACE_OUTER_BOUND('',#1379,.T.);
#826=FACE_OUTER_BOUND('',#1380,.T.);
#827=FACE_OUTER_BOUND('',#1381,.T.);
#828=FACE_OUTER_BOUND('',#1382,.T.);
#829=FACE_OUTER_BOUND('',#1383,.T.);
#830=FACE_OUTER_BOUND('',#1384,.T.);
#831=FACE_OUTER_BOUND('',#1385,.T.);
#832=FACE_OUTER_BOUND('',#1386,.T.);
#833=FACE_OUTER_BOUND('',#1387,.T.);
#834=FACE_OUTER_BOUND('',#1388,.T.);
#835=FACE_OUTER_BOUND('',#1389,.T.);
#836=FACE_OUTER_BOUND('',#1390,.T.);
#837=FACE_OUTER_BOUND('',#1391,.T.);
#838=FACE_OUTER_BOUND('',#1392,.T.);
#839=FACE_OUTER_BOUND('',#1393,.T.);
#840=FACE_OUTER_BOUND('',#1394,.T.);
#841=FACE_OUTER_BOUND('',#1395,.T.);
#842=FACE_OUTER_BOUND('',#1396,.T.);
#843=FACE_OUTER_BOUND('',#1397,.T.);
#844=FACE_OUTER_BOUND('',#1398,.T.);
#845=FACE_OUTER_BOUND('',#1399,.T.);
#846=FACE_OUTER_BOUND('',#1400,.T.);
#847=FACE_OUTER_BOUND('',#1401,.T.);
#848=FACE_OUTER_BOUND('',#1402,.T.);
#849=FACE_OUTER_BOUND('',#1403,.T.);
#850=FACE_OUTER_BOUND('',#1404,.T.);
#851=FACE_OUTER_BOUND('',#1405,.T.);
#852=FACE_OUTER_BOUND('',#1406,.T.);
#853=FACE_OUTER_BOUND('',#1407,.T.);
#854=FACE_OUTER_BOUND('',#1408,.T.);
#855=FACE_OUTER_BOUND('',#1409,.T.);
#856=FACE_OUTER_BOUND('',#1410,.T.);
#857=FACE_OUTER_BOUND('',#1411,.T.);
#858=FACE_OUTER_BOUND('',#1412,.T.);
#859=FACE_OUTER_BOUND('',#1413,.T.);
#860=FACE_OUTER_BOUND('',#1414,.T.);
#861=FACE_OUTER_BOUND('',#1415,.T.);
#862=FACE_OUTER_BOUND('',#1416,.T.);
#863=FACE_OUTER_BOUND('',#1417,.T.);
#864=FACE_OUTER_BOUND('',#1418,.T.);
#865=FACE_OUTER_BOUND('',#1419,.T.);
#866=FACE_OUTER_BOUND('',#1420,.T.);
#867=FACE_OUTER_BOUND('',#1421,.T.);
#868=FACE_OUTER_BOUND('',#1422,.T.);
#869=FACE_OUTER_BOUND('',#1423,.T.);
#870=FACE_OUTER_BOUND('',#1424,.T.);
#871=FACE_OUTER_BOUND('',#1425,.T.);
#872=FACE_OUTER_BOUND('',#1426,.T.);
#873=FACE_OUTER_BOUND('',#1427,.T.);
#874=FACE_OUTER_BOUND('',#1428,.T.);
#875=FACE_OUTER_BOUND('',#1429,.T.);
#876=FACE_OUTER_BOUND('',#1430,.T.);
#877=FACE_OUTER_BOUND('',#1431,.T.);
#878=FACE_OUTER_BOUND('',#1432,.T.);
#879=FACE_OUTER_BOUND('',#1433,.T.);
#880=FACE_OUTER_BOUND('',#1434,.T.);
#881=FACE_OUTER_BOUND('',#1435,.T.);
#882=FACE_OUTER_BOUND('',#1436,.T.);
#883=FACE_OUTER_BOUND('',#1437,.T.);
#884=FACE_OUTER_BOUND('',#1438,.T.);
#885=FACE_OUTER_BOUND('',#1439,.T.);
#886=FACE_OUTER_BOUND('',#1440,.T.);
#887=FACE_OUTER_BOUND('',#1441,.T.);
#888=FACE_OUTER_BOUND('',#1442,.T.);
#889=FACE_OUTER_BOUND('',#1443,.T.);
#890=FACE_OUTER_BOUND('',#1444,.T.);
#891=FACE_OUTER_BOUND('',#1445,.T.);
#892=FACE_OUTER_BOUND('',#1446,.T.);
#893=FACE_OUTER_BOUND('',#1447,.T.);
#894=FACE_OUTER_BOUND('',#1448,.T.);
#895=FACE_OUTER_BOUND('',#1449,.T.);
#896=FACE_OUTER_BOUND('',#1450,.T.);
#897=FACE_OUTER_BOUND('',#1451,.T.);
#898=FACE_OUTER_BOUND('',#1452,.T.);
#899=FACE_OUTER_BOUND('',#1453,.T.);
#900=FACE_OUTER_BOUND('',#1454,.T.);
#901=FACE_OUTER_BOUND('',#1455,.T.);
#902=FACE_OUTER_BOUND('',#1456,.T.);
#903=FACE_OUTER_BOUND('',#1457,.T.);
#904=FACE_OUTER_BOUND('',#1458,.T.);
#905=FACE_OUTER_BOUND('',#1459,.T.);
#906=FACE_OUTER_BOUND('',#1460,.T.);
#907=FACE_OUTER_BOUND('',#1461,.T.);
#908=FACE_OUTER_BOUND('',#1462,.T.);
#909=FACE_OUTER_BOUND('',#1463,.T.);
#910=FACE_OUTER_BOUND('',#1464,.T.);
#911=FACE_OUTER_BOUND('',#1465,.T.);
#912=FACE_OUTER_BOUND('',#1466,.T.);
#913=FACE_OUTER_BOUND('',#1467,.T.);
#914=FACE_OUTER_BOUND('',#1468,.T.);
#915=FACE_OUTER_BOUND('',#1469,.T.);
#916=FACE_OUTER_BOUND('',#1470,.T.);
#917=FACE_OUTER_BOUND('',#1471,.T.);
#918=FACE_OUTER_BOUND('',#1472,.T.);
#919=FACE_OUTER_BOUND('',#1473,.T.);
#920=FACE_OUTER_BOUND('',#1474,.T.);
#921=FACE_OUTER_BOUND('',#1475,.T.);
#922=FACE_OUTER_BOUND('',#1476,.T.);
#923=FACE_OUTER_BOUND('',#1477,.T.);
#924=FACE_OUTER_BOUND('',#1478,.T.);
#925=FACE_OUTER_BOUND('',#1479,.T.);
#926=FACE_OUTER_BOUND('',#1480,.T.);
#927=FACE_OUTER_BOUND('',#1481,.T.);
#928=FACE_OUTER_BOUND('',#1482,.T.);
#929=FACE_OUTER_BOUND('',#1483,.T.);
#930=FACE_OUTER_BOUND('',#1484,.T.);
#931=FACE_OUTER_BOUND('',#1485,.T.);
#932=FACE_OUTER_BOUND('',#1486,.T.);
#933=FACE_OUTER_BOUND('',#1487,.T.);
#934=FACE_OUTER_BOUND('',#1488,.T.);
#935=FACE_OUTER_BOUND('',#1489,.T.);
#936=FACE_OUTER_BOUND('',#1490,.T.);
#937=FACE_OUTER_BOUND('',#1491,.T.);
#938=FACE_OUTER_BOUND('',#1492,.T.);
#939=FACE_OUTER_BOUND('',#1493,.T.);
#940=FACE_OUTER_BOUND('',#1494,.T.);
#941=FACE_OUTER_BOUND('',#1495,.T.);
#942=FACE_OUTER_BOUND('',#1496,.T.);
#943=FACE_OUTER_BOUND('',#1497,.T.);
#944=FACE_OUTER_BOUND('',#1498,.T.);
#945=FACE_OUTER_BOUND('',#1499,.T.);
#946=FACE_OUTER_BOUND('',#1500,.T.);
#947=FACE_OUTER_BOUND('',#1501,.T.);
#948=FACE_OUTER_BOUND('',#1502,.T.);
#949=FACE_OUTER_BOUND('',#1503,.T.);
#950=FACE_OUTER_BOUND('',#1504,.T.);
#951=FACE_OUTER_BOUND('',#1505,.T.);
#952=FACE_OUTER_BOUND('',#1506,.T.);
#953=FACE_OUTER_BOUND('',#1507,.T.);
#954=FACE_OUTER_BOUND('',#1508,.T.);
#955=FACE_OUTER_BOUND('',#1509,.T.);
#956=FACE_OUTER_BOUND('',#1510,.T.);
#957=FACE_OUTER_BOUND('',#1511,.T.);
#958=EDGE_LOOP('',(#5926,#5927,#5928,#5929,#5930));
#959=EDGE_LOOP('',(#5931,#5932,#5933,#5934,#5935,#5936,#5937,#5938,#5939,
#5940));
#960=EDGE_LOOP('',(#5941,#5942,#5943,#5944,#5945,#5946,#5947,#5948,#5949,
#5950,#5951,#5952,#5953,#5954,#5955,#5956,#5957,#5958,#5959,#5960,#5961,
#5962,#5963,#5964,#5965,#5966,#5967,#5968,#5969,#5970,#5971,#5972,#5973,
#5974,#5975,#5976));
#961=EDGE_LOOP('',(#5977));
#962=EDGE_LOOP('',(#5978));
#963=EDGE_LOOP('',(#5979));
#964=EDGE_LOOP('',(#5980));
#965=EDGE_LOOP('',(#5981,#5982,#5983,#5984));
#966=EDGE_LOOP('',(#5985,#5986,#5987,#5988));
#967=EDGE_LOOP('',(#5989,#5990,#5991,#5992));
#968=EDGE_LOOP('',(#5993,#5994,#5995,#5996));
#969=EDGE_LOOP('',(#5997,#5998,#5999,#6000));
#970=EDGE_LOOP('',(#6001,#6002,#6003,#6004,#6005,#6006,#6007,#6008,#6009,
#6010,#6011,#6012,#6013,#6014,#6015,#6016,#6017,#6018,#6019,#6020,#6021,
#6022,#6023,#6024,#6025,#6026,#6027,#6028,#6029,#6030,#6031,#6032,#6033,
#6034,#6035,#6036));
#971=EDGE_LOOP('',(#6037,#6038,#6039,#6040));
#972=EDGE_LOOP('',(#6041,#6042,#6043,#6044));
#973=EDGE_LOOP('',(#6045,#6046,#6047,#6048));
#974=EDGE_LOOP('',(#6049,#6050,#6051,#6052));
#975=EDGE_LOOP('',(#6053,#6054,#6055,#6056));
#976=EDGE_LOOP('',(#6057,#6058,#6059,#6060));
#977=EDGE_LOOP('',(#6061,#6062,#6063,#6064));
#978=EDGE_LOOP('',(#6065,#6066,#6067,#6068));
#979=EDGE_LOOP('',(#6069,#6070,#6071,#6072,#6073,#6074,#6075,#6076,#6077,
#6078,#6079,#6080,#6081,#6082,#6083,#6084,#6085,#6086,#6087,#6088,#6089,
#6090,#6091,#6092,#6093,#6094,#6095,#6096,#6097,#6098,#6099,#6100,#6101,
#6102,#6103,#6104));
#980=EDGE_LOOP('',(#6105,#6106,#6107,#6108));
#981=EDGE_LOOP('',(#6109,#6110,#6111,#6112));
#982=EDGE_LOOP('',(#6113,#6114,#6115,#6116));
#983=EDGE_LOOP('',(#6117,#6118,#6119,#6120));
#984=EDGE_LOOP('',(#6121,#6122,#6123,#6124));
#985=EDGE_LOOP('',(#6125,#6126,#6127,#6128));
#986=EDGE_LOOP('',(#6129,#6130,#6131,#6132));
#987=EDGE_LOOP('',(#6133,#6134,#6135,#6136));
#988=EDGE_LOOP('',(#6137,#6138,#6139,#6140));
#989=EDGE_LOOP('',(#6141,#6142,#6143,#6144));
#990=EDGE_LOOP('',(#6145,#6146,#6147,#6148));
#991=EDGE_LOOP('',(#6149,#6150,#6151,#6152));
#992=EDGE_LOOP('',(#6153,#6154,#6155,#6156));
#993=EDGE_LOOP('',(#6157,#6158,#6159,#6160));
#994=EDGE_LOOP('',(#6161,#6162,#6163,#6164));
#995=EDGE_LOOP('',(#6165,#6166,#6167,#6168));
#996=EDGE_LOOP('',(#6169,#6170,#6171,#6172,#6173,#6174,#6175,#6176,#6177,
#6178,#6179,#6180,#6181,#6182,#6183,#6184,#6185,#6186,#6187,#6188,#6189,
#6190,#6191,#6192,#6193,#6194,#6195,#6196,#6197,#6198,#6199,#6200,#6201,
#6202,#6203,#6204));
#997=EDGE_LOOP('',(#6205,#6206,#6207,#6208));
#998=EDGE_LOOP('',(#6209,#6210,#6211,#6212));
#999=EDGE_LOOP('',(#6213,#6214,#6215,#6216));
#1000=EDGE_LOOP('',(#6217,#6218,#6219,#6220));
#1001=EDGE_LOOP('',(#6221,#6222,#6223,#6224));
#1002=EDGE_LOOP('',(#6225,#6226,#6227,#6228));
#1003=EDGE_LOOP('',(#6229,#6230,#6231,#6232));
#1004=EDGE_LOOP('',(#6233,#6234,#6235,#6236));
#1005=EDGE_LOOP('',(#6237,#6238,#6239,#6240));
#1006=EDGE_LOOP('',(#6241,#6242,#6243,#6244));
#1007=EDGE_LOOP('',(#6245,#6246,#6247,#6248));
#1008=EDGE_LOOP('',(#6249,#6250,#6251,#6252));
#1009=EDGE_LOOP('',(#6253,#6254,#6255,#6256));
#1010=EDGE_LOOP('',(#6257,#6258,#6259,#6260));
#1011=EDGE_LOOP('',(#6261,#6262,#6263,#6264));
#1012=EDGE_LOOP('',(#6265,#6266,#6267,#6268));
#1013=EDGE_LOOP('',(#6269,#6270,#6271,#6272));
#1014=EDGE_LOOP('',(#6273,#6274,#6275,#6276));
#1015=EDGE_LOOP('',(#6277,#6278,#6279,#6280));
#1016=EDGE_LOOP('',(#6281,#6282,#6283,#6284));
#1017=EDGE_LOOP('',(#6285,#6286,#6287,#6288));
#1018=EDGE_LOOP('',(#6289,#6290,#6291,#6292));
#1019=EDGE_LOOP('',(#6293,#6294,#6295,#6296));
#1020=EDGE_LOOP('',(#6297,#6298,#6299,#6300));
#1021=EDGE_LOOP('',(#6301,#6302,#6303,#6304));
#1022=EDGE_LOOP('',(#6305,#6306,#6307,#6308));
#1023=EDGE_LOOP('',(#6309,#6310,#6311,#6312));
#1024=EDGE_LOOP('',(#6313,#6314,#6315,#6316));
#1025=EDGE_LOOP('',(#6317,#6318,#6319,#6320));
#1026=EDGE_LOOP('',(#6321,#6322,#6323,#6324));
#1027=EDGE_LOOP('',(#6325,#6326,#6327,#6328));
#1028=EDGE_LOOP('',(#6329,#6330,#6331,#6332));
#1029=EDGE_LOOP('',(#6333,#6334,#6335,#6336));
#1030=EDGE_LOOP('',(#6337,#6338,#6339,#6340));
#1031=EDGE_LOOP('',(#6341));
#1032=EDGE_LOOP('',(#6342));
#1033=EDGE_LOOP('',(#6343));
#1034=EDGE_LOOP('',(#6344));
#1035=EDGE_LOOP('',(#6345,#6346,#6347,#6348,#6349,#6350));
#1036=EDGE_LOOP('',(#6351,#6352,#6353,#6354,#6355,#6356));
#1037=EDGE_LOOP('',(#6357,#6358,#6359,#6360,#6361,#6362,#6363,#6364,#6365,
#6366));
#1038=EDGE_LOOP('',(#6367,#6368,#6369,#6370,#6371,#6372));
#1039=EDGE_LOOP('',(#6373,#6374,#6375,#6376));
#1040=EDGE_LOOP('',(#6377,#6378,#6379,#6380));
#1041=EDGE_LOOP('',(#6381,#6382));
#1042=EDGE_LOOP('',(#6383,#6384,#6385,#6386,#6387,#6388,#6389,#6390));
#1043=EDGE_LOOP('',(#6391,#6392,#6393,#6394));
#1044=EDGE_LOOP('',(#6395,#6396,#6397,#6398));
#1045=EDGE_LOOP('',(#6399,#6400,#6401,#6402,#6403,#6404,#6405,#6406,#6407,
#6408,#6409,#6410,#6411,#6412,#6413,#6414,#6415,#6416,#6417,#6418,#6419,
#6420));
#1046=EDGE_LOOP('',(#6421));
#1047=EDGE_LOOP('',(#6422));
#1048=EDGE_LOOP('',(#6423));
#1049=EDGE_LOOP('',(#6424));
#1050=EDGE_LOOP('',(#6425,#6426,#6427,#6428));
#1051=EDGE_LOOP('',(#6429,#6430,#6431,#6432));
#1052=EDGE_LOOP('',(#6433,#6434,#6435,#6436));
#1053=EDGE_LOOP('',(#6437,#6438,#6439,#6440));
#1054=EDGE_LOOP('',(#6441,#6442,#6443,#6444));
#1055=EDGE_LOOP('',(#6445,#6446,#6447,#6448,#6449,#6450,#6451,#6452,#6453,
#6454,#6455,#6456,#6457,#6458,#6459,#6460,#6461,#6462,#6463,#6464,#6465,
#6466,#6467,#6468,#6469,#6470,#6471,#6472,#6473,#6474,#6475,#6476,#6477,
#6478,#6479,#6480));
#1056=EDGE_LOOP('',(#6481,#6482,#6483,#6484));
#1057=EDGE_LOOP('',(#6485,#6486,#6487,#6488));
#1058=EDGE_LOOP('',(#6489,#6490,#6491,#6492));
#1059=EDGE_LOOP('',(#6493,#6494,#6495,#6496));
#1060=EDGE_LOOP('',(#6497,#6498,#6499,#6500));
#1061=EDGE_LOOP('',(#6501,#6502,#6503,#6504));
#1062=EDGE_LOOP('',(#6505,#6506,#6507,#6508));
#1063=EDGE_LOOP('',(#6509,#6510,#6511,#6512));
#1064=EDGE_LOOP('',(#6513,#6514,#6515,#6516,#6517,#6518,#6519,#6520,#6521,
#6522,#6523,#6524,#6525,#6526,#6527,#6528,#6529,#6530,#6531,#6532,#6533,
#6534,#6535,#6536,#6537,#6538,#6539,#6540,#6541,#6542,#6543,#6544,#6545,
#6546,#6547,#6548));
#1065=EDGE_LOOP('',(#6549,#6550,#6551,#6552));
#1066=EDGE_LOOP('',(#6553,#6554,#6555,#6556));
#1067=EDGE_LOOP('',(#6557,#6558,#6559,#6560));
#1068=EDGE_LOOP('',(#6561,#6562,#6563,#6564));
#1069=EDGE_LOOP('',(#6565,#6566,#6567,#6568));
#1070=EDGE_LOOP('',(#6569,#6570,#6571,#6572));
#1071=EDGE_LOOP('',(#6573,#6574,#6575,#6576));
#1072=EDGE_LOOP('',(#6577,#6578,#6579,#6580));
#1073=EDGE_LOOP('',(#6581,#6582,#6583,#6584));
#1074=EDGE_LOOP('',(#6585,#6586,#6587,#6588));
#1075=EDGE_LOOP('',(#6589,#6590,#6591,#6592));
#1076=EDGE_LOOP('',(#6593,#6594,#6595,#6596));
#1077=EDGE_LOOP('',(#6597,#6598,#6599,#6600));
#1078=EDGE_LOOP('',(#6601,#6602,#6603,#6604));
#1079=EDGE_LOOP('',(#6605,#6606,#6607,#6608));
#1080=EDGE_LOOP('',(#6609,#6610,#6611,#6612));
#1081=EDGE_LOOP('',(#6613,#6614,#6615,#6616,#6617,#6618,#6619,#6620,#6621,
#6622,#6623,#6624,#6625,#6626,#6627,#6628,#6629,#6630,#6631,#6632,#6633,
#6634,#6635,#6636,#6637,#6638,#6639,#6640,#6641,#6642,#6643,#6644,#6645,
#6646,#6647,#6648));
#1082=EDGE_LOOP('',(#6649,#6650,#6651,#6652));
#1083=EDGE_LOOP('',(#6653,#6654,#6655,#6656));
#1084=EDGE_LOOP('',(#6657,#6658,#6659,#6660));
#1085=EDGE_LOOP('',(#6661,#6662,#6663,#6664));
#1086=EDGE_LOOP('',(#6665,#6666,#6667,#6668));
#1087=EDGE_LOOP('',(#6669,#6670,#6671,#6672));
#1088=EDGE_LOOP('',(#6673,#6674,#6675,#6676));
#1089=EDGE_LOOP('',(#6677,#6678,#6679,#6680));
#1090=EDGE_LOOP('',(#6681,#6682,#6683,#6684));
#1091=EDGE_LOOP('',(#6685,#6686,#6687,#6688));
#1092=EDGE_LOOP('',(#6689,#6690,#6691,#6692));
#1093=EDGE_LOOP('',(#6693,#6694,#6695,#6696));
#1094=EDGE_LOOP('',(#6697,#6698,#6699,#6700));
#1095=EDGE_LOOP('',(#6701,#6702,#6703,#6704));
#1096=EDGE_LOOP('',(#6705,#6706,#6707,#6708));
#1097=EDGE_LOOP('',(#6709,#6710,#6711,#6712));
#1098=EDGE_LOOP('',(#6713,#6714,#6715,#6716));
#1099=EDGE_LOOP('',(#6717,#6718,#6719,#6720));
#1100=EDGE_LOOP('',(#6721,#6722,#6723,#6724));
#1101=EDGE_LOOP('',(#6725,#6726,#6727,#6728));
#1102=EDGE_LOOP('',(#6729,#6730,#6731,#6732));
#1103=EDGE_LOOP('',(#6733,#6734,#6735,#6736));
#1104=EDGE_LOOP('',(#6737,#6738,#6739,#6740));
#1105=EDGE_LOOP('',(#6741,#6742,#6743,#6744));
#1106=EDGE_LOOP('',(#6745,#6746,#6747,#6748));
#1107=EDGE_LOOP('',(#6749,#6750,#6751,#6752));
#1108=EDGE_LOOP('',(#6753,#6754,#6755,#6756));
#1109=EDGE_LOOP('',(#6757,#6758,#6759,#6760));
#1110=EDGE_LOOP('',(#6761,#6762,#6763,#6764));
#1111=EDGE_LOOP('',(#6765,#6766,#6767,#6768));
#1112=EDGE_LOOP('',(#6769,#6770,#6771,#6772));
#1113=EDGE_LOOP('',(#6773,#6774,#6775,#6776));
#1114=EDGE_LOOP('',(#6777,#6778,#6779,#6780));
#1115=EDGE_LOOP('',(#6781,#6782,#6783,#6784));
#1116=EDGE_LOOP('',(#6785,#6786,#6787,#6788,#6789,#6790,#6791,#6792,#6793));
#1117=EDGE_LOOP('',(#6794));
#1118=EDGE_LOOP('',(#6795));
#1119=EDGE_LOOP('',(#6796));
#1120=EDGE_LOOP('',(#6797));
#1121=EDGE_LOOP('',(#6798,#6799,#6800,#6801));
#1122=EDGE_LOOP('',(#6802,#6803,#6804,#6805));
#1123=EDGE_LOOP('',(#6806,#6807,#6808,#6809));
#1124=EDGE_LOOP('',(#6810,#6811,#6812,#6813));
#1125=EDGE_LOOP('',(#6814,#6815,#6816,#6817));
#1126=EDGE_LOOP('',(#6818,#6819,#6820,#6821));
#1127=EDGE_LOOP('',(#6822,#6823,#6824,#6825));
#1128=EDGE_LOOP('',(#6826,#6827,#6828,#6829));
#1129=EDGE_LOOP('',(#6830,#6831,#6832,#6833));
#1130=EDGE_LOOP('',(#6834,#6835,#6836,#6837));
#1131=EDGE_LOOP('',(#6838,#6839,#6840,#6841));
#1132=EDGE_LOOP('',(#6842,#6843,#6844,#6845));
#1133=EDGE_LOOP('',(#6846,#6847,#6848,#6849));
#1134=EDGE_LOOP('',(#6850,#6851,#6852,#6853));
#1135=EDGE_LOOP('',(#6854,#6855,#6856,#6857));
#1136=EDGE_LOOP('',(#6858,#6859,#6860,#6861));
#1137=EDGE_LOOP('',(#6862,#6863,#6864,#6865));
#1138=EDGE_LOOP('',(#6866,#6867,#6868,#6869));
#1139=EDGE_LOOP('',(#6870,#6871,#6872,#6873));
#1140=EDGE_LOOP('',(#6874,#6875,#6876,#6877));
#1141=EDGE_LOOP('',(#6878,#6879,#6880,#6881));
#1142=EDGE_LOOP('',(#6882,#6883,#6884,#6885));
#1143=EDGE_LOOP('',(#6886,#6887,#6888,#6889));
#1144=EDGE_LOOP('',(#6890,#6891,#6892,#6893));
#1145=EDGE_LOOP('',(#6894,#6895,#6896,#6897));
#1146=EDGE_LOOP('',(#6898,#6899,#6900,#6901));
#1147=EDGE_LOOP('',(#6902,#6903,#6904,#6905));
#1148=EDGE_LOOP('',(#6906,#6907,#6908,#6909));
#1149=EDGE_LOOP('',(#6910,#6911,#6912,#6913));
#1150=EDGE_LOOP('',(#6914,#6915,#6916,#6917));
#1151=EDGE_LOOP('',(#6918,#6919,#6920,#6921));
#1152=EDGE_LOOP('',(#6922,#6923,#6924,#6925));
#1153=EDGE_LOOP('',(#6926,#6927,#6928,#6929));
#1154=EDGE_LOOP('',(#6930,#6931,#6932,#6933));
#1155=EDGE_LOOP('',(#6934,#6935,#6936,#6937));
#1156=EDGE_LOOP('',(#6938,#6939,#6940,#6941));
#1157=EDGE_LOOP('',(#6942,#6943,#6944,#6945));
#1158=EDGE_LOOP('',(#6946,#6947,#6948,#6949));
#1159=EDGE_LOOP('',(#6950,#6951,#6952,#6953));
#1160=EDGE_LOOP('',(#6954,#6955,#6956,#6957));
#1161=EDGE_LOOP('',(#6958,#6959,#6960,#6961));
#1162=EDGE_LOOP('',(#6962,#6963,#6964,#6965));
#1163=EDGE_LOOP('',(#6966,#6967,#6968,#6969));
#1164=EDGE_LOOP('',(#6970,#6971,#6972,#6973));
#1165=EDGE_LOOP('',(#6974,#6975,#6976,#6977));
#1166=EDGE_LOOP('',(#6978,#6979,#6980,#6981));
#1167=EDGE_LOOP('',(#6982,#6983,#6984,#6985));
#1168=EDGE_LOOP('',(#6986,#6987,#6988,#6989));
#1169=EDGE_LOOP('',(#6990,#6991,#6992,#6993));
#1170=EDGE_LOOP('',(#6994,#6995,#6996,#6997));
#1171=EDGE_LOOP('',(#6998,#6999,#7000,#7001));
#1172=EDGE_LOOP('',(#7002,#7003,#7004,#7005));
#1173=EDGE_LOOP('',(#7006,#7007,#7008,#7009));
#1174=EDGE_LOOP('',(#7010,#7011,#7012,#7013));
#1175=EDGE_LOOP('',(#7014,#7015,#7016,#7017));
#1176=EDGE_LOOP('',(#7018,#7019,#7020,#7021));
#1177=EDGE_LOOP('',(#7022,#7023,#7024,#7025));
#1178=EDGE_LOOP('',(#7026,#7027,#7028,#7029));
#1179=EDGE_LOOP('',(#7030,#7031,#7032,#7033));
#1180=EDGE_LOOP('',(#7034,#7035,#7036,#7037));
#1181=EDGE_LOOP('',(#7038,#7039,#7040,#7041));
#1182=EDGE_LOOP('',(#7042,#7043,#7044,#7045));
#1183=EDGE_LOOP('',(#7046,#7047,#7048,#7049));
#1184=EDGE_LOOP('',(#7050,#7051,#7052,#7053));
#1185=EDGE_LOOP('',(#7054,#7055,#7056,#7057));
#1186=EDGE_LOOP('',(#7058,#7059,#7060,#7061));
#1187=EDGE_LOOP('',(#7062,#7063,#7064,#7065));
#1188=EDGE_LOOP('',(#7066,#7067,#7068,#7069));
#1189=EDGE_LOOP('',(#7070,#7071,#7072,#7073));
#1190=EDGE_LOOP('',(#7074,#7075,#7076,#7077));
#1191=EDGE_LOOP('',(#7078,#7079,#7080,#7081));
#1192=EDGE_LOOP('',(#7082,#7083,#7084,#7085));
#1193=EDGE_LOOP('',(#7086,#7087,#7088,#7089));
#1194=EDGE_LOOP('',(#7090,#7091,#7092,#7093));
#1195=EDGE_LOOP('',(#7094,#7095,#7096,#7097));
#1196=EDGE_LOOP('',(#7098,#7099,#7100,#7101));
#1197=EDGE_LOOP('',(#7102,#7103,#7104,#7105));
#1198=EDGE_LOOP('',(#7106,#7107,#7108,#7109));
#1199=EDGE_LOOP('',(#7110,#7111,#7112,#7113));
#1200=EDGE_LOOP('',(#7114,#7115,#7116,#7117));
#1201=EDGE_LOOP('',(#7118,#7119,#7120,#7121));
#1202=EDGE_LOOP('',(#7122,#7123,#7124,#7125));
#1203=EDGE_LOOP('',(#7126,#7127,#7128,#7129));
#1204=EDGE_LOOP('',(#7130,#7131,#7132,#7133));
#1205=EDGE_LOOP('',(#7134,#7135,#7136,#7137));
#1206=EDGE_LOOP('',(#7138,#7139,#7140,#7141));
#1207=EDGE_LOOP('',(#7142,#7143,#7144,#7145));
#1208=EDGE_LOOP('',(#7146,#7147,#7148,#7149));
#1209=EDGE_LOOP('',(#7150,#7151,#7152,#7153));
#1210=EDGE_LOOP('',(#7154,#7155,#7156,#7157));
#1211=EDGE_LOOP('',(#7158,#7159,#7160,#7161));
#1212=EDGE_LOOP('',(#7162,#7163,#7164,#7165));
#1213=EDGE_LOOP('',(#7166,#7167,#7168,#7169));
#1214=EDGE_LOOP('',(#7170,#7171,#7172,#7173));
#1215=EDGE_LOOP('',(#7174,#7175,#7176,#7177));
#1216=EDGE_LOOP('',(#7178,#7179,#7180,#7181));
#1217=EDGE_LOOP('',(#7182,#7183,#7184,#7185));
#1218=EDGE_LOOP('',(#7186,#7187,#7188,#7189));
#1219=EDGE_LOOP('',(#7190,#7191,#7192,#7193));
#1220=EDGE_LOOP('',(#7194,#7195,#7196,#7197));
#1221=EDGE_LOOP('',(#7198,#7199,#7200,#7201));
#1222=EDGE_LOOP('',(#7202,#7203,#7204,#7205));
#1223=EDGE_LOOP('',(#7206,#7207,#7208,#7209));
#1224=EDGE_LOOP('',(#7210,#7211,#7212,#7213));
#1225=EDGE_LOOP('',(#7214,#7215,#7216,#7217));
#1226=EDGE_LOOP('',(#7218,#7219,#7220,#7221));
#1227=EDGE_LOOP('',(#7222,#7223,#7224,#7225));
#1228=EDGE_LOOP('',(#7226,#7227,#7228,#7229));
#1229=EDGE_LOOP('',(#7230,#7231,#7232,#7233));
#1230=EDGE_LOOP('',(#7234,#7235,#7236,#7237));
#1231=EDGE_LOOP('',(#7238,#7239,#7240,#7241));
#1232=EDGE_LOOP('',(#7242,#7243,#7244,#7245));
#1233=EDGE_LOOP('',(#7246,#7247,#7248,#7249));
#1234=EDGE_LOOP('',(#7250,#7251,#7252,#7253));
#1235=EDGE_LOOP('',(#7254,#7255,#7256,#7257));
#1236=EDGE_LOOP('',(#7258,#7259,#7260,#7261));
#1237=EDGE_LOOP('',(#7262,#7263,#7264,#7265));
#1238=EDGE_LOOP('',(#7266,#7267,#7268,#7269));
#1239=EDGE_LOOP('',(#7270,#7271,#7272,#7273));
#1240=EDGE_LOOP('',(#7274,#7275,#7276,#7277));
#1241=EDGE_LOOP('',(#7278,#7279,#7280,#7281));
#1242=EDGE_LOOP('',(#7282,#7283,#7284,#7285));
#1243=EDGE_LOOP('',(#7286,#7287,#7288,#7289));
#1244=EDGE_LOOP('',(#7290,#7291,#7292,#7293));
#1245=EDGE_LOOP('',(#7294,#7295,#7296,#7297));
#1246=EDGE_LOOP('',(#7298,#7299,#7300,#7301));
#1247=EDGE_LOOP('',(#7302,#7303,#7304,#7305));
#1248=EDGE_LOOP('',(#7306,#7307,#7308,#7309));
#1249=EDGE_LOOP('',(#7310,#7311,#7312,#7313));
#1250=EDGE_LOOP('',(#7314,#7315,#7316,#7317));
#1251=EDGE_LOOP('',(#7318,#7319,#7320,#7321));
#1252=EDGE_LOOP('',(#7322,#7323,#7324,#7325));
#1253=EDGE_LOOP('',(#7326,#7327,#7328,#7329));
#1254=EDGE_LOOP('',(#7330,#7331,#7332,#7333));
#1255=EDGE_LOOP('',(#7334,#7335,#7336,#7337));
#1256=EDGE_LOOP('',(#7338,#7339,#7340,#7341));
#1257=EDGE_LOOP('',(#7342,#7343,#7344,#7345));
#1258=EDGE_LOOP('',(#7346,#7347,#7348,#7349));
#1259=EDGE_LOOP('',(#7350,#7351,#7352,#7353));
#1260=EDGE_LOOP('',(#7354,#7355,#7356,#7357));
#1261=EDGE_LOOP('',(#7358,#7359,#7360,#7361));
#1262=EDGE_LOOP('',(#7362,#7363,#7364,#7365));
#1263=EDGE_LOOP('',(#7366,#7367,#7368,#7369));
#1264=EDGE_LOOP('',(#7370,#7371,#7372,#7373));
#1265=EDGE_LOOP('',(#7374,#7375,#7376,#7377));
#1266=EDGE_LOOP('',(#7378,#7379,#7380,#7381));
#1267=EDGE_LOOP('',(#7382,#7383,#7384,#7385));
#1268=EDGE_LOOP('',(#7386,#7387,#7388,#7389));
#1269=EDGE_LOOP('',(#7390,#7391,#7392,#7393));
#1270=EDGE_LOOP('',(#7394,#7395,#7396,#7397));
#1271=EDGE_LOOP('',(#7398,#7399,#7400,#7401));
#1272=EDGE_LOOP('',(#7402,#7403,#7404,#7405));
#1273=EDGE_LOOP('',(#7406,#7407,#7408,#7409));
#1274=EDGE_LOOP('',(#7410,#7411,#7412,#7413));
#1275=EDGE_LOOP('',(#7414,#7415,#7416,#7417));
#1276=EDGE_LOOP('',(#7418,#7419,#7420,#7421));
#1277=EDGE_LOOP('',(#7422,#7423,#7424,#7425));
#1278=EDGE_LOOP('',(#7426,#7427,#7428,#7429));
#1279=EDGE_LOOP('',(#7430,#7431,#7432,#7433));
#1280=EDGE_LOOP('',(#7434,#7435,#7436,#7437));
#1281=EDGE_LOOP('',(#7438,#7439,#7440,#7441));
#1282=EDGE_LOOP('',(#7442,#7443,#7444,#7445));
#1283=EDGE_LOOP('',(#7446,#7447,#7448,#7449));
#1284=EDGE_LOOP('',(#7450,#7451,#7452,#7453));
#1285=EDGE_LOOP('',(#7454,#7455,#7456,#7457));
#1286=EDGE_LOOP('',(#7458,#7459,#7460,#7461));
#1287=EDGE_LOOP('',(#7462,#7463,#7464,#7465));
#1288=EDGE_LOOP('',(#7466,#7467,#7468,#7469));
#1289=EDGE_LOOP('',(#7470,#7471,#7472,#7473));
#1290=EDGE_LOOP('',(#7474,#7475,#7476,#7477));
#1291=EDGE_LOOP('',(#7478,#7479,#7480,#7481));
#1292=EDGE_LOOP('',(#7482,#7483,#7484,#7485));
#1293=EDGE_LOOP('',(#7486,#7487,#7488,#7489));
#1294=EDGE_LOOP('',(#7490,#7491,#7492,#7493));
#1295=EDGE_LOOP('',(#7494,#7495,#7496,#7497));
#1296=EDGE_LOOP('',(#7498,#7499,#7500,#7501));
#1297=EDGE_LOOP('',(#7502,#7503,#7504,#7505));
#1298=EDGE_LOOP('',(#7506,#7507,#7508,#7509));
#1299=EDGE_LOOP('',(#7510,#7511,#7512,#7513));
#1300=EDGE_LOOP('',(#7514,#7515,#7516,#7517));
#1301=EDGE_LOOP('',(#7518,#7519,#7520,#7521));
#1302=EDGE_LOOP('',(#7522,#7523,#7524,#7525));
#1303=EDGE_LOOP('',(#7526,#7527,#7528,#7529));
#1304=EDGE_LOOP('',(#7530,#7531,#7532,#7533));
#1305=EDGE_LOOP('',(#7534,#7535,#7536,#7537));
#1306=EDGE_LOOP('',(#7538,#7539,#7540,#7541));
#1307=EDGE_LOOP('',(#7542,#7543,#7544,#7545));
#1308=EDGE_LOOP('',(#7546,#7547,#7548,#7549));
#1309=EDGE_LOOP('',(#7550,#7551,#7552,#7553));
#1310=EDGE_LOOP('',(#7554,#7555,#7556,#7557));
#1311=EDGE_LOOP('',(#7558,#7559,#7560,#7561));
#1312=EDGE_LOOP('',(#7562,#7563,#7564,#7565));
#1313=EDGE_LOOP('',(#7566,#7567,#7568,#7569));
#1314=EDGE_LOOP('',(#7570,#7571,#7572,#7573));
#1315=EDGE_LOOP('',(#7574,#7575,#7576,#7577));
#1316=EDGE_LOOP('',(#7578,#7579,#7580,#7581));
#1317=EDGE_LOOP('',(#7582,#7583,#7584,#7585));
#1318=EDGE_LOOP('',(#7586,#7587,#7588,#7589));
#1319=EDGE_LOOP('',(#7590,#7591,#7592,#7593));
#1320=EDGE_LOOP('',(#7594,#7595,#7596,#7597));
#1321=EDGE_LOOP('',(#7598,#7599,#7600,#7601));
#1322=EDGE_LOOP('',(#7602,#7603,#7604,#7605));
#1323=EDGE_LOOP('',(#7606,#7607,#7608,#7609));
#1324=EDGE_LOOP('',(#7610,#7611,#7612,#7613));
#1325=EDGE_LOOP('',(#7614,#7615,#7616,#7617));
#1326=EDGE_LOOP('',(#7618,#7619,#7620,#7621));
#1327=EDGE_LOOP('',(#7622,#7623,#7624,#7625));
#1328=EDGE_LOOP('',(#7626,#7627,#7628,#7629));
#1329=EDGE_LOOP('',(#7630,#7631,#7632,#7633));
#1330=EDGE_LOOP('',(#7634,#7635,#7636,#7637));
#1331=EDGE_LOOP('',(#7638,#7639,#7640,#7641));
#1332=EDGE_LOOP('',(#7642,#7643,#7644,#7645));
#1333=EDGE_LOOP('',(#7646,#7647,#7648,#7649));
#1334=EDGE_LOOP('',(#7650,#7651,#7652,#7653));
#1335=EDGE_LOOP('',(#7654,#7655,#7656,#7657));
#1336=EDGE_LOOP('',(#7658,#7659,#7660,#7661));
#1337=EDGE_LOOP('',(#7662,#7663,#7664,#7665));
#1338=EDGE_LOOP('',(#7666,#7667,#7668,#7669));
#1339=EDGE_LOOP('',(#7670,#7671,#7672,#7673));
#1340=EDGE_LOOP('',(#7674,#7675,#7676,#7677));
#1341=EDGE_LOOP('',(#7678,#7679,#7680,#7681));
#1342=EDGE_LOOP('',(#7682,#7683,#7684,#7685));
#1343=EDGE_LOOP('',(#7686,#7687,#7688,#7689));
#1344=EDGE_LOOP('',(#7690,#7691,#7692,#7693));
#1345=EDGE_LOOP('',(#7694,#7695,#7696,#7697));
#1346=EDGE_LOOP('',(#7698,#7699,#7700,#7701));
#1347=EDGE_LOOP('',(#7702,#7703,#7704,#7705));
#1348=EDGE_LOOP('',(#7706,#7707,#7708,#7709));
#1349=EDGE_LOOP('',(#7710,#7711,#7712,#7713));
#1350=EDGE_LOOP('',(#7714,#7715,#7716,#7717));
#1351=EDGE_LOOP('',(#7718,#7719,#7720,#7721));
#1352=EDGE_LOOP('',(#7722,#7723,#7724,#7725));
#1353=EDGE_LOOP('',(#7726,#7727,#7728,#7729));
#1354=EDGE_LOOP('',(#7730,#7731,#7732,#7733));
#1355=EDGE_LOOP('',(#7734,#7735,#7736,#7737));
#1356=EDGE_LOOP('',(#7738,#7739,#7740,#7741));
#1357=EDGE_LOOP('',(#7742,#7743,#7744,#7745));
#1358=EDGE_LOOP('',(#7746,#7747,#7748,#7749));
#1359=EDGE_LOOP('',(#7750,#7751,#7752,#7753));
#1360=EDGE_LOOP('',(#7754,#7755,#7756,#7757));
#1361=EDGE_LOOP('',(#7758,#7759,#7760,#7761));
#1362=EDGE_LOOP('',(#7762,#7763,#7764,#7765));
#1363=EDGE_LOOP('',(#7766,#7767,#7768,#7769));
#1364=EDGE_LOOP('',(#7770,#7771,#7772,#7773));
#1365=EDGE_LOOP('',(#7774,#7775,#7776,#7777));
#1366=EDGE_LOOP('',(#7778,#7779,#7780,#7781));
#1367=EDGE_LOOP('',(#7782,#7783,#7784,#7785));
#1368=EDGE_LOOP('',(#7786,#7787,#7788,#7789));
#1369=EDGE_LOOP('',(#7790,#7791,#7792,#7793));
#1370=EDGE_LOOP('',(#7794,#7795,#7796,#7797));
#1371=EDGE_LOOP('',(#7798,#7799,#7800,#7801));
#1372=EDGE_LOOP('',(#7802,#7803,#7804,#7805));
#1373=EDGE_LOOP('',(#7806,#7807,#7808,#7809));
#1374=EDGE_LOOP('',(#7810,#7811,#7812,#7813));
#1375=EDGE_LOOP('',(#7814,#7815,#7816,#7817));
#1376=EDGE_LOOP('',(#7818,#7819,#7820,#7821));
#1377=EDGE_LOOP('',(#7822,#7823,#7824,#7825));
#1378=EDGE_LOOP('',(#7826,#7827,#7828,#7829));
#1379=EDGE_LOOP('',(#7830,#7831,#7832,#7833));
#1380=EDGE_LOOP('',(#7834,#7835,#7836,#7837));
#1381=EDGE_LOOP('',(#7838,#7839,#7840,#7841));
#1382=EDGE_LOOP('',(#7842,#7843,#7844,#7845));
#1383=EDGE_LOOP('',(#7846,#7847,#7848,#7849));
#1384=EDGE_LOOP('',(#7850,#7851,#7852,#7853));
#1385=EDGE_LOOP('',(#7854,#7855,#7856,#7857));
#1386=EDGE_LOOP('',(#7858,#7859,#7860,#7861));
#1387=EDGE_LOOP('',(#7862,#7863,#7864,#7865));
#1388=EDGE_LOOP('',(#7866,#7867,#7868,#7869));
#1389=EDGE_LOOP('',(#7870,#7871,#7872,#7873));
#1390=EDGE_LOOP('',(#7874,#7875,#7876,#7877));
#1391=EDGE_LOOP('',(#7878,#7879,#7880,#7881));
#1392=EDGE_LOOP('',(#7882,#7883,#7884,#7885));
#1393=EDGE_LOOP('',(#7886,#7887,#7888,#7889));
#1394=EDGE_LOOP('',(#7890,#7891,#7892,#7893));
#1395=EDGE_LOOP('',(#7894,#7895,#7896,#7897));
#1396=EDGE_LOOP('',(#7898,#7899,#7900,#7901));
#1397=EDGE_LOOP('',(#7902,#7903,#7904,#7905));
#1398=EDGE_LOOP('',(#7906,#7907,#7908,#7909));
#1399=EDGE_LOOP('',(#7910,#7911,#7912,#7913));
#1400=EDGE_LOOP('',(#7914,#7915,#7916,#7917));
#1401=EDGE_LOOP('',(#7918,#7919,#7920,#7921));
#1402=EDGE_LOOP('',(#7922,#7923,#7924,#7925));
#1403=EDGE_LOOP('',(#7926,#7927,#7928,#7929));
#1404=EDGE_LOOP('',(#7930,#7931,#7932,#7933));
#1405=EDGE_LOOP('',(#7934,#7935,#7936,#7937));
#1406=EDGE_LOOP('',(#7938,#7939,#7940,#7941));
#1407=EDGE_LOOP('',(#7942,#7943,#7944,#7945));
#1408=EDGE_LOOP('',(#7946,#7947,#7948,#7949));
#1409=EDGE_LOOP('',(#7950,#7951,#7952,#7953));
#1410=EDGE_LOOP('',(#7954,#7955,#7956,#7957));
#1411=EDGE_LOOP('',(#7958,#7959,#7960,#7961));
#1412=EDGE_LOOP('',(#7962,#7963,#7964,#7965));
#1413=EDGE_LOOP('',(#7966,#7967,#7968,#7969));
#1414=EDGE_LOOP('',(#7970,#7971,#7972,#7973));
#1415=EDGE_LOOP('',(#7974,#7975,#7976,#7977));
#1416=EDGE_LOOP('',(#7978,#7979,#7980,#7981));
#1417=EDGE_LOOP('',(#7982,#7983,#7984,#7985));
#1418=EDGE_LOOP('',(#7986,#7987,#7988,#7989));
#1419=EDGE_LOOP('',(#7990,#7991,#7992,#7993));
#1420=EDGE_LOOP('',(#7994,#7995,#7996,#7997));
#1421=EDGE_LOOP('',(#7998,#7999,#8000,#8001));
#1422=EDGE_LOOP('',(#8002,#8003,#8004,#8005));
#1423=EDGE_LOOP('',(#8006,#8007,#8008,#8009));
#1424=EDGE_LOOP('',(#8010,#8011,#8012,#8013));
#1425=EDGE_LOOP('',(#8014,#8015,#8016,#8017));
#1426=EDGE_LOOP('',(#8018,#8019,#8020,#8021));
#1427=EDGE_LOOP('',(#8022,#8023,#8024,#8025));
#1428=EDGE_LOOP('',(#8026,#8027,#8028,#8029));
#1429=EDGE_LOOP('',(#8030,#8031,#8032,#8033));
#1430=EDGE_LOOP('',(#8034,#8035,#8036,#8037));
#1431=EDGE_LOOP('',(#8038,#8039,#8040,#8041));
#1432=EDGE_LOOP('',(#8042,#8043,#8044,#8045));
#1433=EDGE_LOOP('',(#8046,#8047,#8048,#8049));
#1434=EDGE_LOOP('',(#8050,#8051,#8052,#8053));
#1435=EDGE_LOOP('',(#8054,#8055,#8056,#8057));
#1436=EDGE_LOOP('',(#8058,#8059,#8060,#8061));
#1437=EDGE_LOOP('',(#8062,#8063,#8064,#8065));
#1438=EDGE_LOOP('',(#8066,#8067,#8068,#8069));
#1439=EDGE_LOOP('',(#8070,#8071,#8072,#8073));
#1440=EDGE_LOOP('',(#8074,#8075,#8076,#8077));
#1441=EDGE_LOOP('',(#8078,#8079,#8080,#8081));
#1442=EDGE_LOOP('',(#8082,#8083,#8084,#8085));
#1443=EDGE_LOOP('',(#8086,#8087,#8088,#8089));
#1444=EDGE_LOOP('',(#8090,#8091,#8092,#8093));
#1445=EDGE_LOOP('',(#8094,#8095,#8096,#8097));
#1446=EDGE_LOOP('',(#8098,#8099,#8100,#8101));
#1447=EDGE_LOOP('',(#8102,#8103,#8104,#8105));
#1448=EDGE_LOOP('',(#8106,#8107,#8108,#8109));
#1449=EDGE_LOOP('',(#8110,#8111,#8112,#8113));
#1450=EDGE_LOOP('',(#8114,#8115,#8116,#8117));
#1451=EDGE_LOOP('',(#8118,#8119,#8120,#8121));
#1452=EDGE_LOOP('',(#8122,#8123,#8124,#8125));
#1453=EDGE_LOOP('',(#8126,#8127,#8128,#8129));
#1454=EDGE_LOOP('',(#8130,#8131,#8132,#8133));
#1455=EDGE_LOOP('',(#8134,#8135,#8136,#8137));
#1456=EDGE_LOOP('',(#8138,#8139,#8140,#8141));
#1457=EDGE_LOOP('',(#8142,#8143,#8144,#8145));
#1458=EDGE_LOOP('',(#8146,#8147,#8148,#8149));
#1459=EDGE_LOOP('',(#8150,#8151,#8152,#8153));
#1460=EDGE_LOOP('',(#8154,#8155,#8156,#8157));
#1461=EDGE_LOOP('',(#8158,#8159,#8160,#8161));
#1462=EDGE_LOOP('',(#8162,#8163,#8164,#8165));
#1463=EDGE_LOOP('',(#8166,#8167,#8168,#8169));
#1464=EDGE_LOOP('',(#8170,#8171,#8172,#8173));
#1465=EDGE_LOOP('',(#8174,#8175,#8176,#8177));
#1466=EDGE_LOOP('',(#8178,#8179,#8180,#8181));
#1467=EDGE_LOOP('',(#8182,#8183,#8184,#8185));
#1468=EDGE_LOOP('',(#8186,#8187,#8188,#8189));
#1469=EDGE_LOOP('',(#8190,#8191,#8192,#8193));
#1470=EDGE_LOOP('',(#8194,#8195,#8196,#8197));
#1471=EDGE_LOOP('',(#8198,#8199,#8200,#8201));
#1472=EDGE_LOOP('',(#8202,#8203,#8204,#8205));
#1473=EDGE_LOOP('',(#8206,#8207,#8208,#8209));
#1474=EDGE_LOOP('',(#8210,#8211,#8212,#8213));
#1475=EDGE_LOOP('',(#8214,#8215,#8216,#8217));
#1476=EDGE_LOOP('',(#8218,#8219,#8220,#8221));
#1477=EDGE_LOOP('',(#8222,#8223,#8224,#8225));
#1478=EDGE_LOOP('',(#8226,#8227,#8228,#8229));
#1479=EDGE_LOOP('',(#8230,#8231,#8232,#8233));
#1480=EDGE_LOOP('',(#8234,#8235,#8236,#8237));
#1481=EDGE_LOOP('',(#8238,#8239,#8240,#8241));
#1482=EDGE_LOOP('',(#8242,#8243,#8244,#8245));
#1483=EDGE_LOOP('',(#8246,#8247,#8248,#8249));
#1484=EDGE_LOOP('',(#8250,#8251,#8252,#8253));
#1485=EDGE_LOOP('',(#8254,#8255,#8256,#8257));
#1486=EDGE_LOOP('',(#8258,#8259,#8260,#8261));
#1487=EDGE_LOOP('',(#8262,#8263,#8264,#8265));
#1488=EDGE_LOOP('',(#8266,#8267,#8268,#8269));
#1489=EDGE_LOOP('',(#8270,#8271,#8272,#8273));
#1490=EDGE_LOOP('',(#8274,#8275,#8276,#8277));
#1491=EDGE_LOOP('',(#8278,#8279,#8280,#8281));
#1492=EDGE_LOOP('',(#8282,#8283,#8284,#8285));
#1493=EDGE_LOOP('',(#8286,#8287,#8288,#8289));
#1494=EDGE_LOOP('',(#8290,#8291,#8292,#8293));
#1495=EDGE_LOOP('',(#8294,#8295,#8296,#8297));
#1496=EDGE_LOOP('',(#8298,#8299,#8300,#8301));
#1497=EDGE_LOOP('',(#8302,#8303,#8304,#8305));
#1498=EDGE_LOOP('',(#8306,#8307,#8308,#8309));
#1499=EDGE_LOOP('',(#8310,#8311,#8312,#8313));
#1500=EDGE_LOOP('',(#8314,#8315,#8316,#8317));
#1501=EDGE_LOOP('',(#8318,#8319,#8320,#8321));
#1502=EDGE_LOOP('',(#8322,#8323,#8324,#8325));
#1503=EDGE_LOOP('',(#8326,#8327,#8328,#8329));
#1504=EDGE_LOOP('',(#8330,#8331,#8332,#8333));
#1505=EDGE_LOOP('',(#8334,#8335,#8336,#8337));
#1506=EDGE_LOOP('',(#8338,#8339,#8340,#8341));
#1507=EDGE_LOOP('',(#8342,#8343,#8344,#8345));
#1508=EDGE_LOOP('',(#8346,#8347,#8348,#8349));
#1509=EDGE_LOOP('',(#8350,#8351,#8352,#8353));
#1510=EDGE_LOOP('',(#8354,#8355,#8356,#8357));
#1511=EDGE_LOOP('',(#8358,#8359,#8360,#8361));
#1512=CIRCLE('',#8809,0.799999982118607);
#1513=CIRCLE('',#8810,0.799999982137267);
#1514=CIRCLE('',#8812,0.799999982137267);
#1515=CIRCLE('',#8814,2.0000000000001);
#1516=CIRCLE('',#8815,2.00000000000003);
#1517=CIRCLE('',#8816,2.00000000000003);
#1518=CIRCLE('',#8817,2.0000000000001);
#1519=CIRCLE('',#8818,2.00000000000017);
#1520=CIRCLE('',#8819,15.0000000000797);
#1521=CIRCLE('',#8820,15.0000000000129);
#1522=CIRCLE('',#8821,15.0000000000272);
#1523=CIRCLE('',#8822,15.0000013902994);
#1524=CIRCLE('',#8823,2.00000000000003);
#1525=CIRCLE('',#8824,2.00000000000005);
#1526=CIRCLE('',#8825,2.00000000000003);
#1527=CIRCLE('',#8826,1.58746200000003);
#1528=CIRCLE('',#8827,1.587462);
#1529=CIRCLE('',#8828,1.587462);
#1530=CIRCLE('',#8829,1.58746200000003);
#1531=CIRCLE('',#8830,14.3940773276631);
#1532=CIRCLE('',#8831,14.3940773276631);
#1533=CIRCLE('',#8832,1.59999999999997);
#1534=CIRCLE('',#8833,1.59999999999999);
#1535=CIRCLE('',#8834,1.59999999999997);
#1536=CIRCLE('',#8835,1.6);
#1537=CIRCLE('',#8839,1.5);
#1538=CIRCLE('',#8840,0.799999982118607);
#1539=CIRCLE('',#8844,1.5);
#1540=CIRCLE('',#8846,1.5);
#1541=CIRCLE('',#8848,1.50000000000002);
#1542=CIRCLE('',#8849,2.00000000000003);
#1543=CIRCLE('',#8853,2.00000000000003);
#1544=CIRCLE('',#8854,2.00000000000005);
#1545=CIRCLE('',#8855,15.0000013902994);
#1546=CIRCLE('',#8856,15.0000000000272);
#1547=CIRCLE('',#8857,15.0000000000129);
#1548=CIRCLE('',#8858,15.0000000000797);
#1549=CIRCLE('',#8859,1.58746200000003);
#1550=CIRCLE('',#8860,1.587462);
#1551=CIRCLE('',#8861,1.587462);
#1552=CIRCLE('',#8862,1.58746200000003);
#1553=CIRCLE('',#8863,14.3940773276631);
#1554=CIRCLE('',#8864,14.3940773276631);
#1555=CIRCLE('',#8865,2.00000000000003);
#1556=CIRCLE('',#8866,2.00000000000003);
#1557=CIRCLE('',#8867,2.0000000000001);
#1558=CIRCLE('',#8868,2.00000000000017);
#1559=CIRCLE('',#8869,2.0000000000001);
#1560=CIRCLE('',#8870,1.59999999999997);
#1561=CIRCLE('',#8871,1.59999999999999);
#1562=CIRCLE('',#8872,1.59999999999997);
#1563=CIRCLE('',#8873,1.6);
#1564=LINE('',#11362,#2729);
#1565=LINE('',#11364,#2730);
#1566=LINE('',#11368,#2731);
#1567=LINE('',#11372,#2732);
#1568=LINE('',#11374,#2733);
#1569=LINE('',#11378,#2734);
#1570=LINE('',#11380,#2735);
#1571=LINE('',#11382,#2736);
#1572=LINE('',#11384,#2737);
#1573=LINE('',#11386,#2738);
#1574=LINE('',#11387,#2739);
#1575=LINE('',#11390,#2740);
#1576=LINE('',#11394,#2741);
#1577=LINE('',#11398,#2742);
#1578=LINE('',#11402,#2743);
#1579=LINE('',#11407,#2744);
#1580=LINE('',#11409,#2745);
#1581=LINE('',#11413,#2746);
#1582=LINE('',#11415,#2747);
#1583=LINE('',#11419,#2748);
#1584=LINE('',#11423,#2749);
#1585=LINE('',#11425,#2750);
#1586=LINE('',#11427,#2751);
#1587=LINE('',#11431,#2752);
#1588=LINE('',#11433,#2753);
#1589=LINE('',#11437,#2754);
#1590=LINE('',#11439,#2755);
#1591=LINE('',#11443,#2756);
#1592=LINE('',#11447,#2757);
#1593=LINE('',#11449,#2758);
#1594=LINE('',#11451,#2759);
#1595=LINE('',#11453,#2760);
#1596=LINE('',#11454,#2761);
#1597=LINE('',#11465,#2762);
#1598=LINE('',#11467,#2763);
#1599=LINE('',#11469,#2764);
#1600=LINE('',#11470,#2765);
#1601=LINE('',#11473,#2766);
#1602=LINE('',#11475,#2767);
#1603=LINE('',#11477,#2768);
#1604=LINE('',#11478,#2769);
#1605=LINE('',#11481,#2770);
#1606=LINE('',#11483,#2771);
#1607=LINE('',#11485,#2772);
#1608=LINE('',#11486,#2773);
#1609=LINE('',#11489,#2774);
#1610=LINE('',#11491,#2775);
#1611=LINE('',#11493,#2776);
#1612=LINE('',#11494,#2777);
#1613=LINE('',#11497,#2778);
#1614=LINE('',#11499,#2779);
#1615=LINE('',#11501,#2780);
#1616=LINE('',#11502,#2781);
#1617=LINE('',#11505,#2782);
#1618=LINE('',#11507,#2783);
#1619=LINE('',#11509,#2784);
#1620=LINE('',#11511,#2785);
#1621=LINE('',#11513,#2786);
#1622=LINE('',#11515,#2787);
#1623=LINE('',#11517,#2788);
#1624=LINE('',#11519,#2789);
#1625=LINE('',#11521,#2790);
#1626=LINE('',#11523,#2791);
#1627=LINE('',#11525,#2792);
#1628=LINE('',#11527,#2793);
#1629=LINE('',#11529,#2794);
#1630=LINE('',#11531,#2795);
#1631=LINE('',#11533,#2796);
#1632=LINE('',#11535,#2797);
#1633=LINE('',#11537,#2798);
#1634=LINE('',#11539,#2799);
#1635=LINE('',#11541,#2800);
#1636=LINE('',#11543,#2801);
#1637=LINE('',#11545,#2802);
#1638=LINE('',#11547,#2803);
#1639=LINE('',#11549,#2804);
#1640=LINE('',#11551,#2805);
#1641=LINE('',#11553,#2806);
#1642=LINE('',#11555,#2807);
#1643=LINE('',#11557,#2808);
#1644=LINE('',#11559,#2809);
#1645=LINE('',#11561,#2810);
#1646=LINE('',#11563,#2811);
#1647=LINE('',#11565,#2812);
#1648=LINE('',#11567,#2813);
#1649=LINE('',#11569,#2814);
#1650=LINE('',#11571,#2815);
#1651=LINE('',#11573,#2816);
#1652=LINE('',#11574,#2817);
#1653=LINE('',#11577,#2818);
#1654=LINE('',#11579,#2819);
#1655=LINE('',#11581,#2820);
#1656=LINE('',#11582,#2821);
#1657=LINE('',#11585,#2822);
#1658=LINE('',#11587,#2823);
#1659=LINE('',#11589,#2824);
#1660=LINE('',#11590,#2825);
#1661=LINE('',#11593,#2826);
#1662=LINE('',#11595,#2827);
#1663=LINE('',#11597,#2828);
#1664=LINE('',#11598,#2829);
#1665=LINE('',#11601,#2830);
#1666=LINE('',#11603,#2831);
#1667=LINE('',#11605,#2832);
#1668=LINE('',#11606,#2833);
#1669=LINE('',#11609,#2834);
#1670=LINE('',#11611,#2835);
#1671=LINE('',#11613,#2836);
#1672=LINE('',#11614,#2837);
#1673=LINE('',#11617,#2838);
#1674=LINE('',#11619,#2839);
#1675=LINE('',#11621,#2840);
#1676=LINE('',#11622,#2841);
#1677=LINE('',#11625,#2842);
#1678=LINE('',#11627,#2843);
#1679=LINE('',#11629,#2844);
#1680=LINE('',#11630,#2845);
#1681=LINE('',#11633,#2846);
#1682=LINE('',#11635,#2847);
#1683=LINE('',#11637,#2848);
#1684=LINE('',#11638,#2849);
#1685=LINE('',#11641,#2850);
#1686=LINE('',#11643,#2851);
#1687=LINE('',#11645,#2852);
#1688=LINE('',#11647,#2853);
#1689=LINE('',#11649,#2854);
#1690=LINE('',#11651,#2855);
#1691=LINE('',#11653,#2856);
#1692=LINE('',#11655,#2857);
#1693=LINE('',#11657,#2858);
#1694=LINE('',#11659,#2859);
#1695=LINE('',#11661,#2860);
#1696=LINE('',#11663,#2861);
#1697=LINE('',#11665,#2862);
#1698=LINE('',#11667,#2863);
#1699=LINE('',#11669,#2864);
#1700=LINE('',#11671,#2865);
#1701=LINE('',#11673,#2866);
#1702=LINE('',#11675,#2867);
#1703=LINE('',#11677,#2868);
#1704=LINE('',#11679,#2869);
#1705=LINE('',#11681,#2870);
#1706=LINE('',#11683,#2871);
#1707=LINE('',#11685,#2872);
#1708=LINE('',#11687,#2873);
#1709=LINE('',#11689,#2874);
#1710=LINE('',#11691,#2875);
#1711=LINE('',#11693,#2876);
#1712=LINE('',#11695,#2877);
#1713=LINE('',#11697,#2878);
#1714=LINE('',#11699,#2879);
#1715=LINE('',#11701,#2880);
#1716=LINE('',#11703,#2881);
#1717=LINE('',#11705,#2882);
#1718=LINE('',#11707,#2883);
#1719=LINE('',#11709,#2884);
#1720=LINE('',#11710,#2885);
#1721=LINE('',#11713,#2886);
#1722=LINE('',#11715,#2887);
#1723=LINE('',#11717,#2888);
#1724=LINE('',#11718,#2889);
#1725=LINE('',#11721,#2890);
#1726=LINE('',#11723,#2891);
#1727=LINE('',#11725,#2892);
#1728=LINE('',#11726,#2893);
#1729=LINE('',#11729,#2894);
#1730=LINE('',#11731,#2895);
#1731=LINE('',#11733,#2896);
#1732=LINE('',#11734,#2897);
#1733=LINE('',#11737,#2898);
#1734=LINE('',#11739,#2899);
#1735=LINE('',#11741,#2900);
#1736=LINE('',#11742,#2901);
#1737=LINE('',#11745,#2902);
#1738=LINE('',#11747,#2903);
#1739=LINE('',#11749,#2904);
#1740=LINE('',#11750,#2905);
#1741=LINE('',#11753,#2906);
#1742=LINE('',#11755,#2907);
#1743=LINE('',#11757,#2908);
#1744=LINE('',#11758,#2909);
#1745=LINE('',#11761,#2910);
#1746=LINE('',#11763,#2911);
#1747=LINE('',#11765,#2912);
#1748=LINE('',#11766,#2913);
#1749=LINE('',#11769,#2914);
#1750=LINE('',#11771,#2915);
#1751=LINE('',#11773,#2916);
#1752=LINE('',#11774,#2917);
#1753=LINE('',#11777,#2918);
#1754=LINE('',#11779,#2919);
#1755=LINE('',#11781,#2920);
#1756=LINE('',#11782,#2921);
#1757=LINE('',#11785,#2922);
#1758=LINE('',#11787,#2923);
#1759=LINE('',#11789,#2924);
#1760=LINE('',#11790,#2925);
#1761=LINE('',#11793,#2926);
#1762=LINE('',#11795,#2927);
#1763=LINE('',#11797,#2928);
#1764=LINE('',#11798,#2929);
#1765=LINE('',#11801,#2930);
#1766=LINE('',#11803,#2931);
#1767=LINE('',#11805,#2932);
#1768=LINE('',#11806,#2933);
#1769=LINE('',#11809,#2934);
#1770=LINE('',#11811,#2935);
#1771=LINE('',#11813,#2936);
#1772=LINE('',#11814,#2937);
#1773=LINE('',#11817,#2938);
#1774=LINE('',#11819,#2939);
#1775=LINE('',#11821,#2940);
#1776=LINE('',#11822,#2941);
#1777=LINE('',#11825,#2942);
#1778=LINE('',#11827,#2943);
#1779=LINE('',#11829,#2944);
#1780=LINE('',#11830,#2945);
#1781=LINE('',#11833,#2946);
#1782=LINE('',#11835,#2947);
#1783=LINE('',#11837,#2948);
#1784=LINE('',#11838,#2949);
#1785=LINE('',#11841,#2950);
#1786=LINE('',#11843,#2951);
#1787=LINE('',#11845,#2952);
#1788=LINE('',#11847,#2953);
#1789=LINE('',#11849,#2954);
#1790=LINE('',#11851,#2955);
#1791=LINE('',#11853,#2956);
#1792=LINE('',#11855,#2957);
#1793=LINE('',#11857,#2958);
#1794=LINE('',#11859,#2959);
#1795=LINE('',#11861,#2960);
#1796=LINE('',#11863,#2961);
#1797=LINE('',#11865,#2962);
#1798=LINE('',#11867,#2963);
#1799=LINE('',#11869,#2964);
#1800=LINE('',#11871,#2965);
#1801=LINE('',#11873,#2966);
#1802=LINE('',#11875,#2967);
#1803=LINE('',#11877,#2968);
#1804=LINE('',#11879,#2969);
#1805=LINE('',#11881,#2970);
#1806=LINE('',#11883,#2971);
#1807=LINE('',#11885,#2972);
#1808=LINE('',#11887,#2973);
#1809=LINE('',#11889,#2974);
#1810=LINE('',#11891,#2975);
#1811=LINE('',#11893,#2976);
#1812=LINE('',#11895,#2977);
#1813=LINE('',#11897,#2978);
#1814=LINE('',#11899,#2979);
#1815=LINE('',#11901,#2980);
#1816=LINE('',#11903,#2981);
#1817=LINE('',#11905,#2982);
#1818=LINE('',#11907,#2983);
#1819=LINE('',#11909,#2984);
#1820=LINE('',#11910,#2985);
#1821=LINE('',#11913,#2986);
#1822=LINE('',#11915,#2987);
#1823=LINE('',#11917,#2988);
#1824=LINE('',#11918,#2989);
#1825=LINE('',#11921,#2990);
#1826=LINE('',#11923,#2991);
#1827=LINE('',#11925,#2992);
#1828=LINE('',#11926,#2993);
#1829=LINE('',#11929,#2994);
#1830=LINE('',#11931,#2995);
#1831=LINE('',#11933,#2996);
#1832=LINE('',#11934,#2997);
#1833=LINE('',#11937,#2998);
#1834=LINE('',#11939,#2999);
#1835=LINE('',#11941,#3000);
#1836=LINE('',#11942,#3001);
#1837=LINE('',#11945,#3002);
#1838=LINE('',#11947,#3003);
#1839=LINE('',#11949,#3004);
#1840=LINE('',#11950,#3005);
#1841=LINE('',#11953,#3006);
#1842=LINE('',#11955,#3007);
#1843=LINE('',#11957,#3008);
#1844=LINE('',#11958,#3009);
#1845=LINE('',#11961,#3010);
#1846=LINE('',#11963,#3011);
#1847=LINE('',#11965,#3012);
#1848=LINE('',#11966,#3013);
#1849=LINE('',#11969,#3014);
#1850=LINE('',#11971,#3015);
#1851=LINE('',#11973,#3016);
#1852=LINE('',#11974,#3017);
#1853=LINE('',#11977,#3018);
#1854=LINE('',#11979,#3019);
#1855=LINE('',#11981,#3020);
#1856=LINE('',#11982,#3021);
#1857=LINE('',#11985,#3022);
#1858=LINE('',#11987,#3023);
#1859=LINE('',#11989,#3024);
#1860=LINE('',#11990,#3025);
#1861=LINE('',#11993,#3026);
#1862=LINE('',#11995,#3027);
#1863=LINE('',#11997,#3028);
#1864=LINE('',#11998,#3029);
#1865=LINE('',#12001,#3030);
#1866=LINE('',#12003,#3031);
#1867=LINE('',#12005,#3032);
#1868=LINE('',#12006,#3033);
#1869=LINE('',#12009,#3034);
#1870=LINE('',#12011,#3035);
#1871=LINE('',#12013,#3036);
#1872=LINE('',#12014,#3037);
#1873=LINE('',#12017,#3038);
#1874=LINE('',#12019,#3039);
#1875=LINE('',#12021,#3040);
#1876=LINE('',#12022,#3041);
#1877=LINE('',#12025,#3042);
#1878=LINE('',#12027,#3043);
#1879=LINE('',#12029,#3044);
#1880=LINE('',#12030,#3045);
#1881=LINE('',#12033,#3046);
#1882=LINE('',#12035,#3047);
#1883=LINE('',#12037,#3048);
#1884=LINE('',#12038,#3049);
#1885=LINE('',#12041,#3050);
#1886=LINE('',#12043,#3051);
#1887=LINE('',#12045,#3052);
#1888=LINE('',#12046,#3053);
#1889=LINE('',#12049,#3054);
#1890=LINE('',#12051,#3055);
#1891=LINE('',#12053,#3056);
#1892=LINE('',#12054,#3057);
#1893=LINE('',#12057,#3058);
#1894=LINE('',#12059,#3059);
#1895=LINE('',#12061,#3060);
#1896=LINE('',#12062,#3061);
#1897=LINE('',#12065,#3062);
#1898=LINE('',#12067,#3063);
#1899=LINE('',#12069,#3064);
#1900=LINE('',#12070,#3065);
#1901=LINE('',#12075,#3066);
#1902=LINE('',#12078,#3067);
#1903=LINE('',#12081,#3068);
#1904=LINE('',#12083,#3069);
#1905=LINE('',#12085,#3070);
#1906=LINE('',#12086,#3071);
#1907=LINE('',#12089,#3072);
#1908=LINE('',#12091,#3073);
#1909=LINE('',#12093,#3074);
#1910=LINE('',#12094,#3075);
#1911=LINE('',#12097,#3076);
#1912=LINE('',#12099,#3077);
#1913=LINE('',#12101,#3078);
#1914=LINE('',#12102,#3079);
#1915=LINE('',#12105,#3080);
#1916=LINE('',#12107,#3081);
#1917=LINE('',#12109,#3082);
#1918=LINE('',#12110,#3083);
#1919=LINE('',#12113,#3084);
#1920=LINE('',#12115,#3085);
#1921=LINE('',#12117,#3086);
#1922=LINE('',#12118,#3087);
#1923=LINE('',#12121,#3088);
#1924=LINE('',#12123,#3089);
#1925=LINE('',#12125,#3090);
#1926=LINE('',#12126,#3091);
#1927=LINE('',#12129,#3092);
#1928=LINE('',#12131,#3093);
#1929=LINE('',#12133,#3094);
#1930=LINE('',#12134,#3095);
#1931=LINE('',#12137,#3096);
#1932=LINE('',#12139,#3097);
#1933=LINE('',#12141,#3098);
#1934=LINE('',#12142,#3099);
#1935=LINE('',#12145,#3100);
#1936=LINE('',#12147,#3101);
#1937=LINE('',#12149,#3102);
#1938=LINE('',#12150,#3103);
#1939=LINE('',#12153,#3104);
#1940=LINE('',#12155,#3105);
#1941=LINE('',#12157,#3106);
#1942=LINE('',#12158,#3107);
#1943=LINE('',#12161,#3108);
#1944=LINE('',#12163,#3109);
#1945=LINE('',#12165,#3110);
#1946=LINE('',#12166,#3111);
#1947=LINE('',#12169,#3112);
#1948=LINE('',#12171,#3113);
#1949=LINE('',#12173,#3114);
#1950=LINE('',#12174,#3115);
#1951=LINE('',#12177,#3116);
#1952=LINE('',#12179,#3117);
#1953=LINE('',#12181,#3118);
#1954=LINE('',#12182,#3119);
#1955=LINE('',#12192,#3120);
#1956=LINE('',#12195,#3121);
#1957=LINE('',#12197,#3122);
#1958=LINE('',#12203,#3123);
#1959=LINE('',#12208,#3124);
#1960=LINE('',#12209,#3125);
#1961=LINE('',#12212,#3126);
#1962=LINE('',#12214,#3127);
#1963=LINE('',#12218,#3128);
#1964=LINE('',#12220,#3129);
#1965=LINE('',#12224,#3130);
#1966=LINE('',#12230,#3131);
#1967=LINE('',#12233,#3132);
#1968=LINE('',#12235,#3133);
#1969=LINE('',#12238,#3134);
#1970=LINE('',#12239,#3135);
#1971=LINE('',#12242,#3136);
#1972=LINE('',#12246,#3137);
#1973=LINE('',#12249,#3138);
#1974=LINE('',#12253,#3139);
#1975=LINE('',#12255,#3140);
#1976=LINE('',#12257,#3141);
#1977=LINE('',#12261,#3142);
#1978=LINE('',#12265,#3143);
#1979=LINE('',#12267,#3144);
#1980=LINE('',#12279,#3145);
#1981=LINE('',#12281,#3146);
#1982=LINE('',#12283,#3147);
#1983=LINE('',#12284,#3148);
#1984=LINE('',#12287,#3149);
#1985=LINE('',#12289,#3150);
#1986=LINE('',#12291,#3151);
#1987=LINE('',#12292,#3152);
#1988=LINE('',#12295,#3153);
#1989=LINE('',#12297,#3154);
#1990=LINE('',#12299,#3155);
#1991=LINE('',#12300,#3156);
#1992=LINE('',#12303,#3157);
#1993=LINE('',#12305,#3158);
#1994=LINE('',#12307,#3159);
#1995=LINE('',#12308,#3160);
#1996=LINE('',#12311,#3161);
#1997=LINE('',#12313,#3162);
#1998=LINE('',#12315,#3163);
#1999=LINE('',#12316,#3164);
#2000=LINE('',#12319,#3165);
#2001=LINE('',#12321,#3166);
#2002=LINE('',#12323,#3167);
#2003=LINE('',#12325,#3168);
#2004=LINE('',#12327,#3169);
#2005=LINE('',#12329,#3170);
#2006=LINE('',#12331,#3171);
#2007=LINE('',#12333,#3172);
#2008=LINE('',#12335,#3173);
#2009=LINE('',#12337,#3174);
#2010=LINE('',#12339,#3175);
#2011=LINE('',#12341,#3176);
#2012=LINE('',#12343,#3177);
#2013=LINE('',#12345,#3178);
#2014=LINE('',#12347,#3179);
#2015=LINE('',#12349,#3180);
#2016=LINE('',#12351,#3181);
#2017=LINE('',#12353,#3182);
#2018=LINE('',#12355,#3183);
#2019=LINE('',#12357,#3184);
#2020=LINE('',#12359,#3185);
#2021=LINE('',#12361,#3186);
#2022=LINE('',#12363,#3187);
#2023=LINE('',#12365,#3188);
#2024=LINE('',#12367,#3189);
#2025=LINE('',#12369,#3190);
#2026=LINE('',#12371,#3191);
#2027=LINE('',#12373,#3192);
#2028=LINE('',#12375,#3193);
#2029=LINE('',#12377,#3194);
#2030=LINE('',#12379,#3195);
#2031=LINE('',#12381,#3196);
#2032=LINE('',#12383,#3197);
#2033=LINE('',#12385,#3198);
#2034=LINE('',#12387,#3199);
#2035=LINE('',#12388,#3200);
#2036=LINE('',#12391,#3201);
#2037=LINE('',#12393,#3202);
#2038=LINE('',#12395,#3203);
#2039=LINE('',#12396,#3204);
#2040=LINE('',#12399,#3205);
#2041=LINE('',#12401,#3206);
#2042=LINE('',#12403,#3207);
#2043=LINE('',#12404,#3208);
#2044=LINE('',#12407,#3209);
#2045=LINE('',#12409,#3210);
#2046=LINE('',#12411,#3211);
#2047=LINE('',#12412,#3212);
#2048=LINE('',#12415,#3213);
#2049=LINE('',#12417,#3214);
#2050=LINE('',#12419,#3215);
#2051=LINE('',#12420,#3216);
#2052=LINE('',#12423,#3217);
#2053=LINE('',#12425,#3218);
#2054=LINE('',#12427,#3219);
#2055=LINE('',#12428,#3220);
#2056=LINE('',#12431,#3221);
#2057=LINE('',#12433,#3222);
#2058=LINE('',#12435,#3223);
#2059=LINE('',#12436,#3224);
#2060=LINE('',#12439,#3225);
#2061=LINE('',#12441,#3226);
#2062=LINE('',#12443,#3227);
#2063=LINE('',#12444,#3228);
#2064=LINE('',#12447,#3229);
#2065=LINE('',#12449,#3230);
#2066=LINE('',#12451,#3231);
#2067=LINE('',#12452,#3232);
#2068=LINE('',#12455,#3233);
#2069=LINE('',#12457,#3234);
#2070=LINE('',#12459,#3235);
#2071=LINE('',#12461,#3236);
#2072=LINE('',#12463,#3237);
#2073=LINE('',#12465,#3238);
#2074=LINE('',#12467,#3239);
#2075=LINE('',#12469,#3240);
#2076=LINE('',#12471,#3241);
#2077=LINE('',#12473,#3242);
#2078=LINE('',#12475,#3243);
#2079=LINE('',#12477,#3244);
#2080=LINE('',#12479,#3245);
#2081=LINE('',#12481,#3246);
#2082=LINE('',#12483,#3247);
#2083=LINE('',#12485,#3248);
#2084=LINE('',#12487,#3249);
#2085=LINE('',#12489,#3250);
#2086=LINE('',#12491,#3251);
#2087=LINE('',#12493,#3252);
#2088=LINE('',#12495,#3253);
#2089=LINE('',#12497,#3254);
#2090=LINE('',#12499,#3255);
#2091=LINE('',#12501,#3256);
#2092=LINE('',#12503,#3257);
#2093=LINE('',#12505,#3258);
#2094=LINE('',#12507,#3259);
#2095=LINE('',#12509,#3260);
#2096=LINE('',#12511,#3261);
#2097=LINE('',#12513,#3262);
#2098=LINE('',#12515,#3263);
#2099=LINE('',#12517,#3264);
#2100=LINE('',#12519,#3265);
#2101=LINE('',#12521,#3266);
#2102=LINE('',#12523,#3267);
#2103=LINE('',#12524,#3268);
#2104=LINE('',#12527,#3269);
#2105=LINE('',#12529,#3270);
#2106=LINE('',#12531,#3271);
#2107=LINE('',#12532,#3272);
#2108=LINE('',#12535,#3273);
#2109=LINE('',#12537,#3274);
#2110=LINE('',#12539,#3275);
#2111=LINE('',#12540,#3276);
#2112=LINE('',#12543,#3277);
#2113=LINE('',#12545,#3278);
#2114=LINE('',#12547,#3279);
#2115=LINE('',#12548,#3280);
#2116=LINE('',#12551,#3281);
#2117=LINE('',#12553,#3282);
#2118=LINE('',#12555,#3283);
#2119=LINE('',#12556,#3284);
#2120=LINE('',#12559,#3285);
#2121=LINE('',#12561,#3286);
#2122=LINE('',#12563,#3287);
#2123=LINE('',#12564,#3288);
#2124=LINE('',#12567,#3289);
#2125=LINE('',#12569,#3290);
#2126=LINE('',#12571,#3291);
#2127=LINE('',#12572,#3292);
#2128=LINE('',#12575,#3293);
#2129=LINE('',#12577,#3294);
#2130=LINE('',#12579,#3295);
#2131=LINE('',#12580,#3296);
#2132=LINE('',#12583,#3297);
#2133=LINE('',#12585,#3298);
#2134=LINE('',#12587,#3299);
#2135=LINE('',#12588,#3300);
#2136=LINE('',#12591,#3301);
#2137=LINE('',#12593,#3302);
#2138=LINE('',#12595,#3303);
#2139=LINE('',#12596,#3304);
#2140=LINE('',#12599,#3305);
#2141=LINE('',#12601,#3306);
#2142=LINE('',#12603,#3307);
#2143=LINE('',#12604,#3308);
#2144=LINE('',#12607,#3309);
#2145=LINE('',#12609,#3310);
#2146=LINE('',#12611,#3311);
#2147=LINE('',#12612,#3312);
#2148=LINE('',#12615,#3313);
#2149=LINE('',#12617,#3314);
#2150=LINE('',#12619,#3315);
#2151=LINE('',#12620,#3316);
#2152=LINE('',#12623,#3317);
#2153=LINE('',#12625,#3318);
#2154=LINE('',#12627,#3319);
#2155=LINE('',#12628,#3320);
#2156=LINE('',#12631,#3321);
#2157=LINE('',#12633,#3322);
#2158=LINE('',#12635,#3323);
#2159=LINE('',#12636,#3324);
#2160=LINE('',#12639,#3325);
#2161=LINE('',#12641,#3326);
#2162=LINE('',#12643,#3327);
#2163=LINE('',#12644,#3328);
#2164=LINE('',#12647,#3329);
#2165=LINE('',#12649,#3330);
#2166=LINE('',#12651,#3331);
#2167=LINE('',#12652,#3332);
#2168=LINE('',#12655,#3333);
#2169=LINE('',#12657,#3334);
#2170=LINE('',#12659,#3335);
#2171=LINE('',#12661,#3336);
#2172=LINE('',#12663,#3337);
#2173=LINE('',#12665,#3338);
#2174=LINE('',#12667,#3339);
#2175=LINE('',#12669,#3340);
#2176=LINE('',#12671,#3341);
#2177=LINE('',#12673,#3342);
#2178=LINE('',#12675,#3343);
#2179=LINE('',#12677,#3344);
#2180=LINE('',#12679,#3345);
#2181=LINE('',#12681,#3346);
#2182=LINE('',#12683,#3347);
#2183=LINE('',#12685,#3348);
#2184=LINE('',#12687,#3349);
#2185=LINE('',#12689,#3350);
#2186=LINE('',#12691,#3351);
#2187=LINE('',#12693,#3352);
#2188=LINE('',#12695,#3353);
#2189=LINE('',#12697,#3354);
#2190=LINE('',#12699,#3355);
#2191=LINE('',#12701,#3356);
#2192=LINE('',#12703,#3357);
#2193=LINE('',#12705,#3358);
#2194=LINE('',#12707,#3359);
#2195=LINE('',#12709,#3360);
#2196=LINE('',#12711,#3361);
#2197=LINE('',#12713,#3362);
#2198=LINE('',#12715,#3363);
#2199=LINE('',#12717,#3364);
#2200=LINE('',#12719,#3365);
#2201=LINE('',#12721,#3366);
#2202=LINE('',#12723,#3367);
#2203=LINE('',#12724,#3368);
#2204=LINE('',#12727,#3369);
#2205=LINE('',#12729,#3370);
#2206=LINE('',#12731,#3371);
#2207=LINE('',#12732,#3372);
#2208=LINE('',#12735,#3373);
#2209=LINE('',#12737,#3374);
#2210=LINE('',#12739,#3375);
#2211=LINE('',#12740,#3376);
#2212=LINE('',#12743,#3377);
#2213=LINE('',#12745,#3378);
#2214=LINE('',#12747,#3379);
#2215=LINE('',#12748,#3380);
#2216=LINE('',#12751,#3381);
#2217=LINE('',#12753,#3382);
#2218=LINE('',#12755,#3383);
#2219=LINE('',#12756,#3384);
#2220=LINE('',#12759,#3385);
#2221=LINE('',#12761,#3386);
#2222=LINE('',#12763,#3387);
#2223=LINE('',#12764,#3388);
#2224=LINE('',#12767,#3389);
#2225=LINE('',#12769,#3390);
#2226=LINE('',#12771,#3391);
#2227=LINE('',#12772,#3392);
#2228=LINE('',#12775,#3393);
#2229=LINE('',#12777,#3394);
#2230=LINE('',#12779,#3395);
#2231=LINE('',#12780,#3396);
#2232=LINE('',#12783,#3397);
#2233=LINE('',#12785,#3398);
#2234=LINE('',#12787,#3399);
#2235=LINE('',#12788,#3400);
#2236=LINE('',#12791,#3401);
#2237=LINE('',#12793,#3402);
#2238=LINE('',#12795,#3403);
#2239=LINE('',#12796,#3404);
#2240=LINE('',#12799,#3405);
#2241=LINE('',#12801,#3406);
#2242=LINE('',#12803,#3407);
#2243=LINE('',#12804,#3408);
#2244=LINE('',#12807,#3409);
#2245=LINE('',#12809,#3410);
#2246=LINE('',#12811,#3411);
#2247=LINE('',#12812,#3412);
#2248=LINE('',#12815,#3413);
#2249=LINE('',#12817,#3414);
#2250=LINE('',#12819,#3415);
#2251=LINE('',#12820,#3416);
#2252=LINE('',#12823,#3417);
#2253=LINE('',#12825,#3418);
#2254=LINE('',#12827,#3419);
#2255=LINE('',#12828,#3420);
#2256=LINE('',#12831,#3421);
#2257=LINE('',#12833,#3422);
#2258=LINE('',#12835,#3423);
#2259=LINE('',#12836,#3424);
#2260=LINE('',#12839,#3425);
#2261=LINE('',#12841,#3426);
#2262=LINE('',#12843,#3427);
#2263=LINE('',#12844,#3428);
#2264=LINE('',#12847,#3429);
#2265=LINE('',#12849,#3430);
#2266=LINE('',#12851,#3431);
#2267=LINE('',#12852,#3432);
#2268=LINE('',#12855,#3433);
#2269=LINE('',#12857,#3434);
#2270=LINE('',#12859,#3435);
#2271=LINE('',#12860,#3436);
#2272=LINE('',#12863,#3437);
#2273=LINE('',#12865,#3438);
#2274=LINE('',#12867,#3439);
#2275=LINE('',#12868,#3440);
#2276=LINE('',#12871,#3441);
#2277=LINE('',#12873,#3442);
#2278=LINE('',#12875,#3443);
#2279=LINE('',#12876,#3444);
#2280=LINE('',#12879,#3445);
#2281=LINE('',#12881,#3446);
#2282=LINE('',#12883,#3447);
#2283=LINE('',#12884,#3448);
#2284=LINE('',#12889,#3449);
#2285=LINE('',#12892,#3450);
#2286=LINE('',#12895,#3451);
#2287=LINE('',#12897,#3452);
#2288=LINE('',#12899,#3453);
#2289=LINE('',#12900,#3454);
#2290=LINE('',#12903,#3455);
#2291=LINE('',#12905,#3456);
#2292=LINE('',#12907,#3457);
#2293=LINE('',#12908,#3458);
#2294=LINE('',#12911,#3459);
#2295=LINE('',#12913,#3460);
#2296=LINE('',#12915,#3461);
#2297=LINE('',#12916,#3462);
#2298=LINE('',#12919,#3463);
#2299=LINE('',#12921,#3464);
#2300=LINE('',#12923,#3465);
#2301=LINE('',#12924,#3466);
#2302=LINE('',#12927,#3467);
#2303=LINE('',#12929,#3468);
#2304=LINE('',#12931,#3469);
#2305=LINE('',#12932,#3470);
#2306=LINE('',#12935,#3471);
#2307=LINE('',#12937,#3472);
#2308=LINE('',#12939,#3473);
#2309=LINE('',#12940,#3474);
#2310=LINE('',#12943,#3475);
#2311=LINE('',#12945,#3476);
#2312=LINE('',#12947,#3477);
#2313=LINE('',#12948,#3478);
#2314=LINE('',#12951,#3479);
#2315=LINE('',#12953,#3480);
#2316=LINE('',#12955,#3481);
#2317=LINE('',#12956,#3482);
#2318=LINE('',#12959,#3483);
#2319=LINE('',#12961,#3484);
#2320=LINE('',#12963,#3485);
#2321=LINE('',#12964,#3486);
#2322=LINE('',#12967,#3487);
#2323=LINE('',#12969,#3488);
#2324=LINE('',#12971,#3489);
#2325=LINE('',#12972,#3490);
#2326=LINE('',#12975,#3491);
#2327=LINE('',#12977,#3492);
#2328=LINE('',#12979,#3493);
#2329=LINE('',#12980,#3494);
#2330=LINE('',#12983,#3495);
#2331=LINE('',#12985,#3496);
#2332=LINE('',#12987,#3497);
#2333=LINE('',#12988,#3498);
#2334=LINE('',#12991,#3499);
#2335=LINE('',#12993,#3500);
#2336=LINE('',#12995,#3501);
#2337=LINE('',#12996,#3502);
#2338=LINE('',#12999,#3503);
#2339=LINE('',#13003,#3504);
#2340=LINE('',#13007,#3505);
#2341=LINE('',#13021,#3506);
#2342=LINE('',#13023,#3507);
#2343=LINE('',#13025,#3508);
#2344=LINE('',#13027,#3509);
#2345=LINE('',#13029,#3510);
#2346=LINE('',#13031,#3511);
#2347=LINE('',#13033,#3512);
#2348=LINE('',#13035,#3513);
#2349=LINE('',#13037,#3514);
#2350=LINE('',#13039,#3515);
#2351=LINE('',#13041,#3516);
#2352=LINE('',#13043,#3517);
#2353=LINE('',#13046,#3518);
#2354=LINE('',#13048,#3519);
#2355=LINE('',#13050,#3520);
#2356=LINE('',#13052,#3521);
#2357=LINE('',#13054,#3522);
#2358=LINE('',#13056,#3523);
#2359=LINE('',#13058,#3524);
#2360=LINE('',#13061,#3525);
#2361=LINE('',#13062,#3526);
#2362=LINE('',#13064,#3527);
#2363=LINE('',#13066,#3528);
#2364=LINE('',#13069,#3529);
#2365=LINE('',#13070,#3530);
#2366=LINE('',#13072,#3531);
#2367=LINE('',#13074,#3532);
#2368=LINE('',#13077,#3533);
#2369=LINE('',#13078,#3534);
#2370=LINE('',#13080,#3535);
#2371=LINE('',#13082,#3536);
#2372=LINE('',#13085,#3537);
#2373=LINE('',#13086,#3538);
#2374=LINE('',#13088,#3539);
#2375=LINE('',#13090,#3540);
#2376=LINE('',#13093,#3541);
#2377=LINE('',#13094,#3542);
#2378=LINE('',#13096,#3543);
#2379=LINE('',#13098,#3544);
#2380=LINE('',#13101,#3545);
#2381=LINE('',#13102,#3546);
#2382=LINE('',#13104,#3547);
#2383=LINE('',#13106,#3548);
#2384=LINE('',#13108,#3549);
#2385=LINE('',#13110,#3550);
#2386=LINE('',#13112,#3551);
#2387=LINE('',#13114,#3552);
#2388=LINE('',#13116,#3553);
#2389=LINE('',#13118,#3554);
#2390=LINE('',#13120,#3555);
#2391=LINE('',#13122,#3556);
#2392=LINE('',#13124,#3557);
#2393=LINE('',#13126,#3558);
#2394=LINE('',#13128,#3559);
#2395=LINE('',#13130,#3560);
#2396=LINE('',#13132,#3561);
#2397=LINE('',#13134,#3562);
#2398=LINE('',#13136,#3563);
#2399=LINE('',#13138,#3564);
#2400=LINE('',#13140,#3565);
#2401=LINE('',#13142,#3566);
#2402=LINE('',#13144,#3567);
#2403=LINE('',#13146,#3568);
#2404=LINE('',#13148,#3569);
#2405=LINE('',#13150,#3570);
#2406=LINE('',#13152,#3571);
#2407=LINE('',#13154,#3572);
#2408=LINE('',#13156,#3573);
#2409=LINE('',#13158,#3574);
#2410=LINE('',#13160,#3575);
#2411=LINE('',#13162,#3576);
#2412=LINE('',#13164,#3577);
#2413=LINE('',#13166,#3578);
#2414=LINE('',#13168,#3579);
#2415=LINE('',#13170,#3580);
#2416=LINE('',#13173,#3581);
#2417=LINE('',#13174,#3582);
#2418=LINE('',#13176,#3583);
#2419=LINE('',#13178,#3584);
#2420=LINE('',#13181,#3585);
#2421=LINE('',#13182,#3586);
#2422=LINE('',#13184,#3587);
#2423=LINE('',#13186,#3588);
#2424=LINE('',#13189,#3589);
#2425=LINE('',#13190,#3590);
#2426=LINE('',#13192,#3591);
#2427=LINE('',#13194,#3592);
#2428=LINE('',#13197,#3593);
#2429=LINE('',#13198,#3594);
#2430=LINE('',#13200,#3595);
#2431=LINE('',#13202,#3596);
#2432=LINE('',#13205,#3597);
#2433=LINE('',#13206,#3598);
#2434=LINE('',#13208,#3599);
#2435=LINE('',#13210,#3600);
#2436=LINE('',#13213,#3601);
#2437=LINE('',#13214,#3602);
#2438=LINE('',#13216,#3603);
#2439=LINE('',#13218,#3604);
#2440=LINE('',#13221,#3605);
#2441=LINE('',#13222,#3606);
#2442=LINE('',#13224,#3607);
#2443=LINE('',#13226,#3608);
#2444=LINE('',#13229,#3609);
#2445=LINE('',#13230,#3610);
#2446=LINE('',#13232,#3611);
#2447=LINE('',#13234,#3612);
#2448=LINE('',#13237,#3613);
#2449=LINE('',#13238,#3614);
#2450=LINE('',#13240,#3615);
#2451=LINE('',#13242,#3616);
#2452=LINE('',#13244,#3617);
#2453=LINE('',#13246,#3618);
#2454=LINE('',#13248,#3619);
#2455=LINE('',#13250,#3620);
#2456=LINE('',#13252,#3621);
#2457=LINE('',#13254,#3622);
#2458=LINE('',#13256,#3623);
#2459=LINE('',#13258,#3624);
#2460=LINE('',#13260,#3625);
#2461=LINE('',#13262,#3626);
#2462=LINE('',#13264,#3627);
#2463=LINE('',#13266,#3628);
#2464=LINE('',#13268,#3629);
#2465=LINE('',#13270,#3630);
#2466=LINE('',#13272,#3631);
#2467=LINE('',#13274,#3632);
#2468=LINE('',#13276,#3633);
#2469=LINE('',#13278,#3634);
#2470=LINE('',#13280,#3635);
#2471=LINE('',#13282,#3636);
#2472=LINE('',#13284,#3637);
#2473=LINE('',#13286,#3638);
#2474=LINE('',#13288,#3639);
#2475=LINE('',#13290,#3640);
#2476=LINE('',#13292,#3641);
#2477=LINE('',#13294,#3642);
#2478=LINE('',#13296,#3643);
#2479=LINE('',#13298,#3644);
#2480=LINE('',#13300,#3645);
#2481=LINE('',#13302,#3646);
#2482=LINE('',#13304,#3647);
#2483=LINE('',#13306,#3648);
#2484=LINE('',#13309,#3649);
#2485=LINE('',#13310,#3650);
#2486=LINE('',#13312,#3651);
#2487=LINE('',#13314,#3652);
#2488=LINE('',#13317,#3653);
#2489=LINE('',#13318,#3654);
#2490=LINE('',#13320,#3655);
#2491=LINE('',#13322,#3656);
#2492=LINE('',#13325,#3657);
#2493=LINE('',#13326,#3658);
#2494=LINE('',#13328,#3659);
#2495=LINE('',#13330,#3660);
#2496=LINE('',#13333,#3661);
#2497=LINE('',#13334,#3662);
#2498=LINE('',#13336,#3663);
#2499=LINE('',#13338,#3664);
#2500=LINE('',#13341,#3665);
#2501=LINE('',#13342,#3666);
#2502=LINE('',#13344,#3667);
#2503=LINE('',#13346,#3668);
#2504=LINE('',#13349,#3669);
#2505=LINE('',#13350,#3670);
#2506=LINE('',#13352,#3671);
#2507=LINE('',#13354,#3672);
#2508=LINE('',#13357,#3673);
#2509=LINE('',#13358,#3674);
#2510=LINE('',#13360,#3675);
#2511=LINE('',#13362,#3676);
#2512=LINE('',#13365,#3677);
#2513=LINE('',#13366,#3678);
#2514=LINE('',#13368,#3679);
#2515=LINE('',#13370,#3680);
#2516=LINE('',#13373,#3681);
#2517=LINE('',#13374,#3682);
#2518=LINE('',#13376,#3683);
#2519=LINE('',#13378,#3684);
#2520=LINE('',#13381,#3685);
#2521=LINE('',#13382,#3686);
#2522=LINE('',#13384,#3687);
#2523=LINE('',#13386,#3688);
#2524=LINE('',#13389,#3689);
#2525=LINE('',#13390,#3690);
#2526=LINE('',#13392,#3691);
#2527=LINE('',#13394,#3692);
#2528=LINE('',#13397,#3693);
#2529=LINE('',#13398,#3694);
#2530=LINE('',#13400,#3695);
#2531=LINE('',#13402,#3696);
#2532=LINE('',#13405,#3697);
#2533=LINE('',#13406,#3698);
#2534=LINE('',#13408,#3699);
#2535=LINE('',#13410,#3700);
#2536=LINE('',#13413,#3701);
#2537=LINE('',#13414,#3702);
#2538=LINE('',#13416,#3703);
#2539=LINE('',#13418,#3704);
#2540=LINE('',#13421,#3705);
#2541=LINE('',#13422,#3706);
#2542=LINE('',#13424,#3707);
#2543=LINE('',#13426,#3708);
#2544=LINE('',#13429,#3709);
#2545=LINE('',#13430,#3710);
#2546=LINE('',#13432,#3711);
#2547=LINE('',#13434,#3712);
#2548=LINE('',#13437,#3713);
#2549=LINE('',#13438,#3714);
#2550=LINE('',#13440,#3715);
#2551=LINE('',#13442,#3716);
#2552=LINE('',#13444,#3717);
#2553=LINE('',#13446,#3718);
#2554=LINE('',#13448,#3719);
#2555=LINE('',#13450,#3720);
#2556=LINE('',#13452,#3721);
#2557=LINE('',#13454,#3722);
#2558=LINE('',#13456,#3723);
#2559=LINE('',#13458,#3724);
#2560=LINE('',#13460,#3725);
#2561=LINE('',#13462,#3726);
#2562=LINE('',#13464,#3727);
#2563=LINE('',#13466,#3728);
#2564=LINE('',#13468,#3729);
#2565=LINE('',#13470,#3730);
#2566=LINE('',#13472,#3731);
#2567=LINE('',#13474,#3732);
#2568=LINE('',#13476,#3733);
#2569=LINE('',#13478,#3734);
#2570=LINE('',#13480,#3735);
#2571=LINE('',#13482,#3736);
#2572=LINE('',#13484,#3737);
#2573=LINE('',#13486,#3738);
#2574=LINE('',#13488,#3739);
#2575=LINE('',#13490,#3740);
#2576=LINE('',#13492,#3741);
#2577=LINE('',#13494,#3742);
#2578=LINE('',#13496,#3743);
#2579=LINE('',#13498,#3744);
#2580=LINE('',#13500,#3745);
#2581=LINE('',#13502,#3746);
#2582=LINE('',#13504,#3747);
#2583=LINE('',#13506,#3748);
#2584=LINE('',#13509,#3749);
#2585=LINE('',#13510,#3750);
#2586=LINE('',#13512,#3751);
#2587=LINE('',#13514,#3752);
#2588=LINE('',#13517,#3753);
#2589=LINE('',#13518,#3754);
#2590=LINE('',#13520,#3755);
#2591=LINE('',#13522,#3756);
#2592=LINE('',#13525,#3757);
#2593=LINE('',#13526,#3758);
#2594=LINE('',#13528,#3759);
#2595=LINE('',#13530,#3760);
#2596=LINE('',#13533,#3761);
#2597=LINE('',#13534,#3762);
#2598=LINE('',#13536,#3763);
#2599=LINE('',#13538,#3764);
#2600=LINE('',#13541,#3765);
#2601=LINE('',#13542,#3766);
#2602=LINE('',#13544,#3767);
#2603=LINE('',#13546,#3768);
#2604=LINE('',#13549,#3769);
#2605=LINE('',#13550,#3770);
#2606=LINE('',#13552,#3771);
#2607=LINE('',#13554,#3772);
#2608=LINE('',#13557,#3773);
#2609=LINE('',#13558,#3774);
#2610=LINE('',#13560,#3775);
#2611=LINE('',#13562,#3776);
#2612=LINE('',#13565,#3777);
#2613=LINE('',#13566,#3778);
#2614=LINE('',#13568,#3779);
#2615=LINE('',#13570,#3780);
#2616=LINE('',#13573,#3781);
#2617=LINE('',#13574,#3782);
#2618=LINE('',#13576,#3783);
#2619=LINE('',#13578,#3784);
#2620=LINE('',#13581,#3785);
#2621=LINE('',#13582,#3786);
#2622=LINE('',#13584,#3787);
#2623=LINE('',#13586,#3788);
#2624=LINE('',#13589,#3789);
#2625=LINE('',#13590,#3790);
#2626=LINE('',#13592,#3791);
#2627=LINE('',#13594,#3792);
#2628=LINE('',#13597,#3793);
#2629=LINE('',#13598,#3794);
#2630=LINE('',#13600,#3795);
#2631=LINE('',#13602,#3796);
#2632=LINE('',#13605,#3797);
#2633=LINE('',#13606,#3798);
#2634=LINE('',#13608,#3799);
#2635=LINE('',#13610,#3800);
#2636=LINE('',#13613,#3801);
#2637=LINE('',#13614,#3802);
#2638=LINE('',#13616,#3803);
#2639=LINE('',#13618,#3804);
#2640=LINE('',#13621,#3805);
#2641=LINE('',#13622,#3806);
#2642=LINE('',#13624,#3807);
#2643=LINE('',#13626,#3808);
#2644=LINE('',#13629,#3809);
#2645=LINE('',#13630,#3810);
#2646=LINE('',#13632,#3811);
#2647=LINE('',#13634,#3812);
#2648=LINE('',#13637,#3813);
#2649=LINE('',#13638,#3814);
#2650=LINE('',#13640,#3815);
#2651=LINE('',#13642,#3816);
#2652=LINE('',#13645,#3817);
#2653=LINE('',#13646,#3818);
#2654=LINE('',#13648,#3819);
#2655=LINE('',#13650,#3820);
#2656=LINE('',#13653,#3821);
#2657=LINE('',#13654,#3822);
#2658=LINE('',#13656,#3823);
#2659=LINE('',#13658,#3824);
#2660=LINE('',#13661,#3825);
#2661=LINE('',#13662,#3826);
#2662=LINE('',#13664,#3827);
#2663=LINE('',#13666,#3828);
#2664=LINE('',#13669,#3829);
#2665=LINE('',#13670,#3830);
#2666=LINE('',#13672,#3831);
#2667=LINE('',#13674,#3832);
#2668=LINE('',#13677,#3833);
#2669=LINE('',#13678,#3834);
#2670=LINE('',#13680,#3835);
#2671=LINE('',#13682,#3836);
#2672=LINE('',#13685,#3837);
#2673=LINE('',#13686,#3838);
#2674=LINE('',#13688,#3839);
#2675=LINE('',#13690,#3840);
#2676=LINE('',#13693,#3841);
#2677=LINE('',#13694,#3842);
#2678=LINE('',#13696,#3843);
#2679=LINE('',#13698,#3844);
#2680=LINE('',#13701,#3845);
#2681=LINE('',#13702,#3846);
#2682=LINE('',#13704,#3847);
#2683=LINE('',#13706,#3848);
#2684=LINE('',#13709,#3849);
#2685=LINE('',#13710,#3850);
#2686=LINE('',#13712,#3851);
#2687=LINE('',#13714,#3852);
#2688=LINE('',#13717,#3853);
#2689=LINE('',#13718,#3854);
#2690=LINE('',#13720,#3855);
#2691=LINE('',#13722,#3856);
#2692=LINE('',#13725,#3857);
#2693=LINE('',#13726,#3858);
#2694=LINE('',#13728,#3859);
#2695=LINE('',#13730,#3860);
#2696=LINE('',#13733,#3861);
#2697=LINE('',#13734,#3862);
#2698=LINE('',#13736,#3863);
#2699=LINE('',#13738,#3864);
#2700=LINE('',#13741,#3865);
#2701=LINE('',#13742,#3866);
#2702=LINE('',#13744,#3867);
#2703=LINE('',#13746,#3868);
#2704=LINE('',#13749,#3869);
#2705=LINE('',#13750,#3870);
#2706=LINE('',#13752,#3871);
#2707=LINE('',#13754,#3872);
#2708=LINE('',#13757,#3873);
#2709=LINE('',#13758,#3874);
#2710=LINE('',#13760,#3875);
#2711=LINE('',#13762,#3876);
#2712=LINE('',#13765,#3877);
#2713=LINE('',#13766,#3878);
#2714=LINE('',#13768,#3879);
#2715=LINE('',#13770,#3880);
#2716=LINE('',#13773,#3881);
#2717=LINE('',#13774,#3882);
#2718=LINE('',#13776,#3883);
#2719=LINE('',#13778,#3884);
#2720=LINE('',#13781,#3885);
#2721=LINE('',#13782,#3886);
#2722=LINE('',#13784,#3887);
#2723=LINE('',#13787,#3888);
#2724=LINE('',#13789,#3889);
#2725=LINE('',#13791,#3890);
#2726=LINE('',#13793,#3891);
#2727=LINE('',#13795,#3892);
#2728=LINE('',#13797,#3893);
#2729=VECTOR('',#9275,10.);
#2730=VECTOR('',#9276,10.);
#2731=VECTOR('',#9279,10.);
#2732=VECTOR('',#9284,10.);
#2733=VECTOR('',#9285,10.);
#2734=VECTOR('',#9288,10.);
#2735=VECTOR('',#9289,10.);
#2736=VECTOR('',#9290,10.);
#2737=VECTOR('',#9291,10.);
#2738=VECTOR('',#9292,10.);
#2739=VECTOR('',#9293,10.);
#2740=VECTOR('',#9296,10.);
#2741=VECTOR('',#9299,10.);
#2742=VECTOR('',#9302,10.);
#2743=VECTOR('',#9305,10.);
#2744=VECTOR('',#9310,10.);
#2745=VECTOR('',#9311,10.);
#2746=VECTOR('',#9314,10.);
#2747=VECTOR('',#9315,10.);
#2748=VECTOR('',#9318,10.);
#2749=VECTOR('',#9321,10.);
#2750=VECTOR('',#9322,10.);
#2751=VECTOR('',#9323,10.);
#2752=VECTOR('',#9326,10.);
#2753=VECTOR('',#9327,10.);
#2754=VECTOR('',#9330,10.);
#2755=VECTOR('',#9331,10.);
#2756=VECTOR('',#9334,10.);
#2757=VECTOR('',#9337,10.);
#2758=VECTOR('',#9338,10.);
#2759=VECTOR('',#9339,10.);
#2760=VECTOR('',#9340,10.);
#2761=VECTOR('',#9341,10.);
#2762=VECTOR('',#9350,10.);
#2763=VECTOR('',#9351,10.);
#2764=VECTOR('',#9352,10.);
#2765=VECTOR('',#9353,10.);
#2766=VECTOR('',#9354,10.);
#2767=VECTOR('',#9355,10.);
#2768=VECTOR('',#9356,10.);
#2769=VECTOR('',#9357,10.);
#2770=VECTOR('',#9358,10.);
#2771=VECTOR('',#9359,10.);
#2772=VECTOR('',#9360,10.);
#2773=VECTOR('',#9361,10.);
#2774=VECTOR('',#9362,10.);
#2775=VECTOR('',#9363,10.);
#2776=VECTOR('',#9364,10.);
#2777=VECTOR('',#9365,10.);
#2778=VECTOR('',#9366,10.);
#2779=VECTOR('',#9367,10.);
#2780=VECTOR('',#9368,10.);
#2781=VECTOR('',#9369,10.);
#2782=VECTOR('',#9370,10.);
#2783=VECTOR('',#9371,10.);
#2784=VECTOR('',#9372,10.);
#2785=VECTOR('',#9373,10.);
#2786=VECTOR('',#9374,10.);
#2787=VECTOR('',#9375,10.);
#2788=VECTOR('',#9376,10.);
#2789=VECTOR('',#9377,10.);
#2790=VECTOR('',#9378,10.);
#2791=VECTOR('',#9379,10.);
#2792=VECTOR('',#9380,10.);
#2793=VECTOR('',#9381,10.);
#2794=VECTOR('',#9382,10.);
#2795=VECTOR('',#9383,10.);
#2796=VECTOR('',#9384,10.);
#2797=VECTOR('',#9385,10.);
#2798=VECTOR('',#9386,10.);
#2799=VECTOR('',#9387,10.);
#2800=VECTOR('',#9388,10.);
#2801=VECTOR('',#9389,10.);
#2802=VECTOR('',#9390,10.);
#2803=VECTOR('',#9391,10.);
#2804=VECTOR('',#9392,10.);
#2805=VECTOR('',#9393,10.);
#2806=VECTOR('',#9394,10.);
#2807=VECTOR('',#9395,10.);
#2808=VECTOR('',#9396,10.);
#2809=VECTOR('',#9397,10.);
#2810=VECTOR('',#9398,10.);
#2811=VECTOR('',#9399,10.);
#2812=VECTOR('',#9400,10.);
#2813=VECTOR('',#9401,10.);
#2814=VECTOR('',#9402,10.);
#2815=VECTOR('',#9403,10.);
#2816=VECTOR('',#9404,10.);
#2817=VECTOR('',#9405,10.);
#2818=VECTOR('',#9406,10.);
#2819=VECTOR('',#9407,10.);
#2820=VECTOR('',#9408,10.);
#2821=VECTOR('',#9409,10.);
#2822=VECTOR('',#9410,10.);
#2823=VECTOR('',#9411,10.);
#2824=VECTOR('',#9412,10.);
#2825=VECTOR('',#9413,10.);
#2826=VECTOR('',#9414,10.);
#2827=VECTOR('',#9415,10.);
#2828=VECTOR('',#9416,10.);
#2829=VECTOR('',#9417,10.);
#2830=VECTOR('',#9418,10.);
#2831=VECTOR('',#9419,10.);
#2832=VECTOR('',#9420,10.);
#2833=VECTOR('',#9421,10.);
#2834=VECTOR('',#9422,10.);
#2835=VECTOR('',#9423,10.);
#2836=VECTOR('',#9424,10.);
#2837=VECTOR('',#9425,10.);
#2838=VECTOR('',#9426,10.);
#2839=VECTOR('',#9427,10.);
#2840=VECTOR('',#9428,10.);
#2841=VECTOR('',#9429,10.);
#2842=VECTOR('',#9430,10.);
#2843=VECTOR('',#9431,10.);
#2844=VECTOR('',#9432,10.);
#2845=VECTOR('',#9433,10.);
#2846=VECTOR('',#9434,10.);
#2847=VECTOR('',#9435,10.);
#2848=VECTOR('',#9436,10.);
#2849=VECTOR('',#9437,10.);
#2850=VECTOR('',#9438,10.);
#2851=VECTOR('',#9439,10.);
#2852=VECTOR('',#9440,10.);
#2853=VECTOR('',#9441,10.);
#2854=VECTOR('',#9442,10.);
#2855=VECTOR('',#9443,10.);
#2856=VECTOR('',#9444,10.);
#2857=VECTOR('',#9445,10.);
#2858=VECTOR('',#9446,10.);
#2859=VECTOR('',#9447,10.);
#2860=VECTOR('',#9448,10.);
#2861=VECTOR('',#9449,10.);
#2862=VECTOR('',#9450,10.);
#2863=VECTOR('',#9451,10.);
#2864=VECTOR('',#9452,10.);
#2865=VECTOR('',#9453,10.);
#2866=VECTOR('',#9454,10.);
#2867=VECTOR('',#9455,10.);
#2868=VECTOR('',#9456,10.);
#2869=VECTOR('',#9457,10.);
#2870=VECTOR('',#9458,10.);
#2871=VECTOR('',#9459,10.);
#2872=VECTOR('',#9460,10.);
#2873=VECTOR('',#9461,10.);
#2874=VECTOR('',#9462,10.);
#2875=VECTOR('',#9463,10.);
#2876=VECTOR('',#9464,10.);
#2877=VECTOR('',#9465,10.);
#2878=VECTOR('',#9466,10.);
#2879=VECTOR('',#9467,10.);
#2880=VECTOR('',#9468,10.);
#2881=VECTOR('',#9469,10.);
#2882=VECTOR('',#9470,10.);
#2883=VECTOR('',#9471,10.);
#2884=VECTOR('',#9472,10.);
#2885=VECTOR('',#9473,10.);
#2886=VECTOR('',#9474,10.);
#2887=VECTOR('',#9475,10.);
#2888=VECTOR('',#9476,10.);
#2889=VECTOR('',#9477,10.);
#2890=VECTOR('',#9478,10.);
#2891=VECTOR('',#9479,10.);
#2892=VECTOR('',#9480,10.);
#2893=VECTOR('',#9481,10.);
#2894=VECTOR('',#9482,10.);
#2895=VECTOR('',#9483,10.);
#2896=VECTOR('',#9484,10.);
#2897=VECTOR('',#9485,10.);
#2898=VECTOR('',#9486,10.);
#2899=VECTOR('',#9487,10.);
#2900=VECTOR('',#9488,10.);
#2901=VECTOR('',#9489,10.);
#2902=VECTOR('',#9490,10.);
#2903=VECTOR('',#9491,10.);
#2904=VECTOR('',#9492,10.);
#2905=VECTOR('',#9493,10.);
#2906=VECTOR('',#9494,10.);
#2907=VECTOR('',#9495,10.);
#2908=VECTOR('',#9496,10.);
#2909=VECTOR('',#9497,10.);
#2910=VECTOR('',#9498,10.);
#2911=VECTOR('',#9499,10.);
#2912=VECTOR('',#9500,10.);
#2913=VECTOR('',#9501,10.);
#2914=VECTOR('',#9502,10.);
#2915=VECTOR('',#9503,10.);
#2916=VECTOR('',#9504,10.);
#2917=VECTOR('',#9505,10.);
#2918=VECTOR('',#9506,10.);
#2919=VECTOR('',#9507,10.);
#2920=VECTOR('',#9508,10.);
#2921=VECTOR('',#9509,10.);
#2922=VECTOR('',#9510,10.);
#2923=VECTOR('',#9511,10.);
#2924=VECTOR('',#9512,10.);
#2925=VECTOR('',#9513,10.);
#2926=VECTOR('',#9514,10.);
#2927=VECTOR('',#9515,10.);
#2928=VECTOR('',#9516,10.);
#2929=VECTOR('',#9517,10.);
#2930=VECTOR('',#9518,10.);
#2931=VECTOR('',#9519,10.);
#2932=VECTOR('',#9520,10.);
#2933=VECTOR('',#9521,10.);
#2934=VECTOR('',#9522,10.);
#2935=VECTOR('',#9523,10.);
#2936=VECTOR('',#9524,10.);
#2937=VECTOR('',#9525,10.);
#2938=VECTOR('',#9526,10.);
#2939=VECTOR('',#9527,10.);
#2940=VECTOR('',#9528,10.);
#2941=VECTOR('',#9529,10.);
#2942=VECTOR('',#9530,10.);
#2943=VECTOR('',#9531,10.);
#2944=VECTOR('',#9532,10.);
#2945=VECTOR('',#9533,10.);
#2946=VECTOR('',#9534,10.);
#2947=VECTOR('',#9535,10.);
#2948=VECTOR('',#9536,10.);
#2949=VECTOR('',#9537,10.);
#2950=VECTOR('',#9538,10.);
#2951=VECTOR('',#9539,10.);
#2952=VECTOR('',#9540,10.);
#2953=VECTOR('',#9541,10.);
#2954=VECTOR('',#9542,10.);
#2955=VECTOR('',#9543,10.);
#2956=VECTOR('',#9544,10.);
#2957=VECTOR('',#9545,10.);
#2958=VECTOR('',#9546,10.);
#2959=VECTOR('',#9547,10.);
#2960=VECTOR('',#9548,10.);
#2961=VECTOR('',#9549,10.);
#2962=VECTOR('',#9550,10.);
#2963=VECTOR('',#9551,10.);
#2964=VECTOR('',#9552,10.);
#2965=VECTOR('',#9553,10.);
#2966=VECTOR('',#9554,10.);
#2967=VECTOR('',#9555,10.);
#2968=VECTOR('',#9556,10.);
#2969=VECTOR('',#9557,10.);
#2970=VECTOR('',#9558,10.);
#2971=VECTOR('',#9559,10.);
#2972=VECTOR('',#9560,10.);
#2973=VECTOR('',#9561,10.);
#2974=VECTOR('',#9562,10.);
#2975=VECTOR('',#9563,10.);
#2976=VECTOR('',#9564,10.);
#2977=VECTOR('',#9565,10.);
#2978=VECTOR('',#9566,10.);
#2979=VECTOR('',#9567,10.);
#2980=VECTOR('',#9568,10.);
#2981=VECTOR('',#9569,10.);
#2982=VECTOR('',#9570,10.);
#2983=VECTOR('',#9571,10.);
#2984=VECTOR('',#9572,10.);
#2985=VECTOR('',#9573,10.);
#2986=VECTOR('',#9574,10.);
#2987=VECTOR('',#9575,10.);
#2988=VECTOR('',#9576,10.);
#2989=VECTOR('',#9577,10.);
#2990=VECTOR('',#9578,10.);
#2991=VECTOR('',#9579,10.);
#2992=VECTOR('',#9580,10.);
#2993=VECTOR('',#9581,10.);
#2994=VECTOR('',#9582,10.);
#2995=VECTOR('',#9583,10.);
#2996=VECTOR('',#9584,10.);
#2997=VECTOR('',#9585,10.);
#2998=VECTOR('',#9586,10.);
#2999=VECTOR('',#9587,10.);
#3000=VECTOR('',#9588,10.);
#3001=VECTOR('',#9589,10.);
#3002=VECTOR('',#9590,10.);
#3003=VECTOR('',#9591,10.);
#3004=VECTOR('',#9592,10.);
#3005=VECTOR('',#9593,10.);
#3006=VECTOR('',#9594,10.);
#3007=VECTOR('',#9595,10.);
#3008=VECTOR('',#9596,10.);
#3009=VECTOR('',#9597,10.);
#3010=VECTOR('',#9598,10.);
#3011=VECTOR('',#9599,10.);
#3012=VECTOR('',#9600,10.);
#3013=VECTOR('',#9601,10.);
#3014=VECTOR('',#9602,10.);
#3015=VECTOR('',#9603,10.);
#3016=VECTOR('',#9604,10.);
#3017=VECTOR('',#9605,10.);
#3018=VECTOR('',#9606,10.);
#3019=VECTOR('',#9607,10.);
#3020=VECTOR('',#9608,10.);
#3021=VECTOR('',#9609,10.);
#3022=VECTOR('',#9610,10.);
#3023=VECTOR('',#9611,10.);
#3024=VECTOR('',#9612,10.);
#3025=VECTOR('',#9613,10.);
#3026=VECTOR('',#9614,10.);
#3027=VECTOR('',#9615,10.);
#3028=VECTOR('',#9616,10.);
#3029=VECTOR('',#9617,10.);
#3030=VECTOR('',#9618,10.);
#3031=VECTOR('',#9619,10.);
#3032=VECTOR('',#9620,10.);
#3033=VECTOR('',#9621,10.);
#3034=VECTOR('',#9622,10.);
#3035=VECTOR('',#9623,10.);
#3036=VECTOR('',#9624,10.);
#3037=VECTOR('',#9625,10.);
#3038=VECTOR('',#9626,10.);
#3039=VECTOR('',#9627,10.);
#3040=VECTOR('',#9628,10.);
#3041=VECTOR('',#9629,10.);
#3042=VECTOR('',#9630,10.);
#3043=VECTOR('',#9631,10.);
#3044=VECTOR('',#9632,10.);
#3045=VECTOR('',#9633,10.);
#3046=VECTOR('',#9634,10.);
#3047=VECTOR('',#9635,10.);
#3048=VECTOR('',#9636,10.);
#3049=VECTOR('',#9637,10.);
#3050=VECTOR('',#9638,10.);
#3051=VECTOR('',#9639,10.);
#3052=VECTOR('',#9640,10.);
#3053=VECTOR('',#9641,10.);
#3054=VECTOR('',#9642,10.);
#3055=VECTOR('',#9643,10.);
#3056=VECTOR('',#9644,10.);
#3057=VECTOR('',#9645,10.);
#3058=VECTOR('',#9646,10.);
#3059=VECTOR('',#9647,10.);
#3060=VECTOR('',#9648,10.);
#3061=VECTOR('',#9649,10.);
#3062=VECTOR('',#9650,10.);
#3063=VECTOR('',#9651,10.);
#3064=VECTOR('',#9652,10.);
#3065=VECTOR('',#9653,10.);
#3066=VECTOR('',#9656,10.);
#3067=VECTOR('',#9659,10.);
#3068=VECTOR('',#9660,10.);
#3069=VECTOR('',#9661,10.);
#3070=VECTOR('',#9662,10.);
#3071=VECTOR('',#9663,10.);
#3072=VECTOR('',#9664,10.);
#3073=VECTOR('',#9665,10.);
#3074=VECTOR('',#9666,10.);
#3075=VECTOR('',#9667,10.);
#3076=VECTOR('',#9668,10.);
#3077=VECTOR('',#9669,10.);
#3078=VECTOR('',#9670,10.);
#3079=VECTOR('',#9671,10.);
#3080=VECTOR('',#9672,10.);
#3081=VECTOR('',#9673,10.);
#3082=VECTOR('',#9674,10.);
#3083=VECTOR('',#9675,10.);
#3084=VECTOR('',#9676,10.);
#3085=VECTOR('',#9677,10.);
#3086=VECTOR('',#9678,10.);
#3087=VECTOR('',#9679,10.);
#3088=VECTOR('',#9680,10.);
#3089=VECTOR('',#9681,10.);
#3090=VECTOR('',#9682,10.);
#3091=VECTOR('',#9683,10.);
#3092=VECTOR('',#9684,10.);
#3093=VECTOR('',#9685,10.);
#3094=VECTOR('',#9686,10.);
#3095=VECTOR('',#9687,10.);
#3096=VECTOR('',#9688,10.);
#3097=VECTOR('',#9689,10.);
#3098=VECTOR('',#9690,10.);
#3099=VECTOR('',#9691,10.);
#3100=VECTOR('',#9692,10.);
#3101=VECTOR('',#9693,10.);
#3102=VECTOR('',#9694,10.);
#3103=VECTOR('',#9695,10.);
#3104=VECTOR('',#9696,10.);
#3105=VECTOR('',#9697,10.);
#3106=VECTOR('',#9698,10.);
#3107=VECTOR('',#9699,10.);
#3108=VECTOR('',#9700,10.);
#3109=VECTOR('',#9701,10.);
#3110=VECTOR('',#9702,10.);
#3111=VECTOR('',#9703,10.);
#3112=VECTOR('',#9704,10.);
#3113=VECTOR('',#9705,10.);
#3114=VECTOR('',#9706,10.);
#3115=VECTOR('',#9707,10.);
#3116=VECTOR('',#9708,10.);
#3117=VECTOR('',#9709,10.);
#3118=VECTOR('',#9710,10.);
#3119=VECTOR('',#9711,10.);
#3120=VECTOR('',#9722,10.);
#3121=VECTOR('',#9725,10.);
#3122=VECTOR('',#9726,10.);
#3123=VECTOR('',#9727,10.);
#3124=VECTOR('',#9732,10.);
#3125=VECTOR('',#9733,10.);
#3126=VECTOR('',#9736,10.);
#3127=VECTOR('',#9739,10.);
#3128=VECTOR('',#9744,10.);
#3129=VECTOR('',#9745,10.);
#3130=VECTOR('',#9750,10.);
#3131=VECTOR('',#9757,10.);
#3132=VECTOR('',#9760,10.);
#3133=VECTOR('',#9763,10.);
#3134=VECTOR('',#9766,10.);
#3135=VECTOR('',#9767,10.);
#3136=VECTOR('',#9770,10.);
#3137=VECTOR('',#9773,10.);
#3138=VECTOR('',#9776,10.);
#3139=VECTOR('',#9779,10.);
#3140=VECTOR('',#9780,10.);
#3141=VECTOR('',#9781,10.);
#3142=VECTOR('',#9784,10.);
#3143=VECTOR('',#9787,10.);
#3144=VECTOR('',#9788,10.);
#3145=VECTOR('',#9799,10.);
#3146=VECTOR('',#9800,10.);
#3147=VECTOR('',#9801,10.);
#3148=VECTOR('',#9802,10.);
#3149=VECTOR('',#9803,10.);
#3150=VECTOR('',#9804,10.);
#3151=VECTOR('',#9805,10.);
#3152=VECTOR('',#9806,10.);
#3153=VECTOR('',#9807,10.);
#3154=VECTOR('',#9808,10.);
#3155=VECTOR('',#9809,10.);
#3156=VECTOR('',#9810,10.);
#3157=VECTOR('',#9811,10.);
#3158=VECTOR('',#9812,10.);
#3159=VECTOR('',#9813,10.);
#3160=VECTOR('',#9814,10.);
#3161=VECTOR('',#9815,10.);
#3162=VECTOR('',#9816,10.);
#3163=VECTOR('',#9817,10.);
#3164=VECTOR('',#9818,10.);
#3165=VECTOR('',#9819,10.);
#3166=VECTOR('',#9820,10.);
#3167=VECTOR('',#9821,10.);
#3168=VECTOR('',#9822,10.);
#3169=VECTOR('',#9823,10.);
#3170=VECTOR('',#9824,10.);
#3171=VECTOR('',#9825,10.);
#3172=VECTOR('',#9826,10.);
#3173=VECTOR('',#9827,10.);
#3174=VECTOR('',#9828,10.);
#3175=VECTOR('',#9829,10.);
#3176=VECTOR('',#9830,10.);
#3177=VECTOR('',#9831,10.);
#3178=VECTOR('',#9832,10.);
#3179=VECTOR('',#9833,10.);
#3180=VECTOR('',#9834,10.);
#3181=VECTOR('',#9835,10.);
#3182=VECTOR('',#9836,10.);
#3183=VECTOR('',#9837,10.);
#3184=VECTOR('',#9838,10.);
#3185=VECTOR('',#9839,10.);
#3186=VECTOR('',#9840,10.);
#3187=VECTOR('',#9841,10.);
#3188=VECTOR('',#9842,10.);
#3189=VECTOR('',#9843,10.);
#3190=VECTOR('',#9844,10.);
#3191=VECTOR('',#9845,10.);
#3192=VECTOR('',#9846,10.);
#3193=VECTOR('',#9847,10.);
#3194=VECTOR('',#9848,10.);
#3195=VECTOR('',#9849,10.);
#3196=VECTOR('',#9850,10.);
#3197=VECTOR('',#9851,10.);
#3198=VECTOR('',#9852,10.);
#3199=VECTOR('',#9853,10.);
#3200=VECTOR('',#9854,10.);
#3201=VECTOR('',#9855,10.);
#3202=VECTOR('',#9856,10.);
#3203=VECTOR('',#9857,10.);
#3204=VECTOR('',#9858,10.);
#3205=VECTOR('',#9859,10.);
#3206=VECTOR('',#9860,10.);
#3207=VECTOR('',#9861,10.);
#3208=VECTOR('',#9862,10.);
#3209=VECTOR('',#9863,10.);
#3210=VECTOR('',#9864,10.);
#3211=VECTOR('',#9865,10.);
#3212=VECTOR('',#9866,10.);
#3213=VECTOR('',#9867,10.);
#3214=VECTOR('',#9868,10.);
#3215=VECTOR('',#9869,10.);
#3216=VECTOR('',#9870,10.);
#3217=VECTOR('',#9871,10.);
#3218=VECTOR('',#9872,10.);
#3219=VECTOR('',#9873,10.);
#3220=VECTOR('',#9874,10.);
#3221=VECTOR('',#9875,10.);
#3222=VECTOR('',#9876,10.);
#3223=VECTOR('',#9877,10.);
#3224=VECTOR('',#9878,10.);
#3225=VECTOR('',#9879,10.);
#3226=VECTOR('',#9880,10.);
#3227=VECTOR('',#9881,10.);
#3228=VECTOR('',#9882,10.);
#3229=VECTOR('',#9883,10.);
#3230=VECTOR('',#9884,10.);
#3231=VECTOR('',#9885,10.);
#3232=VECTOR('',#9886,10.);
#3233=VECTOR('',#9887,10.);
#3234=VECTOR('',#9888,10.);
#3235=VECTOR('',#9889,10.);
#3236=VECTOR('',#9890,10.);
#3237=VECTOR('',#9891,10.);
#3238=VECTOR('',#9892,10.);
#3239=VECTOR('',#9893,10.);
#3240=VECTOR('',#9894,10.);
#3241=VECTOR('',#9895,10.);
#3242=VECTOR('',#9896,10.);
#3243=VECTOR('',#9897,10.);
#3244=VECTOR('',#9898,10.);
#3245=VECTOR('',#9899,10.);
#3246=VECTOR('',#9900,10.);
#3247=VECTOR('',#9901,10.);
#3248=VECTOR('',#9902,10.);
#3249=VECTOR('',#9903,10.);
#3250=VECTOR('',#9904,10.);
#3251=VECTOR('',#9905,10.);
#3252=VECTOR('',#9906,10.);
#3253=VECTOR('',#9907,10.);
#3254=VECTOR('',#9908,10.);
#3255=VECTOR('',#9909,10.);
#3256=VECTOR('',#9910,10.);
#3257=VECTOR('',#9911,10.);
#3258=VECTOR('',#9912,10.);
#3259=VECTOR('',#9913,10.);
#3260=VECTOR('',#9914,10.);
#3261=VECTOR('',#9915,10.);
#3262=VECTOR('',#9916,10.);
#3263=VECTOR('',#9917,10.);
#3264=VECTOR('',#9918,10.);
#3265=VECTOR('',#9919,10.);
#3266=VECTOR('',#9920,10.);
#3267=VECTOR('',#9921,10.);
#3268=VECTOR('',#9922,10.);
#3269=VECTOR('',#9923,10.);
#3270=VECTOR('',#9924,10.);
#3271=VECTOR('',#9925,10.);
#3272=VECTOR('',#9926,10.);
#3273=VECTOR('',#9927,10.);
#3274=VECTOR('',#9928,10.);
#3275=VECTOR('',#9929,10.);
#3276=VECTOR('',#9930,10.);
#3277=VECTOR('',#9931,10.);
#3278=VECTOR('',#9932,10.);
#3279=VECTOR('',#9933,10.);
#3280=VECTOR('',#9934,10.);
#3281=VECTOR('',#9935,10.);
#3282=VECTOR('',#9936,10.);
#3283=VECTOR('',#9937,10.);
#3284=VECTOR('',#9938,10.);
#3285=VECTOR('',#9939,10.);
#3286=VECTOR('',#9940,10.);
#3287=VECTOR('',#9941,10.);
#3288=VECTOR('',#9942,10.);
#3289=VECTOR('',#9943,10.);
#3290=VECTOR('',#9944,10.);
#3291=VECTOR('',#9945,10.);
#3292=VECTOR('',#9946,10.);
#3293=VECTOR('',#9947,10.);
#3294=VECTOR('',#9948,10.);
#3295=VECTOR('',#9949,10.);
#3296=VECTOR('',#9950,10.);
#3297=VECTOR('',#9951,10.);
#3298=VECTOR('',#9952,10.);
#3299=VECTOR('',#9953,10.);
#3300=VECTOR('',#9954,10.);
#3301=VECTOR('',#9955,10.);
#3302=VECTOR('',#9956,10.);
#3303=VECTOR('',#9957,10.);
#3304=VECTOR('',#9958,10.);
#3305=VECTOR('',#9959,10.);
#3306=VECTOR('',#9960,10.);
#3307=VECTOR('',#9961,10.);
#3308=VECTOR('',#9962,10.);
#3309=VECTOR('',#9963,10.);
#3310=VECTOR('',#9964,10.);
#3311=VECTOR('',#9965,10.);
#3312=VECTOR('',#9966,10.);
#3313=VECTOR('',#9967,10.);
#3314=VECTOR('',#9968,10.);
#3315=VECTOR('',#9969,10.);
#3316=VECTOR('',#9970,10.);
#3317=VECTOR('',#9971,10.);
#3318=VECTOR('',#9972,10.);
#3319=VECTOR('',#9973,10.);
#3320=VECTOR('',#9974,10.);
#3321=VECTOR('',#9975,10.);
#3322=VECTOR('',#9976,10.);
#3323=VECTOR('',#9977,10.);
#3324=VECTOR('',#9978,10.);
#3325=VECTOR('',#9979,10.);
#3326=VECTOR('',#9980,10.);
#3327=VECTOR('',#9981,10.);
#3328=VECTOR('',#9982,10.);
#3329=VECTOR('',#9983,10.);
#3330=VECTOR('',#9984,10.);
#3331=VECTOR('',#9985,10.);
#3332=VECTOR('',#9986,10.);
#3333=VECTOR('',#9987,10.);
#3334=VECTOR('',#9988,10.);
#3335=VECTOR('',#9989,10.);
#3336=VECTOR('',#9990,10.);
#3337=VECTOR('',#9991,10.);
#3338=VECTOR('',#9992,10.);
#3339=VECTOR('',#9993,10.);
#3340=VECTOR('',#9994,10.);
#3341=VECTOR('',#9995,10.);
#3342=VECTOR('',#9996,10.);
#3343=VECTOR('',#9997,10.);
#3344=VECTOR('',#9998,10.);
#3345=VECTOR('',#9999,10.);
#3346=VECTOR('',#10000,10.);
#3347=VECTOR('',#10001,10.);
#3348=VECTOR('',#10002,10.);
#3349=VECTOR('',#10003,10.);
#3350=VECTOR('',#10004,10.);
#3351=VECTOR('',#10005,10.);
#3352=VECTOR('',#10006,10.);
#3353=VECTOR('',#10007,10.);
#3354=VECTOR('',#10008,10.);
#3355=VECTOR('',#10009,10.);
#3356=VECTOR('',#10010,10.);
#3357=VECTOR('',#10011,10.);
#3358=VECTOR('',#10012,10.);
#3359=VECTOR('',#10013,10.);
#3360=VECTOR('',#10014,10.);
#3361=VECTOR('',#10015,10.);
#3362=VECTOR('',#10016,10.);
#3363=VECTOR('',#10017,10.);
#3364=VECTOR('',#10018,10.);
#3365=VECTOR('',#10019,10.);
#3366=VECTOR('',#10020,10.);
#3367=VECTOR('',#10021,10.);
#3368=VECTOR('',#10022,10.);
#3369=VECTOR('',#10023,10.);
#3370=VECTOR('',#10024,10.);
#3371=VECTOR('',#10025,10.);
#3372=VECTOR('',#10026,10.);
#3373=VECTOR('',#10027,10.);
#3374=VECTOR('',#10028,10.);
#3375=VECTOR('',#10029,10.);
#3376=VECTOR('',#10030,10.);
#3377=VECTOR('',#10031,10.);
#3378=VECTOR('',#10032,10.);
#3379=VECTOR('',#10033,10.);
#3380=VECTOR('',#10034,10.);
#3381=VECTOR('',#10035,10.);
#3382=VECTOR('',#10036,10.);
#3383=VECTOR('',#10037,10.);
#3384=VECTOR('',#10038,10.);
#3385=VECTOR('',#10039,10.);
#3386=VECTOR('',#10040,10.);
#3387=VECTOR('',#10041,10.);
#3388=VECTOR('',#10042,10.);
#3389=VECTOR('',#10043,10.);
#3390=VECTOR('',#10044,10.);
#3391=VECTOR('',#10045,10.);
#3392=VECTOR('',#10046,10.);
#3393=VECTOR('',#10047,10.);
#3394=VECTOR('',#10048,10.);
#3395=VECTOR('',#10049,10.);
#3396=VECTOR('',#10050,10.);
#3397=VECTOR('',#10051,10.);
#3398=VECTOR('',#10052,10.);
#3399=VECTOR('',#10053,10.);
#3400=VECTOR('',#10054,10.);
#3401=VECTOR('',#10055,10.);
#3402=VECTOR('',#10056,10.);
#3403=VECTOR('',#10057,10.);
#3404=VECTOR('',#10058,10.);
#3405=VECTOR('',#10059,10.);
#3406=VECTOR('',#10060,10.);
#3407=VECTOR('',#10061,10.);
#3408=VECTOR('',#10062,10.);
#3409=VECTOR('',#10063,10.);
#3410=VECTOR('',#10064,10.);
#3411=VECTOR('',#10065,10.);
#3412=VECTOR('',#10066,10.);
#3413=VECTOR('',#10067,10.);
#3414=VECTOR('',#10068,10.);
#3415=VECTOR('',#10069,10.);
#3416=VECTOR('',#10070,10.);
#3417=VECTOR('',#10071,10.);
#3418=VECTOR('',#10072,10.);
#3419=VECTOR('',#10073,10.);
#3420=VECTOR('',#10074,10.);
#3421=VECTOR('',#10075,10.);
#3422=VECTOR('',#10076,10.);
#3423=VECTOR('',#10077,10.);
#3424=VECTOR('',#10078,10.);
#3425=VECTOR('',#10079,10.);
#3426=VECTOR('',#10080,10.);
#3427=VECTOR('',#10081,10.);
#3428=VECTOR('',#10082,10.);
#3429=VECTOR('',#10083,10.);
#3430=VECTOR('',#10084,10.);
#3431=VECTOR('',#10085,10.);
#3432=VECTOR('',#10086,10.);
#3433=VECTOR('',#10087,10.);
#3434=VECTOR('',#10088,10.);
#3435=VECTOR('',#10089,10.);
#3436=VECTOR('',#10090,10.);
#3437=VECTOR('',#10091,10.);
#3438=VECTOR('',#10092,10.);
#3439=VECTOR('',#10093,10.);
#3440=VECTOR('',#10094,10.);
#3441=VECTOR('',#10095,10.);
#3442=VECTOR('',#10096,10.);
#3443=VECTOR('',#10097,10.);
#3444=VECTOR('',#10098,10.);
#3445=VECTOR('',#10099,10.);
#3446=VECTOR('',#10100,10.);
#3447=VECTOR('',#10101,10.);
#3448=VECTOR('',#10102,10.);
#3449=VECTOR('',#10105,10.);
#3450=VECTOR('',#10108,10.);
#3451=VECTOR('',#10109,10.);
#3452=VECTOR('',#10110,10.);
#3453=VECTOR('',#10111,10.);
#3454=VECTOR('',#10112,10.);
#3455=VECTOR('',#10113,10.);
#3456=VECTOR('',#10114,10.);
#3457=VECTOR('',#10115,10.);
#3458=VECTOR('',#10116,10.);
#3459=VECTOR('',#10117,10.);
#3460=VECTOR('',#10118,10.);
#3461=VECTOR('',#10119,10.);
#3462=VECTOR('',#10120,10.);
#3463=VECTOR('',#10121,10.);
#3464=VECTOR('',#10122,10.);
#3465=VECTOR('',#10123,10.);
#3466=VECTOR('',#10124,10.);
#3467=VECTOR('',#10125,10.);
#3468=VECTOR('',#10126,10.);
#3469=VECTOR('',#10127,10.);
#3470=VECTOR('',#10128,10.);
#3471=VECTOR('',#10129,10.);
#3472=VECTOR('',#10130,10.);
#3473=VECTOR('',#10131,10.);
#3474=VECTOR('',#10132,10.);
#3475=VECTOR('',#10133,10.);
#3476=VECTOR('',#10134,10.);
#3477=VECTOR('',#10135,10.);
#3478=VECTOR('',#10136,10.);
#3479=VECTOR('',#10137,10.);
#3480=VECTOR('',#10138,10.);
#3481=VECTOR('',#10139,10.);
#3482=VECTOR('',#10140,10.);
#3483=VECTOR('',#10141,10.);
#3484=VECTOR('',#10142,10.);
#3485=VECTOR('',#10143,10.);
#3486=VECTOR('',#10144,10.);
#3487=VECTOR('',#10145,10.);
#3488=VECTOR('',#10146,10.);
#3489=VECTOR('',#10147,10.);
#3490=VECTOR('',#10148,10.);
#3491=VECTOR('',#10149,10.);
#3492=VECTOR('',#10150,10.);
#3493=VECTOR('',#10151,10.);
#3494=VECTOR('',#10152,10.);
#3495=VECTOR('',#10153,10.);
#3496=VECTOR('',#10154,10.);
#3497=VECTOR('',#10155,10.);
#3498=VECTOR('',#10156,10.);
#3499=VECTOR('',#10157,10.);
#3500=VECTOR('',#10158,10.);
#3501=VECTOR('',#10159,10.);
#3502=VECTOR('',#10160,10.);
#3503=VECTOR('',#10161,10.);
#3504=VECTOR('',#10164,10.);
#3505=VECTOR('',#10167,10.);
#3506=VECTOR('',#10184,10.);
#3507=VECTOR('',#10187,1.58746200000003);
#3508=VECTOR('',#10190,1.587462);
#3509=VECTOR('',#10193,1.587462);
#3510=VECTOR('',#10196,1.58746200000003);
#3511=VECTOR('',#10199,1.6);
#3512=VECTOR('',#10202,1.59999999999997);
#3513=VECTOR('',#10205,1.59999999999999);
#3514=VECTOR('',#10208,1.59999999999997);
#3515=VECTOR('',#10211,10.);
#3516=VECTOR('',#10214,10.);
#3517=VECTOR('',#10217,10.);
#3518=VECTOR('',#10222,10.);
#3519=VECTOR('',#10225,10.);
#3520=VECTOR('',#10228,10.);
#3521=VECTOR('',#10231,10.);
#3522=VECTOR('',#10234,10.);
#3523=VECTOR('',#10237,10.);
#3524=VECTOR('',#10240,10.);
#3525=VECTOR('',#10245,10.);
#3526=VECTOR('',#10246,10.);
#3527=VECTOR('',#10249,10.);
#3528=VECTOR('',#10252,10.);
#3529=VECTOR('',#10257,10.);
#3530=VECTOR('',#10258,10.);
#3531=VECTOR('',#10261,10.);
#3532=VECTOR('',#10264,10.);
#3533=VECTOR('',#10269,10.);
#3534=VECTOR('',#10270,10.);
#3535=VECTOR('',#10273,10.);
#3536=VECTOR('',#10276,10.);
#3537=VECTOR('',#10281,10.);
#3538=VECTOR('',#10282,10.);
#3539=VECTOR('',#10285,10.);
#3540=VECTOR('',#10288,10.);
#3541=VECTOR('',#10293,10.);
#3542=VECTOR('',#10294,10.);
#3543=VECTOR('',#10297,10.);
#3544=VECTOR('',#10300,10.);
#3545=VECTOR('',#10305,10.);
#3546=VECTOR('',#10306,10.);
#3547=VECTOR('',#10309,10.);
#3548=VECTOR('',#10312,10.);
#3549=VECTOR('',#10315,10.);
#3550=VECTOR('',#10318,10.);
#3551=VECTOR('',#10321,10.);
#3552=VECTOR('',#10324,10.);
#3553=VECTOR('',#10327,10.);
#3554=VECTOR('',#10330,10.);
#3555=VECTOR('',#10333,10.);
#3556=VECTOR('',#10336,10.);
#3557=VECTOR('',#10339,10.);
#3558=VECTOR('',#10342,10.);
#3559=VECTOR('',#10345,10.);
#3560=VECTOR('',#10348,10.);
#3561=VECTOR('',#10351,10.);
#3562=VECTOR('',#10354,10.);
#3563=VECTOR('',#10357,10.);
#3564=VECTOR('',#10360,10.);
#3565=VECTOR('',#10363,10.);
#3566=VECTOR('',#10366,10.);
#3567=VECTOR('',#10369,10.);
#3568=VECTOR('',#10372,10.);
#3569=VECTOR('',#10375,10.);
#3570=VECTOR('',#10378,10.);
#3571=VECTOR('',#10381,10.);
#3572=VECTOR('',#10384,10.);
#3573=VECTOR('',#10387,10.);
#3574=VECTOR('',#10390,10.);
#3575=VECTOR('',#10393,10.);
#3576=VECTOR('',#10396,10.);
#3577=VECTOR('',#10399,10.);
#3578=VECTOR('',#10402,10.);
#3579=VECTOR('',#10405,10.);
#3580=VECTOR('',#10408,10.);
#3581=VECTOR('',#10413,10.);
#3582=VECTOR('',#10414,10.);
#3583=VECTOR('',#10417,10.);
#3584=VECTOR('',#10420,10.);
#3585=VECTOR('',#10425,10.);
#3586=VECTOR('',#10426,10.);
#3587=VECTOR('',#10429,10.);
#3588=VECTOR('',#10432,10.);
#3589=VECTOR('',#10437,10.);
#3590=VECTOR('',#10438,10.);
#3591=VECTOR('',#10441,10.);
#3592=VECTOR('',#10444,10.);
#3593=VECTOR('',#10449,10.);
#3594=VECTOR('',#10450,10.);
#3595=VECTOR('',#10453,10.);
#3596=VECTOR('',#10456,10.);
#3597=VECTOR('',#10461,10.);
#3598=VECTOR('',#10462,10.);
#3599=VECTOR('',#10465,10.);
#3600=VECTOR('',#10468,10.);
#3601=VECTOR('',#10473,10.);
#3602=VECTOR('',#10474,10.);
#3603=VECTOR('',#10477,10.);
#3604=VECTOR('',#10480,10.);
#3605=VECTOR('',#10485,10.);
#3606=VECTOR('',#10486,10.);
#3607=VECTOR('',#10489,10.);
#3608=VECTOR('',#10492,10.);
#3609=VECTOR('',#10497,10.);
#3610=VECTOR('',#10498,10.);
#3611=VECTOR('',#10501,10.);
#3612=VECTOR('',#10504,10.);
#3613=VECTOR('',#10509,10.);
#3614=VECTOR('',#10510,10.);
#3615=VECTOR('',#10513,10.);
#3616=VECTOR('',#10516,10.);
#3617=VECTOR('',#10519,10.);
#3618=VECTOR('',#10522,10.);
#3619=VECTOR('',#10525,10.);
#3620=VECTOR('',#10528,10.);
#3621=VECTOR('',#10531,10.);
#3622=VECTOR('',#10534,10.);
#3623=VECTOR('',#10537,10.);
#3624=VECTOR('',#10540,10.);
#3625=VECTOR('',#10543,10.);
#3626=VECTOR('',#10546,10.);
#3627=VECTOR('',#10549,10.);
#3628=VECTOR('',#10552,10.);
#3629=VECTOR('',#10555,10.);
#3630=VECTOR('',#10558,10.);
#3631=VECTOR('',#10561,10.);
#3632=VECTOR('',#10564,10.);
#3633=VECTOR('',#10567,10.);
#3634=VECTOR('',#10570,10.);
#3635=VECTOR('',#10573,10.);
#3636=VECTOR('',#10576,10.);
#3637=VECTOR('',#10579,10.);
#3638=VECTOR('',#10582,10.);
#3639=VECTOR('',#10585,10.);
#3640=VECTOR('',#10588,10.);
#3641=VECTOR('',#10591,10.);
#3642=VECTOR('',#10594,10.);
#3643=VECTOR('',#10597,10.);
#3644=VECTOR('',#10600,10.);
#3645=VECTOR('',#10603,10.);
#3646=VECTOR('',#10606,10.);
#3647=VECTOR('',#10609,10.);
#3648=VECTOR('',#10612,10.);
#3649=VECTOR('',#10617,10.);
#3650=VECTOR('',#10618,10.);
#3651=VECTOR('',#10621,10.);
#3652=VECTOR('',#10624,10.);
#3653=VECTOR('',#10629,10.);
#3654=VECTOR('',#10630,10.);
#3655=VECTOR('',#10633,10.);
#3656=VECTOR('',#10636,10.);
#3657=VECTOR('',#10641,10.);
#3658=VECTOR('',#10642,10.);
#3659=VECTOR('',#10645,10.);
#3660=VECTOR('',#10648,10.);
#3661=VECTOR('',#10653,10.);
#3662=VECTOR('',#10654,10.);
#3663=VECTOR('',#10657,10.);
#3664=VECTOR('',#10660,10.);
#3665=VECTOR('',#10665,10.);
#3666=VECTOR('',#10666,10.);
#3667=VECTOR('',#10669,10.);
#3668=VECTOR('',#10672,10.);
#3669=VECTOR('',#10677,10.);
#3670=VECTOR('',#10678,10.);
#3671=VECTOR('',#10681,10.);
#3672=VECTOR('',#10684,10.);
#3673=VECTOR('',#10689,10.);
#3674=VECTOR('',#10690,10.);
#3675=VECTOR('',#10693,10.);
#3676=VECTOR('',#10696,10.);
#3677=VECTOR('',#10701,10.);
#3678=VECTOR('',#10702,10.);
#3679=VECTOR('',#10705,10.);
#3680=VECTOR('',#10708,10.);
#3681=VECTOR('',#10713,10.);
#3682=VECTOR('',#10714,10.);
#3683=VECTOR('',#10717,10.);
#3684=VECTOR('',#10720,10.);
#3685=VECTOR('',#10725,10.);
#3686=VECTOR('',#10726,10.);
#3687=VECTOR('',#10729,10.);
#3688=VECTOR('',#10732,10.);
#3689=VECTOR('',#10737,10.);
#3690=VECTOR('',#10738,10.);
#3691=VECTOR('',#10741,10.);
#3692=VECTOR('',#10744,10.);
#3693=VECTOR('',#10749,10.);
#3694=VECTOR('',#10750,10.);
#3695=VECTOR('',#10753,10.);
#3696=VECTOR('',#10756,10.);
#3697=VECTOR('',#10761,10.);
#3698=VECTOR('',#10762,10.);
#3699=VECTOR('',#10765,10.);
#3700=VECTOR('',#10768,10.);
#3701=VECTOR('',#10773,10.);
#3702=VECTOR('',#10774,10.);
#3703=VECTOR('',#10777,10.);
#3704=VECTOR('',#10780,10.);
#3705=VECTOR('',#10785,10.);
#3706=VECTOR('',#10786,10.);
#3707=VECTOR('',#10789,10.);
#3708=VECTOR('',#10792,10.);
#3709=VECTOR('',#10797,10.);
#3710=VECTOR('',#10798,10.);
#3711=VECTOR('',#10801,10.);
#3712=VECTOR('',#10804,10.);
#3713=VECTOR('',#10809,10.);
#3714=VECTOR('',#10810,10.);
#3715=VECTOR('',#10813,10.);
#3716=VECTOR('',#10816,10.);
#3717=VECTOR('',#10819,10.);
#3718=VECTOR('',#10822,10.);
#3719=VECTOR('',#10825,10.);
#3720=VECTOR('',#10828,10.);
#3721=VECTOR('',#10831,10.);
#3722=VECTOR('',#10834,10.);
#3723=VECTOR('',#10837,10.);
#3724=VECTOR('',#10840,10.);
#3725=VECTOR('',#10843,10.);
#3726=VECTOR('',#10846,10.);
#3727=VECTOR('',#10849,10.);
#3728=VECTOR('',#10852,10.);
#3729=VECTOR('',#10855,10.);
#3730=VECTOR('',#10858,10.);
#3731=VECTOR('',#10861,10.);
#3732=VECTOR('',#10864,10.);
#3733=VECTOR('',#10867,10.);
#3734=VECTOR('',#10870,10.);
#3735=VECTOR('',#10873,10.);
#3736=VECTOR('',#10876,10.);
#3737=VECTOR('',#10879,10.);
#3738=VECTOR('',#10882,10.);
#3739=VECTOR('',#10885,10.);
#3740=VECTOR('',#10888,10.);
#3741=VECTOR('',#10891,10.);
#3742=VECTOR('',#10894,10.);
#3743=VECTOR('',#10897,10.);
#3744=VECTOR('',#10900,10.);
#3745=VECTOR('',#10903,10.);
#3746=VECTOR('',#10906,10.);
#3747=VECTOR('',#10909,10.);
#3748=VECTOR('',#10912,10.);
#3749=VECTOR('',#10917,10.);
#3750=VECTOR('',#10918,10.);
#3751=VECTOR('',#10921,10.);
#3752=VECTOR('',#10924,10.);
#3753=VECTOR('',#10929,10.);
#3754=VECTOR('',#10930,10.);
#3755=VECTOR('',#10933,10.);
#3756=VECTOR('',#10936,10.);
#3757=VECTOR('',#10941,10.);
#3758=VECTOR('',#10942,10.);
#3759=VECTOR('',#10945,10.);
#3760=VECTOR('',#10948,10.);
#3761=VECTOR('',#10953,10.);
#3762=VECTOR('',#10954,10.);
#3763=VECTOR('',#10957,10.);
#3764=VECTOR('',#10960,10.);
#3765=VECTOR('',#10965,10.);
#3766=VECTOR('',#10966,10.);
#3767=VECTOR('',#10969,10.);
#3768=VECTOR('',#10972,10.);
#3769=VECTOR('',#10977,10.);
#3770=VECTOR('',#10978,10.);
#3771=VECTOR('',#10981,10.);
#3772=VECTOR('',#10984,10.);
#3773=VECTOR('',#10989,10.);
#3774=VECTOR('',#10990,10.);
#3775=VECTOR('',#10993,10.);
#3776=VECTOR('',#10996,10.);
#3777=VECTOR('',#11001,10.);
#3778=VECTOR('',#11002,10.);
#3779=VECTOR('',#11005,10.);
#3780=VECTOR('',#11008,10.);
#3781=VECTOR('',#11013,10.);
#3782=VECTOR('',#11014,10.);
#3783=VECTOR('',#11017,10.);
#3784=VECTOR('',#11020,10.);
#3785=VECTOR('',#11025,10.);
#3786=VECTOR('',#11026,10.);
#3787=VECTOR('',#11029,10.);
#3788=VECTOR('',#11032,10.);
#3789=VECTOR('',#11037,10.);
#3790=VECTOR('',#11038,10.);
#3791=VECTOR('',#11041,10.);
#3792=VECTOR('',#11044,10.);
#3793=VECTOR('',#11049,10.);
#3794=VECTOR('',#11050,10.);
#3795=VECTOR('',#11053,10.);
#3796=VECTOR('',#11056,10.);
#3797=VECTOR('',#11061,10.);
#3798=VECTOR('',#11062,10.);
#3799=VECTOR('',#11065,10.);
#3800=VECTOR('',#11068,10.);
#3801=VECTOR('',#11073,10.);
#3802=VECTOR('',#11074,10.);
#3803=VECTOR('',#11077,10.);
#3804=VECTOR('',#11080,10.);
#3805=VECTOR('',#11085,10.);
#3806=VECTOR('',#11086,10.);
#3807=VECTOR('',#11089,10.);
#3808=VECTOR('',#11092,10.);
#3809=VECTOR('',#11097,10.);
#3810=VECTOR('',#11098,10.);
#3811=VECTOR('',#11101,10.);
#3812=VECTOR('',#11104,10.);
#3813=VECTOR('',#11109,10.);
#3814=VECTOR('',#11110,10.);
#3815=VECTOR('',#11113,10.);
#3816=VECTOR('',#11116,10.);
#3817=VECTOR('',#11121,10.);
#3818=VECTOR('',#11122,10.);
#3819=VECTOR('',#11125,10.);
#3820=VECTOR('',#11128,10.);
#3821=VECTOR('',#11133,10.);
#3822=VECTOR('',#11134,10.);
#3823=VECTOR('',#11137,10.);
#3824=VECTOR('',#11140,10.);
#3825=VECTOR('',#11145,10.);
#3826=VECTOR('',#11146,10.);
#3827=VECTOR('',#11149,10.);
#3828=VECTOR('',#11152,10.);
#3829=VECTOR('',#11157,10.);
#3830=VECTOR('',#11158,10.);
#3831=VECTOR('',#11161,10.);
#3832=VECTOR('',#11164,10.);
#3833=VECTOR('',#11169,10.);
#3834=VECTOR('',#11170,10.);
#3835=VECTOR('',#11173,10.);
#3836=VECTOR('',#11176,10.);
#3837=VECTOR('',#11181,10.);
#3838=VECTOR('',#11182,10.);
#3839=VECTOR('',#11185,10.);
#3840=VECTOR('',#11188,10.);
#3841=VECTOR('',#11193,10.);
#3842=VECTOR('',#11194,10.);
#3843=VECTOR('',#11197,10.);
#3844=VECTOR('',#11200,10.);
#3845=VECTOR('',#11205,10.);
#3846=VECTOR('',#11206,10.);
#3847=VECTOR('',#11209,10.);
#3848=VECTOR('',#11212,10.);
#3849=VECTOR('',#11217,10.);
#3850=VECTOR('',#11218,10.);
#3851=VECTOR('',#11221,10.);
#3852=VECTOR('',#11224,10.);
#3853=VECTOR('',#11229,10.);
#3854=VECTOR('',#11230,10.);
#3855=VECTOR('',#11233,10.);
#3856=VECTOR('',#11236,10.);
#3857=VECTOR('',#11241,10.);
#3858=VECTOR('',#11242,10.);
#3859=VECTOR('',#11245,10.);
#3860=VECTOR('',#11248,10.);
#3861=VECTOR('',#11253,10.);
#3862=VECTOR('',#11254,10.);
#3863=VECTOR('',#11257,10.);
#3864=VECTOR('',#11260,10.);
#3865=VECTOR('',#11265,10.);
#3866=VECTOR('',#11266,10.);
#3867=VECTOR('',#11269,10.);
#3868=VECTOR('',#11272,10.);
#3869=VECTOR('',#11277,10.);
#3870=VECTOR('',#11278,10.);
#3871=VECTOR('',#11281,10.);
#3872=VECTOR('',#11284,10.);
#3873=VECTOR('',#11289,10.);
#3874=VECTOR('',#11290,10.);
#3875=VECTOR('',#11293,10.);
#3876=VECTOR('',#11296,10.);
#3877=VECTOR('',#11301,10.);
#3878=VECTOR('',#11302,10.);
#3879=VECTOR('',#11305,10.);
#3880=VECTOR('',#11308,10.);
#3881=VECTOR('',#11313,10.);
#3882=VECTOR('',#11314,10.);
#3883=VECTOR('',#11317,10.);
#3884=VECTOR('',#11320,10.);
#3885=VECTOR('',#11325,10.);
#3886=VECTOR('',#11326,10.);
#3887=VECTOR('',#11329,10.);
#3888=VECTOR('',#11334,10.);
#3889=VECTOR('',#11337,10.);
#3890=VECTOR('',#11340,10.);
#3891=VECTOR('',#11343,10.);
#3892=VECTOR('',#11346,10.);
#3893=VECTOR('',#11349,10.);
#3894=VERTEX_POINT('',#11360);
#3895=VERTEX_POINT('',#11361);
#3896=VERTEX_POINT('',#11363);
#3897=VERTEX_POINT('',#11365);
#3898=VERTEX_POINT('',#11367);
#3899=VERTEX_POINT('',#11371);
#3900=VERTEX_POINT('',#11373);
#3901=VERTEX_POINT('',#11375);
#3902=VERTEX_POINT('',#11377);
#3903=VERTEX_POINT('',#11379);
#3904=VERTEX_POINT('',#11381);
#3905=VERTEX_POINT('',#11383);
#3906=VERTEX_POINT('',#11385);
#3907=VERTEX_POINT('',#11389);
#3908=VERTEX_POINT('',#11391);
#3909=VERTEX_POINT('',#11393);
#3910=VERTEX_POINT('',#11395);
#3911=VERTEX_POINT('',#11397);
#3912=VERTEX_POINT('',#11399);
#3913=VERTEX_POINT('',#11401);
#3914=VERTEX_POINT('',#11403);
#3915=VERTEX_POINT('',#11406);
#3916=VERTEX_POINT('',#11408);
#3917=VERTEX_POINT('',#11410);
#3918=VERTEX_POINT('',#11412);
#3919=VERTEX_POINT('',#11414);
#3920=VERTEX_POINT('',#11416);
#3921=VERTEX_POINT('',#11418);
#3922=VERTEX_POINT('',#11420);
#3923=VERTEX_POINT('',#11422);
#3924=VERTEX_POINT('',#11424);
#3925=VERTEX_POINT('',#11426);
#3926=VERTEX_POINT('',#11428);
#3927=VERTEX_POINT('',#11430);
#3928=VERTEX_POINT('',#11432);
#3929=VERTEX_POINT('',#11434);
#3930=VERTEX_POINT('',#11436);
#3931=VERTEX_POINT('',#11438);
#3932=VERTEX_POINT('',#11440);
#3933=VERTEX_POINT('',#11442);
#3934=VERTEX_POINT('',#11444);
#3935=VERTEX_POINT('',#11446);
#3936=VERTEX_POINT('',#11448);
#3937=VERTEX_POINT('',#11450);
#3938=VERTEX_POINT('',#11452);
#3939=VERTEX_POINT('',#11455);
#3940=VERTEX_POINT('',#11457);
#3941=VERTEX_POINT('',#11459);
#3942=VERTEX_POINT('',#11461);
#3943=VERTEX_POINT('',#11463);
#3944=VERTEX_POINT('',#11464);
#3945=VERTEX_POINT('',#11466);
#3946=VERTEX_POINT('',#11468);
#3947=VERTEX_POINT('',#11471);
#3948=VERTEX_POINT('',#11472);
#3949=VERTEX_POINT('',#11474);
#3950=VERTEX_POINT('',#11476);
#3951=VERTEX_POINT('',#11479);
#3952=VERTEX_POINT('',#11480);
#3953=VERTEX_POINT('',#11482);
#3954=VERTEX_POINT('',#11484);
#3955=VERTEX_POINT('',#11487);
#3956=VERTEX_POINT('',#11488);
#3957=VERTEX_POINT('',#11490);
#3958=VERTEX_POINT('',#11492);
#3959=VERTEX_POINT('',#11495);
#3960=VERTEX_POINT('',#11496);
#3961=VERTEX_POINT('',#11498);
#3962=VERTEX_POINT('',#11500);
#3963=VERTEX_POINT('',#11503);
#3964=VERTEX_POINT('',#11504);
#3965=VERTEX_POINT('',#11506);
#3966=VERTEX_POINT('',#11508);
#3967=VERTEX_POINT('',#11510);
#3968=VERTEX_POINT('',#11512);
#3969=VERTEX_POINT('',#11514);
#3970=VERTEX_POINT('',#11516);
#3971=VERTEX_POINT('',#11518);
#3972=VERTEX_POINT('',#11520);
#3973=VERTEX_POINT('',#11522);
#3974=VERTEX_POINT('',#11524);
#3975=VERTEX_POINT('',#11526);
#3976=VERTEX_POINT('',#11528);
#3977=VERTEX_POINT('',#11530);
#3978=VERTEX_POINT('',#11532);
#3979=VERTEX_POINT('',#11534);
#3980=VERTEX_POINT('',#11536);
#3981=VERTEX_POINT('',#11538);
#3982=VERTEX_POINT('',#11540);
#3983=VERTEX_POINT('',#11542);
#3984=VERTEX_POINT('',#11544);
#3985=VERTEX_POINT('',#11546);
#3986=VERTEX_POINT('',#11548);
#3987=VERTEX_POINT('',#11550);
#3988=VERTEX_POINT('',#11552);
#3989=VERTEX_POINT('',#11554);
#3990=VERTEX_POINT('',#11556);
#3991=VERTEX_POINT('',#11558);
#3992=VERTEX_POINT('',#11560);
#3993=VERTEX_POINT('',#11562);
#3994=VERTEX_POINT('',#11564);
#3995=VERTEX_POINT('',#11566);
#3996=VERTEX_POINT('',#11568);
#3997=VERTEX_POINT('',#11570);
#3998=VERTEX_POINT('',#11572);
#3999=VERTEX_POINT('',#11575);
#4000=VERTEX_POINT('',#11576);
#4001=VERTEX_POINT('',#11578);
#4002=VERTEX_POINT('',#11580);
#4003=VERTEX_POINT('',#11583);
#4004=VERTEX_POINT('',#11584);
#4005=VERTEX_POINT('',#11586);
#4006=VERTEX_POINT('',#11588);
#4007=VERTEX_POINT('',#11591);
#4008=VERTEX_POINT('',#11592);
#4009=VERTEX_POINT('',#11594);
#4010=VERTEX_POINT('',#11596);
#4011=VERTEX_POINT('',#11599);
#4012=VERTEX_POINT('',#11600);
#4013=VERTEX_POINT('',#11602);
#4014=VERTEX_POINT('',#11604);
#4015=VERTEX_POINT('',#11607);
#4016=VERTEX_POINT('',#11608);
#4017=VERTEX_POINT('',#11610);
#4018=VERTEX_POINT('',#11612);
#4019=VERTEX_POINT('',#11615);
#4020=VERTEX_POINT('',#11616);
#4021=VERTEX_POINT('',#11618);
#4022=VERTEX_POINT('',#11620);
#4023=VERTEX_POINT('',#11623);
#4024=VERTEX_POINT('',#11624);
#4025=VERTEX_POINT('',#11626);
#4026=VERTEX_POINT('',#11628);
#4027=VERTEX_POINT('',#11631);
#4028=VERTEX_POINT('',#11632);
#4029=VERTEX_POINT('',#11634);
#4030=VERTEX_POINT('',#11636);
#4031=VERTEX_POINT('',#11639);
#4032=VERTEX_POINT('',#11640);
#4033=VERTEX_POINT('',#11642);
#4034=VERTEX_POINT('',#11644);
#4035=VERTEX_POINT('',#11646);
#4036=VERTEX_POINT('',#11648);
#4037=VERTEX_POINT('',#11650);
#4038=VERTEX_POINT('',#11652);
#4039=VERTEX_POINT('',#11654);
#4040=VERTEX_POINT('',#11656);
#4041=VERTEX_POINT('',#11658);
#4042=VERTEX_POINT('',#11660);
#4043=VERTEX_POINT('',#11662);
#4044=VERTEX_POINT('',#11664);
#4045=VERTEX_POINT('',#11666);
#4046=VERTEX_POINT('',#11668);
#4047=VERTEX_POINT('',#11670);
#4048=VERTEX_POINT('',#11672);
#4049=VERTEX_POINT('',#11674);
#4050=VERTEX_POINT('',#11676);
#4051=VERTEX_POINT('',#11678);
#4052=VERTEX_POINT('',#11680);
#4053=VERTEX_POINT('',#11682);
#4054=VERTEX_POINT('',#11684);
#4055=VERTEX_POINT('',#11686);
#4056=VERTEX_POINT('',#11688);
#4057=VERTEX_POINT('',#11690);
#4058=VERTEX_POINT('',#11692);
#4059=VERTEX_POINT('',#11694);
#4060=VERTEX_POINT('',#11696);
#4061=VERTEX_POINT('',#11698);
#4062=VERTEX_POINT('',#11700);
#4063=VERTEX_POINT('',#11702);
#4064=VERTEX_POINT('',#11704);
#4065=VERTEX_POINT('',#11706);
#4066=VERTEX_POINT('',#11708);
#4067=VERTEX_POINT('',#11711);
#4068=VERTEX_POINT('',#11712);
#4069=VERTEX_POINT('',#11714);
#4070=VERTEX_POINT('',#11716);
#4071=VERTEX_POINT('',#11719);
#4072=VERTEX_POINT('',#11720);
#4073=VERTEX_POINT('',#11722);
#4074=VERTEX_POINT('',#11724);
#4075=VERTEX_POINT('',#11727);
#4076=VERTEX_POINT('',#11728);
#4077=VERTEX_POINT('',#11730);
#4078=VERTEX_POINT('',#11732);
#4079=VERTEX_POINT('',#11735);
#4080=VERTEX_POINT('',#11736);
#4081=VERTEX_POINT('',#11738);
#4082=VERTEX_POINT('',#11740);
#4083=VERTEX_POINT('',#11743);
#4084=VERTEX_POINT('',#11744);
#4085=VERTEX_POINT('',#11746);
#4086=VERTEX_POINT('',#11748);
#4087=VERTEX_POINT('',#11751);
#4088=VERTEX_POINT('',#11752);
#4089=VERTEX_POINT('',#11754);
#4090=VERTEX_POINT('',#11756);
#4091=VERTEX_POINT('',#11759);
#4092=VERTEX_POINT('',#11760);
#4093=VERTEX_POINT('',#11762);
#4094=VERTEX_POINT('',#11764);
#4095=VERTEX_POINT('',#11767);
#4096=VERTEX_POINT('',#11768);
#4097=VERTEX_POINT('',#11770);
#4098=VERTEX_POINT('',#11772);
#4099=VERTEX_POINT('',#11775);
#4100=VERTEX_POINT('',#11776);
#4101=VERTEX_POINT('',#11778);
#4102=VERTEX_POINT('',#11780);
#4103=VERTEX_POINT('',#11783);
#4104=VERTEX_POINT('',#11784);
#4105=VERTEX_POINT('',#11786);
#4106=VERTEX_POINT('',#11788);
#4107=VERTEX_POINT('',#11791);
#4108=VERTEX_POINT('',#11792);
#4109=VERTEX_POINT('',#11794);
#4110=VERTEX_POINT('',#11796);
#4111=VERTEX_POINT('',#11799);
#4112=VERTEX_POINT('',#11800);
#4113=VERTEX_POINT('',#11802);
#4114=VERTEX_POINT('',#11804);
#4115=VERTEX_POINT('',#11807);
#4116=VERTEX_POINT('',#11808);
#4117=VERTEX_POINT('',#11810);
#4118=VERTEX_POINT('',#11812);
#4119=VERTEX_POINT('',#11815);
#4120=VERTEX_POINT('',#11816);
#4121=VERTEX_POINT('',#11818);
#4122=VERTEX_POINT('',#11820);
#4123=VERTEX_POINT('',#11823);
#4124=VERTEX_POINT('',#11824);
#4125=VERTEX_POINT('',#11826);
#4126=VERTEX_POINT('',#11828);
#4127=VERTEX_POINT('',#11831);
#4128=VERTEX_POINT('',#11832);
#4129=VERTEX_POINT('',#11834);
#4130=VERTEX_POINT('',#11836);
#4131=VERTEX_POINT('',#11839);
#4132=VERTEX_POINT('',#11840);
#4133=VERTEX_POINT('',#11842);
#4134=VERTEX_POINT('',#11844);
#4135=VERTEX_POINT('',#11846);
#4136=VERTEX_POINT('',#11848);
#4137=VERTEX_POINT('',#11850);
#4138=VERTEX_POINT('',#11852);
#4139=VERTEX_POINT('',#11854);
#4140=VERTEX_POINT('',#11856);
#4141=VERTEX_POINT('',#11858);
#4142=VERTEX_POINT('',#11860);
#4143=VERTEX_POINT('',#11862);
#4144=VERTEX_POINT('',#11864);
#4145=VERTEX_POINT('',#11866);
#4146=VERTEX_POINT('',#11868);
#4147=VERTEX_POINT('',#11870);
#4148=VERTEX_POINT('',#11872);
#4149=VERTEX_POINT('',#11874);
#4150=VERTEX_POINT('',#11876);
#4151=VERTEX_POINT('',#11878);
#4152=VERTEX_POINT('',#11880);
#4153=VERTEX_POINT('',#11882);
#4154=VERTEX_POINT('',#11884);
#4155=VERTEX_POINT('',#11886);
#4156=VERTEX_POINT('',#11888);
#4157=VERTEX_POINT('',#11890);
#4158=VERTEX_POINT('',#11892);
#4159=VERTEX_POINT('',#11894);
#4160=VERTEX_POINT('',#11896);
#4161=VERTEX_POINT('',#11898);
#4162=VERTEX_POINT('',#11900);
#4163=VERTEX_POINT('',#11902);
#4164=VERTEX_POINT('',#11904);
#4165=VERTEX_POINT('',#11906);
#4166=VERTEX_POINT('',#11908);
#4167=VERTEX_POINT('',#11911);
#4168=VERTEX_POINT('',#11912);
#4169=VERTEX_POINT('',#11914);
#4170=VERTEX_POINT('',#11916);
#4171=VERTEX_POINT('',#11919);
#4172=VERTEX_POINT('',#11920);
#4173=VERTEX_POINT('',#11922);
#4174=VERTEX_POINT('',#11924);
#4175=VERTEX_POINT('',#11927);
#4176=VERTEX_POINT('',#11928);
#4177=VERTEX_POINT('',#11930);
#4178=VERTEX_POINT('',#11932);
#4179=VERTEX_POINT('',#11935);
#4180=VERTEX_POINT('',#11936);
#4181=VERTEX_POINT('',#11938);
#4182=VERTEX_POINT('',#11940);
#4183=VERTEX_POINT('',#11943);
#4184=VERTEX_POINT('',#11944);
#4185=VERTEX_POINT('',#11946);
#4186=VERTEX_POINT('',#11948);
#4187=VERTEX_POINT('',#11951);
#4188=VERTEX_POINT('',#11952);
#4189=VERTEX_POINT('',#11954);
#4190=VERTEX_POINT('',#11956);
#4191=VERTEX_POINT('',#11959);
#4192=VERTEX_POINT('',#11960);
#4193=VERTEX_POINT('',#11962);
#4194=VERTEX_POINT('',#11964);
#4195=VERTEX_POINT('',#11967);
#4196=VERTEX_POINT('',#11968);
#4197=VERTEX_POINT('',#11970);
#4198=VERTEX_POINT('',#11972);
#4199=VERTEX_POINT('',#11975);
#4200=VERTEX_POINT('',#11976);
#4201=VERTEX_POINT('',#11978);
#4202=VERTEX_POINT('',#11980);
#4203=VERTEX_POINT('',#11983);
#4204=VERTEX_POINT('',#11984);
#4205=VERTEX_POINT('',#11986);
#4206=VERTEX_POINT('',#11988);
#4207=VERTEX_POINT('',#11991);
#4208=VERTEX_POINT('',#11992);
#4209=VERTEX_POINT('',#11994);
#4210=VERTEX_POINT('',#11996);
#4211=VERTEX_POINT('',#11999);
#4212=VERTEX_POINT('',#12000);
#4213=VERTEX_POINT('',#12002);
#4214=VERTEX_POINT('',#12004);
#4215=VERTEX_POINT('',#12007);
#4216=VERTEX_POINT('',#12008);
#4217=VERTEX_POINT('',#12010);
#4218=VERTEX_POINT('',#12012);
#4219=VERTEX_POINT('',#12015);
#4220=VERTEX_POINT('',#12016);
#4221=VERTEX_POINT('',#12018);
#4222=VERTEX_POINT('',#12020);
#4223=VERTEX_POINT('',#12023);
#4224=VERTEX_POINT('',#12024);
#4225=VERTEX_POINT('',#12026);
#4226=VERTEX_POINT('',#12028);
#4227=VERTEX_POINT('',#12031);
#4228=VERTEX_POINT('',#12032);
#4229=VERTEX_POINT('',#12034);
#4230=VERTEX_POINT('',#12036);
#4231=VERTEX_POINT('',#12039);
#4232=VERTEX_POINT('',#12040);
#4233=VERTEX_POINT('',#12042);
#4234=VERTEX_POINT('',#12044);
#4235=VERTEX_POINT('',#12047);
#4236=VERTEX_POINT('',#12048);
#4237=VERTEX_POINT('',#12050);
#4238=VERTEX_POINT('',#12052);
#4239=VERTEX_POINT('',#12055);
#4240=VERTEX_POINT('',#12056);
#4241=VERTEX_POINT('',#12058);
#4242=VERTEX_POINT('',#12060);
#4243=VERTEX_POINT('',#12063);
#4244=VERTEX_POINT('',#12064);
#4245=VERTEX_POINT('',#12066);
#4246=VERTEX_POINT('',#12068);
#4247=VERTEX_POINT('',#12071);
#4248=VERTEX_POINT('',#12072);
#4249=VERTEX_POINT('',#12074);
#4250=VERTEX_POINT('',#12076);
#4251=VERTEX_POINT('',#12079);
#4252=VERTEX_POINT('',#12080);
#4253=VERTEX_POINT('',#12082);
#4254=VERTEX_POINT('',#12084);
#4255=VERTEX_POINT('',#12087);
#4256=VERTEX_POINT('',#12088);
#4257=VERTEX_POINT('',#12090);
#4258=VERTEX_POINT('',#12092);
#4259=VERTEX_POINT('',#12095);
#4260=VERTEX_POINT('',#12096);
#4261=VERTEX_POINT('',#12098);
#4262=VERTEX_POINT('',#12100);
#4263=VERTEX_POINT('',#12103);
#4264=VERTEX_POINT('',#12104);
#4265=VERTEX_POINT('',#12106);
#4266=VERTEX_POINT('',#12108);
#4267=VERTEX_POINT('',#12111);
#4268=VERTEX_POINT('',#12112);
#4269=VERTEX_POINT('',#12114);
#4270=VERTEX_POINT('',#12116);
#4271=VERTEX_POINT('',#12119);
#4272=VERTEX_POINT('',#12120);
#4273=VERTEX_POINT('',#12122);
#4274=VERTEX_POINT('',#12124);
#4275=VERTEX_POINT('',#12127);
#4276=VERTEX_POINT('',#12128);
#4277=VERTEX_POINT('',#12130);
#4278=VERTEX_POINT('',#12132);
#4279=VERTEX_POINT('',#12135);
#4280=VERTEX_POINT('',#12136);
#4281=VERTEX_POINT('',#12138);
#4282=VERTEX_POINT('',#12140);
#4283=VERTEX_POINT('',#12143);
#4284=VERTEX_POINT('',#12144);
#4285=VERTEX_POINT('',#12146);
#4286=VERTEX_POINT('',#12148);
#4287=VERTEX_POINT('',#12151);
#4288=VERTEX_POINT('',#12152);
#4289=VERTEX_POINT('',#12154);
#4290=VERTEX_POINT('',#12156);
#4291=VERTEX_POINT('',#12159);
#4292=VERTEX_POINT('',#12160);
#4293=VERTEX_POINT('',#12162);
#4294=VERTEX_POINT('',#12164);
#4295=VERTEX_POINT('',#12167);
#4296=VERTEX_POINT('',#12168);
#4297=VERTEX_POINT('',#12170);
#4298=VERTEX_POINT('',#12172);
#4299=VERTEX_POINT('',#12175);
#4300=VERTEX_POINT('',#12176);
#4301=VERTEX_POINT('',#12178);
#4302=VERTEX_POINT('',#12180);
#4303=VERTEX_POINT('',#12183);
#4304=VERTEX_POINT('',#12185);
#4305=VERTEX_POINT('',#12187);
#4306=VERTEX_POINT('',#12189);
#4307=VERTEX_POINT('',#12194);
#4308=VERTEX_POINT('',#12196);
#4309=VERTEX_POINT('',#12198);
#4310=VERTEX_POINT('',#12205);
#4311=VERTEX_POINT('',#12207);
#4312=VERTEX_POINT('',#12210);
#4313=VERTEX_POINT('',#12217);
#4314=VERTEX_POINT('',#12219);
#4315=VERTEX_POINT('',#12223);
#4316=VERTEX_POINT('',#12227);
#4317=VERTEX_POINT('',#12229);
#4318=VERTEX_POINT('',#12231);
#4319=VERTEX_POINT('',#12237);
#4320=VERTEX_POINT('',#12241);
#4321=VERTEX_POINT('',#12243);
#4322=VERTEX_POINT('',#12245);
#4323=VERTEX_POINT('',#12248);
#4324=VERTEX_POINT('',#12250);
#4325=VERTEX_POINT('',#12252);
#4326=VERTEX_POINT('',#12254);
#4327=VERTEX_POINT('',#12256);
#4328=VERTEX_POINT('',#12258);
#4329=VERTEX_POINT('',#12260);
#4330=VERTEX_POINT('',#12262);
#4331=VERTEX_POINT('',#12264);
#4332=VERTEX_POINT('',#12266);
#4333=VERTEX_POINT('',#12269);
#4334=VERTEX_POINT('',#12271);
#4335=VERTEX_POINT('',#12273);
#4336=VERTEX_POINT('',#12275);
#4337=VERTEX_POINT('',#12277);
#4338=VERTEX_POINT('',#12278);
#4339=VERTEX_POINT('',#12280);
#4340=VERTEX_POINT('',#12282);
#4341=VERTEX_POINT('',#12285);
#4342=VERTEX_POINT('',#12286);
#4343=VERTEX_POINT('',#12288);
#4344=VERTEX_POINT('',#12290);
#4345=VERTEX_POINT('',#12293);
#4346=VERTEX_POINT('',#12294);
#4347=VERTEX_POINT('',#12296);
#4348=VERTEX_POINT('',#12298);
#4349=VERTEX_POINT('',#12301);
#4350=VERTEX_POINT('',#12302);
#4351=VERTEX_POINT('',#12304);
#4352=VERTEX_POINT('',#12306);
#4353=VERTEX_POINT('',#12309);
#4354=VERTEX_POINT('',#12310);
#4355=VERTEX_POINT('',#12312);
#4356=VERTEX_POINT('',#12314);
#4357=VERTEX_POINT('',#12317);
#4358=VERTEX_POINT('',#12318);
#4359=VERTEX_POINT('',#12320);
#4360=VERTEX_POINT('',#12322);
#4361=VERTEX_POINT('',#12324);
#4362=VERTEX_POINT('',#12326);
#4363=VERTEX_POINT('',#12328);
#4364=VERTEX_POINT('',#12330);
#4365=VERTEX_POINT('',#12332);
#4366=VERTEX_POINT('',#12334);
#4367=VERTEX_POINT('',#12336);
#4368=VERTEX_POINT('',#12338);
#4369=VERTEX_POINT('',#12340);
#4370=VERTEX_POINT('',#12342);
#4371=VERTEX_POINT('',#12344);
#4372=VERTEX_POINT('',#12346);
#4373=VERTEX_POINT('',#12348);
#4374=VERTEX_POINT('',#12350);
#4375=VERTEX_POINT('',#12352);
#4376=VERTEX_POINT('',#12354);
#4377=VERTEX_POINT('',#12356);
#4378=VERTEX_POINT('',#12358);
#4379=VERTEX_POINT('',#12360);
#4380=VERTEX_POINT('',#12362);
#4381=VERTEX_POINT('',#12364);
#4382=VERTEX_POINT('',#12366);
#4383=VERTEX_POINT('',#12368);
#4384=VERTEX_POINT('',#12370);
#4385=VERTEX_POINT('',#12372);
#4386=VERTEX_POINT('',#12374);
#4387=VERTEX_POINT('',#12376);
#4388=VERTEX_POINT('',#12378);
#4389=VERTEX_POINT('',#12380);
#4390=VERTEX_POINT('',#12382);
#4391=VERTEX_POINT('',#12384);
#4392=VERTEX_POINT('',#12386);
#4393=VERTEX_POINT('',#12389);
#4394=VERTEX_POINT('',#12390);
#4395=VERTEX_POINT('',#12392);
#4396=VERTEX_POINT('',#12394);
#4397=VERTEX_POINT('',#12397);
#4398=VERTEX_POINT('',#12398);
#4399=VERTEX_POINT('',#12400);
#4400=VERTEX_POINT('',#12402);
#4401=VERTEX_POINT('',#12405);
#4402=VERTEX_POINT('',#12406);
#4403=VERTEX_POINT('',#12408);
#4404=VERTEX_POINT('',#12410);
#4405=VERTEX_POINT('',#12413);
#4406=VERTEX_POINT('',#12414);
#4407=VERTEX_POINT('',#12416);
#4408=VERTEX_POINT('',#12418);
#4409=VERTEX_POINT('',#12421);
#4410=VERTEX_POINT('',#12422);
#4411=VERTEX_POINT('',#12424);
#4412=VERTEX_POINT('',#12426);
#4413=VERTEX_POINT('',#12429);
#4414=VERTEX_POINT('',#12430);
#4415=VERTEX_POINT('',#12432);
#4416=VERTEX_POINT('',#12434);
#4417=VERTEX_POINT('',#12437);
#4418=VERTEX_POINT('',#12438);
#4419=VERTEX_POINT('',#12440);
#4420=VERTEX_POINT('',#12442);
#4421=VERTEX_POINT('',#12445);
#4422=VERTEX_POINT('',#12446);
#4423=VERTEX_POINT('',#12448);
#4424=VERTEX_POINT('',#12450);
#4425=VERTEX_POINT('',#12453);
#4426=VERTEX_POINT('',#12454);
#4427=VERTEX_POINT('',#12456);
#4428=VERTEX_POINT('',#12458);
#4429=VERTEX_POINT('',#12460);
#4430=VERTEX_POINT('',#12462);
#4431=VERTEX_POINT('',#12464);
#4432=VERTEX_POINT('',#12466);
#4433=VERTEX_POINT('',#12468);
#4434=VERTEX_POINT('',#12470);
#4435=VERTEX_POINT('',#12472);
#4436=VERTEX_POINT('',#12474);
#4437=VERTEX_POINT('',#12476);
#4438=VERTEX_POINT('',#12478);
#4439=VERTEX_POINT('',#12480);
#4440=VERTEX_POINT('',#12482);
#4441=VERTEX_POINT('',#12484);
#4442=VERTEX_POINT('',#12486);
#4443=VERTEX_POINT('',#12488);
#4444=VERTEX_POINT('',#12490);
#4445=VERTEX_POINT('',#12492);
#4446=VERTEX_POINT('',#12494);
#4447=VERTEX_POINT('',#12496);
#4448=VERTEX_POINT('',#12498);
#4449=VERTEX_POINT('',#12500);
#4450=VERTEX_POINT('',#12502);
#4451=VERTEX_POINT('',#12504);
#4452=VERTEX_POINT('',#12506);
#4453=VERTEX_POINT('',#12508);
#4454=VERTEX_POINT('',#12510);
#4455=VERTEX_POINT('',#12512);
#4456=VERTEX_POINT('',#12514);
#4457=VERTEX_POINT('',#12516);
#4458=VERTEX_POINT('',#12518);
#4459=VERTEX_POINT('',#12520);
#4460=VERTEX_POINT('',#12522);
#4461=VERTEX_POINT('',#12525);
#4462=VERTEX_POINT('',#12526);
#4463=VERTEX_POINT('',#12528);
#4464=VERTEX_POINT('',#12530);
#4465=VERTEX_POINT('',#12533);
#4466=VERTEX_POINT('',#12534);
#4467=VERTEX_POINT('',#12536);
#4468=VERTEX_POINT('',#12538);
#4469=VERTEX_POINT('',#12541);
#4470=VERTEX_POINT('',#12542);
#4471=VERTEX_POINT('',#12544);
#4472=VERTEX_POINT('',#12546);
#4473=VERTEX_POINT('',#12549);
#4474=VERTEX_POINT('',#12550);
#4475=VERTEX_POINT('',#12552);
#4476=VERTEX_POINT('',#12554);
#4477=VERTEX_POINT('',#12557);
#4478=VERTEX_POINT('',#12558);
#4479=VERTEX_POINT('',#12560);
#4480=VERTEX_POINT('',#12562);
#4481=VERTEX_POINT('',#12565);
#4482=VERTEX_POINT('',#12566);
#4483=VERTEX_POINT('',#12568);
#4484=VERTEX_POINT('',#12570);
#4485=VERTEX_POINT('',#12573);
#4486=VERTEX_POINT('',#12574);
#4487=VERTEX_POINT('',#12576);
#4488=VERTEX_POINT('',#12578);
#4489=VERTEX_POINT('',#12581);
#4490=VERTEX_POINT('',#12582);
#4491=VERTEX_POINT('',#12584);
#4492=VERTEX_POINT('',#12586);
#4493=VERTEX_POINT('',#12589);
#4494=VERTEX_POINT('',#12590);
#4495=VERTEX_POINT('',#12592);
#4496=VERTEX_POINT('',#12594);
#4497=VERTEX_POINT('',#12597);
#4498=VERTEX_POINT('',#12598);
#4499=VERTEX_POINT('',#12600);
#4500=VERTEX_POINT('',#12602);
#4501=VERTEX_POINT('',#12605);
#4502=VERTEX_POINT('',#12606);
#4503=VERTEX_POINT('',#12608);
#4504=VERTEX_POINT('',#12610);
#4505=VERTEX_POINT('',#12613);
#4506=VERTEX_POINT('',#12614);
#4507=VERTEX_POINT('',#12616);
#4508=VERTEX_POINT('',#12618);
#4509=VERTEX_POINT('',#12621);
#4510=VERTEX_POINT('',#12622);
#4511=VERTEX_POINT('',#12624);
#4512=VERTEX_POINT('',#12626);
#4513=VERTEX_POINT('',#12629);
#4514=VERTEX_POINT('',#12630);
#4515=VERTEX_POINT('',#12632);
#4516=VERTEX_POINT('',#12634);
#4517=VERTEX_POINT('',#12637);
#4518=VERTEX_POINT('',#12638);
#4519=VERTEX_POINT('',#12640);
#4520=VERTEX_POINT('',#12642);
#4521=VERTEX_POINT('',#12645);
#4522=VERTEX_POINT('',#12646);
#4523=VERTEX_POINT('',#12648);
#4524=VERTEX_POINT('',#12650);
#4525=VERTEX_POINT('',#12653);
#4526=VERTEX_POINT('',#12654);
#4527=VERTEX_POINT('',#12656);
#4528=VERTEX_POINT('',#12658);
#4529=VERTEX_POINT('',#12660);
#4530=VERTEX_POINT('',#12662);
#4531=VERTEX_POINT('',#12664);
#4532=VERTEX_POINT('',#12666);
#4533=VERTEX_POINT('',#12668);
#4534=VERTEX_POINT('',#12670);
#4535=VERTEX_POINT('',#12672);
#4536=VERTEX_POINT('',#12674);
#4537=VERTEX_POINT('',#12676);
#4538=VERTEX_POINT('',#12678);
#4539=VERTEX_POINT('',#12680);
#4540=VERTEX_POINT('',#12682);
#4541=VERTEX_POINT('',#12684);
#4542=VERTEX_POINT('',#12686);
#4543=VERTEX_POINT('',#12688);
#4544=VERTEX_POINT('',#12690);
#4545=VERTEX_POINT('',#12692);
#4546=VERTEX_POINT('',#12694);
#4547=VERTEX_POINT('',#12696);
#4548=VERTEX_POINT('',#12698);
#4549=VERTEX_POINT('',#12700);
#4550=VERTEX_POINT('',#12702);
#4551=VERTEX_POINT('',#12704);
#4552=VERTEX_POINT('',#12706);
#4553=VERTEX_POINT('',#12708);
#4554=VERTEX_POINT('',#12710);
#4555=VERTEX_POINT('',#12712);
#4556=VERTEX_POINT('',#12714);
#4557=VERTEX_POINT('',#12716);
#4558=VERTEX_POINT('',#12718);
#4559=VERTEX_POINT('',#12720);
#4560=VERTEX_POINT('',#12722);
#4561=VERTEX_POINT('',#12725);
#4562=VERTEX_POINT('',#12726);
#4563=VERTEX_POINT('',#12728);
#4564=VERTEX_POINT('',#12730);
#4565=VERTEX_POINT('',#12733);
#4566=VERTEX_POINT('',#12734);
#4567=VERTEX_POINT('',#12736);
#4568=VERTEX_POINT('',#12738);
#4569=VERTEX_POINT('',#12741);
#4570=VERTEX_POINT('',#12742);
#4571=VERTEX_POINT('',#12744);
#4572=VERTEX_POINT('',#12746);
#4573=VERTEX_POINT('',#12749);
#4574=VERTEX_POINT('',#12750);
#4575=VERTEX_POINT('',#12752);
#4576=VERTEX_POINT('',#12754);
#4577=VERTEX_POINT('',#12757);
#4578=VERTEX_POINT('',#12758);
#4579=VERTEX_POINT('',#12760);
#4580=VERTEX_POINT('',#12762);
#4581=VERTEX_POINT('',#12765);
#4582=VERTEX_POINT('',#12766);
#4583=VERTEX_POINT('',#12768);
#4584=VERTEX_POINT('',#12770);
#4585=VERTEX_POINT('',#12773);
#4586=VERTEX_POINT('',#12774);
#4587=VERTEX_POINT('',#12776);
#4588=VERTEX_POINT('',#12778);
#4589=VERTEX_POINT('',#12781);
#4590=VERTEX_POINT('',#12782);
#4591=VERTEX_POINT('',#12784);
#4592=VERTEX_POINT('',#12786);
#4593=VERTEX_POINT('',#12789);
#4594=VERTEX_POINT('',#12790);
#4595=VERTEX_POINT('',#12792);
#4596=VERTEX_POINT('',#12794);
#4597=VERTEX_POINT('',#12797);
#4598=VERTEX_POINT('',#12798);
#4599=VERTEX_POINT('',#12800);
#4600=VERTEX_POINT('',#12802);
#4601=VERTEX_POINT('',#12805);
#4602=VERTEX_POINT('',#12806);
#4603=VERTEX_POINT('',#12808);
#4604=VERTEX_POINT('',#12810);
#4605=VERTEX_POINT('',#12813);
#4606=VERTEX_POINT('',#12814);
#4607=VERTEX_POINT('',#12816);
#4608=VERTEX_POINT('',#12818);
#4609=VERTEX_POINT('',#12821);
#4610=VERTEX_POINT('',#12822);
#4611=VERTEX_POINT('',#12824);
#4612=VERTEX_POINT('',#12826);
#4613=VERTEX_POINT('',#12829);
#4614=VERTEX_POINT('',#12830);
#4615=VERTEX_POINT('',#12832);
#4616=VERTEX_POINT('',#12834);
#4617=VERTEX_POINT('',#12837);
#4618=VERTEX_POINT('',#12838);
#4619=VERTEX_POINT('',#12840);
#4620=VERTEX_POINT('',#12842);
#4621=VERTEX_POINT('',#12845);
#4622=VERTEX_POINT('',#12846);
#4623=VERTEX_POINT('',#12848);
#4624=VERTEX_POINT('',#12850);
#4625=VERTEX_POINT('',#12853);
#4626=VERTEX_POINT('',#12854);
#4627=VERTEX_POINT('',#12856);
#4628=VERTEX_POINT('',#12858);
#4629=VERTEX_POINT('',#12861);
#4630=VERTEX_POINT('',#12862);
#4631=VERTEX_POINT('',#12864);
#4632=VERTEX_POINT('',#12866);
#4633=VERTEX_POINT('',#12869);
#4634=VERTEX_POINT('',#12870);
#4635=VERTEX_POINT('',#12872);
#4636=VERTEX_POINT('',#12874);
#4637=VERTEX_POINT('',#12877);
#4638=VERTEX_POINT('',#12878);
#4639=VERTEX_POINT('',#12880);
#4640=VERTEX_POINT('',#12882);
#4641=VERTEX_POINT('',#12885);
#4642=VERTEX_POINT('',#12886);
#4643=VERTEX_POINT('',#12888);
#4644=VERTEX_POINT('',#12890);
#4645=VERTEX_POINT('',#12893);
#4646=VERTEX_POINT('',#12894);
#4647=VERTEX_POINT('',#12896);
#4648=VERTEX_POINT('',#12898);
#4649=VERTEX_POINT('',#12901);
#4650=VERTEX_POINT('',#12902);
#4651=VERTEX_POINT('',#12904);
#4652=VERTEX_POINT('',#12906);
#4653=VERTEX_POINT('',#12909);
#4654=VERTEX_POINT('',#12910);
#4655=VERTEX_POINT('',#12912);
#4656=VERTEX_POINT('',#12914);
#4657=VERTEX_POINT('',#12917);
#4658=VERTEX_POINT('',#12918);
#4659=VERTEX_POINT('',#12920);
#4660=VERTEX_POINT('',#12922);
#4661=VERTEX_POINT('',#12925);
#4662=VERTEX_POINT('',#12926);
#4663=VERTEX_POINT('',#12928);
#4664=VERTEX_POINT('',#12930);
#4665=VERTEX_POINT('',#12933);
#4666=VERTEX_POINT('',#12934);
#4667=VERTEX_POINT('',#12936);
#4668=VERTEX_POINT('',#12938);
#4669=VERTEX_POINT('',#12941);
#4670=VERTEX_POINT('',#12942);
#4671=VERTEX_POINT('',#12944);
#4672=VERTEX_POINT('',#12946);
#4673=VERTEX_POINT('',#12949);
#4674=VERTEX_POINT('',#12950);
#4675=VERTEX_POINT('',#12952);
#4676=VERTEX_POINT('',#12954);
#4677=VERTEX_POINT('',#12957);
#4678=VERTEX_POINT('',#12958);
#4679=VERTEX_POINT('',#12960);
#4680=VERTEX_POINT('',#12962);
#4681=VERTEX_POINT('',#12965);
#4682=VERTEX_POINT('',#12966);
#4683=VERTEX_POINT('',#12968);
#4684=VERTEX_POINT('',#12970);
#4685=VERTEX_POINT('',#12973);
#4686=VERTEX_POINT('',#12974);
#4687=VERTEX_POINT('',#12976);
#4688=VERTEX_POINT('',#12978);
#4689=VERTEX_POINT('',#12981);
#4690=VERTEX_POINT('',#12982);
#4691=VERTEX_POINT('',#12984);
#4692=VERTEX_POINT('',#12986);
#4693=VERTEX_POINT('',#12989);
#4694=VERTEX_POINT('',#12990);
#4695=VERTEX_POINT('',#12992);
#4696=VERTEX_POINT('',#12994);
#4697=VERTEX_POINT('',#12997);
#4698=VERTEX_POINT('',#12998);
#4699=VERTEX_POINT('',#13000);
#4700=VERTEX_POINT('',#13002);
#4701=VERTEX_POINT('',#13004);
#4702=VERTEX_POINT('',#13006);
#4703=VERTEX_POINT('',#13009);
#4704=VERTEX_POINT('',#13012);
#4705=VERTEX_POINT('',#13014);
#4706=VERTEX_POINT('',#13016);
#4707=VERTEX_POINT('',#13018);
#4708=EDGE_CURVE('',#3894,#3895,#1564,.T.);
#4709=EDGE_CURVE('',#3896,#3894,#1565,.T.);
#4710=EDGE_CURVE('',#3897,#3896,#1512,.T.);
#4711=EDGE_CURVE('',#3897,#3898,#1566,.T.);
#4712=EDGE_CURVE('',#3895,#3898,#1513,.T.);
#4713=EDGE_CURVE('',#3899,#3895,#1567,.T.);
#4714=EDGE_CURVE('',#3898,#3900,#1568,.T.);
#4715=EDGE_CURVE('',#3900,#3901,#1514,.T.);
#4716=EDGE_CURVE('',#3901,#3902,#1569,.T.);
#4717=EDGE_CURVE('',#3903,#3902,#1570,.T.);
#4718=EDGE_CURVE('',#3904,#3903,#1571,.T.);
#4719=EDGE_CURVE('',#3905,#3904,#1572,.T.);
#4720=EDGE_CURVE('',#3905,#3906,#1573,.T.);
#4721=EDGE_CURVE('',#3899,#3906,#1574,.T.);
#4722=EDGE_CURVE('',#3907,#3899,#1575,.T.);
#4723=EDGE_CURVE('',#3906,#3908,#1515,.T.);
#4724=EDGE_CURVE('',#3908,#3909,#1576,.T.);
#4725=EDGE_CURVE('',#3909,#3910,#1516,.T.);
#4726=EDGE_CURVE('',#3910,#3911,#1577,.T.);
#4727=EDGE_CURVE('',#3911,#3912,#1517,.T.);
#4728=EDGE_CURVE('',#3912,#3913,#1578,.T.);
#4729=EDGE_CURVE('',#3913,#3914,#1518,.T.);
#4730=EDGE_CURVE('',#3914,#3903,#1519,.T.);
#4731=EDGE_CURVE('',#3902,#3915,#1579,.T.);
#4732=EDGE_CURVE('',#3915,#3916,#1580,.T.);
#4733=EDGE_CURVE('',#3917,#3916,#1520,.T.);
#4734=EDGE_CURVE('',#3917,#3918,#1581,.T.);
#4735=EDGE_CURVE('',#3918,#3919,#1582,.T.);
#4736=EDGE_CURVE('',#3920,#3919,#1521,.T.);
#4737=EDGE_CURVE('',#3921,#3920,#1583,.T.);
#4738=EDGE_CURVE('',#3922,#3921,#1522,.T.);
#4739=EDGE_CURVE('',#3923,#3922,#1584,.T.);
#4740=EDGE_CURVE('',#3923,#3924,#1585,.T.);
#4741=EDGE_CURVE('',#3924,#3925,#1586,.T.);
#4742=EDGE_CURVE('',#3926,#3925,#1523,.T.);
#4743=EDGE_CURVE('',#3926,#3927,#1587,.T.);
#4744=EDGE_CURVE('',#3927,#3928,#1588,.T.);
#4745=EDGE_CURVE('',#3928,#3929,#1524,.T.);
#4746=EDGE_CURVE('',#3929,#3930,#1589,.T.);
#4747=EDGE_CURVE('',#3930,#3931,#1590,.T.);
#4748=EDGE_CURVE('',#3931,#3932,#1525,.T.);
#4749=EDGE_CURVE('',#3932,#3933,#1591,.T.);
#4750=EDGE_CURVE('',#3933,#3934,#1526,.T.);
#4751=EDGE_CURVE('',#3934,#3935,#1592,.T.);
#4752=EDGE_CURVE('',#3935,#3936,#1593,.T.);
#4753=EDGE_CURVE('',#3937,#3936,#1594,.T.);
#4754=EDGE_CURVE('',#3937,#3938,#1595,.T.);
#4755=EDGE_CURVE('',#3938,#3907,#1596,.T.);
#4756=EDGE_CURVE('',#3939,#3939,#1527,.T.);
#4757=EDGE_CURVE('',#3940,#3940,#1528,.T.);
#4758=EDGE_CURVE('',#3941,#3941,#1529,.T.);
#4759=EDGE_CURVE('',#3942,#3942,#1530,.T.);
#4760=EDGE_CURVE('',#3943,#3944,#1597,.T.);
#4761=EDGE_CURVE('',#3945,#3943,#1598,.T.);
#4762=EDGE_CURVE('',#3946,#3945,#1599,.T.);
#4763=EDGE_CURVE('',#3944,#3946,#1600,.T.);
#4764=EDGE_CURVE('',#3947,#3948,#1601,.T.);
#4765=EDGE_CURVE('',#3949,#3947,#1602,.T.);
#4766=EDGE_CURVE('',#3950,#3949,#1603,.T.);
#4767=EDGE_CURVE('',#3948,#3950,#1604,.T.);
#4768=EDGE_CURVE('',#3951,#3952,#1605,.T.);
#4769=EDGE_CURVE('',#3953,#3951,#1606,.T.);
#4770=EDGE_CURVE('',#3954,#3953,#1607,.T.);
#4771=EDGE_CURVE('',#3952,#3954,#1608,.T.);
#4772=EDGE_CURVE('',#3955,#3956,#1609,.T.);
#4773=EDGE_CURVE('',#3957,#3955,#1610,.T.);
#4774=EDGE_CURVE('',#3958,#3957,#1611,.T.);
#4775=EDGE_CURVE('',#3956,#3958,#1612,.T.);
#4776=EDGE_CURVE('',#3959,#3960,#1613,.T.);
#4777=EDGE_CURVE('',#3961,#3959,#1614,.T.);
#4778=EDGE_CURVE('',#3962,#3961,#1615,.T.);
#4779=EDGE_CURVE('',#3960,#3962,#1616,.T.);
#4780=EDGE_CURVE('',#3963,#3964,#1617,.T.);
#4781=EDGE_CURVE('',#3965,#3963,#1618,.T.);
#4782=EDGE_CURVE('',#3966,#3965,#1619,.T.);
#4783=EDGE_CURVE('',#3967,#3966,#1620,.T.);
#4784=EDGE_CURVE('',#3968,#3967,#1621,.T.);
#4785=EDGE_CURVE('',#3969,#3968,#1622,.T.);
#4786=EDGE_CURVE('',#3970,#3969,#1623,.T.);
#4787=EDGE_CURVE('',#3971,#3970,#1624,.T.);
#4788=EDGE_CURVE('',#3972,#3971,#1625,.T.);
#4789=EDGE_CURVE('',#3973,#3972,#1626,.T.);
#4790=EDGE_CURVE('',#3974,#3973,#1627,.T.);
#4791=EDGE_CURVE('',#3975,#3974,#1628,.T.);
#4792=EDGE_CURVE('',#3976,#3975,#1629,.T.);
#4793=EDGE_CURVE('',#3977,#3976,#1630,.T.);
#4794=EDGE_CURVE('',#3978,#3977,#1631,.T.);
#4795=EDGE_CURVE('',#3979,#3978,#1632,.T.);
#4796=EDGE_CURVE('',#3980,#3979,#1633,.T.);
#4797=EDGE_CURVE('',#3981,#3980,#1634,.T.);
#4798=EDGE_CURVE('',#3982,#3981,#1635,.T.);
#4799=EDGE_CURVE('',#3983,#3982,#1636,.T.);
#4800=EDGE_CURVE('',#3984,#3983,#1637,.T.);
#4801=EDGE_CURVE('',#3985,#3984,#1638,.T.);
#4802=EDGE_CURVE('',#3986,#3985,#1639,.T.);
#4803=EDGE_CURVE('',#3987,#3986,#1640,.T.);
#4804=EDGE_CURVE('',#3988,#3987,#1641,.T.);
#4805=EDGE_CURVE('',#3989,#3988,#1642,.T.);
#4806=EDGE_CURVE('',#3990,#3989,#1643,.T.);
#4807=EDGE_CURVE('',#3991,#3990,#1644,.T.);
#4808=EDGE_CURVE('',#3992,#3991,#1645,.T.);
#4809=EDGE_CURVE('',#3993,#3992,#1646,.T.);
#4810=EDGE_CURVE('',#3994,#3993,#1647,.T.);
#4811=EDGE_CURVE('',#3995,#3994,#1648,.T.);
#4812=EDGE_CURVE('',#3996,#3995,#1649,.T.);
#4813=EDGE_CURVE('',#3997,#3996,#1650,.T.);
#4814=EDGE_CURVE('',#3998,#3997,#1651,.T.);
#4815=EDGE_CURVE('',#3964,#3998,#1652,.T.);
#4816=EDGE_CURVE('',#3999,#4000,#1653,.T.);
#4817=EDGE_CURVE('',#4001,#3999,#1654,.T.);
#4818=EDGE_CURVE('',#4002,#4001,#1655,.T.);
#4819=EDGE_CURVE('',#4000,#4002,#1656,.T.);
#4820=EDGE_CURVE('',#4003,#4004,#1657,.T.);
#4821=EDGE_CURVE('',#4005,#4003,#1658,.T.);
#4822=EDGE_CURVE('',#4006,#4005,#1659,.T.);
#4823=EDGE_CURVE('',#4004,#4006,#1660,.T.);
#4824=EDGE_CURVE('',#4007,#4008,#1661,.T.);
#4825=EDGE_CURVE('',#4009,#4007,#1662,.T.);
#4826=EDGE_CURVE('',#4010,#4009,#1663,.T.);
#4827=EDGE_CURVE('',#4008,#4010,#1664,.T.);
#4828=EDGE_CURVE('',#4011,#4012,#1665,.T.);
#4829=EDGE_CURVE('',#4013,#4011,#1666,.T.);
#4830=EDGE_CURVE('',#4014,#4013,#1667,.T.);
#4831=EDGE_CURVE('',#4012,#4014,#1668,.T.);
#4832=EDGE_CURVE('',#4015,#4016,#1669,.T.);
#4833=EDGE_CURVE('',#4017,#4015,#1670,.T.);
#4834=EDGE_CURVE('',#4018,#4017,#1671,.T.);
#4835=EDGE_CURVE('',#4016,#4018,#1672,.T.);
#4836=EDGE_CURVE('',#4019,#4020,#1673,.T.);
#4837=EDGE_CURVE('',#4021,#4019,#1674,.T.);
#4838=EDGE_CURVE('',#4022,#4021,#1675,.T.);
#4839=EDGE_CURVE('',#4020,#4022,#1676,.T.);
#4840=EDGE_CURVE('',#4023,#4024,#1677,.T.);
#4841=EDGE_CURVE('',#4025,#4023,#1678,.T.);
#4842=EDGE_CURVE('',#4026,#4025,#1679,.T.);
#4843=EDGE_CURVE('',#4024,#4026,#1680,.T.);
#4844=EDGE_CURVE('',#4027,#4028,#1681,.T.);
#4845=EDGE_CURVE('',#4029,#4027,#1682,.T.);
#4846=EDGE_CURVE('',#4030,#4029,#1683,.T.);
#4847=EDGE_CURVE('',#4028,#4030,#1684,.T.);
#4848=EDGE_CURVE('',#4031,#4032,#1685,.T.);
#4849=EDGE_CURVE('',#4033,#4031,#1686,.T.);
#4850=EDGE_CURVE('',#4034,#4033,#1687,.T.);
#4851=EDGE_CURVE('',#4035,#4034,#1688,.T.);
#4852=EDGE_CURVE('',#4036,#4035,#1689,.T.);
#4853=EDGE_CURVE('',#4037,#4036,#1690,.T.);
#4854=EDGE_CURVE('',#4038,#4037,#1691,.T.);
#4855=EDGE_CURVE('',#4039,#4038,#1692,.T.);
#4856=EDGE_CURVE('',#4040,#4039,#1693,.T.);
#4857=EDGE_CURVE('',#4041,#4040,#1694,.T.);
#4858=EDGE_CURVE('',#4042,#4041,#1695,.T.);
#4859=EDGE_CURVE('',#4043,#4042,#1696,.T.);
#4860=EDGE_CURVE('',#4044,#4043,#1697,.T.);
#4861=EDGE_CURVE('',#4045,#4044,#1698,.T.);
#4862=EDGE_CURVE('',#4046,#4045,#1699,.T.);
#4863=EDGE_CURVE('',#4047,#4046,#1700,.T.);
#4864=EDGE_CURVE('',#4048,#4047,#1701,.T.);
#4865=EDGE_CURVE('',#4049,#4048,#1702,.T.);
#4866=EDGE_CURVE('',#4050,#4049,#1703,.T.);
#4867=EDGE_CURVE('',#4051,#4050,#1704,.T.);
#4868=EDGE_CURVE('',#4052,#4051,#1705,.T.);
#4869=EDGE_CURVE('',#4053,#4052,#1706,.T.);
#4870=EDGE_CURVE('',#4054,#4053,#1707,.T.);
#4871=EDGE_CURVE('',#4055,#4054,#1708,.T.);
#4872=EDGE_CURVE('',#4056,#4055,#1709,.T.);
#4873=EDGE_CURVE('',#4057,#4056,#1710,.T.);
#4874=EDGE_CURVE('',#4058,#4057,#1711,.T.);
#4875=EDGE_CURVE('',#4059,#4058,#1712,.T.);
#4876=EDGE_CURVE('',#4060,#4059,#1713,.T.);
#4877=EDGE_CURVE('',#4061,#4060,#1714,.T.);
#4878=EDGE_CURVE('',#4062,#4061,#1715,.T.);
#4879=EDGE_CURVE('',#4063,#4062,#1716,.T.);
#4880=EDGE_CURVE('',#4064,#4063,#1717,.T.);
#4881=EDGE_CURVE('',#4065,#4064,#1718,.T.);
#4882=EDGE_CURVE('',#4066,#4065,#1719,.T.);
#4883=EDGE_CURVE('',#4032,#4066,#1720,.T.);
#4884=EDGE_CURVE('',#4067,#4068,#1721,.T.);
#4885=EDGE_CURVE('',#4069,#4067,#1722,.T.);
#4886=EDGE_CURVE('',#4070,#4069,#1723,.T.);
#4887=EDGE_CURVE('',#4068,#4070,#1724,.T.);
#4888=EDGE_CURVE('',#4071,#4072,#1725,.T.);
#4889=EDGE_CURVE('',#4073,#4071,#1726,.T.);
#4890=EDGE_CURVE('',#4074,#4073,#1727,.T.);
#4891=EDGE_CURVE('',#4072,#4074,#1728,.T.);
#4892=EDGE_CURVE('',#4075,#4076,#1729,.T.);
#4893=EDGE_CURVE('',#4077,#4075,#1730,.T.);
#4894=EDGE_CURVE('',#4078,#4077,#1731,.T.);
#4895=EDGE_CURVE('',#4076,#4078,#1732,.T.);
#4896=EDGE_CURVE('',#4079,#4080,#1733,.T.);
#4897=EDGE_CURVE('',#4081,#4079,#1734,.T.);
#4898=EDGE_CURVE('',#4082,#4081,#1735,.T.);
#4899=EDGE_CURVE('',#4080,#4082,#1736,.T.);
#4900=EDGE_CURVE('',#4083,#4084,#1737,.T.);
#4901=EDGE_CURVE('',#4085,#4083,#1738,.T.);
#4902=EDGE_CURVE('',#4086,#4085,#1739,.T.);
#4903=EDGE_CURVE('',#4084,#4086,#1740,.T.);
#4904=EDGE_CURVE('',#4087,#4088,#1741,.T.);
#4905=EDGE_CURVE('',#4089,#4087,#1742,.T.);
#4906=EDGE_CURVE('',#4090,#4089,#1743,.T.);
#4907=EDGE_CURVE('',#4088,#4090,#1744,.T.);
#4908=EDGE_CURVE('',#4091,#4092,#1745,.T.);
#4909=EDGE_CURVE('',#4093,#4091,#1746,.T.);
#4910=EDGE_CURVE('',#4094,#4093,#1747,.T.);
#4911=EDGE_CURVE('',#4092,#4094,#1748,.T.);
#4912=EDGE_CURVE('',#4095,#4096,#1749,.T.);
#4913=EDGE_CURVE('',#4097,#4095,#1750,.T.);
#4914=EDGE_CURVE('',#4098,#4097,#1751,.T.);
#4915=EDGE_CURVE('',#4096,#4098,#1752,.T.);
#4916=EDGE_CURVE('',#4099,#4100,#1753,.T.);
#4917=EDGE_CURVE('',#4101,#4099,#1754,.T.);
#4918=EDGE_CURVE('',#4102,#4101,#1755,.T.);
#4919=EDGE_CURVE('',#4100,#4102,#1756,.T.);
#4920=EDGE_CURVE('',#4103,#4104,#1757,.T.);
#4921=EDGE_CURVE('',#4105,#4103,#1758,.T.);
#4922=EDGE_CURVE('',#4106,#4105,#1759,.T.);
#4923=EDGE_CURVE('',#4104,#4106,#1760,.T.);
#4924=EDGE_CURVE('',#4107,#4108,#1761,.T.);
#4925=EDGE_CURVE('',#4109,#4107,#1762,.T.);
#4926=EDGE_CURVE('',#4110,#4109,#1763,.T.);
#4927=EDGE_CURVE('',#4108,#4110,#1764,.T.);
#4928=EDGE_CURVE('',#4111,#4112,#1765,.T.);
#4929=EDGE_CURVE('',#4113,#4111,#1766,.T.);
#4930=EDGE_CURVE('',#4114,#4113,#1767,.T.);
#4931=EDGE_CURVE('',#4112,#4114,#1768,.T.);
#4932=EDGE_CURVE('',#4115,#4116,#1769,.T.);
#4933=EDGE_CURVE('',#4117,#4115,#1770,.T.);
#4934=EDGE_CURVE('',#4118,#4117,#1771,.T.);
#4935=EDGE_CURVE('',#4116,#4118,#1772,.T.);
#4936=EDGE_CURVE('',#4119,#4120,#1773,.T.);
#4937=EDGE_CURVE('',#4121,#4119,#1774,.T.);
#4938=EDGE_CURVE('',#4122,#4121,#1775,.T.);
#4939=EDGE_CURVE('',#4120,#4122,#1776,.T.);
#4940=EDGE_CURVE('',#4123,#4124,#1777,.T.);
#4941=EDGE_CURVE('',#4125,#4123,#1778,.T.);
#4942=EDGE_CURVE('',#4126,#4125,#1779,.T.);
#4943=EDGE_CURVE('',#4124,#4126,#1780,.T.);
#4944=EDGE_CURVE('',#4127,#4128,#1781,.T.);
#4945=EDGE_CURVE('',#4129,#4127,#1782,.T.);
#4946=EDGE_CURVE('',#4130,#4129,#1783,.T.);
#4947=EDGE_CURVE('',#4128,#4130,#1784,.T.);
#4948=EDGE_CURVE('',#4131,#4132,#1785,.T.);
#4949=EDGE_CURVE('',#4133,#4131,#1786,.T.);
#4950=EDGE_CURVE('',#4134,#4133,#1787,.T.);
#4951=EDGE_CURVE('',#4135,#4134,#1788,.T.);
#4952=EDGE_CURVE('',#4136,#4135,#1789,.T.);
#4953=EDGE_CURVE('',#4137,#4136,#1790,.T.);
#4954=EDGE_CURVE('',#4138,#4137,#1791,.T.);
#4955=EDGE_CURVE('',#4139,#4138,#1792,.T.);
#4956=EDGE_CURVE('',#4140,#4139,#1793,.T.);
#4957=EDGE_CURVE('',#4141,#4140,#1794,.T.);
#4958=EDGE_CURVE('',#4142,#4141,#1795,.T.);
#4959=EDGE_CURVE('',#4143,#4142,#1796,.T.);
#4960=EDGE_CURVE('',#4144,#4143,#1797,.T.);
#4961=EDGE_CURVE('',#4145,#4144,#1798,.T.);
#4962=EDGE_CURVE('',#4146,#4145,#1799,.T.);
#4963=EDGE_CURVE('',#4147,#4146,#1800,.T.);
#4964=EDGE_CURVE('',#4148,#4147,#1801,.T.);
#4965=EDGE_CURVE('',#4149,#4148,#1802,.T.);
#4966=EDGE_CURVE('',#4150,#4149,#1803,.T.);
#4967=EDGE_CURVE('',#4151,#4150,#1804,.T.);
#4968=EDGE_CURVE('',#4152,#4151,#1805,.T.);
#4969=EDGE_CURVE('',#4153,#4152,#1806,.T.);
#4970=EDGE_CURVE('',#4154,#4153,#1807,.T.);
#4971=EDGE_CURVE('',#4155,#4154,#1808,.T.);
#4972=EDGE_CURVE('',#4156,#4155,#1809,.T.);
#4973=EDGE_CURVE('',#4157,#4156,#1810,.T.);
#4974=EDGE_CURVE('',#4158,#4157,#1811,.T.);
#4975=EDGE_CURVE('',#4159,#4158,#1812,.T.);
#4976=EDGE_CURVE('',#4160,#4159,#1813,.T.);
#4977=EDGE_CURVE('',#4161,#4160,#1814,.T.);
#4978=EDGE_CURVE('',#4162,#4161,#1815,.T.);
#4979=EDGE_CURVE('',#4163,#4162,#1816,.T.);
#4980=EDGE_CURVE('',#4164,#4163,#1817,.T.);
#4981=EDGE_CURVE('',#4165,#4164,#1818,.T.);
#4982=EDGE_CURVE('',#4166,#4165,#1819,.T.);
#4983=EDGE_CURVE('',#4132,#4166,#1820,.T.);
#4984=EDGE_CURVE('',#4167,#4168,#1821,.T.);
#4985=EDGE_CURVE('',#4169,#4167,#1822,.T.);
#4986=EDGE_CURVE('',#4170,#4169,#1823,.T.);
#4987=EDGE_CURVE('',#4168,#4170,#1824,.T.);
#4988=EDGE_CURVE('',#4171,#4172,#1825,.T.);
#4989=EDGE_CURVE('',#4173,#4171,#1826,.T.);
#4990=EDGE_CURVE('',#4174,#4173,#1827,.T.);
#4991=EDGE_CURVE('',#4172,#4174,#1828,.T.);
#4992=EDGE_CURVE('',#4175,#4176,#1829,.T.);
#4993=EDGE_CURVE('',#4177,#4175,#1830,.T.);
#4994=EDGE_CURVE('',#4178,#4177,#1831,.T.);
#4995=EDGE_CURVE('',#4176,#4178,#1832,.T.);
#4996=EDGE_CURVE('',#4179,#4180,#1833,.T.);
#4997=EDGE_CURVE('',#4181,#4179,#1834,.T.);
#4998=EDGE_CURVE('',#4182,#4181,#1835,.T.);
#4999=EDGE_CURVE('',#4180,#4182,#1836,.T.);
#5000=EDGE_CURVE('',#4183,#4184,#1837,.T.);
#5001=EDGE_CURVE('',#4185,#4183,#1838,.T.);
#5002=EDGE_CURVE('',#4186,#4185,#1839,.T.);
#5003=EDGE_CURVE('',#4184,#4186,#1840,.T.);
#5004=EDGE_CURVE('',#4187,#4188,#1841,.T.);
#5005=EDGE_CURVE('',#4189,#4187,#1842,.T.);
#5006=EDGE_CURVE('',#4190,#4189,#1843,.T.);
#5007=EDGE_CURVE('',#4188,#4190,#1844,.T.);
#5008=EDGE_CURVE('',#4191,#4192,#1845,.T.);
#5009=EDGE_CURVE('',#4193,#4191,#1846,.T.);
#5010=EDGE_CURVE('',#4194,#4193,#1847,.T.);
#5011=EDGE_CURVE('',#4192,#4194,#1848,.T.);
#5012=EDGE_CURVE('',#4195,#4196,#1849,.T.);
#5013=EDGE_CURVE('',#4197,#4195,#1850,.T.);
#5014=EDGE_CURVE('',#4198,#4197,#1851,.T.);
#5015=EDGE_CURVE('',#4196,#4198,#1852,.T.);
#5016=EDGE_CURVE('',#4199,#4200,#1853,.T.);
#5017=EDGE_CURVE('',#4201,#4199,#1854,.T.);
#5018=EDGE_CURVE('',#4202,#4201,#1855,.T.);
#5019=EDGE_CURVE('',#4200,#4202,#1856,.T.);
#5020=EDGE_CURVE('',#4203,#4204,#1857,.T.);
#5021=EDGE_CURVE('',#4205,#4203,#1858,.T.);
#5022=EDGE_CURVE('',#4206,#4205,#1859,.T.);
#5023=EDGE_CURVE('',#4204,#4206,#1860,.T.);
#5024=EDGE_CURVE('',#4207,#4208,#1861,.T.);
#5025=EDGE_CURVE('',#4209,#4207,#1862,.T.);
#5026=EDGE_CURVE('',#4210,#4209,#1863,.T.);
#5027=EDGE_CURVE('',#4208,#4210,#1864,.T.);
#5028=EDGE_CURVE('',#4211,#4212,#1865,.T.);
#5029=EDGE_CURVE('',#4213,#4211,#1866,.T.);
#5030=EDGE_CURVE('',#4214,#4213,#1867,.T.);
#5031=EDGE_CURVE('',#4212,#4214,#1868,.T.);
#5032=EDGE_CURVE('',#4215,#4216,#1869,.T.);
#5033=EDGE_CURVE('',#4217,#4215,#1870,.T.);
#5034=EDGE_CURVE('',#4218,#4217,#1871,.T.);
#5035=EDGE_CURVE('',#4216,#4218,#1872,.T.);
#5036=EDGE_CURVE('',#4219,#4220,#1873,.T.);
#5037=EDGE_CURVE('',#4221,#4219,#1874,.T.);
#5038=EDGE_CURVE('',#4222,#4221,#1875,.T.);
#5039=EDGE_CURVE('',#4220,#4222,#1876,.T.);
#5040=EDGE_CURVE('',#4223,#4224,#1877,.T.);
#5041=EDGE_CURVE('',#4225,#4223,#1878,.T.);
#5042=EDGE_CURVE('',#4226,#4225,#1879,.T.);
#5043=EDGE_CURVE('',#4224,#4226,#1880,.T.);
#5044=EDGE_CURVE('',#4227,#4228,#1881,.T.);
#5045=EDGE_CURVE('',#4229,#4227,#1882,.T.);
#5046=EDGE_CURVE('',#4230,#4229,#1883,.T.);
#5047=EDGE_CURVE('',#4228,#4230,#1884,.T.);
#5048=EDGE_CURVE('',#4231,#4232,#1885,.T.);
#5049=EDGE_CURVE('',#4233,#4231,#1886,.T.);
#5050=EDGE_CURVE('',#4234,#4233,#1887,.T.);
#5051=EDGE_CURVE('',#4232,#4234,#1888,.T.);
#5052=EDGE_CURVE('',#4235,#4236,#1889,.T.);
#5053=EDGE_CURVE('',#4237,#4235,#1890,.T.);
#5054=EDGE_CURVE('',#4238,#4237,#1891,.T.);
#5055=EDGE_CURVE('',#4236,#4238,#1892,.T.);
#5056=EDGE_CURVE('',#4239,#4240,#1893,.T.);
#5057=EDGE_CURVE('',#4241,#4239,#1894,.T.);
#5058=EDGE_CURVE('',#4242,#4241,#1895,.T.);
#5059=EDGE_CURVE('',#4240,#4242,#1896,.T.);
#5060=EDGE_CURVE('',#4243,#4244,#1897,.T.);
#5061=EDGE_CURVE('',#4245,#4243,#1898,.T.);
#5062=EDGE_CURVE('',#4246,#4245,#1899,.T.);
#5063=EDGE_CURVE('',#4244,#4246,#1900,.T.);
#5064=EDGE_CURVE('',#4247,#4248,#1531,.T.);
#5065=EDGE_CURVE('',#4249,#4247,#1901,.T.);
#5066=EDGE_CURVE('',#4250,#4249,#1532,.T.);
#5067=EDGE_CURVE('',#4248,#4250,#1902,.T.);
#5068=EDGE_CURVE('',#4251,#4252,#1903,.T.);
#5069=EDGE_CURVE('',#4253,#4251,#1904,.T.);
#5070=EDGE_CURVE('',#4254,#4253,#1905,.T.);
#5071=EDGE_CURVE('',#4252,#4254,#1906,.T.);
#5072=EDGE_CURVE('',#4255,#4256,#1907,.T.);
#5073=EDGE_CURVE('',#4257,#4255,#1908,.T.);
#5074=EDGE_CURVE('',#4258,#4257,#1909,.T.);
#5075=EDGE_CURVE('',#4256,#4258,#1910,.T.);
#5076=EDGE_CURVE('',#4259,#4260,#1911,.T.);
#5077=EDGE_CURVE('',#4261,#4259,#1912,.T.);
#5078=EDGE_CURVE('',#4262,#4261,#1913,.T.);
#5079=EDGE_CURVE('',#4260,#4262,#1914,.T.);
#5080=EDGE_CURVE('',#4263,#4264,#1915,.T.);
#5081=EDGE_CURVE('',#4265,#4263,#1916,.T.);
#5082=EDGE_CURVE('',#4266,#4265,#1917,.T.);
#5083=EDGE_CURVE('',#4264,#4266,#1918,.T.);
#5084=EDGE_CURVE('',#4267,#4268,#1919,.T.);
#5085=EDGE_CURVE('',#4269,#4267,#1920,.T.);
#5086=EDGE_CURVE('',#4270,#4269,#1921,.T.);
#5087=EDGE_CURVE('',#4268,#4270,#1922,.T.);
#5088=EDGE_CURVE('',#4271,#4272,#1923,.T.);
#5089=EDGE_CURVE('',#4273,#4271,#1924,.T.);
#5090=EDGE_CURVE('',#4274,#4273,#1925,.T.);
#5091=EDGE_CURVE('',#4272,#4274,#1926,.T.);
#5092=EDGE_CURVE('',#4275,#4276,#1927,.T.);
#5093=EDGE_CURVE('',#4277,#4275,#1928,.T.);
#5094=EDGE_CURVE('',#4278,#4277,#1929,.T.);
#5095=EDGE_CURVE('',#4276,#4278,#1930,.T.);
#5096=EDGE_CURVE('',#4279,#4280,#1931,.T.);
#5097=EDGE_CURVE('',#4281,#4279,#1932,.T.);
#5098=EDGE_CURVE('',#4282,#4281,#1933,.T.);
#5099=EDGE_CURVE('',#4280,#4282,#1934,.T.);
#5100=EDGE_CURVE('',#4283,#4284,#1935,.T.);
#5101=EDGE_CURVE('',#4285,#4283,#1936,.T.);
#5102=EDGE_CURVE('',#4286,#4285,#1937,.T.);
#5103=EDGE_CURVE('',#4284,#4286,#1938,.T.);
#5104=EDGE_CURVE('',#4287,#4288,#1939,.T.);
#5105=EDGE_CURVE('',#4289,#4287,#1940,.T.);
#5106=EDGE_CURVE('',#4290,#4289,#1941,.T.);
#5107=EDGE_CURVE('',#4288,#4290,#1942,.T.);
#5108=EDGE_CURVE('',#4291,#4292,#1943,.T.);
#5109=EDGE_CURVE('',#4293,#4291,#1944,.T.);
#5110=EDGE_CURVE('',#4294,#4293,#1945,.T.);
#5111=EDGE_CURVE('',#4292,#4294,#1946,.T.);
#5112=EDGE_CURVE('',#4295,#4296,#1947,.T.);
#5113=EDGE_CURVE('',#4297,#4295,#1948,.T.);
#5114=EDGE_CURVE('',#4298,#4297,#1949,.T.);
#5115=EDGE_CURVE('',#4296,#4298,#1950,.T.);
#5116=EDGE_CURVE('',#4299,#4300,#1951,.T.);
#5117=EDGE_CURVE('',#4301,#4299,#1952,.T.);
#5118=EDGE_CURVE('',#4302,#4301,#1953,.T.);
#5119=EDGE_CURVE('',#4300,#4302,#1954,.T.);
#5120=EDGE_CURVE('',#4303,#4303,#1533,.T.);
#5121=EDGE_CURVE('',#4304,#4304,#1534,.T.);
#5122=EDGE_CURVE('',#4305,#4305,#1535,.T.);
#5123=EDGE_CURVE('',#4306,#4306,#1536,.T.);
#5124=EDGE_CURVE('',#3896,#3938,#1955,.T.);
#5125=EDGE_CURVE('',#3915,#4307,#1956,.T.);
#5126=EDGE_CURVE('',#4308,#3901,#1957,.T.);
#5127=EDGE_CURVE('',#4309,#4308,#23,.T.);
#5128=EDGE_CURVE('',#4307,#4309,#1958,.T.);
#5129=EDGE_CURVE('',#3937,#4310,#1537,.T.);
#5130=EDGE_CURVE('',#4311,#4310,#1959,.T.);
#5131=EDGE_CURVE('',#3916,#4311,#1960,.T.);
#5132=EDGE_CURVE('',#4307,#4312,#1538,.T.);
#5133=EDGE_CURVE('',#4312,#3897,#1961,.T.);
#5134=EDGE_CURVE('',#4312,#3900,#1962,.T.);
#5135=EDGE_CURVE('',#4313,#3935,#1963,.T.);
#5136=EDGE_CURVE('',#4314,#4313,#1964,.T.);
#5137=EDGE_CURVE('',#3936,#4314,#1539,.T.);
#5138=EDGE_CURVE('',#3930,#4315,#1965,.T.);
#5139=EDGE_CURVE('',#4315,#3930,#1540,.T.);
#5140=EDGE_CURVE('',#4316,#3927,#1541,.T.);
#5141=EDGE_CURVE('',#4316,#4317,#1966,.T.);
#5142=EDGE_CURVE('',#4318,#4317,#1542,.T.);
#5143=EDGE_CURVE('',#4315,#4318,#1967,.T.);
#5144=EDGE_CURVE('',#4310,#4314,#1968,.T.);
#5145=EDGE_CURVE('',#4319,#4315,#1969,.T.);
#5146=EDGE_CURVE('',#4319,#3931,#1970,.T.);
#5147=EDGE_CURVE('',#4313,#4320,#1971,.T.);
#5148=EDGE_CURVE('',#4320,#4321,#1543,.T.);
#5149=EDGE_CURVE('',#4321,#4322,#1972,.T.);
#5150=EDGE_CURVE('',#4322,#4319,#1544,.T.);
#5151=EDGE_CURVE('',#4316,#4323,#1973,.T.);
#5152=EDGE_CURVE('',#4323,#4324,#1545,.T.);
#5153=EDGE_CURVE('',#4324,#4325,#1974,.T.);
#5154=EDGE_CURVE('',#4325,#4326,#1975,.T.);
#5155=EDGE_CURVE('',#4326,#4327,#1976,.T.);
#5156=EDGE_CURVE('',#4327,#4328,#1546,.T.);
#5157=EDGE_CURVE('',#4328,#4329,#1977,.T.);
#5158=EDGE_CURVE('',#4329,#4330,#1547,.T.);
#5159=EDGE_CURVE('',#4330,#4331,#1978,.T.);
#5160=EDGE_CURVE('',#4331,#4332,#1979,.T.);
#5161=EDGE_CURVE('',#4332,#4311,#1548,.T.);
#5162=EDGE_CURVE('',#4333,#4333,#1549,.T.);
#5163=EDGE_CURVE('',#4334,#4334,#1550,.T.);
#5164=EDGE_CURVE('',#4335,#4335,#1551,.T.);
#5165=EDGE_CURVE('',#4336,#4336,#1552,.T.);
#5166=EDGE_CURVE('',#4337,#4338,#1980,.T.);
#5167=EDGE_CURVE('',#4338,#4339,#1981,.T.);
#5168=EDGE_CURVE('',#4339,#4340,#1982,.T.);
#5169=EDGE_CURVE('',#4340,#4337,#1983,.T.);
#5170=EDGE_CURVE('',#4341,#4342,#1984,.T.);
#5171=EDGE_CURVE('',#4342,#4343,#1985,.T.);
#5172=EDGE_CURVE('',#4343,#4344,#1986,.T.);
#5173=EDGE_CURVE('',#4344,#4341,#1987,.T.);
#5174=EDGE_CURVE('',#4345,#4346,#1988,.T.);
#5175=EDGE_CURVE('',#4346,#4347,#1989,.T.);
#5176=EDGE_CURVE('',#4347,#4348,#1990,.T.);
#5177=EDGE_CURVE('',#4348,#4345,#1991,.T.);
#5178=EDGE_CURVE('',#4349,#4350,#1992,.T.);
#5179=EDGE_CURVE('',#4350,#4351,#1993,.T.);
#5180=EDGE_CURVE('',#4351,#4352,#1994,.T.);
#5181=EDGE_CURVE('',#4352,#4349,#1995,.T.);
#5182=EDGE_CURVE('',#4353,#4354,#1996,.T.);
#5183=EDGE_CURVE('',#4354,#4355,#1997,.T.);
#5184=EDGE_CURVE('',#4355,#4356,#1998,.T.);
#5185=EDGE_CURVE('',#4356,#4353,#1999,.T.);
#5186=EDGE_CURVE('',#4357,#4358,#2000,.T.);
#5187=EDGE_CURVE('',#4358,#4359,#2001,.T.);
#5188=EDGE_CURVE('',#4359,#4360,#2002,.T.);
#5189=EDGE_CURVE('',#4360,#4361,#2003,.T.);
#5190=EDGE_CURVE('',#4361,#4362,#2004,.T.);
#5191=EDGE_CURVE('',#4362,#4363,#2005,.T.);
#5192=EDGE_CURVE('',#4363,#4364,#2006,.T.);
#5193=EDGE_CURVE('',#4364,#4365,#2007,.T.);
#5194=EDGE_CURVE('',#4365,#4366,#2008,.T.);
#5195=EDGE_CURVE('',#4366,#4367,#2009,.T.);
#5196=EDGE_CURVE('',#4367,#4368,#2010,.T.);
#5197=EDGE_CURVE('',#4368,#4369,#2011,.T.);
#5198=EDGE_CURVE('',#4369,#4370,#2012,.T.);
#5199=EDGE_CURVE('',#4370,#4371,#2013,.T.);
#5200=EDGE_CURVE('',#4371,#4372,#2014,.T.);
#5201=EDGE_CURVE('',#4372,#4373,#2015,.T.);
#5202=EDGE_CURVE('',#4373,#4374,#2016,.T.);
#5203=EDGE_CURVE('',#4374,#4375,#2017,.T.);
#5204=EDGE_CURVE('',#4375,#4376,#2018,.T.);
#5205=EDGE_CURVE('',#4376,#4377,#2019,.T.);
#5206=EDGE_CURVE('',#4377,#4378,#2020,.T.);
#5207=EDGE_CURVE('',#4378,#4379,#2021,.T.);
#5208=EDGE_CURVE('',#4379,#4380,#2022,.T.);
#5209=EDGE_CURVE('',#4380,#4381,#2023,.T.);
#5210=EDGE_CURVE('',#4381,#4382,#2024,.T.);
#5211=EDGE_CURVE('',#4382,#4383,#2025,.T.);
#5212=EDGE_CURVE('',#4383,#4384,#2026,.T.);
#5213=EDGE_CURVE('',#4384,#4385,#2027,.T.);
#5214=EDGE_CURVE('',#4385,#4386,#2028,.T.);
#5215=EDGE_CURVE('',#4386,#4387,#2029,.T.);
#5216=EDGE_CURVE('',#4387,#4388,#2030,.T.);
#5217=EDGE_CURVE('',#4388,#4389,#2031,.T.);
#5218=EDGE_CURVE('',#4389,#4390,#2032,.T.);
#5219=EDGE_CURVE('',#4390,#4391,#2033,.T.);
#5220=EDGE_CURVE('',#4391,#4392,#2034,.T.);
#5221=EDGE_CURVE('',#4392,#4357,#2035,.T.);
#5222=EDGE_CURVE('',#4393,#4394,#2036,.T.);
#5223=EDGE_CURVE('',#4394,#4395,#2037,.T.);
#5224=EDGE_CURVE('',#4395,#4396,#2038,.T.);
#5225=EDGE_CURVE('',#4396,#4393,#2039,.T.);
#5226=EDGE_CURVE('',#4397,#4398,#2040,.T.);
#5227=EDGE_CURVE('',#4398,#4399,#2041,.T.);
#5228=EDGE_CURVE('',#4399,#4400,#2042,.T.);
#5229=EDGE_CURVE('',#4400,#4397,#2043,.T.);
#5230=EDGE_CURVE('',#4401,#4402,#2044,.T.);
#5231=EDGE_CURVE('',#4402,#4403,#2045,.T.);
#5232=EDGE_CURVE('',#4403,#4404,#2046,.T.);
#5233=EDGE_CURVE('',#4404,#4401,#2047,.T.);
#5234=EDGE_CURVE('',#4405,#4406,#2048,.T.);
#5235=EDGE_CURVE('',#4406,#4407,#2049,.T.);
#5236=EDGE_CURVE('',#4407,#4408,#2050,.T.);
#5237=EDGE_CURVE('',#4408,#4405,#2051,.T.);
#5238=EDGE_CURVE('',#4409,#4410,#2052,.T.);
#5239=EDGE_CURVE('',#4410,#4411,#2053,.T.);
#5240=EDGE_CURVE('',#4411,#4412,#2054,.T.);
#5241=EDGE_CURVE('',#4412,#4409,#2055,.T.);
#5242=EDGE_CURVE('',#4413,#4414,#2056,.T.);
#5243=EDGE_CURVE('',#4414,#4415,#2057,.T.);
#5244=EDGE_CURVE('',#4415,#4416,#2058,.T.);
#5245=EDGE_CURVE('',#4416,#4413,#2059,.T.);
#5246=EDGE_CURVE('',#4417,#4418,#2060,.T.);
#5247=EDGE_CURVE('',#4418,#4419,#2061,.T.);
#5248=EDGE_CURVE('',#4419,#4420,#2062,.T.);
#5249=EDGE_CURVE('',#4420,#4417,#2063,.T.);
#5250=EDGE_CURVE('',#4421,#4422,#2064,.T.);
#5251=EDGE_CURVE('',#4422,#4423,#2065,.T.);
#5252=EDGE_CURVE('',#4423,#4424,#2066,.T.);
#5253=EDGE_CURVE('',#4424,#4421,#2067,.T.);
#5254=EDGE_CURVE('',#4425,#4426,#2068,.T.);
#5255=EDGE_CURVE('',#4426,#4427,#2069,.T.);
#5256=EDGE_CURVE('',#4427,#4428,#2070,.T.);
#5257=EDGE_CURVE('',#4428,#4429,#2071,.T.);
#5258=EDGE_CURVE('',#4429,#4430,#2072,.T.);
#5259=EDGE_CURVE('',#4430,#4431,#2073,.T.);
#5260=EDGE_CURVE('',#4431,#4432,#2074,.T.);
#5261=EDGE_CURVE('',#4432,#4433,#2075,.T.);
#5262=EDGE_CURVE('',#4433,#4434,#2076,.T.);
#5263=EDGE_CURVE('',#4434,#4435,#2077,.T.);
#5264=EDGE_CURVE('',#4435,#4436,#2078,.T.);
#5265=EDGE_CURVE('',#4436,#4437,#2079,.T.);
#5266=EDGE_CURVE('',#4437,#4438,#2080,.T.);
#5267=EDGE_CURVE('',#4438,#4439,#2081,.T.);
#5268=EDGE_CURVE('',#4439,#4440,#2082,.T.);
#5269=EDGE_CURVE('',#4440,#4441,#2083,.T.);
#5270=EDGE_CURVE('',#4441,#4442,#2084,.T.);
#5271=EDGE_CURVE('',#4442,#4443,#2085,.T.);
#5272=EDGE_CURVE('',#4443,#4444,#2086,.T.);
#5273=EDGE_CURVE('',#4444,#4445,#2087,.T.);
#5274=EDGE_CURVE('',#4445,#4446,#2088,.T.);
#5275=EDGE_CURVE('',#4446,#4447,#2089,.T.);
#5276=EDGE_CURVE('',#4447,#4448,#2090,.T.);
#5277=EDGE_CURVE('',#4448,#4449,#2091,.T.);
#5278=EDGE_CURVE('',#4449,#4450,#2092,.T.);
#5279=EDGE_CURVE('',#4450,#4451,#2093,.T.);
#5280=EDGE_CURVE('',#4451,#4452,#2094,.T.);
#5281=EDGE_CURVE('',#4452,#4453,#2095,.T.);
#5282=EDGE_CURVE('',#4453,#4454,#2096,.T.);
#5283=EDGE_CURVE('',#4454,#4455,#2097,.T.);
#5284=EDGE_CURVE('',#4455,#4456,#2098,.T.);
#5285=EDGE_CURVE('',#4456,#4457,#2099,.T.);
#5286=EDGE_CURVE('',#4457,#4458,#2100,.T.);
#5287=EDGE_CURVE('',#4458,#4459,#2101,.T.);
#5288=EDGE_CURVE('',#4459,#4460,#2102,.T.);
#5289=EDGE_CURVE('',#4460,#4425,#2103,.T.);
#5290=EDGE_CURVE('',#4461,#4462,#2104,.T.);
#5291=EDGE_CURVE('',#4462,#4463,#2105,.T.);
#5292=EDGE_CURVE('',#4463,#4464,#2106,.T.);
#5293=EDGE_CURVE('',#4464,#4461,#2107,.T.);
#5294=EDGE_CURVE('',#4465,#4466,#2108,.T.);
#5295=EDGE_CURVE('',#4466,#4467,#2109,.T.);
#5296=EDGE_CURVE('',#4467,#4468,#2110,.T.);
#5297=EDGE_CURVE('',#4468,#4465,#2111,.T.);
#5298=EDGE_CURVE('',#4469,#4470,#2112,.T.);
#5299=EDGE_CURVE('',#4470,#4471,#2113,.T.);
#5300=EDGE_CURVE('',#4471,#4472,#2114,.T.);
#5301=EDGE_CURVE('',#4472,#4469,#2115,.T.);
#5302=EDGE_CURVE('',#4473,#4474,#2116,.T.);
#5303=EDGE_CURVE('',#4474,#4475,#2117,.T.);
#5304=EDGE_CURVE('',#4475,#4476,#2118,.T.);
#5305=EDGE_CURVE('',#4476,#4473,#2119,.T.);
#5306=EDGE_CURVE('',#4477,#4478,#2120,.T.);
#5307=EDGE_CURVE('',#4478,#4479,#2121,.T.);
#5308=EDGE_CURVE('',#4479,#4480,#2122,.T.);
#5309=EDGE_CURVE('',#4480,#4477,#2123,.T.);
#5310=EDGE_CURVE('',#4481,#4482,#2124,.T.);
#5311=EDGE_CURVE('',#4482,#4483,#2125,.T.);
#5312=EDGE_CURVE('',#4483,#4484,#2126,.T.);
#5313=EDGE_CURVE('',#4484,#4481,#2127,.T.);
#5314=EDGE_CURVE('',#4485,#4486,#2128,.T.);
#5315=EDGE_CURVE('',#4486,#4487,#2129,.T.);
#5316=EDGE_CURVE('',#4487,#4488,#2130,.T.);
#5317=EDGE_CURVE('',#4488,#4485,#2131,.T.);
#5318=EDGE_CURVE('',#4489,#4490,#2132,.T.);
#5319=EDGE_CURVE('',#4490,#4491,#2133,.T.);
#5320=EDGE_CURVE('',#4491,#4492,#2134,.T.);
#5321=EDGE_CURVE('',#4492,#4489,#2135,.T.);
#5322=EDGE_CURVE('',#4493,#4494,#2136,.T.);
#5323=EDGE_CURVE('',#4494,#4495,#2137,.T.);
#5324=EDGE_CURVE('',#4495,#4496,#2138,.T.);
#5325=EDGE_CURVE('',#4496,#4493,#2139,.T.);
#5326=EDGE_CURVE('',#4497,#4498,#2140,.T.);
#5327=EDGE_CURVE('',#4498,#4499,#2141,.T.);
#5328=EDGE_CURVE('',#4499,#4500,#2142,.T.);
#5329=EDGE_CURVE('',#4500,#4497,#2143,.T.);
#5330=EDGE_CURVE('',#4501,#4502,#2144,.T.);
#5331=EDGE_CURVE('',#4502,#4503,#2145,.T.);
#5332=EDGE_CURVE('',#4503,#4504,#2146,.T.);
#5333=EDGE_CURVE('',#4504,#4501,#2147,.T.);
#5334=EDGE_CURVE('',#4505,#4506,#2148,.T.);
#5335=EDGE_CURVE('',#4506,#4507,#2149,.T.);
#5336=EDGE_CURVE('',#4507,#4508,#2150,.T.);
#5337=EDGE_CURVE('',#4508,#4505,#2151,.T.);
#5338=EDGE_CURVE('',#4509,#4510,#2152,.T.);
#5339=EDGE_CURVE('',#4510,#4511,#2153,.T.);
#5340=EDGE_CURVE('',#4511,#4512,#2154,.T.);
#5341=EDGE_CURVE('',#4512,#4509,#2155,.T.);
#5342=EDGE_CURVE('',#4513,#4514,#2156,.T.);
#5343=EDGE_CURVE('',#4514,#4515,#2157,.T.);
#5344=EDGE_CURVE('',#4515,#4516,#2158,.T.);
#5345=EDGE_CURVE('',#4516,#4513,#2159,.T.);
#5346=EDGE_CURVE('',#4517,#4518,#2160,.T.);
#5347=EDGE_CURVE('',#4518,#4519,#2161,.T.);
#5348=EDGE_CURVE('',#4519,#4520,#2162,.T.);
#5349=EDGE_CURVE('',#4520,#4517,#2163,.T.);
#5350=EDGE_CURVE('',#4521,#4522,#2164,.T.);
#5351=EDGE_CURVE('',#4522,#4523,#2165,.T.);
#5352=EDGE_CURVE('',#4523,#4524,#2166,.T.);
#5353=EDGE_CURVE('',#4524,#4521,#2167,.T.);
#5354=EDGE_CURVE('',#4525,#4526,#2168,.T.);
#5355=EDGE_CURVE('',#4526,#4527,#2169,.T.);
#5356=EDGE_CURVE('',#4527,#4528,#2170,.T.);
#5357=EDGE_CURVE('',#4528,#4529,#2171,.T.);
#5358=EDGE_CURVE('',#4529,#4530,#2172,.T.);
#5359=EDGE_CURVE('',#4530,#4531,#2173,.T.);
#5360=EDGE_CURVE('',#4531,#4532,#2174,.T.);
#5361=EDGE_CURVE('',#4532,#4533,#2175,.T.);
#5362=EDGE_CURVE('',#4533,#4534,#2176,.T.);
#5363=EDGE_CURVE('',#4534,#4535,#2177,.T.);
#5364=EDGE_CURVE('',#4535,#4536,#2178,.T.);
#5365=EDGE_CURVE('',#4536,#4537,#2179,.T.);
#5366=EDGE_CURVE('',#4537,#4538,#2180,.T.);
#5367=EDGE_CURVE('',#4538,#4539,#2181,.T.);
#5368=EDGE_CURVE('',#4539,#4540,#2182,.T.);
#5369=EDGE_CURVE('',#4540,#4541,#2183,.T.);
#5370=EDGE_CURVE('',#4541,#4542,#2184,.T.);
#5371=EDGE_CURVE('',#4542,#4543,#2185,.T.);
#5372=EDGE_CURVE('',#4543,#4544,#2186,.T.);
#5373=EDGE_CURVE('',#4544,#4545,#2187,.T.);
#5374=EDGE_CURVE('',#4545,#4546,#2188,.T.);
#5375=EDGE_CURVE('',#4546,#4547,#2189,.T.);
#5376=EDGE_CURVE('',#4547,#4548,#2190,.T.);
#5377=EDGE_CURVE('',#4548,#4549,#2191,.T.);
#5378=EDGE_CURVE('',#4549,#4550,#2192,.T.);
#5379=EDGE_CURVE('',#4550,#4551,#2193,.T.);
#5380=EDGE_CURVE('',#4551,#4552,#2194,.T.);
#5381=EDGE_CURVE('',#4552,#4553,#2195,.T.);
#5382=EDGE_CURVE('',#4553,#4554,#2196,.T.);
#5383=EDGE_CURVE('',#4554,#4555,#2197,.T.);
#5384=EDGE_CURVE('',#4555,#4556,#2198,.T.);
#5385=EDGE_CURVE('',#4556,#4557,#2199,.T.);
#5386=EDGE_CURVE('',#4557,#4558,#2200,.T.);
#5387=EDGE_CURVE('',#4558,#4559,#2201,.T.);
#5388=EDGE_CURVE('',#4559,#4560,#2202,.T.);
#5389=EDGE_CURVE('',#4560,#4525,#2203,.T.);
#5390=EDGE_CURVE('',#4561,#4562,#2204,.T.);
#5391=EDGE_CURVE('',#4562,#4563,#2205,.T.);
#5392=EDGE_CURVE('',#4563,#4564,#2206,.T.);
#5393=EDGE_CURVE('',#4564,#4561,#2207,.T.);
#5394=EDGE_CURVE('',#4565,#4566,#2208,.T.);
#5395=EDGE_CURVE('',#4566,#4567,#2209,.T.);
#5396=EDGE_CURVE('',#4567,#4568,#2210,.T.);
#5397=EDGE_CURVE('',#4568,#4565,#2211,.T.);
#5398=EDGE_CURVE('',#4569,#4570,#2212,.T.);
#5399=EDGE_CURVE('',#4570,#4571,#2213,.T.);
#5400=EDGE_CURVE('',#4571,#4572,#2214,.T.);
#5401=EDGE_CURVE('',#4572,#4569,#2215,.T.);
#5402=EDGE_CURVE('',#4573,#4574,#2216,.T.);
#5403=EDGE_CURVE('',#4574,#4575,#2217,.T.);
#5404=EDGE_CURVE('',#4575,#4576,#2218,.T.);
#5405=EDGE_CURVE('',#4576,#4573,#2219,.T.);
#5406=EDGE_CURVE('',#4577,#4578,#2220,.T.);
#5407=EDGE_CURVE('',#4578,#4579,#2221,.T.);
#5408=EDGE_CURVE('',#4579,#4580,#2222,.T.);
#5409=EDGE_CURVE('',#4580,#4577,#2223,.T.);
#5410=EDGE_CURVE('',#4581,#4582,#2224,.T.);
#5411=EDGE_CURVE('',#4582,#4583,#2225,.T.);
#5412=EDGE_CURVE('',#4583,#4584,#2226,.T.);
#5413=EDGE_CURVE('',#4584,#4581,#2227,.T.);
#5414=EDGE_CURVE('',#4585,#4586,#2228,.T.);
#5415=EDGE_CURVE('',#4586,#4587,#2229,.T.);
#5416=EDGE_CURVE('',#4587,#4588,#2230,.T.);
#5417=EDGE_CURVE('',#4588,#4585,#2231,.T.);
#5418=EDGE_CURVE('',#4589,#4590,#2232,.T.);
#5419=EDGE_CURVE('',#4590,#4591,#2233,.T.);
#5420=EDGE_CURVE('',#4591,#4592,#2234,.T.);
#5421=EDGE_CURVE('',#4592,#4589,#2235,.T.);
#5422=EDGE_CURVE('',#4593,#4594,#2236,.T.);
#5423=EDGE_CURVE('',#4594,#4595,#2237,.T.);
#5424=EDGE_CURVE('',#4595,#4596,#2238,.T.);
#5425=EDGE_CURVE('',#4596,#4593,#2239,.T.);
#5426=EDGE_CURVE('',#4597,#4598,#2240,.T.);
#5427=EDGE_CURVE('',#4598,#4599,#2241,.T.);
#5428=EDGE_CURVE('',#4599,#4600,#2242,.T.);
#5429=EDGE_CURVE('',#4600,#4597,#2243,.T.);
#5430=EDGE_CURVE('',#4601,#4602,#2244,.T.);
#5431=EDGE_CURVE('',#4602,#4603,#2245,.T.);
#5432=EDGE_CURVE('',#4603,#4604,#2246,.T.);
#5433=EDGE_CURVE('',#4604,#4601,#2247,.T.);
#5434=EDGE_CURVE('',#4605,#4606,#2248,.T.);
#5435=EDGE_CURVE('',#4606,#4607,#2249,.T.);
#5436=EDGE_CURVE('',#4607,#4608,#2250,.T.);
#5437=EDGE_CURVE('',#4608,#4605,#2251,.T.);
#5438=EDGE_CURVE('',#4609,#4610,#2252,.T.);
#5439=EDGE_CURVE('',#4610,#4611,#2253,.T.);
#5440=EDGE_CURVE('',#4611,#4612,#2254,.T.);
#5441=EDGE_CURVE('',#4612,#4609,#2255,.T.);
#5442=EDGE_CURVE('',#4613,#4614,#2256,.T.);
#5443=EDGE_CURVE('',#4614,#4615,#2257,.T.);
#5444=EDGE_CURVE('',#4615,#4616,#2258,.T.);
#5445=EDGE_CURVE('',#4616,#4613,#2259,.T.);
#5446=EDGE_CURVE('',#4617,#4618,#2260,.T.);
#5447=EDGE_CURVE('',#4618,#4619,#2261,.T.);
#5448=EDGE_CURVE('',#4619,#4620,#2262,.T.);
#5449=EDGE_CURVE('',#4620,#4617,#2263,.T.);
#5450=EDGE_CURVE('',#4621,#4622,#2264,.T.);
#5451=EDGE_CURVE('',#4622,#4623,#2265,.T.);
#5452=EDGE_CURVE('',#4623,#4624,#2266,.T.);
#5453=EDGE_CURVE('',#4624,#4621,#2267,.T.);
#5454=EDGE_CURVE('',#4625,#4626,#2268,.T.);
#5455=EDGE_CURVE('',#4626,#4627,#2269,.T.);
#5456=EDGE_CURVE('',#4627,#4628,#2270,.T.);
#5457=EDGE_CURVE('',#4628,#4625,#2271,.T.);
#5458=EDGE_CURVE('',#4629,#4630,#2272,.T.);
#5459=EDGE_CURVE('',#4630,#4631,#2273,.T.);
#5460=EDGE_CURVE('',#4631,#4632,#2274,.T.);
#5461=EDGE_CURVE('',#4632,#4629,#2275,.T.);
#5462=EDGE_CURVE('',#4633,#4634,#2276,.T.);
#5463=EDGE_CURVE('',#4634,#4635,#2277,.T.);
#5464=EDGE_CURVE('',#4635,#4636,#2278,.T.);
#5465=EDGE_CURVE('',#4636,#4633,#2279,.T.);
#5466=EDGE_CURVE('',#4637,#4638,#2280,.T.);
#5467=EDGE_CURVE('',#4638,#4639,#2281,.T.);
#5468=EDGE_CURVE('',#4639,#4640,#2282,.T.);
#5469=EDGE_CURVE('',#4640,#4637,#2283,.T.);
#5470=EDGE_CURVE('',#4641,#4642,#1553,.T.);
#5471=EDGE_CURVE('',#4642,#4643,#2284,.T.);
#5472=EDGE_CURVE('',#4643,#4644,#1554,.T.);
#5473=EDGE_CURVE('',#4644,#4641,#2285,.T.);
#5474=EDGE_CURVE('',#4645,#4646,#2286,.T.);
#5475=EDGE_CURVE('',#4646,#4647,#2287,.T.);
#5476=EDGE_CURVE('',#4647,#4648,#2288,.T.);
#5477=EDGE_CURVE('',#4648,#4645,#2289,.T.);
#5478=EDGE_CURVE('',#4649,#4650,#2290,.T.);
#5479=EDGE_CURVE('',#4650,#4651,#2291,.T.);
#5480=EDGE_CURVE('',#4651,#4652,#2292,.T.);
#5481=EDGE_CURVE('',#4652,#4649,#2293,.T.);
#5482=EDGE_CURVE('',#4653,#4654,#2294,.T.);
#5483=EDGE_CURVE('',#4654,#4655,#2295,.T.);
#5484=EDGE_CURVE('',#4655,#4656,#2296,.T.);
#5485=EDGE_CURVE('',#4656,#4653,#2297,.T.);
#5486=EDGE_CURVE('',#4657,#4658,#2298,.T.);
#5487=EDGE_CURVE('',#4658,#4659,#2299,.T.);
#5488=EDGE_CURVE('',#4659,#4660,#2300,.T.);
#5489=EDGE_CURVE('',#4660,#4657,#2301,.T.);
#5490=EDGE_CURVE('',#4661,#4662,#2302,.T.);
#5491=EDGE_CURVE('',#4662,#4663,#2303,.T.);
#5492=EDGE_CURVE('',#4663,#4664,#2304,.T.);
#5493=EDGE_CURVE('',#4664,#4661,#2305,.T.);
#5494=EDGE_CURVE('',#4665,#4666,#2306,.T.);
#5495=EDGE_CURVE('',#4666,#4667,#2307,.T.);
#5496=EDGE_CURVE('',#4667,#4668,#2308,.T.);
#5497=EDGE_CURVE('',#4668,#4665,#2309,.T.);
#5498=EDGE_CURVE('',#4669,#4670,#2310,.T.);
#5499=EDGE_CURVE('',#4670,#4671,#2311,.T.);
#5500=EDGE_CURVE('',#4671,#4672,#2312,.T.);
#5501=EDGE_CURVE('',#4672,#4669,#2313,.T.);
#5502=EDGE_CURVE('',#4673,#4674,#2314,.T.);
#5503=EDGE_CURVE('',#4674,#4675,#2315,.T.);
#5504=EDGE_CURVE('',#4675,#4676,#2316,.T.);
#5505=EDGE_CURVE('',#4676,#4673,#2317,.T.);
#5506=EDGE_CURVE('',#4677,#4678,#2318,.T.);
#5507=EDGE_CURVE('',#4678,#4679,#2319,.T.);
#5508=EDGE_CURVE('',#4679,#4680,#2320,.T.);
#5509=EDGE_CURVE('',#4680,#4677,#2321,.T.);
#5510=EDGE_CURVE('',#4681,#4682,#2322,.T.);
#5511=EDGE_CURVE('',#4682,#4683,#2323,.T.);
#5512=EDGE_CURVE('',#4683,#4684,#2324,.T.);
#5513=EDGE_CURVE('',#4684,#4681,#2325,.T.);
#5514=EDGE_CURVE('',#4685,#4686,#2326,.T.);
#5515=EDGE_CURVE('',#4686,#4687,#2327,.T.);
#5516=EDGE_CURVE('',#4687,#4688,#2328,.T.);
#5517=EDGE_CURVE('',#4688,#4685,#2329,.T.);
#5518=EDGE_CURVE('',#4689,#4690,#2330,.T.);
#5519=EDGE_CURVE('',#4690,#4691,#2331,.T.);
#5520=EDGE_CURVE('',#4691,#4692,#2332,.T.);
#5521=EDGE_CURVE('',#4692,#4689,#2333,.T.);
#5522=EDGE_CURVE('',#4693,#4694,#2334,.T.);
#5523=EDGE_CURVE('',#4694,#4695,#2335,.T.);
#5524=EDGE_CURVE('',#4695,#4696,#2336,.T.);
#5525=EDGE_CURVE('',#4696,#4693,#2337,.T.);
#5526=EDGE_CURVE('',#4697,#4698,#2338,.T.);
#5527=EDGE_CURVE('',#4698,#4699,#1555,.T.);
#5528=EDGE_CURVE('',#4699,#4700,#2339,.T.);
#5529=EDGE_CURVE('',#4700,#4701,#1556,.T.);
#5530=EDGE_CURVE('',#4701,#4702,#2340,.T.);
#5531=EDGE_CURVE('',#4702,#3905,#1557,.T.);
#5532=EDGE_CURVE('',#3904,#4703,#1558,.T.);
#5533=EDGE_CURVE('',#4703,#4697,#1559,.T.);
#5534=EDGE_CURVE('',#4704,#4704,#1560,.T.);
#5535=EDGE_CURVE('',#4705,#4705,#1561,.T.);
#5536=EDGE_CURVE('',#4706,#4706,#1562,.T.);
#5537=EDGE_CURVE('',#4707,#4707,#1563,.T.);
#5538=EDGE_CURVE('',#3926,#4323,#2341,.T.);
#5539=EDGE_CURVE('',#4333,#3939,#2342,.T.);
#5540=EDGE_CURVE('',#4334,#3940,#2343,.T.);
#5541=EDGE_CURVE('',#4335,#3941,#2344,.T.);
#5542=EDGE_CURVE('',#4336,#3942,#2345,.T.);
#5543=EDGE_CURVE('',#4707,#4306,#2346,.T.);
#5544=EDGE_CURVE('',#4706,#4305,#2347,.T.);
#5545=EDGE_CURVE('',#4705,#4304,#2348,.T.);
#5546=EDGE_CURVE('',#4704,#4303,#2349,.T.);
#5547=EDGE_CURVE('',#4320,#3934,#2350,.T.);
#5548=EDGE_CURVE('',#4321,#3933,#2351,.T.);
#5549=EDGE_CURVE('',#4322,#3932,#2352,.T.);
#5550=EDGE_CURVE('',#4702,#3908,#2353,.T.);
#5551=EDGE_CURVE('',#4703,#3914,#2354,.T.);
#5552=EDGE_CURVE('',#4697,#3913,#2355,.T.);
#5553=EDGE_CURVE('',#4698,#3912,#2356,.T.);
#5554=EDGE_CURVE('',#4701,#3909,#2357,.T.);
#5555=EDGE_CURVE('',#4700,#3910,#2358,.T.);
#5556=EDGE_CURVE('',#4699,#3911,#2359,.T.);
#5557=EDGE_CURVE('',#3943,#4337,#2360,.T.);
#5558=EDGE_CURVE('',#3945,#4340,#2361,.T.);
#5559=EDGE_CURVE('',#3946,#4339,#2362,.T.);
#5560=EDGE_CURVE('',#3944,#4338,#2363,.T.);
#5561=EDGE_CURVE('',#3947,#4341,#2364,.T.);
#5562=EDGE_CURVE('',#3949,#4344,#2365,.T.);
#5563=EDGE_CURVE('',#3950,#4343,#2366,.T.);
#5564=EDGE_CURVE('',#3948,#4342,#2367,.T.);
#5565=EDGE_CURVE('',#3951,#4345,#2368,.T.);
#5566=EDGE_CURVE('',#3953,#4348,#2369,.T.);
#5567=EDGE_CURVE('',#3954,#4347,#2370,.T.);
#5568=EDGE_CURVE('',#3952,#4346,#2371,.T.);
#5569=EDGE_CURVE('',#3955,#4349,#2372,.T.);
#5570=EDGE_CURVE('',#3957,#4352,#2373,.T.);
#5571=EDGE_CURVE('',#3958,#4351,#2374,.T.);
#5572=EDGE_CURVE('',#3956,#4350,#2375,.T.);
#5573=EDGE_CURVE('',#3959,#4353,#2376,.T.);
#5574=EDGE_CURVE('',#3961,#4356,#2377,.T.);
#5575=EDGE_CURVE('',#3962,#4355,#2378,.T.);
#5576=EDGE_CURVE('',#3960,#4354,#2379,.T.);
#5577=EDGE_CURVE('',#3963,#4357,#2380,.T.);
#5578=EDGE_CURVE('',#3965,#4392,#2381,.T.);
#5579=EDGE_CURVE('',#3966,#4391,#2382,.T.);
#5580=EDGE_CURVE('',#3967,#4390,#2383,.T.);
#5581=EDGE_CURVE('',#3968,#4389,#2384,.T.);
#5582=EDGE_CURVE('',#3969,#4388,#2385,.T.);
#5583=EDGE_CURVE('',#3970,#4387,#2386,.T.);
#5584=EDGE_CURVE('',#3971,#4386,#2387,.T.);
#5585=EDGE_CURVE('',#3972,#4385,#2388,.T.);
#5586=EDGE_CURVE('',#3973,#4384,#2389,.T.);
#5587=EDGE_CURVE('',#3974,#4383,#2390,.T.);
#5588=EDGE_CURVE('',#3975,#4382,#2391,.T.);
#5589=EDGE_CURVE('',#3976,#4381,#2392,.T.);
#5590=EDGE_CURVE('',#3977,#4380,#2393,.T.);
#5591=EDGE_CURVE('',#3978,#4379,#2394,.T.);
#5592=EDGE_CURVE('',#3979,#4378,#2395,.T.);
#5593=EDGE_CURVE('',#3980,#4377,#2396,.T.);
#5594=EDGE_CURVE('',#3981,#4376,#2397,.T.);
#5595=EDGE_CURVE('',#3982,#4375,#2398,.T.);
#5596=EDGE_CURVE('',#3983,#4374,#2399,.T.);
#5597=EDGE_CURVE('',#3984,#4373,#2400,.T.);
#5598=EDGE_CURVE('',#3985,#4372,#2401,.T.);
#5599=EDGE_CURVE('',#3986,#4371,#2402,.T.);
#5600=EDGE_CURVE('',#3987,#4370,#2403,.T.);
#5601=EDGE_CURVE('',#3988,#4369,#2404,.T.);
#5602=EDGE_CURVE('',#3989,#4368,#2405,.T.);
#5603=EDGE_CURVE('',#3990,#4367,#2406,.T.);
#5604=EDGE_CURVE('',#3991,#4366,#2407,.T.);
#5605=EDGE_CURVE('',#3992,#4365,#2408,.T.);
#5606=EDGE_CURVE('',#3993,#4364,#2409,.T.);
#5607=EDGE_CURVE('',#3994,#4363,#2410,.T.);
#5608=EDGE_CURVE('',#3995,#4362,#2411,.T.);
#5609=EDGE_CURVE('',#3996,#4361,#2412,.T.);
#5610=EDGE_CURVE('',#3997,#4360,#2413,.T.);
#5611=EDGE_CURVE('',#3998,#4359,#2414,.T.);
#5612=EDGE_CURVE('',#3964,#4358,#2415,.T.);
#5613=EDGE_CURVE('',#3999,#4393,#2416,.T.);
#5614=EDGE_CURVE('',#4001,#4396,#2417,.T.);
#5615=EDGE_CURVE('',#4002,#4395,#2418,.T.);
#5616=EDGE_CURVE('',#4000,#4394,#2419,.T.);
#5617=EDGE_CURVE('',#4003,#4397,#2420,.T.);
#5618=EDGE_CURVE('',#4005,#4400,#2421,.T.);
#5619=EDGE_CURVE('',#4006,#4399,#2422,.T.);
#5620=EDGE_CURVE('',#4004,#4398,#2423,.T.);
#5621=EDGE_CURVE('',#4007,#4401,#2424,.T.);
#5622=EDGE_CURVE('',#4009,#4404,#2425,.T.);
#5623=EDGE_CURVE('',#4010,#4403,#2426,.T.);
#5624=EDGE_CURVE('',#4008,#4402,#2427,.T.);
#5625=EDGE_CURVE('',#4011,#4405,#2428,.T.);
#5626=EDGE_CURVE('',#4013,#4408,#2429,.T.);
#5627=EDGE_CURVE('',#4014,#4407,#2430,.T.);
#5628=EDGE_CURVE('',#4012,#4406,#2431,.T.);
#5629=EDGE_CURVE('',#4015,#4409,#2432,.T.);
#5630=EDGE_CURVE('',#4017,#4412,#2433,.T.);
#5631=EDGE_CURVE('',#4018,#4411,#2434,.T.);
#5632=EDGE_CURVE('',#4016,#4410,#2435,.T.);
#5633=EDGE_CURVE('',#4019,#4413,#2436,.T.);
#5634=EDGE_CURVE('',#4021,#4416,#2437,.T.);
#5635=EDGE_CURVE('',#4022,#4415,#2438,.T.);
#5636=EDGE_CURVE('',#4020,#4414,#2439,.T.);
#5637=EDGE_CURVE('',#4023,#4417,#2440,.T.);
#5638=EDGE_CURVE('',#4025,#4420,#2441,.T.);
#5639=EDGE_CURVE('',#4026,#4419,#2442,.T.);
#5640=EDGE_CURVE('',#4024,#4418,#2443,.T.);
#5641=EDGE_CURVE('',#4027,#4421,#2444,.T.);
#5642=EDGE_CURVE('',#4029,#4424,#2445,.T.);
#5643=EDGE_CURVE('',#4030,#4423,#2446,.T.);
#5644=EDGE_CURVE('',#4028,#4422,#2447,.T.);
#5645=EDGE_CURVE('',#4031,#4425,#2448,.T.);
#5646=EDGE_CURVE('',#4033,#4460,#2449,.T.);
#5647=EDGE_CURVE('',#4034,#4459,#2450,.T.);
#5648=EDGE_CURVE('',#4035,#4458,#2451,.T.);
#5649=EDGE_CURVE('',#4036,#4457,#2452,.T.);
#5650=EDGE_CURVE('',#4037,#4456,#2453,.T.);
#5651=EDGE_CURVE('',#4038,#4455,#2454,.T.);
#5652=EDGE_CURVE('',#4039,#4454,#2455,.T.);
#5653=EDGE_CURVE('',#4040,#4453,#2456,.T.);
#5654=EDGE_CURVE('',#4041,#4452,#2457,.T.);
#5655=EDGE_CURVE('',#4042,#4451,#2458,.T.);
#5656=EDGE_CURVE('',#4043,#4450,#2459,.T.);
#5657=EDGE_CURVE('',#4044,#4449,#2460,.T.);
#5658=EDGE_CURVE('',#4045,#4448,#2461,.T.);
#5659=EDGE_CURVE('',#4046,#4447,#2462,.T.);
#5660=EDGE_CURVE('',#4047,#4446,#2463,.T.);
#5661=EDGE_CURVE('',#4048,#4445,#2464,.T.);
#5662=EDGE_CURVE('',#4049,#4444,#2465,.T.);
#5663=EDGE_CURVE('',#4050,#4443,#2466,.T.);
#5664=EDGE_CURVE('',#4051,#4442,#2467,.T.);
#5665=EDGE_CURVE('',#4052,#4441,#2468,.T.);
#5666=EDGE_CURVE('',#4053,#4440,#2469,.T.);
#5667=EDGE_CURVE('',#4054,#4439,#2470,.T.);
#5668=EDGE_CURVE('',#4055,#4438,#2471,.T.);
#5669=EDGE_CURVE('',#4056,#4437,#2472,.T.);
#5670=EDGE_CURVE('',#4057,#4436,#2473,.T.);
#5671=EDGE_CURVE('',#4058,#4435,#2474,.T.);
#5672=EDGE_CURVE('',#4059,#4434,#2475,.T.);
#5673=EDGE_CURVE('',#4060,#4433,#2476,.T.);
#5674=EDGE_CURVE('',#4061,#4432,#2477,.T.);
#5675=EDGE_CURVE('',#4062,#4431,#2478,.T.);
#5676=EDGE_CURVE('',#4063,#4430,#2479,.T.);
#5677=EDGE_CURVE('',#4064,#4429,#2480,.T.);
#5678=EDGE_CURVE('',#4065,#4428,#2481,.T.);
#5679=EDGE_CURVE('',#4066,#4427,#2482,.T.);
#5680=EDGE_CURVE('',#4032,#4426,#2483,.T.);
#5681=EDGE_CURVE('',#4067,#4461,#2484,.T.);
#5682=EDGE_CURVE('',#4069,#4464,#2485,.T.);
#5683=EDGE_CURVE('',#4070,#4463,#2486,.T.);
#5684=EDGE_CURVE('',#4068,#4462,#2487,.T.);
#5685=EDGE_CURVE('',#4071,#4465,#2488,.T.);
#5686=EDGE_CURVE('',#4073,#4468,#2489,.T.);
#5687=EDGE_CURVE('',#4074,#4467,#2490,.T.);
#5688=EDGE_CURVE('',#4072,#4466,#2491,.T.);
#5689=EDGE_CURVE('',#4075,#4469,#2492,.T.);
#5690=EDGE_CURVE('',#4077,#4472,#2493,.T.);
#5691=EDGE_CURVE('',#4078,#4471,#2494,.T.);
#5692=EDGE_CURVE('',#4076,#4470,#2495,.T.);
#5693=EDGE_CURVE('',#4079,#4473,#2496,.T.);
#5694=EDGE_CURVE('',#4081,#4476,#2497,.T.);
#5695=EDGE_CURVE('',#4082,#4475,#2498,.T.);
#5696=EDGE_CURVE('',#4080,#4474,#2499,.T.);
#5697=EDGE_CURVE('',#4083,#4477,#2500,.T.);
#5698=EDGE_CURVE('',#4085,#4480,#2501,.T.);
#5699=EDGE_CURVE('',#4086,#4479,#2502,.T.);
#5700=EDGE_CURVE('',#4084,#4478,#2503,.T.);
#5701=EDGE_CURVE('',#4087,#4481,#2504,.T.);
#5702=EDGE_CURVE('',#4089,#4484,#2505,.T.);
#5703=EDGE_CURVE('',#4090,#4483,#2506,.T.);
#5704=EDGE_CURVE('',#4088,#4482,#2507,.T.);
#5705=EDGE_CURVE('',#4091,#4485,#2508,.T.);
#5706=EDGE_CURVE('',#4093,#4488,#2509,.T.);
#5707=EDGE_CURVE('',#4094,#4487,#2510,.T.);
#5708=EDGE_CURVE('',#4092,#4486,#2511,.T.);
#5709=EDGE_CURVE('',#4095,#4489,#2512,.T.);
#5710=EDGE_CURVE('',#4097,#4492,#2513,.T.);
#5711=EDGE_CURVE('',#4098,#4491,#2514,.T.);
#5712=EDGE_CURVE('',#4096,#4490,#2515,.T.);
#5713=EDGE_CURVE('',#4099,#4493,#2516,.T.);
#5714=EDGE_CURVE('',#4101,#4496,#2517,.T.);
#5715=EDGE_CURVE('',#4102,#4495,#2518,.T.);
#5716=EDGE_CURVE('',#4100,#4494,#2519,.T.);
#5717=EDGE_CURVE('',#4103,#4497,#2520,.T.);
#5718=EDGE_CURVE('',#4105,#4500,#2521,.T.);
#5719=EDGE_CURVE('',#4106,#4499,#2522,.T.);
#5720=EDGE_CURVE('',#4104,#4498,#2523,.T.);
#5721=EDGE_CURVE('',#4107,#4501,#2524,.T.);
#5722=EDGE_CURVE('',#4109,#4504,#2525,.T.);
#5723=EDGE_CURVE('',#4110,#4503,#2526,.T.);
#5724=EDGE_CURVE('',#4108,#4502,#2527,.T.);
#5725=EDGE_CURVE('',#4111,#4505,#2528,.T.);
#5726=EDGE_CURVE('',#4113,#4508,#2529,.T.);
#5727=EDGE_CURVE('',#4114,#4507,#2530,.T.);
#5728=EDGE_CURVE('',#4112,#4506,#2531,.T.);
#5729=EDGE_CURVE('',#4115,#4509,#2532,.T.);
#5730=EDGE_CURVE('',#4117,#4512,#2533,.T.);
#5731=EDGE_CURVE('',#4118,#4511,#2534,.T.);
#5732=EDGE_CURVE('',#4116,#4510,#2535,.T.);
#5733=EDGE_CURVE('',#4119,#4513,#2536,.T.);
#5734=EDGE_CURVE('',#4121,#4516,#2537,.T.);
#5735=EDGE_CURVE('',#4122,#4515,#2538,.T.);
#5736=EDGE_CURVE('',#4120,#4514,#2539,.T.);
#5737=EDGE_CURVE('',#4123,#4517,#2540,.T.);
#5738=EDGE_CURVE('',#4125,#4520,#2541,.T.);
#5739=EDGE_CURVE('',#4126,#4519,#2542,.T.);
#5740=EDGE_CURVE('',#4124,#4518,#2543,.T.);
#5741=EDGE_CURVE('',#4127,#4521,#2544,.T.);
#5742=EDGE_CURVE('',#4129,#4524,#2545,.T.);
#5743=EDGE_CURVE('',#4130,#4523,#2546,.T.);
#5744=EDGE_CURVE('',#4128,#4522,#2547,.T.);
#5745=EDGE_CURVE('',#4131,#4525,#2548,.T.);
#5746=EDGE_CURVE('',#4133,#4560,#2549,.T.);
#5747=EDGE_CURVE('',#4134,#4559,#2550,.T.);
#5748=EDGE_CURVE('',#4135,#4558,#2551,.T.);
#5749=EDGE_CURVE('',#4136,#4557,#2552,.T.);
#5750=EDGE_CURVE('',#4137,#4556,#2553,.T.);
#5751=EDGE_CURVE('',#4138,#4555,#2554,.T.);
#5752=EDGE_CURVE('',#4139,#4554,#2555,.T.);
#5753=EDGE_CURVE('',#4140,#4553,#2556,.T.);
#5754=EDGE_CURVE('',#4141,#4552,#2557,.T.);
#5755=EDGE_CURVE('',#4142,#4551,#2558,.T.);
#5756=EDGE_CURVE('',#4143,#4550,#2559,.T.);
#5757=EDGE_CURVE('',#4144,#4549,#2560,.T.);
#5758=EDGE_CURVE('',#4145,#4548,#2561,.T.);
#5759=EDGE_CURVE('',#4146,#4547,#2562,.T.);
#5760=EDGE_CURVE('',#4147,#4546,#2563,.T.);
#5761=EDGE_CURVE('',#4148,#4545,#2564,.T.);
#5762=EDGE_CURVE('',#4149,#4544,#2565,.T.);
#5763=EDGE_CURVE('',#4150,#4543,#2566,.T.);
#5764=EDGE_CURVE('',#4151,#4542,#2567,.T.);
#5765=EDGE_CURVE('',#4152,#4541,#2568,.T.);
#5766=EDGE_CURVE('',#4153,#4540,#2569,.T.);
#5767=EDGE_CURVE('',#4154,#4539,#2570,.T.);
#5768=EDGE_CURVE('',#4155,#4538,#2571,.T.);
#5769=EDGE_CURVE('',#4156,#4537,#2572,.T.);
#5770=EDGE_CURVE('',#4157,#4536,#2573,.T.);
#5771=EDGE_CURVE('',#4158,#4535,#2574,.T.);
#5772=EDGE_CURVE('',#4159,#4534,#2575,.T.);
#5773=EDGE_CURVE('',#4160,#4533,#2576,.T.);
#5774=EDGE_CURVE('',#4161,#4532,#2577,.T.);
#5775=EDGE_CURVE('',#4162,#4531,#2578,.T.);
#5776=EDGE_CURVE('',#4163,#4530,#2579,.T.);
#5777=EDGE_CURVE('',#4164,#4529,#2580,.T.);
#5778=EDGE_CURVE('',#4165,#4528,#2581,.T.);
#5779=EDGE_CURVE('',#4166,#4527,#2582,.T.);
#5780=EDGE_CURVE('',#4132,#4526,#2583,.T.);
#5781=EDGE_CURVE('',#4167,#4561,#2584,.T.);
#5782=EDGE_CURVE('',#4169,#4564,#2585,.T.);
#5783=EDGE_CURVE('',#4170,#4563,#2586,.T.);
#5784=EDGE_CURVE('',#4168,#4562,#2587,.T.);
#5785=EDGE_CURVE('',#4171,#4565,#2588,.T.);
#5786=EDGE_CURVE('',#4173,#4568,#2589,.T.);
#5787=EDGE_CURVE('',#4174,#4567,#2590,.T.);
#5788=EDGE_CURVE('',#4172,#4566,#2591,.T.);
#5789=EDGE_CURVE('',#4175,#4569,#2592,.T.);
#5790=EDGE_CURVE('',#4177,#4572,#2593,.T.);
#5791=EDGE_CURVE('',#4178,#4571,#2594,.T.);
#5792=EDGE_CURVE('',#4176,#4570,#2595,.T.);
#5793=EDGE_CURVE('',#4179,#4573,#2596,.T.);
#5794=EDGE_CURVE('',#4181,#4576,#2597,.T.);
#5795=EDGE_CURVE('',#4182,#4575,#2598,.T.);
#5796=EDGE_CURVE('',#4180,#4574,#2599,.T.);
#5797=EDGE_CURVE('',#4183,#4577,#2600,.T.);
#5798=EDGE_CURVE('',#4185,#4580,#2601,.T.);
#5799=EDGE_CURVE('',#4186,#4579,#2602,.T.);
#5800=EDGE_CURVE('',#4184,#4578,#2603,.T.);
#5801=EDGE_CURVE('',#4187,#4581,#2604,.T.);
#5802=EDGE_CURVE('',#4189,#4584,#2605,.T.);
#5803=EDGE_CURVE('',#4190,#4583,#2606,.T.);
#5804=EDGE_CURVE('',#4188,#4582,#2607,.T.);
#5805=EDGE_CURVE('',#4191,#4585,#2608,.T.);
#5806=EDGE_CURVE('',#4193,#4588,#2609,.T.);
#5807=EDGE_CURVE('',#4194,#4587,#2610,.T.);
#5808=EDGE_CURVE('',#4192,#4586,#2611,.T.);
#5809=EDGE_CURVE('',#4195,#4589,#2612,.T.);
#5810=EDGE_CURVE('',#4197,#4592,#2613,.T.);
#5811=EDGE_CURVE('',#4198,#4591,#2614,.T.);
#5812=EDGE_CURVE('',#4196,#4590,#2615,.T.);
#5813=EDGE_CURVE('',#4199,#4593,#2616,.T.);
#5814=EDGE_CURVE('',#4201,#4596,#2617,.T.);
#5815=EDGE_CURVE('',#4202,#4595,#2618,.T.);
#5816=EDGE_CURVE('',#4200,#4594,#2619,.T.);
#5817=EDGE_CURVE('',#4203,#4597,#2620,.T.);
#5818=EDGE_CURVE('',#4205,#4600,#2621,.T.);
#5819=EDGE_CURVE('',#4206,#4599,#2622,.T.);
#5820=EDGE_CURVE('',#4204,#4598,#2623,.T.);
#5821=EDGE_CURVE('',#4207,#4601,#2624,.T.);
#5822=EDGE_CURVE('',#4209,#4604,#2625,.T.);
#5823=EDGE_CURVE('',#4210,#4603,#2626,.T.);
#5824=EDGE_CURVE('',#4208,#4602,#2627,.T.);
#5825=EDGE_CURVE('',#4211,#4605,#2628,.T.);
#5826=EDGE_CURVE('',#4213,#4608,#2629,.T.);
#5827=EDGE_CURVE('',#4214,#4607,#2630,.T.);
#5828=EDGE_CURVE('',#4212,#4606,#2631,.T.);
#5829=EDGE_CURVE('',#4215,#4609,#2632,.T.);
#5830=EDGE_CURVE('',#4217,#4612,#2633,.T.);
#5831=EDGE_CURVE('',#4218,#4611,#2634,.T.);
#5832=EDGE_CURVE('',#4216,#4610,#2635,.T.);
#5833=EDGE_CURVE('',#4219,#4613,#2636,.T.);
#5834=EDGE_CURVE('',#4221,#4616,#2637,.T.);
#5835=EDGE_CURVE('',#4222,#4615,#2638,.T.);
#5836=EDGE_CURVE('',#4220,#4614,#2639,.T.);
#5837=EDGE_CURVE('',#4223,#4617,#2640,.T.);
#5838=EDGE_CURVE('',#4225,#4620,#2641,.T.);
#5839=EDGE_CURVE('',#4226,#4619,#2642,.T.);
#5840=EDGE_CURVE('',#4224,#4618,#2643,.T.);
#5841=EDGE_CURVE('',#4227,#4621,#2644,.T.);
#5842=EDGE_CURVE('',#4229,#4624,#2645,.T.);
#5843=EDGE_CURVE('',#4230,#4623,#2646,.T.);
#5844=EDGE_CURVE('',#4228,#4622,#2647,.T.);
#5845=EDGE_CURVE('',#4231,#4625,#2648,.T.);
#5846=EDGE_CURVE('',#4233,#4628,#2649,.T.);
#5847=EDGE_CURVE('',#4234,#4627,#2650,.T.);
#5848=EDGE_CURVE('',#4232,#4626,#2651,.T.);
#5849=EDGE_CURVE('',#4235,#4629,#2652,.T.);
#5850=EDGE_CURVE('',#4237,#4632,#2653,.T.);
#5851=EDGE_CURVE('',#4238,#4631,#2654,.T.);
#5852=EDGE_CURVE('',#4236,#4630,#2655,.T.);
#5853=EDGE_CURVE('',#4239,#4633,#2656,.T.);
#5854=EDGE_CURVE('',#4241,#4636,#2657,.T.);
#5855=EDGE_CURVE('',#4242,#4635,#2658,.T.);
#5856=EDGE_CURVE('',#4240,#4634,#2659,.T.);
#5857=EDGE_CURVE('',#4243,#4637,#2660,.T.);
#5858=EDGE_CURVE('',#4245,#4640,#2661,.T.);
#5859=EDGE_CURVE('',#4246,#4639,#2662,.T.);
#5860=EDGE_CURVE('',#4244,#4638,#2663,.T.);
#5861=EDGE_CURVE('',#4247,#4641,#2664,.T.);
#5862=EDGE_CURVE('',#4249,#4644,#2665,.T.);
#5863=EDGE_CURVE('',#4250,#4643,#2666,.T.);
#5864=EDGE_CURVE('',#4248,#4642,#2667,.T.);
#5865=EDGE_CURVE('',#4251,#4645,#2668,.T.);
#5866=EDGE_CURVE('',#4253,#4648,#2669,.T.);
#5867=EDGE_CURVE('',#4254,#4647,#2670,.T.);
#5868=EDGE_CURVE('',#4252,#4646,#2671,.T.);
#5869=EDGE_CURVE('',#4255,#4649,#2672,.T.);
#5870=EDGE_CURVE('',#4257,#4652,#2673,.T.);
#5871=EDGE_CURVE('',#4258,#4651,#2674,.T.);
#5872=EDGE_CURVE('',#4256,#4650,#2675,.T.);
#5873=EDGE_CURVE('',#4259,#4653,#2676,.T.);
#5874=EDGE_CURVE('',#4261,#4656,#2677,.T.);
#5875=EDGE_CURVE('',#4262,#4655,#2678,.T.);
#5876=EDGE_CURVE('',#4260,#4654,#2679,.T.);
#5877=EDGE_CURVE('',#4263,#4657,#2680,.T.);
#5878=EDGE_CURVE('',#4265,#4660,#2681,.T.);
#5879=EDGE_CURVE('',#4266,#4659,#2682,.T.);
#5880=EDGE_CURVE('',#4264,#4658,#2683,.T.);
#5881=EDGE_CURVE('',#4267,#4661,#2684,.T.);
#5882=EDGE_CURVE('',#4269,#4664,#2685,.T.);
#5883=EDGE_CURVE('',#4270,#4663,#2686,.T.);
#5884=EDGE_CURVE('',#4268,#4662,#2687,.T.);
#5885=EDGE_CURVE('',#4271,#4665,#2688,.T.);
#5886=EDGE_CURVE('',#4273,#4668,#2689,.T.);
#5887=EDGE_CURVE('',#4274,#4667,#2690,.T.);
#5888=EDGE_CURVE('',#4272,#4666,#2691,.T.);
#5889=EDGE_CURVE('',#4275,#4669,#2692,.T.);
#5890=EDGE_CURVE('',#4277,#4672,#2693,.T.);
#5891=EDGE_CURVE('',#4278,#4671,#2694,.T.);
#5892=EDGE_CURVE('',#4276,#4670,#2695,.T.);
#5893=EDGE_CURVE('',#4279,#4673,#2696,.T.);
#5894=EDGE_CURVE('',#4281,#4676,#2697,.T.);
#5895=EDGE_CURVE('',#4282,#4675,#2698,.T.);
#5896=EDGE_CURVE('',#4280,#4674,#2699,.T.);
#5897=EDGE_CURVE('',#4283,#4677,#2700,.T.);
#5898=EDGE_CURVE('',#4285,#4680,#2701,.T.);
#5899=EDGE_CURVE('',#4286,#4679,#2702,.T.);
#5900=EDGE_CURVE('',#4284,#4678,#2703,.T.);
#5901=EDGE_CURVE('',#4287,#4681,#2704,.T.);
#5902=EDGE_CURVE('',#4289,#4684,#2705,.T.);
#5903=EDGE_CURVE('',#4290,#4683,#2706,.T.);
#5904=EDGE_CURVE('',#4288,#4682,#2707,.T.);
#5905=EDGE_CURVE('',#4291,#4685,#2708,.T.);
#5906=EDGE_CURVE('',#4293,#4688,#2709,.T.);
#5907=EDGE_CURVE('',#4294,#4687,#2710,.T.);
#5908=EDGE_CURVE('',#4292,#4686,#2711,.T.);
#5909=EDGE_CURVE('',#4295,#4689,#2712,.T.);
#5910=EDGE_CURVE('',#4297,#4692,#2713,.T.);
#5911=EDGE_CURVE('',#4298,#4691,#2714,.T.);
#5912=EDGE_CURVE('',#4296,#4690,#2715,.T.);
#5913=EDGE_CURVE('',#4299,#4693,#2716,.T.);
#5914=EDGE_CURVE('',#4301,#4696,#2717,.T.);
#5915=EDGE_CURVE('',#4302,#4695,#2718,.T.);
#5916=EDGE_CURVE('',#4300,#4694,#2719,.T.);
#5917=EDGE_CURVE('',#3923,#4326,#2720,.T.);
#5918=EDGE_CURVE('',#3924,#4325,#2721,.T.);
#5919=EDGE_CURVE('',#3925,#4324,#2722,.T.);
#5920=EDGE_CURVE('',#3917,#4332,#2723,.T.);
#5921=EDGE_CURVE('',#3918,#4331,#2724,.T.);
#5922=EDGE_CURVE('',#3919,#4330,#2725,.T.);
#5923=EDGE_CURVE('',#3920,#4329,#2726,.T.);
#5924=EDGE_CURVE('',#3921,#4328,#2727,.T.);
#5925=EDGE_CURVE('',#3922,#4327,#2728,.T.);
#5926=ORIENTED_EDGE('',*,*,#4708,.F.);
#5927=ORIENTED_EDGE('',*,*,#4709,.F.);
#5928=ORIENTED_EDGE('',*,*,#4710,.F.);
#5929=ORIENTED_EDGE('',*,*,#4711,.T.);
#5930=ORIENTED_EDGE('',*,*,#4712,.F.);
#5931=ORIENTED_EDGE('',*,*,#4713,.T.);
#5932=ORIENTED_EDGE('',*,*,#4712,.T.);
#5933=ORIENTED_EDGE('',*,*,#4714,.T.);
#5934=ORIENTED_EDGE('',*,*,#4715,.T.);
#5935=ORIENTED_EDGE('',*,*,#4716,.T.);
#5936=ORIENTED_EDGE('',*,*,#4717,.F.);
#5937=ORIENTED_EDGE('',*,*,#4718,.F.);
#5938=ORIENTED_EDGE('',*,*,#4719,.F.);
#5939=ORIENTED_EDGE('',*,*,#4720,.T.);
#5940=ORIENTED_EDGE('',*,*,#4721,.F.);
#5941=ORIENTED_EDGE('',*,*,#4722,.T.);
#5942=ORIENTED_EDGE('',*,*,#4721,.T.);
#5943=ORIENTED_EDGE('',*,*,#4723,.T.);
#5944=ORIENTED_EDGE('',*,*,#4724,.T.);
#5945=ORIENTED_EDGE('',*,*,#4725,.T.);
#5946=ORIENTED_EDGE('',*,*,#4726,.T.);
#5947=ORIENTED_EDGE('',*,*,#4727,.T.);
#5948=ORIENTED_EDGE('',*,*,#4728,.T.);
#5949=ORIENTED_EDGE('',*,*,#4729,.T.);
#5950=ORIENTED_EDGE('',*,*,#4730,.T.);
#5951=ORIENTED_EDGE('',*,*,#4717,.T.);
#5952=ORIENTED_EDGE('',*,*,#4731,.T.);
#5953=ORIENTED_EDGE('',*,*,#4732,.T.);
#5954=ORIENTED_EDGE('',*,*,#4733,.F.);
#5955=ORIENTED_EDGE('',*,*,#4734,.T.);
#5956=ORIENTED_EDGE('',*,*,#4735,.T.);
#5957=ORIENTED_EDGE('',*,*,#4736,.F.);
#5958=ORIENTED_EDGE('',*,*,#4737,.F.);
#5959=ORIENTED_EDGE('',*,*,#4738,.F.);
#5960=ORIENTED_EDGE('',*,*,#4739,.F.);
#5961=ORIENTED_EDGE('',*,*,#4740,.T.);
#5962=ORIENTED_EDGE('',*,*,#4741,.T.);
#5963=ORIENTED_EDGE('',*,*,#4742,.F.);
#5964=ORIENTED_EDGE('',*,*,#4743,.T.);
#5965=ORIENTED_EDGE('',*,*,#4744,.T.);
#5966=ORIENTED_EDGE('',*,*,#4745,.T.);
#5967=ORIENTED_EDGE('',*,*,#4746,.T.);
#5968=ORIENTED_EDGE('',*,*,#4747,.T.);
#5969=ORIENTED_EDGE('',*,*,#4748,.T.);
#5970=ORIENTED_EDGE('',*,*,#4749,.T.);
#5971=ORIENTED_EDGE('',*,*,#4750,.T.);
#5972=ORIENTED_EDGE('',*,*,#4751,.T.);
#5973=ORIENTED_EDGE('',*,*,#4752,.T.);
#5974=ORIENTED_EDGE('',*,*,#4753,.F.);
#5975=ORIENTED_EDGE('',*,*,#4754,.T.);
#5976=ORIENTED_EDGE('',*,*,#4755,.T.);
#5977=ORIENTED_EDGE('',*,*,#4756,.T.);
#5978=ORIENTED_EDGE('',*,*,#4757,.T.);
#5979=ORIENTED_EDGE('',*,*,#4758,.T.);
#5980=ORIENTED_EDGE('',*,*,#4759,.T.);
#5981=ORIENTED_EDGE('',*,*,#4760,.F.);
#5982=ORIENTED_EDGE('',*,*,#4761,.F.);
#5983=ORIENTED_EDGE('',*,*,#4762,.F.);
#5984=ORIENTED_EDGE('',*,*,#4763,.F.);
#5985=ORIENTED_EDGE('',*,*,#4764,.F.);
#5986=ORIENTED_EDGE('',*,*,#4765,.F.);
#5987=ORIENTED_EDGE('',*,*,#4766,.F.);
#5988=ORIENTED_EDGE('',*,*,#4767,.F.);
#5989=ORIENTED_EDGE('',*,*,#4768,.F.);
#5990=ORIENTED_EDGE('',*,*,#4769,.F.);
#5991=ORIENTED_EDGE('',*,*,#4770,.F.);
#5992=ORIENTED_EDGE('',*,*,#4771,.F.);
#5993=ORIENTED_EDGE('',*,*,#4772,.F.);
#5994=ORIENTED_EDGE('',*,*,#4773,.F.);
#5995=ORIENTED_EDGE('',*,*,#4774,.F.);
#5996=ORIENTED_EDGE('',*,*,#4775,.F.);
#5997=ORIENTED_EDGE('',*,*,#4776,.F.);
#5998=ORIENTED_EDGE('',*,*,#4777,.F.);
#5999=ORIENTED_EDGE('',*,*,#4778,.F.);
#6000=ORIENTED_EDGE('',*,*,#4779,.F.);
#6001=ORIENTED_EDGE('',*,*,#4780,.F.);
#6002=ORIENTED_EDGE('',*,*,#4781,.F.);
#6003=ORIENTED_EDGE('',*,*,#4782,.F.);
#6004=ORIENTED_EDGE('',*,*,#4783,.F.);
#6005=ORIENTED_EDGE('',*,*,#4784,.F.);
#6006=ORIENTED_EDGE('',*,*,#4785,.F.);
#6007=ORIENTED_EDGE('',*,*,#4786,.F.);
#6008=ORIENTED_EDGE('',*,*,#4787,.F.);
#6009=ORIENTED_EDGE('',*,*,#4788,.F.);
#6010=ORIENTED_EDGE('',*,*,#4789,.F.);
#6011=ORIENTED_EDGE('',*,*,#4790,.F.);
#6012=ORIENTED_EDGE('',*,*,#4791,.F.);
#6013=ORIENTED_EDGE('',*,*,#4792,.F.);
#6014=ORIENTED_EDGE('',*,*,#4793,.F.);
#6015=ORIENTED_EDGE('',*,*,#4794,.F.);
#6016=ORIENTED_EDGE('',*,*,#4795,.F.);
#6017=ORIENTED_EDGE('',*,*,#4796,.F.);
#6018=ORIENTED_EDGE('',*,*,#4797,.F.);
#6019=ORIENTED_EDGE('',*,*,#4798,.F.);
#6020=ORIENTED_EDGE('',*,*,#4799,.F.);
#6021=ORIENTED_EDGE('',*,*,#4800,.F.);
#6022=ORIENTED_EDGE('',*,*,#4801,.F.);
#6023=ORIENTED_EDGE('',*,*,#4802,.F.);
#6024=ORIENTED_EDGE('',*,*,#4803,.F.);
#6025=ORIENTED_EDGE('',*,*,#4804,.F.);
#6026=ORIENTED_EDGE('',*,*,#4805,.F.);
#6027=ORIENTED_EDGE('',*,*,#4806,.F.);
#6028=ORIENTED_EDGE('',*,*,#4807,.F.);
#6029=ORIENTED_EDGE('',*,*,#4808,.F.);
#6030=ORIENTED_EDGE('',*,*,#4809,.F.);
#6031=ORIENTED_EDGE('',*,*,#4810,.F.);
#6032=ORIENTED_EDGE('',*,*,#4811,.F.);
#6033=ORIENTED_EDGE('',*,*,#4812,.F.);
#6034=ORIENTED_EDGE('',*,*,#4813,.F.);
#6035=ORIENTED_EDGE('',*,*,#4814,.F.);
#6036=ORIENTED_EDGE('',*,*,#4815,.F.);
#6037=ORIENTED_EDGE('',*,*,#4816,.F.);
#6038=ORIENTED_EDGE('',*,*,#4817,.F.);
#6039=ORIENTED_EDGE('',*,*,#4818,.F.);
#6040=ORIENTED_EDGE('',*,*,#4819,.F.);
#6041=ORIENTED_EDGE('',*,*,#4820,.F.);
#6042=ORIENTED_EDGE('',*,*,#4821,.F.);
#6043=ORIENTED_EDGE('',*,*,#4822,.F.);
#6044=ORIENTED_EDGE('',*,*,#4823,.F.);
#6045=ORIENTED_EDGE('',*,*,#4824,.F.);
#6046=ORIENTED_EDGE('',*,*,#4825,.F.);
#6047=ORIENTED_EDGE('',*,*,#4826,.F.);
#6048=ORIENTED_EDGE('',*,*,#4827,.F.);
#6049=ORIENTED_EDGE('',*,*,#4828,.F.);
#6050=ORIENTED_EDGE('',*,*,#4829,.F.);
#6051=ORIENTED_EDGE('',*,*,#4830,.F.);
#6052=ORIENTED_EDGE('',*,*,#4831,.F.);
#6053=ORIENTED_EDGE('',*,*,#4832,.F.);
#6054=ORIENTED_EDGE('',*,*,#4833,.F.);
#6055=ORIENTED_EDGE('',*,*,#4834,.F.);
#6056=ORIENTED_EDGE('',*,*,#4835,.F.);
#6057=ORIENTED_EDGE('',*,*,#4836,.F.);
#6058=ORIENTED_EDGE('',*,*,#4837,.F.);
#6059=ORIENTED_EDGE('',*,*,#4838,.F.);
#6060=ORIENTED_EDGE('',*,*,#4839,.F.);
#6061=ORIENTED_EDGE('',*,*,#4840,.F.);
#6062=ORIENTED_EDGE('',*,*,#4841,.F.);
#6063=ORIENTED_EDGE('',*,*,#4842,.F.);
#6064=ORIENTED_EDGE('',*,*,#4843,.F.);
#6065=ORIENTED_EDGE('',*,*,#4844,.F.);
#6066=ORIENTED_EDGE('',*,*,#4845,.F.);
#6067=ORIENTED_EDGE('',*,*,#4846,.F.);
#6068=ORIENTED_EDGE('',*,*,#4847,.F.);
#6069=ORIENTED_EDGE('',*,*,#4848,.F.);
#6070=ORIENTED_EDGE('',*,*,#4849,.F.);
#6071=ORIENTED_EDGE('',*,*,#4850,.F.);
#6072=ORIENTED_EDGE('',*,*,#4851,.F.);
#6073=ORIENTED_EDGE('',*,*,#4852,.F.);
#6074=ORIENTED_EDGE('',*,*,#4853,.F.);
#6075=ORIENTED_EDGE('',*,*,#4854,.F.);
#6076=ORIENTED_EDGE('',*,*,#4855,.F.);
#6077=ORIENTED_EDGE('',*,*,#4856,.F.);
#6078=ORIENTED_EDGE('',*,*,#4857,.F.);
#6079=ORIENTED_EDGE('',*,*,#4858,.F.);
#6080=ORIENTED_EDGE('',*,*,#4859,.F.);
#6081=ORIENTED_EDGE('',*,*,#4860,.F.);
#6082=ORIENTED_EDGE('',*,*,#4861,.F.);
#6083=ORIENTED_EDGE('',*,*,#4862,.F.);
#6084=ORIENTED_EDGE('',*,*,#4863,.F.);
#6085=ORIENTED_EDGE('',*,*,#4864,.F.);
#6086=ORIENTED_EDGE('',*,*,#4865,.F.);
#6087=ORIENTED_EDGE('',*,*,#4866,.F.);
#6088=ORIENTED_EDGE('',*,*,#4867,.F.);
#6089=ORIENTED_EDGE('',*,*,#4868,.F.);
#6090=ORIENTED_EDGE('',*,*,#4869,.F.);
#6091=ORIENTED_EDGE('',*,*,#4870,.F.);
#6092=ORIENTED_EDGE('',*,*,#4871,.F.);
#6093=ORIENTED_EDGE('',*,*,#4872,.F.);
#6094=ORIENTED_EDGE('',*,*,#4873,.F.);
#6095=ORIENTED_EDGE('',*,*,#4874,.F.);
#6096=ORIENTED_EDGE('',*,*,#4875,.F.);
#6097=ORIENTED_EDGE('',*,*,#4876,.F.);
#6098=ORIENTED_EDGE('',*,*,#4877,.F.);
#6099=ORIENTED_EDGE('',*,*,#4878,.F.);
#6100=ORIENTED_EDGE('',*,*,#4879,.F.);
#6101=ORIENTED_EDGE('',*,*,#4880,.F.);
#6102=ORIENTED_EDGE('',*,*,#4881,.F.);
#6103=ORIENTED_EDGE('',*,*,#4882,.F.);
#6104=ORIENTED_EDGE('',*,*,#4883,.F.);
#6105=ORIENTED_EDGE('',*,*,#4884,.F.);
#6106=ORIENTED_EDGE('',*,*,#4885,.F.);
#6107=ORIENTED_EDGE('',*,*,#4886,.F.);
#6108=ORIENTED_EDGE('',*,*,#4887,.F.);
#6109=ORIENTED_EDGE('',*,*,#4888,.F.);
#6110=ORIENTED_EDGE('',*,*,#4889,.F.);
#6111=ORIENTED_EDGE('',*,*,#4890,.F.);
#6112=ORIENTED_EDGE('',*,*,#4891,.F.);
#6113=ORIENTED_EDGE('',*,*,#4892,.F.);
#6114=ORIENTED_EDGE('',*,*,#4893,.F.);
#6115=ORIENTED_EDGE('',*,*,#4894,.F.);
#6116=ORIENTED_EDGE('',*,*,#4895,.F.);
#6117=ORIENTED_EDGE('',*,*,#4896,.F.);
#6118=ORIENTED_EDGE('',*,*,#4897,.F.);
#6119=ORIENTED_EDGE('',*,*,#4898,.F.);
#6120=ORIENTED_EDGE('',*,*,#4899,.F.);
#6121=ORIENTED_EDGE('',*,*,#4900,.F.);
#6122=ORIENTED_EDGE('',*,*,#4901,.F.);
#6123=ORIENTED_EDGE('',*,*,#4902,.F.);
#6124=ORIENTED_EDGE('',*,*,#4903,.F.);
#6125=ORIENTED_EDGE('',*,*,#4904,.F.);
#6126=ORIENTED_EDGE('',*,*,#4905,.F.);
#6127=ORIENTED_EDGE('',*,*,#4906,.F.);
#6128=ORIENTED_EDGE('',*,*,#4907,.F.);
#6129=ORIENTED_EDGE('',*,*,#4908,.F.);
#6130=ORIENTED_EDGE('',*,*,#4909,.F.);
#6131=ORIENTED_EDGE('',*,*,#4910,.F.);
#6132=ORIENTED_EDGE('',*,*,#4911,.F.);
#6133=ORIENTED_EDGE('',*,*,#4912,.F.);
#6134=ORIENTED_EDGE('',*,*,#4913,.F.);
#6135=ORIENTED_EDGE('',*,*,#4914,.F.);
#6136=ORIENTED_EDGE('',*,*,#4915,.F.);
#6137=ORIENTED_EDGE('',*,*,#4916,.F.);
#6138=ORIENTED_EDGE('',*,*,#4917,.F.);
#6139=ORIENTED_EDGE('',*,*,#4918,.F.);
#6140=ORIENTED_EDGE('',*,*,#4919,.F.);
#6141=ORIENTED_EDGE('',*,*,#4920,.F.);
#6142=ORIENTED_EDGE('',*,*,#4921,.F.);
#6143=ORIENTED_EDGE('',*,*,#4922,.F.);
#6144=ORIENTED_EDGE('',*,*,#4923,.F.);
#6145=ORIENTED_EDGE('',*,*,#4924,.F.);
#6146=ORIENTED_EDGE('',*,*,#4925,.F.);
#6147=ORIENTED_EDGE('',*,*,#4926,.F.);
#6148=ORIENTED_EDGE('',*,*,#4927,.F.);
#6149=ORIENTED_EDGE('',*,*,#4928,.F.);
#6150=ORIENTED_EDGE('',*,*,#4929,.F.);
#6151=ORIENTED_EDGE('',*,*,#4930,.F.);
#6152=ORIENTED_EDGE('',*,*,#4931,.F.);
#6153=ORIENTED_EDGE('',*,*,#4932,.F.);
#6154=ORIENTED_EDGE('',*,*,#4933,.F.);
#6155=ORIENTED_EDGE('',*,*,#4934,.F.);
#6156=ORIENTED_EDGE('',*,*,#4935,.F.);
#6157=ORIENTED_EDGE('',*,*,#4936,.F.);
#6158=ORIENTED_EDGE('',*,*,#4937,.F.);
#6159=ORIENTED_EDGE('',*,*,#4938,.F.);
#6160=ORIENTED_EDGE('',*,*,#4939,.F.);
#6161=ORIENTED_EDGE('',*,*,#4940,.F.);
#6162=ORIENTED_EDGE('',*,*,#4941,.F.);
#6163=ORIENTED_EDGE('',*,*,#4942,.F.);
#6164=ORIENTED_EDGE('',*,*,#4943,.F.);
#6165=ORIENTED_EDGE('',*,*,#4944,.F.);
#6166=ORIENTED_EDGE('',*,*,#4945,.F.);
#6167=ORIENTED_EDGE('',*,*,#4946,.F.);
#6168=ORIENTED_EDGE('',*,*,#4947,.F.);
#6169=ORIENTED_EDGE('',*,*,#4948,.F.);
#6170=ORIENTED_EDGE('',*,*,#4949,.F.);
#6171=ORIENTED_EDGE('',*,*,#4950,.F.);
#6172=ORIENTED_EDGE('',*,*,#4951,.F.);
#6173=ORIENTED_EDGE('',*,*,#4952,.F.);
#6174=ORIENTED_EDGE('',*,*,#4953,.F.);
#6175=ORIENTED_EDGE('',*,*,#4954,.F.);
#6176=ORIENTED_EDGE('',*,*,#4955,.F.);
#6177=ORIENTED_EDGE('',*,*,#4956,.F.);
#6178=ORIENTED_EDGE('',*,*,#4957,.F.);
#6179=ORIENTED_EDGE('',*,*,#4958,.F.);
#6180=ORIENTED_EDGE('',*,*,#4959,.F.);
#6181=ORIENTED_EDGE('',*,*,#4960,.F.);
#6182=ORIENTED_EDGE('',*,*,#4961,.F.);
#6183=ORIENTED_EDGE('',*,*,#4962,.F.);
#6184=ORIENTED_EDGE('',*,*,#4963,.F.);
#6185=ORIENTED_EDGE('',*,*,#4964,.F.);
#6186=ORIENTED_EDGE('',*,*,#4965,.F.);
#6187=ORIENTED_EDGE('',*,*,#4966,.F.);
#6188=ORIENTED_EDGE('',*,*,#4967,.F.);
#6189=ORIENTED_EDGE('',*,*,#4968,.F.);
#6190=ORIENTED_EDGE('',*,*,#4969,.F.);
#6191=ORIENTED_EDGE('',*,*,#4970,.F.);
#6192=ORIENTED_EDGE('',*,*,#4971,.F.);
#6193=ORIENTED_EDGE('',*,*,#4972,.F.);
#6194=ORIENTED_EDGE('',*,*,#4973,.F.);
#6195=ORIENTED_EDGE('',*,*,#4974,.F.);
#6196=ORIENTED_EDGE('',*,*,#4975,.F.);
#6197=ORIENTED_EDGE('',*,*,#4976,.F.);
#6198=ORIENTED_EDGE('',*,*,#4977,.F.);
#6199=ORIENTED_EDGE('',*,*,#4978,.F.);
#6200=ORIENTED_EDGE('',*,*,#4979,.F.);
#6201=ORIENTED_EDGE('',*,*,#4980,.F.);
#6202=ORIENTED_EDGE('',*,*,#4981,.F.);
#6203=ORIENTED_EDGE('',*,*,#4982,.F.);
#6204=ORIENTED_EDGE('',*,*,#4983,.F.);
#6205=ORIENTED_EDGE('',*,*,#4984,.F.);
#6206=ORIENTED_EDGE('',*,*,#4985,.F.);
#6207=ORIENTED_EDGE('',*,*,#4986,.F.);
#6208=ORIENTED_EDGE('',*,*,#4987,.F.);
#6209=ORIENTED_EDGE('',*,*,#4988,.F.);
#6210=ORIENTED_EDGE('',*,*,#4989,.F.);
#6211=ORIENTED_EDGE('',*,*,#4990,.F.);
#6212=ORIENTED_EDGE('',*,*,#4991,.F.);
#6213=ORIENTED_EDGE('',*,*,#4992,.F.);
#6214=ORIENTED_EDGE('',*,*,#4993,.F.);
#6215=ORIENTED_EDGE('',*,*,#4994,.F.);
#6216=ORIENTED_EDGE('',*,*,#4995,.F.);
#6217=ORIENTED_EDGE('',*,*,#4996,.F.);
#6218=ORIENTED_EDGE('',*,*,#4997,.F.);
#6219=ORIENTED_EDGE('',*,*,#4998,.F.);
#6220=ORIENTED_EDGE('',*,*,#4999,.F.);
#6221=ORIENTED_EDGE('',*,*,#5000,.F.);
#6222=ORIENTED_EDGE('',*,*,#5001,.F.);
#6223=ORIENTED_EDGE('',*,*,#5002,.F.);
#6224=ORIENTED_EDGE('',*,*,#5003,.F.);
#6225=ORIENTED_EDGE('',*,*,#5004,.F.);
#6226=ORIENTED_EDGE('',*,*,#5005,.F.);
#6227=ORIENTED_EDGE('',*,*,#5006,.F.);
#6228=ORIENTED_EDGE('',*,*,#5007,.F.);
#6229=ORIENTED_EDGE('',*,*,#5008,.F.);
#6230=ORIENTED_EDGE('',*,*,#5009,.F.);
#6231=ORIENTED_EDGE('',*,*,#5010,.F.);
#6232=ORIENTED_EDGE('',*,*,#5011,.F.);
#6233=ORIENTED_EDGE('',*,*,#5012,.F.);
#6234=ORIENTED_EDGE('',*,*,#5013,.F.);
#6235=ORIENTED_EDGE('',*,*,#5014,.F.);
#6236=ORIENTED_EDGE('',*,*,#5015,.F.);
#6237=ORIENTED_EDGE('',*,*,#5016,.F.);
#6238=ORIENTED_EDGE('',*,*,#5017,.F.);
#6239=ORIENTED_EDGE('',*,*,#5018,.F.);
#6240=ORIENTED_EDGE('',*,*,#5019,.F.);
#6241=ORIENTED_EDGE('',*,*,#5020,.F.);
#6242=ORIENTED_EDGE('',*,*,#5021,.F.);
#6243=ORIENTED_EDGE('',*,*,#5022,.F.);
#6244=ORIENTED_EDGE('',*,*,#5023,.F.);
#6245=ORIENTED_EDGE('',*,*,#5024,.F.);
#6246=ORIENTED_EDGE('',*,*,#5025,.F.);
#6247=ORIENTED_EDGE('',*,*,#5026,.F.);
#6248=ORIENTED_EDGE('',*,*,#5027,.F.);
#6249=ORIENTED_EDGE('',*,*,#5028,.F.);
#6250=ORIENTED_EDGE('',*,*,#5029,.F.);
#6251=ORIENTED_EDGE('',*,*,#5030,.F.);
#6252=ORIENTED_EDGE('',*,*,#5031,.F.);
#6253=ORIENTED_EDGE('',*,*,#5032,.F.);
#6254=ORIENTED_EDGE('',*,*,#5033,.F.);
#6255=ORIENTED_EDGE('',*,*,#5034,.F.);
#6256=ORIENTED_EDGE('',*,*,#5035,.F.);
#6257=ORIENTED_EDGE('',*,*,#5036,.F.);
#6258=ORIENTED_EDGE('',*,*,#5037,.F.);
#6259=ORIENTED_EDGE('',*,*,#5038,.F.);
#6260=ORIENTED_EDGE('',*,*,#5039,.F.);
#6261=ORIENTED_EDGE('',*,*,#5040,.F.);
#6262=ORIENTED_EDGE('',*,*,#5041,.F.);
#6263=ORIENTED_EDGE('',*,*,#5042,.F.);
#6264=ORIENTED_EDGE('',*,*,#5043,.F.);
#6265=ORIENTED_EDGE('',*,*,#5044,.F.);
#6266=ORIENTED_EDGE('',*,*,#5045,.F.);
#6267=ORIENTED_EDGE('',*,*,#5046,.F.);
#6268=ORIENTED_EDGE('',*,*,#5047,.F.);
#6269=ORIENTED_EDGE('',*,*,#5048,.F.);
#6270=ORIENTED_EDGE('',*,*,#5049,.F.);
#6271=ORIENTED_EDGE('',*,*,#5050,.F.);
#6272=ORIENTED_EDGE('',*,*,#5051,.F.);
#6273=ORIENTED_EDGE('',*,*,#5052,.F.);
#6274=ORIENTED_EDGE('',*,*,#5053,.F.);
#6275=ORIENTED_EDGE('',*,*,#5054,.F.);
#6276=ORIENTED_EDGE('',*,*,#5055,.F.);
#6277=ORIENTED_EDGE('',*,*,#5056,.F.);
#6278=ORIENTED_EDGE('',*,*,#5057,.F.);
#6279=ORIENTED_EDGE('',*,*,#5058,.F.);
#6280=ORIENTED_EDGE('',*,*,#5059,.F.);
#6281=ORIENTED_EDGE('',*,*,#5060,.F.);
#6282=ORIENTED_EDGE('',*,*,#5061,.F.);
#6283=ORIENTED_EDGE('',*,*,#5062,.F.);
#6284=ORIENTED_EDGE('',*,*,#5063,.F.);
#6285=ORIENTED_EDGE('',*,*,#5064,.F.);
#6286=ORIENTED_EDGE('',*,*,#5065,.F.);
#6287=ORIENTED_EDGE('',*,*,#5066,.F.);
#6288=ORIENTED_EDGE('',*,*,#5067,.F.);
#6289=ORIENTED_EDGE('',*,*,#5068,.F.);
#6290=ORIENTED_EDGE('',*,*,#5069,.F.);
#6291=ORIENTED_EDGE('',*,*,#5070,.F.);
#6292=ORIENTED_EDGE('',*,*,#5071,.F.);
#6293=ORIENTED_EDGE('',*,*,#5072,.F.);
#6294=ORIENTED_EDGE('',*,*,#5073,.F.);
#6295=ORIENTED_EDGE('',*,*,#5074,.F.);
#6296=ORIENTED_EDGE('',*,*,#5075,.F.);
#6297=ORIENTED_EDGE('',*,*,#5076,.F.);
#6298=ORIENTED_EDGE('',*,*,#5077,.F.);
#6299=ORIENTED_EDGE('',*,*,#5078,.F.);
#6300=ORIENTED_EDGE('',*,*,#5079,.F.);
#6301=ORIENTED_EDGE('',*,*,#5080,.F.);
#6302=ORIENTED_EDGE('',*,*,#5081,.F.);
#6303=ORIENTED_EDGE('',*,*,#5082,.F.);
#6304=ORIENTED_EDGE('',*,*,#5083,.F.);
#6305=ORIENTED_EDGE('',*,*,#5084,.F.);
#6306=ORIENTED_EDGE('',*,*,#5085,.F.);
#6307=ORIENTED_EDGE('',*,*,#5086,.F.);
#6308=ORIENTED_EDGE('',*,*,#5087,.F.);
#6309=ORIENTED_EDGE('',*,*,#5088,.F.);
#6310=ORIENTED_EDGE('',*,*,#5089,.F.);
#6311=ORIENTED_EDGE('',*,*,#5090,.F.);
#6312=ORIENTED_EDGE('',*,*,#5091,.F.);
#6313=ORIENTED_EDGE('',*,*,#5092,.F.);
#6314=ORIENTED_EDGE('',*,*,#5093,.F.);
#6315=ORIENTED_EDGE('',*,*,#5094,.F.);
#6316=ORIENTED_EDGE('',*,*,#5095,.F.);
#6317=ORIENTED_EDGE('',*,*,#5096,.F.);
#6318=ORIENTED_EDGE('',*,*,#5097,.F.);
#6319=ORIENTED_EDGE('',*,*,#5098,.F.);
#6320=ORIENTED_EDGE('',*,*,#5099,.F.);
#6321=ORIENTED_EDGE('',*,*,#5100,.F.);
#6322=ORIENTED_EDGE('',*,*,#5101,.F.);
#6323=ORIENTED_EDGE('',*,*,#5102,.F.);
#6324=ORIENTED_EDGE('',*,*,#5103,.F.);
#6325=ORIENTED_EDGE('',*,*,#5104,.F.);
#6326=ORIENTED_EDGE('',*,*,#5105,.F.);
#6327=ORIENTED_EDGE('',*,*,#5106,.F.);
#6328=ORIENTED_EDGE('',*,*,#5107,.F.);
#6329=ORIENTED_EDGE('',*,*,#5108,.F.);
#6330=ORIENTED_EDGE('',*,*,#5109,.F.);
#6331=ORIENTED_EDGE('',*,*,#5110,.F.);
#6332=ORIENTED_EDGE('',*,*,#5111,.F.);
#6333=ORIENTED_EDGE('',*,*,#5112,.F.);
#6334=ORIENTED_EDGE('',*,*,#5113,.F.);
#6335=ORIENTED_EDGE('',*,*,#5114,.F.);
#6336=ORIENTED_EDGE('',*,*,#5115,.F.);
#6337=ORIENTED_EDGE('',*,*,#5116,.F.);
#6338=ORIENTED_EDGE('',*,*,#5117,.F.);
#6339=ORIENTED_EDGE('',*,*,#5118,.F.);
#6340=ORIENTED_EDGE('',*,*,#5119,.F.);
#6341=ORIENTED_EDGE('',*,*,#5120,.T.);
#6342=ORIENTED_EDGE('',*,*,#5121,.T.);
#6343=ORIENTED_EDGE('',*,*,#5122,.T.);
#6344=ORIENTED_EDGE('',*,*,#5123,.T.);
#6345=ORIENTED_EDGE('',*,*,#5124,.F.);
#6346=ORIENTED_EDGE('',*,*,#4709,.T.);
#6347=ORIENTED_EDGE('',*,*,#4708,.T.);
#6348=ORIENTED_EDGE('',*,*,#4713,.F.);
#6349=ORIENTED_EDGE('',*,*,#4722,.F.);
#6350=ORIENTED_EDGE('',*,*,#4755,.F.);
#6351=ORIENTED_EDGE('',*,*,#5125,.F.);
#6352=ORIENTED_EDGE('',*,*,#4731,.F.);
#6353=ORIENTED_EDGE('',*,*,#4716,.F.);
#6354=ORIENTED_EDGE('',*,*,#5126,.F.);
#6355=ORIENTED_EDGE('',*,*,#5127,.F.);
#6356=ORIENTED_EDGE('',*,*,#5128,.F.);
#6357=ORIENTED_EDGE('',*,*,#5124,.T.);
#6358=ORIENTED_EDGE('',*,*,#4754,.F.);
#6359=ORIENTED_EDGE('',*,*,#5129,.T.);
#6360=ORIENTED_EDGE('',*,*,#5130,.F.);
#6361=ORIENTED_EDGE('',*,*,#5131,.F.);
#6362=ORIENTED_EDGE('',*,*,#4732,.F.);
#6363=ORIENTED_EDGE('',*,*,#5125,.T.);
#6364=ORIENTED_EDGE('',*,*,#5132,.T.);
#6365=ORIENTED_EDGE('',*,*,#5133,.T.);
#6366=ORIENTED_EDGE('',*,*,#4710,.T.);
#6367=ORIENTED_EDGE('',*,*,#5126,.T.);
#6368=ORIENTED_EDGE('',*,*,#4715,.F.);
#6369=ORIENTED_EDGE('',*,*,#5134,.F.);
#6370=ORIENTED_EDGE('',*,*,#5132,.F.);
#6371=ORIENTED_EDGE('',*,*,#5128,.T.);
#6372=ORIENTED_EDGE('',*,*,#5127,.T.);
#6373=ORIENTED_EDGE('',*,*,#4714,.F.);
#6374=ORIENTED_EDGE('',*,*,#4711,.F.);
#6375=ORIENTED_EDGE('',*,*,#5133,.F.);
#6376=ORIENTED_EDGE('',*,*,#5134,.T.);
#6377=ORIENTED_EDGE('',*,*,#5135,.F.);
#6378=ORIENTED_EDGE('',*,*,#5136,.F.);
#6379=ORIENTED_EDGE('',*,*,#5137,.F.);
#6380=ORIENTED_EDGE('',*,*,#4752,.F.);
#6381=ORIENTED_EDGE('',*,*,#5138,.F.);
#6382=ORIENTED_EDGE('',*,*,#5139,.F.);
#6383=ORIENTED_EDGE('',*,*,#4746,.F.);
#6384=ORIENTED_EDGE('',*,*,#4745,.F.);
#6385=ORIENTED_EDGE('',*,*,#4744,.F.);
#6386=ORIENTED_EDGE('',*,*,#5140,.F.);
#6387=ORIENTED_EDGE('',*,*,#5141,.T.);
#6388=ORIENTED_EDGE('',*,*,#5142,.F.);
#6389=ORIENTED_EDGE('',*,*,#5143,.F.);
#6390=ORIENTED_EDGE('',*,*,#5139,.T.);
#6391=ORIENTED_EDGE('',*,*,#5129,.F.);
#6392=ORIENTED_EDGE('',*,*,#4753,.T.);
#6393=ORIENTED_EDGE('',*,*,#5137,.T.);
#6394=ORIENTED_EDGE('',*,*,#5144,.F.);
#6395=ORIENTED_EDGE('',*,*,#5138,.T.);
#6396=ORIENTED_EDGE('',*,*,#5145,.F.);
#6397=ORIENTED_EDGE('',*,*,#5146,.T.);
#6398=ORIENTED_EDGE('',*,*,#4747,.F.);
#6399=ORIENTED_EDGE('',*,*,#5144,.T.);
#6400=ORIENTED_EDGE('',*,*,#5136,.T.);
#6401=ORIENTED_EDGE('',*,*,#5147,.T.);
#6402=ORIENTED_EDGE('',*,*,#5148,.T.);
#6403=ORIENTED_EDGE('',*,*,#5149,.T.);
#6404=ORIENTED_EDGE('',*,*,#5150,.T.);
#6405=ORIENTED_EDGE('',*,*,#5145,.T.);
#6406=ORIENTED_EDGE('',*,*,#5143,.T.);
#6407=ORIENTED_EDGE('',*,*,#5142,.T.);
#6408=ORIENTED_EDGE('',*,*,#5141,.F.);
#6409=ORIENTED_EDGE('',*,*,#5151,.T.);
#6410=ORIENTED_EDGE('',*,*,#5152,.T.);
#6411=ORIENTED_EDGE('',*,*,#5153,.T.);
#6412=ORIENTED_EDGE('',*,*,#5154,.T.);
#6413=ORIENTED_EDGE('',*,*,#5155,.T.);
#6414=ORIENTED_EDGE('',*,*,#5156,.T.);
#6415=ORIENTED_EDGE('',*,*,#5157,.T.);
#6416=ORIENTED_EDGE('',*,*,#5158,.T.);
#6417=ORIENTED_EDGE('',*,*,#5159,.T.);
#6418=ORIENTED_EDGE('',*,*,#5160,.T.);
#6419=ORIENTED_EDGE('',*,*,#5161,.T.);
#6420=ORIENTED_EDGE('',*,*,#5130,.T.);
#6421=ORIENTED_EDGE('',*,*,#5162,.T.);
#6422=ORIENTED_EDGE('',*,*,#5163,.T.);
#6423=ORIENTED_EDGE('',*,*,#5164,.T.);
#6424=ORIENTED_EDGE('',*,*,#5165,.T.);
#6425=ORIENTED_EDGE('',*,*,#5166,.T.);
#6426=ORIENTED_EDGE('',*,*,#5167,.T.);
#6427=ORIENTED_EDGE('',*,*,#5168,.T.);
#6428=ORIENTED_EDGE('',*,*,#5169,.T.);
#6429=ORIENTED_EDGE('',*,*,#5170,.T.);
#6430=ORIENTED_EDGE('',*,*,#5171,.T.);
#6431=ORIENTED_EDGE('',*,*,#5172,.T.);
#6432=ORIENTED_EDGE('',*,*,#5173,.T.);
#6433=ORIENTED_EDGE('',*,*,#5174,.T.);
#6434=ORIENTED_EDGE('',*,*,#5175,.T.);
#6435=ORIENTED_EDGE('',*,*,#5176,.T.);
#6436=ORIENTED_EDGE('',*,*,#5177,.T.);
#6437=ORIENTED_EDGE('',*,*,#5178,.T.);
#6438=ORIENTED_EDGE('',*,*,#5179,.T.);
#6439=ORIENTED_EDGE('',*,*,#5180,.T.);
#6440=ORIENTED_EDGE('',*,*,#5181,.T.);
#6441=ORIENTED_EDGE('',*,*,#5182,.T.);
#6442=ORIENTED_EDGE('',*,*,#5183,.T.);
#6443=ORIENTED_EDGE('',*,*,#5184,.T.);
#6444=ORIENTED_EDGE('',*,*,#5185,.T.);
#6445=ORIENTED_EDGE('',*,*,#5186,.T.);
#6446=ORIENTED_EDGE('',*,*,#5187,.T.);
#6447=ORIENTED_EDGE('',*,*,#5188,.T.);
#6448=ORIENTED_EDGE('',*,*,#5189,.T.);
#6449=ORIENTED_EDGE('',*,*,#5190,.T.);
#6450=ORIENTED_EDGE('',*,*,#5191,.T.);
#6451=ORIENTED_EDGE('',*,*,#5192,.T.);
#6452=ORIENTED_EDGE('',*,*,#5193,.T.);
#6453=ORIENTED_EDGE('',*,*,#5194,.T.);
#6454=ORIENTED_EDGE('',*,*,#5195,.T.);
#6455=ORIENTED_EDGE('',*,*,#5196,.T.);
#6456=ORIENTED_EDGE('',*,*,#5197,.T.);
#6457=ORIENTED_EDGE('',*,*,#5198,.T.);
#6458=ORIENTED_EDGE('',*,*,#5199,.T.);
#6459=ORIENTED_EDGE('',*,*,#5200,.T.);
#6460=ORIENTED_EDGE('',*,*,#5201,.T.);
#6461=ORIENTED_EDGE('',*,*,#5202,.T.);
#6462=ORIENTED_EDGE('',*,*,#5203,.T.);
#6463=ORIENTED_EDGE('',*,*,#5204,.T.);
#6464=ORIENTED_EDGE('',*,*,#5205,.T.);
#6465=ORIENTED_EDGE('',*,*,#5206,.T.);
#6466=ORIENTED_EDGE('',*,*,#5207,.T.);
#6467=ORIENTED_EDGE('',*,*,#5208,.T.);
#6468=ORIENTED_EDGE('',*,*,#5209,.T.);
#6469=ORIENTED_EDGE('',*,*,#5210,.T.);
#6470=ORIENTED_EDGE('',*,*,#5211,.T.);
#6471=ORIENTED_EDGE('',*,*,#5212,.T.);
#6472=ORIENTED_EDGE('',*,*,#5213,.T.);
#6473=ORIENTED_EDGE('',*,*,#5214,.T.);
#6474=ORIENTED_EDGE('',*,*,#5215,.T.);
#6475=ORIENTED_EDGE('',*,*,#5216,.T.);
#6476=ORIENTED_EDGE('',*,*,#5217,.T.);
#6477=ORIENTED_EDGE('',*,*,#5218,.T.);
#6478=ORIENTED_EDGE('',*,*,#5219,.T.);
#6479=ORIENTED_EDGE('',*,*,#5220,.T.);
#6480=ORIENTED_EDGE('',*,*,#5221,.T.);
#6481=ORIENTED_EDGE('',*,*,#5222,.T.);
#6482=ORIENTED_EDGE('',*,*,#5223,.T.);
#6483=ORIENTED_EDGE('',*,*,#5224,.T.);
#6484=ORIENTED_EDGE('',*,*,#5225,.T.);
#6485=ORIENTED_EDGE('',*,*,#5226,.T.);
#6486=ORIENTED_EDGE('',*,*,#5227,.T.);
#6487=ORIENTED_EDGE('',*,*,#5228,.T.);
#6488=ORIENTED_EDGE('',*,*,#5229,.T.);
#6489=ORIENTED_EDGE('',*,*,#5230,.T.);
#6490=ORIENTED_EDGE('',*,*,#5231,.T.);
#6491=ORIENTED_EDGE('',*,*,#5232,.T.);
#6492=ORIENTED_EDGE('',*,*,#5233,.T.);
#6493=ORIENTED_EDGE('',*,*,#5234,.T.);
#6494=ORIENTED_EDGE('',*,*,#5235,.T.);
#6495=ORIENTED_EDGE('',*,*,#5236,.T.);
#6496=ORIENTED_EDGE('',*,*,#5237,.T.);
#6497=ORIENTED_EDGE('',*,*,#5238,.T.);
#6498=ORIENTED_EDGE('',*,*,#5239,.T.);
#6499=ORIENTED_EDGE('',*,*,#5240,.T.);
#6500=ORIENTED_EDGE('',*,*,#5241,.T.);
#6501=ORIENTED_EDGE('',*,*,#5242,.T.);
#6502=ORIENTED_EDGE('',*,*,#5243,.T.);
#6503=ORIENTED_EDGE('',*,*,#5244,.T.);
#6504=ORIENTED_EDGE('',*,*,#5245,.T.);
#6505=ORIENTED_EDGE('',*,*,#5246,.T.);
#6506=ORIENTED_EDGE('',*,*,#5247,.T.);
#6507=ORIENTED_EDGE('',*,*,#5248,.T.);
#6508=ORIENTED_EDGE('',*,*,#5249,.T.);
#6509=ORIENTED_EDGE('',*,*,#5250,.T.);
#6510=ORIENTED_EDGE('',*,*,#5251,.T.);
#6511=ORIENTED_EDGE('',*,*,#5252,.T.);
#6512=ORIENTED_EDGE('',*,*,#5253,.T.);
#6513=ORIENTED_EDGE('',*,*,#5254,.T.);
#6514=ORIENTED_EDGE('',*,*,#5255,.T.);
#6515=ORIENTED_EDGE('',*,*,#5256,.T.);
#6516=ORIENTED_EDGE('',*,*,#5257,.T.);
#6517=ORIENTED_EDGE('',*,*,#5258,.T.);
#6518=ORIENTED_EDGE('',*,*,#5259,.T.);
#6519=ORIENTED_EDGE('',*,*,#5260,.T.);
#6520=ORIENTED_EDGE('',*,*,#5261,.T.);
#6521=ORIENTED_EDGE('',*,*,#5262,.T.);
#6522=ORIENTED_EDGE('',*,*,#5263,.T.);
#6523=ORIENTED_EDGE('',*,*,#5264,.T.);
#6524=ORIENTED_EDGE('',*,*,#5265,.T.);
#6525=ORIENTED_EDGE('',*,*,#5266,.T.);
#6526=ORIENTED_EDGE('',*,*,#5267,.T.);
#6527=ORIENTED_EDGE('',*,*,#5268,.T.);
#6528=ORIENTED_EDGE('',*,*,#5269,.T.);
#6529=ORIENTED_EDGE('',*,*,#5270,.T.);
#6530=ORIENTED_EDGE('',*,*,#5271,.T.);
#6531=ORIENTED_EDGE('',*,*,#5272,.T.);
#6532=ORIENTED_EDGE('',*,*,#5273,.T.);
#6533=ORIENTED_EDGE('',*,*,#5274,.T.);
#6534=ORIENTED_EDGE('',*,*,#5275,.T.);
#6535=ORIENTED_EDGE('',*,*,#5276,.T.);
#6536=ORIENTED_EDGE('',*,*,#5277,.T.);
#6537=ORIENTED_EDGE('',*,*,#5278,.T.);
#6538=ORIENTED_EDGE('',*,*,#5279,.T.);
#6539=ORIENTED_EDGE('',*,*,#5280,.T.);
#6540=ORIENTED_EDGE('',*,*,#5281,.T.);
#6541=ORIENTED_EDGE('',*,*,#5282,.T.);
#6542=ORIENTED_EDGE('',*,*,#5283,.T.);
#6543=ORIENTED_EDGE('',*,*,#5284,.T.);
#6544=ORIENTED_EDGE('',*,*,#5285,.T.);
#6545=ORIENTED_EDGE('',*,*,#5286,.T.);
#6546=ORIENTED_EDGE('',*,*,#5287,.T.);
#6547=ORIENTED_EDGE('',*,*,#5288,.T.);
#6548=ORIENTED_EDGE('',*,*,#5289,.T.);
#6549=ORIENTED_EDGE('',*,*,#5290,.T.);
#6550=ORIENTED_EDGE('',*,*,#5291,.T.);
#6551=ORIENTED_EDGE('',*,*,#5292,.T.);
#6552=ORIENTED_EDGE('',*,*,#5293,.T.);
#6553=ORIENTED_EDGE('',*,*,#5294,.T.);
#6554=ORIENTED_EDGE('',*,*,#5295,.T.);
#6555=ORIENTED_EDGE('',*,*,#5296,.T.);
#6556=ORIENTED_EDGE('',*,*,#5297,.T.);
#6557=ORIENTED_EDGE('',*,*,#5298,.T.);
#6558=ORIENTED_EDGE('',*,*,#5299,.T.);
#6559=ORIENTED_EDGE('',*,*,#5300,.T.);
#6560=ORIENTED_EDGE('',*,*,#5301,.T.);
#6561=ORIENTED_EDGE('',*,*,#5302,.T.);
#6562=ORIENTED_EDGE('',*,*,#5303,.T.);
#6563=ORIENTED_EDGE('',*,*,#5304,.T.);
#6564=ORIENTED_EDGE('',*,*,#5305,.T.);
#6565=ORIENTED_EDGE('',*,*,#5306,.T.);
#6566=ORIENTED_EDGE('',*,*,#5307,.T.);
#6567=ORIENTED_EDGE('',*,*,#5308,.T.);
#6568=ORIENTED_EDGE('',*,*,#5309,.T.);
#6569=ORIENTED_EDGE('',*,*,#5310,.T.);
#6570=ORIENTED_EDGE('',*,*,#5311,.T.);
#6571=ORIENTED_EDGE('',*,*,#5312,.T.);
#6572=ORIENTED_EDGE('',*,*,#5313,.T.);
#6573=ORIENTED_EDGE('',*,*,#5314,.T.);
#6574=ORIENTED_EDGE('',*,*,#5315,.T.);
#6575=ORIENTED_EDGE('',*,*,#5316,.T.);
#6576=ORIENTED_EDGE('',*,*,#5317,.T.);
#6577=ORIENTED_EDGE('',*,*,#5318,.T.);
#6578=ORIENTED_EDGE('',*,*,#5319,.T.);
#6579=ORIENTED_EDGE('',*,*,#5320,.T.);
#6580=ORIENTED_EDGE('',*,*,#5321,.T.);
#6581=ORIENTED_EDGE('',*,*,#5322,.T.);
#6582=ORIENTED_EDGE('',*,*,#5323,.T.);
#6583=ORIENTED_EDGE('',*,*,#5324,.T.);
#6584=ORIENTED_EDGE('',*,*,#5325,.T.);
#6585=ORIENTED_EDGE('',*,*,#5326,.T.);
#6586=ORIENTED_EDGE('',*,*,#5327,.T.);
#6587=ORIENTED_EDGE('',*,*,#5328,.T.);
#6588=ORIENTED_EDGE('',*,*,#5329,.T.);
#6589=ORIENTED_EDGE('',*,*,#5330,.T.);
#6590=ORIENTED_EDGE('',*,*,#5331,.T.);
#6591=ORIENTED_EDGE('',*,*,#5332,.T.);
#6592=ORIENTED_EDGE('',*,*,#5333,.T.);
#6593=ORIENTED_EDGE('',*,*,#5334,.T.);
#6594=ORIENTED_EDGE('',*,*,#5335,.T.);
#6595=ORIENTED_EDGE('',*,*,#5336,.T.);
#6596=ORIENTED_EDGE('',*,*,#5337,.T.);
#6597=ORIENTED_EDGE('',*,*,#5338,.T.);
#6598=ORIENTED_EDGE('',*,*,#5339,.T.);
#6599=ORIENTED_EDGE('',*,*,#5340,.T.);
#6600=ORIENTED_EDGE('',*,*,#5341,.T.);
#6601=ORIENTED_EDGE('',*,*,#5342,.T.);
#6602=ORIENTED_EDGE('',*,*,#5343,.T.);
#6603=ORIENTED_EDGE('',*,*,#5344,.T.);
#6604=ORIENTED_EDGE('',*,*,#5345,.T.);
#6605=ORIENTED_EDGE('',*,*,#5346,.T.);
#6606=ORIENTED_EDGE('',*,*,#5347,.T.);
#6607=ORIENTED_EDGE('',*,*,#5348,.T.);
#6608=ORIENTED_EDGE('',*,*,#5349,.T.);
#6609=ORIENTED_EDGE('',*,*,#5350,.T.);
#6610=ORIENTED_EDGE('',*,*,#5351,.T.);
#6611=ORIENTED_EDGE('',*,*,#5352,.T.);
#6612=ORIENTED_EDGE('',*,*,#5353,.T.);
#6613=ORIENTED_EDGE('',*,*,#5354,.T.);
#6614=ORIENTED_EDGE('',*,*,#5355,.T.);
#6615=ORIENTED_EDGE('',*,*,#5356,.T.);
#6616=ORIENTED_EDGE('',*,*,#5357,.T.);
#6617=ORIENTED_EDGE('',*,*,#5358,.T.);
#6618=ORIENTED_EDGE('',*,*,#5359,.T.);
#6619=ORIENTED_EDGE('',*,*,#5360,.T.);
#6620=ORIENTED_EDGE('',*,*,#5361,.T.);
#6621=ORIENTED_EDGE('',*,*,#5362,.T.);
#6622=ORIENTED_EDGE('',*,*,#5363,.T.);
#6623=ORIENTED_EDGE('',*,*,#5364,.T.);
#6624=ORIENTED_EDGE('',*,*,#5365,.T.);
#6625=ORIENTED_EDGE('',*,*,#5366,.T.);
#6626=ORIENTED_EDGE('',*,*,#5367,.T.);
#6627=ORIENTED_EDGE('',*,*,#5368,.T.);
#6628=ORIENTED_EDGE('',*,*,#5369,.T.);
#6629=ORIENTED_EDGE('',*,*,#5370,.T.);
#6630=ORIENTED_EDGE('',*,*,#5371,.T.);
#6631=ORIENTED_EDGE('',*,*,#5372,.T.);
#6632=ORIENTED_EDGE('',*,*,#5373,.T.);
#6633=ORIENTED_EDGE('',*,*,#5374,.T.);
#6634=ORIENTED_EDGE('',*,*,#5375,.T.);
#6635=ORIENTED_EDGE('',*,*,#5376,.T.);
#6636=ORIENTED_EDGE('',*,*,#5377,.T.);
#6637=ORIENTED_EDGE('',*,*,#5378,.T.);
#6638=ORIENTED_EDGE('',*,*,#5379,.T.);
#6639=ORIENTED_EDGE('',*,*,#5380,.T.);
#6640=ORIENTED_EDGE('',*,*,#5381,.T.);
#6641=ORIENTED_EDGE('',*,*,#5382,.T.);
#6642=ORIENTED_EDGE('',*,*,#5383,.T.);
#6643=ORIENTED_EDGE('',*,*,#5384,.T.);
#6644=ORIENTED_EDGE('',*,*,#5385,.T.);
#6645=ORIENTED_EDGE('',*,*,#5386,.T.);
#6646=ORIENTED_EDGE('',*,*,#5387,.T.);
#6647=ORIENTED_EDGE('',*,*,#5388,.T.);
#6648=ORIENTED_EDGE('',*,*,#5389,.T.);
#6649=ORIENTED_EDGE('',*,*,#5390,.T.);
#6650=ORIENTED_EDGE('',*,*,#5391,.T.);
#6651=ORIENTED_EDGE('',*,*,#5392,.T.);
#6652=ORIENTED_EDGE('',*,*,#5393,.T.);
#6653=ORIENTED_EDGE('',*,*,#5394,.T.);
#6654=ORIENTED_EDGE('',*,*,#5395,.T.);
#6655=ORIENTED_EDGE('',*,*,#5396,.T.);
#6656=ORIENTED_EDGE('',*,*,#5397,.T.);
#6657=ORIENTED_EDGE('',*,*,#5398,.T.);
#6658=ORIENTED_EDGE('',*,*,#5399,.T.);
#6659=ORIENTED_EDGE('',*,*,#5400,.T.);
#6660=ORIENTED_EDGE('',*,*,#5401,.T.);
#6661=ORIENTED_EDGE('',*,*,#5402,.T.);
#6662=ORIENTED_EDGE('',*,*,#5403,.T.);
#6663=ORIENTED_EDGE('',*,*,#5404,.T.);
#6664=ORIENTED_EDGE('',*,*,#5405,.T.);
#6665=ORIENTED_EDGE('',*,*,#5406,.T.);
#6666=ORIENTED_EDGE('',*,*,#5407,.T.);
#6667=ORIENTED_EDGE('',*,*,#5408,.T.);
#6668=ORIENTED_EDGE('',*,*,#5409,.T.);
#6669=ORIENTED_EDGE('',*,*,#5410,.T.);
#6670=ORIENTED_EDGE('',*,*,#5411,.T.);
#6671=ORIENTED_EDGE('',*,*,#5412,.T.);
#6672=ORIENTED_EDGE('',*,*,#5413,.T.);
#6673=ORIENTED_EDGE('',*,*,#5414,.T.);
#6674=ORIENTED_EDGE('',*,*,#5415,.T.);
#6675=ORIENTED_EDGE('',*,*,#5416,.T.);
#6676=ORIENTED_EDGE('',*,*,#5417,.T.);
#6677=ORIENTED_EDGE('',*,*,#5418,.T.);
#6678=ORIENTED_EDGE('',*,*,#5419,.T.);
#6679=ORIENTED_EDGE('',*,*,#5420,.T.);
#6680=ORIENTED_EDGE('',*,*,#5421,.T.);
#6681=ORIENTED_EDGE('',*,*,#5422,.T.);
#6682=ORIENTED_EDGE('',*,*,#5423,.T.);
#6683=ORIENTED_EDGE('',*,*,#5424,.T.);
#6684=ORIENTED_EDGE('',*,*,#5425,.T.);
#6685=ORIENTED_EDGE('',*,*,#5426,.T.);
#6686=ORIENTED_EDGE('',*,*,#5427,.T.);
#6687=ORIENTED_EDGE('',*,*,#5428,.T.);
#6688=ORIENTED_EDGE('',*,*,#5429,.T.);
#6689=ORIENTED_EDGE('',*,*,#5430,.T.);
#6690=ORIENTED_EDGE('',*,*,#5431,.T.);
#6691=ORIENTED_EDGE('',*,*,#5432,.T.);
#6692=ORIENTED_EDGE('',*,*,#5433,.T.);
#6693=ORIENTED_EDGE('',*,*,#5434,.T.);
#6694=ORIENTED_EDGE('',*,*,#5435,.T.);
#6695=ORIENTED_EDGE('',*,*,#5436,.T.);
#6696=ORIENTED_EDGE('',*,*,#5437,.T.);
#6697=ORIENTED_EDGE('',*,*,#5438,.T.);
#6698=ORIENTED_EDGE('',*,*,#5439,.T.);
#6699=ORIENTED_EDGE('',*,*,#5440,.T.);
#6700=ORIENTED_EDGE('',*,*,#5441,.T.);
#6701=ORIENTED_EDGE('',*,*,#5442,.T.);
#6702=ORIENTED_EDGE('',*,*,#5443,.T.);
#6703=ORIENTED_EDGE('',*,*,#5444,.T.);
#6704=ORIENTED_EDGE('',*,*,#5445,.T.);
#6705=ORIENTED_EDGE('',*,*,#5446,.T.);
#6706=ORIENTED_EDGE('',*,*,#5447,.T.);
#6707=ORIENTED_EDGE('',*,*,#5448,.T.);
#6708=ORIENTED_EDGE('',*,*,#5449,.T.);
#6709=ORIENTED_EDGE('',*,*,#5450,.T.);
#6710=ORIENTED_EDGE('',*,*,#5451,.T.);
#6711=ORIENTED_EDGE('',*,*,#5452,.T.);
#6712=ORIENTED_EDGE('',*,*,#5453,.T.);
#6713=ORIENTED_EDGE('',*,*,#5454,.T.);
#6714=ORIENTED_EDGE('',*,*,#5455,.T.);
#6715=ORIENTED_EDGE('',*,*,#5456,.T.);
#6716=ORIENTED_EDGE('',*,*,#5457,.T.);
#6717=ORIENTED_EDGE('',*,*,#5458,.T.);
#6718=ORIENTED_EDGE('',*,*,#5459,.T.);
#6719=ORIENTED_EDGE('',*,*,#5460,.T.);
#6720=ORIENTED_EDGE('',*,*,#5461,.T.);
#6721=ORIENTED_EDGE('',*,*,#5462,.T.);
#6722=ORIENTED_EDGE('',*,*,#5463,.T.);
#6723=ORIENTED_EDGE('',*,*,#5464,.T.);
#6724=ORIENTED_EDGE('',*,*,#5465,.T.);
#6725=ORIENTED_EDGE('',*,*,#5466,.T.);
#6726=ORIENTED_EDGE('',*,*,#5467,.T.);
#6727=ORIENTED_EDGE('',*,*,#5468,.T.);
#6728=ORIENTED_EDGE('',*,*,#5469,.T.);
#6729=ORIENTED_EDGE('',*,*,#5470,.T.);
#6730=ORIENTED_EDGE('',*,*,#5471,.T.);
#6731=ORIENTED_EDGE('',*,*,#5472,.T.);
#6732=ORIENTED_EDGE('',*,*,#5473,.T.);
#6733=ORIENTED_EDGE('',*,*,#5474,.T.);
#6734=ORIENTED_EDGE('',*,*,#5475,.T.);
#6735=ORIENTED_EDGE('',*,*,#5476,.T.);
#6736=ORIENTED_EDGE('',*,*,#5477,.T.);
#6737=ORIENTED_EDGE('',*,*,#5478,.T.);
#6738=ORIENTED_EDGE('',*,*,#5479,.T.);
#6739=ORIENTED_EDGE('',*,*,#5480,.T.);
#6740=ORIENTED_EDGE('',*,*,#5481,.T.);
#6741=ORIENTED_EDGE('',*,*,#5482,.T.);
#6742=ORIENTED_EDGE('',*,*,#5483,.T.);
#6743=ORIENTED_EDGE('',*,*,#5484,.T.);
#6744=ORIENTED_EDGE('',*,*,#5485,.T.);
#6745=ORIENTED_EDGE('',*,*,#5486,.T.);
#6746=ORIENTED_EDGE('',*,*,#5487,.T.);
#6747=ORIENTED_EDGE('',*,*,#5488,.T.);
#6748=ORIENTED_EDGE('',*,*,#5489,.T.);
#6749=ORIENTED_EDGE('',*,*,#5490,.T.);
#6750=ORIENTED_EDGE('',*,*,#5491,.T.);
#6751=ORIENTED_EDGE('',*,*,#5492,.T.);
#6752=ORIENTED_EDGE('',*,*,#5493,.T.);
#6753=ORIENTED_EDGE('',*,*,#5494,.T.);
#6754=ORIENTED_EDGE('',*,*,#5495,.T.);
#6755=ORIENTED_EDGE('',*,*,#5496,.T.);
#6756=ORIENTED_EDGE('',*,*,#5497,.T.);
#6757=ORIENTED_EDGE('',*,*,#5498,.T.);
#6758=ORIENTED_EDGE('',*,*,#5499,.T.);
#6759=ORIENTED_EDGE('',*,*,#5500,.T.);
#6760=ORIENTED_EDGE('',*,*,#5501,.T.);
#6761=ORIENTED_EDGE('',*,*,#5502,.T.);
#6762=ORIENTED_EDGE('',*,*,#5503,.T.);
#6763=ORIENTED_EDGE('',*,*,#5504,.T.);
#6764=ORIENTED_EDGE('',*,*,#5505,.T.);
#6765=ORIENTED_EDGE('',*,*,#5506,.T.);
#6766=ORIENTED_EDGE('',*,*,#5507,.T.);
#6767=ORIENTED_EDGE('',*,*,#5508,.T.);
#6768=ORIENTED_EDGE('',*,*,#5509,.T.);
#6769=ORIENTED_EDGE('',*,*,#5510,.T.);
#6770=ORIENTED_EDGE('',*,*,#5511,.T.);
#6771=ORIENTED_EDGE('',*,*,#5512,.T.);
#6772=ORIENTED_EDGE('',*,*,#5513,.T.);
#6773=ORIENTED_EDGE('',*,*,#5514,.T.);
#6774=ORIENTED_EDGE('',*,*,#5515,.T.);
#6775=ORIENTED_EDGE('',*,*,#5516,.T.);
#6776=ORIENTED_EDGE('',*,*,#5517,.T.);
#6777=ORIENTED_EDGE('',*,*,#5518,.T.);
#6778=ORIENTED_EDGE('',*,*,#5519,.T.);
#6779=ORIENTED_EDGE('',*,*,#5520,.T.);
#6780=ORIENTED_EDGE('',*,*,#5521,.T.);
#6781=ORIENTED_EDGE('',*,*,#5522,.T.);
#6782=ORIENTED_EDGE('',*,*,#5523,.T.);
#6783=ORIENTED_EDGE('',*,*,#5524,.T.);
#6784=ORIENTED_EDGE('',*,*,#5525,.T.);
#6785=ORIENTED_EDGE('',*,*,#5526,.T.);
#6786=ORIENTED_EDGE('',*,*,#5527,.T.);
#6787=ORIENTED_EDGE('',*,*,#5528,.T.);
#6788=ORIENTED_EDGE('',*,*,#5529,.T.);
#6789=ORIENTED_EDGE('',*,*,#5530,.T.);
#6790=ORIENTED_EDGE('',*,*,#5531,.T.);
#6791=ORIENTED_EDGE('',*,*,#4719,.T.);
#6792=ORIENTED_EDGE('',*,*,#5532,.T.);
#6793=ORIENTED_EDGE('',*,*,#5533,.T.);
#6794=ORIENTED_EDGE('',*,*,#5534,.T.);
#6795=ORIENTED_EDGE('',*,*,#5535,.T.);
#6796=ORIENTED_EDGE('',*,*,#5536,.T.);
#6797=ORIENTED_EDGE('',*,*,#5537,.T.);
#6798=ORIENTED_EDGE('',*,*,#5140,.T.);
#6799=ORIENTED_EDGE('',*,*,#4743,.F.);
#6800=ORIENTED_EDGE('',*,*,#5538,.T.);
#6801=ORIENTED_EDGE('',*,*,#5151,.F.);
#6802=ORIENTED_EDGE('',*,*,#5162,.F.);
#6803=ORIENTED_EDGE('',*,*,#5539,.T.);
#6804=ORIENTED_EDGE('',*,*,#4756,.F.);
#6805=ORIENTED_EDGE('',*,*,#5539,.F.);
#6806=ORIENTED_EDGE('',*,*,#5163,.F.);
#6807=ORIENTED_EDGE('',*,*,#5540,.T.);
#6808=ORIENTED_EDGE('',*,*,#4757,.F.);
#6809=ORIENTED_EDGE('',*,*,#5540,.F.);
#6810=ORIENTED_EDGE('',*,*,#5164,.F.);
#6811=ORIENTED_EDGE('',*,*,#5541,.T.);
#6812=ORIENTED_EDGE('',*,*,#4758,.F.);
#6813=ORIENTED_EDGE('',*,*,#5541,.F.);
#6814=ORIENTED_EDGE('',*,*,#5165,.F.);
#6815=ORIENTED_EDGE('',*,*,#5542,.T.);
#6816=ORIENTED_EDGE('',*,*,#4759,.F.);
#6817=ORIENTED_EDGE('',*,*,#5542,.F.);
#6818=ORIENTED_EDGE('',*,*,#5537,.F.);
#6819=ORIENTED_EDGE('',*,*,#5543,.T.);
#6820=ORIENTED_EDGE('',*,*,#5123,.F.);
#6821=ORIENTED_EDGE('',*,*,#5543,.F.);
#6822=ORIENTED_EDGE('',*,*,#5536,.F.);
#6823=ORIENTED_EDGE('',*,*,#5544,.T.);
#6824=ORIENTED_EDGE('',*,*,#5122,.F.);
#6825=ORIENTED_EDGE('',*,*,#5544,.F.);
#6826=ORIENTED_EDGE('',*,*,#5535,.F.);
#6827=ORIENTED_EDGE('',*,*,#5545,.T.);
#6828=ORIENTED_EDGE('',*,*,#5121,.F.);
#6829=ORIENTED_EDGE('',*,*,#5545,.F.);
#6830=ORIENTED_EDGE('',*,*,#5534,.F.);
#6831=ORIENTED_EDGE('',*,*,#5546,.T.);
#6832=ORIENTED_EDGE('',*,*,#5120,.F.);
#6833=ORIENTED_EDGE('',*,*,#5546,.F.);
#6834=ORIENTED_EDGE('',*,*,#5135,.T.);
#6835=ORIENTED_EDGE('',*,*,#4751,.F.);
#6836=ORIENTED_EDGE('',*,*,#5547,.F.);
#6837=ORIENTED_EDGE('',*,*,#5147,.F.);
#6838=ORIENTED_EDGE('',*,*,#5148,.F.);
#6839=ORIENTED_EDGE('',*,*,#5547,.T.);
#6840=ORIENTED_EDGE('',*,*,#4750,.F.);
#6841=ORIENTED_EDGE('',*,*,#5548,.F.);
#6842=ORIENTED_EDGE('',*,*,#5149,.F.);
#6843=ORIENTED_EDGE('',*,*,#5548,.T.);
#6844=ORIENTED_EDGE('',*,*,#4749,.F.);
#6845=ORIENTED_EDGE('',*,*,#5549,.F.);
#6846=ORIENTED_EDGE('',*,*,#5150,.F.);
#6847=ORIENTED_EDGE('',*,*,#5549,.T.);
#6848=ORIENTED_EDGE('',*,*,#4748,.F.);
#6849=ORIENTED_EDGE('',*,*,#5146,.F.);
#6850=ORIENTED_EDGE('',*,*,#5531,.F.);
#6851=ORIENTED_EDGE('',*,*,#5550,.T.);
#6852=ORIENTED_EDGE('',*,*,#4723,.F.);
#6853=ORIENTED_EDGE('',*,*,#4720,.F.);
#6854=ORIENTED_EDGE('',*,*,#5532,.F.);
#6855=ORIENTED_EDGE('',*,*,#4718,.T.);
#6856=ORIENTED_EDGE('',*,*,#4730,.F.);
#6857=ORIENTED_EDGE('',*,*,#5551,.F.);
#6858=ORIENTED_EDGE('',*,*,#5533,.F.);
#6859=ORIENTED_EDGE('',*,*,#5551,.T.);
#6860=ORIENTED_EDGE('',*,*,#4729,.F.);
#6861=ORIENTED_EDGE('',*,*,#5552,.F.);
#6862=ORIENTED_EDGE('',*,*,#5526,.F.);
#6863=ORIENTED_EDGE('',*,*,#5552,.T.);
#6864=ORIENTED_EDGE('',*,*,#4728,.F.);
#6865=ORIENTED_EDGE('',*,*,#5553,.F.);
#6866=ORIENTED_EDGE('',*,*,#5530,.F.);
#6867=ORIENTED_EDGE('',*,*,#5554,.T.);
#6868=ORIENTED_EDGE('',*,*,#4724,.F.);
#6869=ORIENTED_EDGE('',*,*,#5550,.F.);
#6870=ORIENTED_EDGE('',*,*,#5529,.F.);
#6871=ORIENTED_EDGE('',*,*,#5555,.T.);
#6872=ORIENTED_EDGE('',*,*,#4725,.F.);
#6873=ORIENTED_EDGE('',*,*,#5554,.F.);
#6874=ORIENTED_EDGE('',*,*,#5528,.F.);
#6875=ORIENTED_EDGE('',*,*,#5556,.T.);
#6876=ORIENTED_EDGE('',*,*,#4726,.F.);
#6877=ORIENTED_EDGE('',*,*,#5555,.F.);
#6878=ORIENTED_EDGE('',*,*,#5527,.F.);
#6879=ORIENTED_EDGE('',*,*,#5553,.T.);
#6880=ORIENTED_EDGE('',*,*,#4727,.F.);
#6881=ORIENTED_EDGE('',*,*,#5556,.F.);
#6882=ORIENTED_EDGE('',*,*,#4761,.T.);
#6883=ORIENTED_EDGE('',*,*,#5557,.T.);
#6884=ORIENTED_EDGE('',*,*,#5169,.F.);
#6885=ORIENTED_EDGE('',*,*,#5558,.F.);
#6886=ORIENTED_EDGE('',*,*,#4762,.T.);
#6887=ORIENTED_EDGE('',*,*,#5558,.T.);
#6888=ORIENTED_EDGE('',*,*,#5168,.F.);
#6889=ORIENTED_EDGE('',*,*,#5559,.F.);
#6890=ORIENTED_EDGE('',*,*,#4763,.T.);
#6891=ORIENTED_EDGE('',*,*,#5559,.T.);
#6892=ORIENTED_EDGE('',*,*,#5167,.F.);
#6893=ORIENTED_EDGE('',*,*,#5560,.F.);
#6894=ORIENTED_EDGE('',*,*,#4760,.T.);
#6895=ORIENTED_EDGE('',*,*,#5560,.T.);
#6896=ORIENTED_EDGE('',*,*,#5166,.F.);
#6897=ORIENTED_EDGE('',*,*,#5557,.F.);
#6898=ORIENTED_EDGE('',*,*,#4765,.T.);
#6899=ORIENTED_EDGE('',*,*,#5561,.T.);
#6900=ORIENTED_EDGE('',*,*,#5173,.F.);
#6901=ORIENTED_EDGE('',*,*,#5562,.F.);
#6902=ORIENTED_EDGE('',*,*,#4766,.T.);
#6903=ORIENTED_EDGE('',*,*,#5562,.T.);
#6904=ORIENTED_EDGE('',*,*,#5172,.F.);
#6905=ORIENTED_EDGE('',*,*,#5563,.F.);
#6906=ORIENTED_EDGE('',*,*,#4767,.T.);
#6907=ORIENTED_EDGE('',*,*,#5563,.T.);
#6908=ORIENTED_EDGE('',*,*,#5171,.F.);
#6909=ORIENTED_EDGE('',*,*,#5564,.F.);
#6910=ORIENTED_EDGE('',*,*,#4764,.T.);
#6911=ORIENTED_EDGE('',*,*,#5564,.T.);
#6912=ORIENTED_EDGE('',*,*,#5170,.F.);
#6913=ORIENTED_EDGE('',*,*,#5561,.F.);
#6914=ORIENTED_EDGE('',*,*,#4769,.T.);
#6915=ORIENTED_EDGE('',*,*,#5565,.T.);
#6916=ORIENTED_EDGE('',*,*,#5177,.F.);
#6917=ORIENTED_EDGE('',*,*,#5566,.F.);
#6918=ORIENTED_EDGE('',*,*,#4770,.T.);
#6919=ORIENTED_EDGE('',*,*,#5566,.T.);
#6920=ORIENTED_EDGE('',*,*,#5176,.F.);
#6921=ORIENTED_EDGE('',*,*,#5567,.F.);
#6922=ORIENTED_EDGE('',*,*,#4771,.T.);
#6923=ORIENTED_EDGE('',*,*,#5567,.T.);
#6924=ORIENTED_EDGE('',*,*,#5175,.F.);
#6925=ORIENTED_EDGE('',*,*,#5568,.F.);
#6926=ORIENTED_EDGE('',*,*,#4768,.T.);
#6927=ORIENTED_EDGE('',*,*,#5568,.T.);
#6928=ORIENTED_EDGE('',*,*,#5174,.F.);
#6929=ORIENTED_EDGE('',*,*,#5565,.F.);
#6930=ORIENTED_EDGE('',*,*,#4773,.T.);
#6931=ORIENTED_EDGE('',*,*,#5569,.T.);
#6932=ORIENTED_EDGE('',*,*,#5181,.F.);
#6933=ORIENTED_EDGE('',*,*,#5570,.F.);
#6934=ORIENTED_EDGE('',*,*,#4774,.T.);
#6935=ORIENTED_EDGE('',*,*,#5570,.T.);
#6936=ORIENTED_EDGE('',*,*,#5180,.F.);
#6937=ORIENTED_EDGE('',*,*,#5571,.F.);
#6938=ORIENTED_EDGE('',*,*,#4775,.T.);
#6939=ORIENTED_EDGE('',*,*,#5571,.T.);
#6940=ORIENTED_EDGE('',*,*,#5179,.F.);
#6941=ORIENTED_EDGE('',*,*,#5572,.F.);
#6942=ORIENTED_EDGE('',*,*,#4772,.T.);
#6943=ORIENTED_EDGE('',*,*,#5572,.T.);
#6944=ORIENTED_EDGE('',*,*,#5178,.F.);
#6945=ORIENTED_EDGE('',*,*,#5569,.F.);
#6946=ORIENTED_EDGE('',*,*,#4777,.T.);
#6947=ORIENTED_EDGE('',*,*,#5573,.T.);
#6948=ORIENTED_EDGE('',*,*,#5185,.F.);
#6949=ORIENTED_EDGE('',*,*,#5574,.F.);
#6950=ORIENTED_EDGE('',*,*,#4778,.T.);
#6951=ORIENTED_EDGE('',*,*,#5574,.T.);
#6952=ORIENTED_EDGE('',*,*,#5184,.F.);
#6953=ORIENTED_EDGE('',*,*,#5575,.F.);
#6954=ORIENTED_EDGE('',*,*,#4779,.T.);
#6955=ORIENTED_EDGE('',*,*,#5575,.T.);
#6956=ORIENTED_EDGE('',*,*,#5183,.F.);
#6957=ORIENTED_EDGE('',*,*,#5576,.F.);
#6958=ORIENTED_EDGE('',*,*,#4776,.T.);
#6959=ORIENTED_EDGE('',*,*,#5576,.T.);
#6960=ORIENTED_EDGE('',*,*,#5182,.F.);
#6961=ORIENTED_EDGE('',*,*,#5573,.F.);
#6962=ORIENTED_EDGE('',*,*,#4781,.T.);
#6963=ORIENTED_EDGE('',*,*,#5577,.T.);
#6964=ORIENTED_EDGE('',*,*,#5221,.F.);
#6965=ORIENTED_EDGE('',*,*,#5578,.F.);
#6966=ORIENTED_EDGE('',*,*,#4782,.T.);
#6967=ORIENTED_EDGE('',*,*,#5578,.T.);
#6968=ORIENTED_EDGE('',*,*,#5220,.F.);
#6969=ORIENTED_EDGE('',*,*,#5579,.F.);
#6970=ORIENTED_EDGE('',*,*,#4783,.T.);
#6971=ORIENTED_EDGE('',*,*,#5579,.T.);
#6972=ORIENTED_EDGE('',*,*,#5219,.F.);
#6973=ORIENTED_EDGE('',*,*,#5580,.F.);
#6974=ORIENTED_EDGE('',*,*,#4784,.T.);
#6975=ORIENTED_EDGE('',*,*,#5580,.T.);
#6976=ORIENTED_EDGE('',*,*,#5218,.F.);
#6977=ORIENTED_EDGE('',*,*,#5581,.F.);
#6978=ORIENTED_EDGE('',*,*,#4785,.T.);
#6979=ORIENTED_EDGE('',*,*,#5581,.T.);
#6980=ORIENTED_EDGE('',*,*,#5217,.F.);
#6981=ORIENTED_EDGE('',*,*,#5582,.F.);
#6982=ORIENTED_EDGE('',*,*,#4786,.T.);
#6983=ORIENTED_EDGE('',*,*,#5582,.T.);
#6984=ORIENTED_EDGE('',*,*,#5216,.F.);
#6985=ORIENTED_EDGE('',*,*,#5583,.F.);
#6986=ORIENTED_EDGE('',*,*,#4787,.T.);
#6987=ORIENTED_EDGE('',*,*,#5583,.T.);
#6988=ORIENTED_EDGE('',*,*,#5215,.F.);
#6989=ORIENTED_EDGE('',*,*,#5584,.F.);
#6990=ORIENTED_EDGE('',*,*,#4788,.T.);
#6991=ORIENTED_EDGE('',*,*,#5584,.T.);
#6992=ORIENTED_EDGE('',*,*,#5214,.F.);
#6993=ORIENTED_EDGE('',*,*,#5585,.F.);
#6994=ORIENTED_EDGE('',*,*,#4789,.T.);
#6995=ORIENTED_EDGE('',*,*,#5585,.T.);
#6996=ORIENTED_EDGE('',*,*,#5213,.F.);
#6997=ORIENTED_EDGE('',*,*,#5586,.F.);
#6998=ORIENTED_EDGE('',*,*,#4790,.T.);
#6999=ORIENTED_EDGE('',*,*,#5586,.T.);
#7000=ORIENTED_EDGE('',*,*,#5212,.F.);
#7001=ORIENTED_EDGE('',*,*,#5587,.F.);
#7002=ORIENTED_EDGE('',*,*,#4791,.T.);
#7003=ORIENTED_EDGE('',*,*,#5587,.T.);
#7004=ORIENTED_EDGE('',*,*,#5211,.F.);
#7005=ORIENTED_EDGE('',*,*,#5588,.F.);
#7006=ORIENTED_EDGE('',*,*,#4792,.T.);
#7007=ORIENTED_EDGE('',*,*,#5588,.T.);
#7008=ORIENTED_EDGE('',*,*,#5210,.F.);
#7009=ORIENTED_EDGE('',*,*,#5589,.F.);
#7010=ORIENTED_EDGE('',*,*,#4793,.T.);
#7011=ORIENTED_EDGE('',*,*,#5589,.T.);
#7012=ORIENTED_EDGE('',*,*,#5209,.F.);
#7013=ORIENTED_EDGE('',*,*,#5590,.F.);
#7014=ORIENTED_EDGE('',*,*,#4794,.T.);
#7015=ORIENTED_EDGE('',*,*,#5590,.T.);
#7016=ORIENTED_EDGE('',*,*,#5208,.F.);
#7017=ORIENTED_EDGE('',*,*,#5591,.F.);
#7018=ORIENTED_EDGE('',*,*,#4795,.T.);
#7019=ORIENTED_EDGE('',*,*,#5591,.T.);
#7020=ORIENTED_EDGE('',*,*,#5207,.F.);
#7021=ORIENTED_EDGE('',*,*,#5592,.F.);
#7022=ORIENTED_EDGE('',*,*,#4796,.T.);
#7023=ORIENTED_EDGE('',*,*,#5592,.T.);
#7024=ORIENTED_EDGE('',*,*,#5206,.F.);
#7025=ORIENTED_EDGE('',*,*,#5593,.F.);
#7026=ORIENTED_EDGE('',*,*,#4797,.T.);
#7027=ORIENTED_EDGE('',*,*,#5593,.T.);
#7028=ORIENTED_EDGE('',*,*,#5205,.F.);
#7029=ORIENTED_EDGE('',*,*,#5594,.F.);
#7030=ORIENTED_EDGE('',*,*,#4798,.T.);
#7031=ORIENTED_EDGE('',*,*,#5594,.T.);
#7032=ORIENTED_EDGE('',*,*,#5204,.F.);
#7033=ORIENTED_EDGE('',*,*,#5595,.F.);
#7034=ORIENTED_EDGE('',*,*,#4799,.T.);
#7035=ORIENTED_EDGE('',*,*,#5595,.T.);
#7036=ORIENTED_EDGE('',*,*,#5203,.F.);
#7037=ORIENTED_EDGE('',*,*,#5596,.F.);
#7038=ORIENTED_EDGE('',*,*,#4800,.T.);
#7039=ORIENTED_EDGE('',*,*,#5596,.T.);
#7040=ORIENTED_EDGE('',*,*,#5202,.F.);
#7041=ORIENTED_EDGE('',*,*,#5597,.F.);
#7042=ORIENTED_EDGE('',*,*,#4801,.T.);
#7043=ORIENTED_EDGE('',*,*,#5597,.T.);
#7044=ORIENTED_EDGE('',*,*,#5201,.F.);
#7045=ORIENTED_EDGE('',*,*,#5598,.F.);
#7046=ORIENTED_EDGE('',*,*,#4802,.T.);
#7047=ORIENTED_EDGE('',*,*,#5598,.T.);
#7048=ORIENTED_EDGE('',*,*,#5200,.F.);
#7049=ORIENTED_EDGE('',*,*,#5599,.F.);
#7050=ORIENTED_EDGE('',*,*,#4803,.T.);
#7051=ORIENTED_EDGE('',*,*,#5599,.T.);
#7052=ORIENTED_EDGE('',*,*,#5199,.F.);
#7053=ORIENTED_EDGE('',*,*,#5600,.F.);
#7054=ORIENTED_EDGE('',*,*,#4804,.T.);
#7055=ORIENTED_EDGE('',*,*,#5600,.T.);
#7056=ORIENTED_EDGE('',*,*,#5198,.F.);
#7057=ORIENTED_EDGE('',*,*,#5601,.F.);
#7058=ORIENTED_EDGE('',*,*,#4805,.T.);
#7059=ORIENTED_EDGE('',*,*,#5601,.T.);
#7060=ORIENTED_EDGE('',*,*,#5197,.F.);
#7061=ORIENTED_EDGE('',*,*,#5602,.F.);
#7062=ORIENTED_EDGE('',*,*,#4806,.T.);
#7063=ORIENTED_EDGE('',*,*,#5602,.T.);
#7064=ORIENTED_EDGE('',*,*,#5196,.F.);
#7065=ORIENTED_EDGE('',*,*,#5603,.F.);
#7066=ORIENTED_EDGE('',*,*,#4807,.T.);
#7067=ORIENTED_EDGE('',*,*,#5603,.T.);
#7068=ORIENTED_EDGE('',*,*,#5195,.F.);
#7069=ORIENTED_EDGE('',*,*,#5604,.F.);
#7070=ORIENTED_EDGE('',*,*,#4808,.T.);
#7071=ORIENTED_EDGE('',*,*,#5604,.T.);
#7072=ORIENTED_EDGE('',*,*,#5194,.F.);
#7073=ORIENTED_EDGE('',*,*,#5605,.F.);
#7074=ORIENTED_EDGE('',*,*,#4809,.T.);
#7075=ORIENTED_EDGE('',*,*,#5605,.T.);
#7076=ORIENTED_EDGE('',*,*,#5193,.F.);
#7077=ORIENTED_EDGE('',*,*,#5606,.F.);
#7078=ORIENTED_EDGE('',*,*,#4810,.T.);
#7079=ORIENTED_EDGE('',*,*,#5606,.T.);
#7080=ORIENTED_EDGE('',*,*,#5192,.F.);
#7081=ORIENTED_EDGE('',*,*,#5607,.F.);
#7082=ORIENTED_EDGE('',*,*,#4811,.T.);
#7083=ORIENTED_EDGE('',*,*,#5607,.T.);
#7084=ORIENTED_EDGE('',*,*,#5191,.F.);
#7085=ORIENTED_EDGE('',*,*,#5608,.F.);
#7086=ORIENTED_EDGE('',*,*,#4812,.T.);
#7087=ORIENTED_EDGE('',*,*,#5608,.T.);
#7088=ORIENTED_EDGE('',*,*,#5190,.F.);
#7089=ORIENTED_EDGE('',*,*,#5609,.F.);
#7090=ORIENTED_EDGE('',*,*,#4813,.T.);
#7091=ORIENTED_EDGE('',*,*,#5609,.T.);
#7092=ORIENTED_EDGE('',*,*,#5189,.F.);
#7093=ORIENTED_EDGE('',*,*,#5610,.F.);
#7094=ORIENTED_EDGE('',*,*,#4814,.T.);
#7095=ORIENTED_EDGE('',*,*,#5610,.T.);
#7096=ORIENTED_EDGE('',*,*,#5188,.F.);
#7097=ORIENTED_EDGE('',*,*,#5611,.F.);
#7098=ORIENTED_EDGE('',*,*,#4815,.T.);
#7099=ORIENTED_EDGE('',*,*,#5611,.T.);
#7100=ORIENTED_EDGE('',*,*,#5187,.F.);
#7101=ORIENTED_EDGE('',*,*,#5612,.F.);
#7102=ORIENTED_EDGE('',*,*,#4780,.T.);
#7103=ORIENTED_EDGE('',*,*,#5612,.T.);
#7104=ORIENTED_EDGE('',*,*,#5186,.F.);
#7105=ORIENTED_EDGE('',*,*,#5577,.F.);
#7106=ORIENTED_EDGE('',*,*,#4817,.T.);
#7107=ORIENTED_EDGE('',*,*,#5613,.T.);
#7108=ORIENTED_EDGE('',*,*,#5225,.F.);
#7109=ORIENTED_EDGE('',*,*,#5614,.F.);
#7110=ORIENTED_EDGE('',*,*,#4818,.T.);
#7111=ORIENTED_EDGE('',*,*,#5614,.T.);
#7112=ORIENTED_EDGE('',*,*,#5224,.F.);
#7113=ORIENTED_EDGE('',*,*,#5615,.F.);
#7114=ORIENTED_EDGE('',*,*,#4819,.T.);
#7115=ORIENTED_EDGE('',*,*,#5615,.T.);
#7116=ORIENTED_EDGE('',*,*,#5223,.F.);
#7117=ORIENTED_EDGE('',*,*,#5616,.F.);
#7118=ORIENTED_EDGE('',*,*,#4816,.T.);
#7119=ORIENTED_EDGE('',*,*,#5616,.T.);
#7120=ORIENTED_EDGE('',*,*,#5222,.F.);
#7121=ORIENTED_EDGE('',*,*,#5613,.F.);
#7122=ORIENTED_EDGE('',*,*,#4821,.T.);
#7123=ORIENTED_EDGE('',*,*,#5617,.T.);
#7124=ORIENTED_EDGE('',*,*,#5229,.F.);
#7125=ORIENTED_EDGE('',*,*,#5618,.F.);
#7126=ORIENTED_EDGE('',*,*,#4822,.T.);
#7127=ORIENTED_EDGE('',*,*,#5618,.T.);
#7128=ORIENTED_EDGE('',*,*,#5228,.F.);
#7129=ORIENTED_EDGE('',*,*,#5619,.F.);
#7130=ORIENTED_EDGE('',*,*,#4823,.T.);
#7131=ORIENTED_EDGE('',*,*,#5619,.T.);
#7132=ORIENTED_EDGE('',*,*,#5227,.F.);
#7133=ORIENTED_EDGE('',*,*,#5620,.F.);
#7134=ORIENTED_EDGE('',*,*,#4820,.T.);
#7135=ORIENTED_EDGE('',*,*,#5620,.T.);
#7136=ORIENTED_EDGE('',*,*,#5226,.F.);
#7137=ORIENTED_EDGE('',*,*,#5617,.F.);
#7138=ORIENTED_EDGE('',*,*,#4825,.T.);
#7139=ORIENTED_EDGE('',*,*,#5621,.T.);
#7140=ORIENTED_EDGE('',*,*,#5233,.F.);
#7141=ORIENTED_EDGE('',*,*,#5622,.F.);
#7142=ORIENTED_EDGE('',*,*,#4826,.T.);
#7143=ORIENTED_EDGE('',*,*,#5622,.T.);
#7144=ORIENTED_EDGE('',*,*,#5232,.F.);
#7145=ORIENTED_EDGE('',*,*,#5623,.F.);
#7146=ORIENTED_EDGE('',*,*,#4827,.T.);
#7147=ORIENTED_EDGE('',*,*,#5623,.T.);
#7148=ORIENTED_EDGE('',*,*,#5231,.F.);
#7149=ORIENTED_EDGE('',*,*,#5624,.F.);
#7150=ORIENTED_EDGE('',*,*,#4824,.T.);
#7151=ORIENTED_EDGE('',*,*,#5624,.T.);
#7152=ORIENTED_EDGE('',*,*,#5230,.F.);
#7153=ORIENTED_EDGE('',*,*,#5621,.F.);
#7154=ORIENTED_EDGE('',*,*,#4829,.T.);
#7155=ORIENTED_EDGE('',*,*,#5625,.T.);
#7156=ORIENTED_EDGE('',*,*,#5237,.F.);
#7157=ORIENTED_EDGE('',*,*,#5626,.F.);
#7158=ORIENTED_EDGE('',*,*,#4830,.T.);
#7159=ORIENTED_EDGE('',*,*,#5626,.T.);
#7160=ORIENTED_EDGE('',*,*,#5236,.F.);
#7161=ORIENTED_EDGE('',*,*,#5627,.F.);
#7162=ORIENTED_EDGE('',*,*,#4831,.T.);
#7163=ORIENTED_EDGE('',*,*,#5627,.T.);
#7164=ORIENTED_EDGE('',*,*,#5235,.F.);
#7165=ORIENTED_EDGE('',*,*,#5628,.F.);
#7166=ORIENTED_EDGE('',*,*,#4828,.T.);
#7167=ORIENTED_EDGE('',*,*,#5628,.T.);
#7168=ORIENTED_EDGE('',*,*,#5234,.F.);
#7169=ORIENTED_EDGE('',*,*,#5625,.F.);
#7170=ORIENTED_EDGE('',*,*,#4833,.T.);
#7171=ORIENTED_EDGE('',*,*,#5629,.T.);
#7172=ORIENTED_EDGE('',*,*,#5241,.F.);
#7173=ORIENTED_EDGE('',*,*,#5630,.F.);
#7174=ORIENTED_EDGE('',*,*,#4834,.T.);
#7175=ORIENTED_EDGE('',*,*,#5630,.T.);
#7176=ORIENTED_EDGE('',*,*,#5240,.F.);
#7177=ORIENTED_EDGE('',*,*,#5631,.F.);
#7178=ORIENTED_EDGE('',*,*,#4835,.T.);
#7179=ORIENTED_EDGE('',*,*,#5631,.T.);
#7180=ORIENTED_EDGE('',*,*,#5239,.F.);
#7181=ORIENTED_EDGE('',*,*,#5632,.F.);
#7182=ORIENTED_EDGE('',*,*,#4832,.T.);
#7183=ORIENTED_EDGE('',*,*,#5632,.T.);
#7184=ORIENTED_EDGE('',*,*,#5238,.F.);
#7185=ORIENTED_EDGE('',*,*,#5629,.F.);
#7186=ORIENTED_EDGE('',*,*,#4837,.T.);
#7187=ORIENTED_EDGE('',*,*,#5633,.T.);
#7188=ORIENTED_EDGE('',*,*,#5245,.F.);
#7189=ORIENTED_EDGE('',*,*,#5634,.F.);
#7190=ORIENTED_EDGE('',*,*,#4838,.T.);
#7191=ORIENTED_EDGE('',*,*,#5634,.T.);
#7192=ORIENTED_EDGE('',*,*,#5244,.F.);
#7193=ORIENTED_EDGE('',*,*,#5635,.F.);
#7194=ORIENTED_EDGE('',*,*,#4839,.T.);
#7195=ORIENTED_EDGE('',*,*,#5635,.T.);
#7196=ORIENTED_EDGE('',*,*,#5243,.F.);
#7197=ORIENTED_EDGE('',*,*,#5636,.F.);
#7198=ORIENTED_EDGE('',*,*,#4836,.T.);
#7199=ORIENTED_EDGE('',*,*,#5636,.T.);
#7200=ORIENTED_EDGE('',*,*,#5242,.F.);
#7201=ORIENTED_EDGE('',*,*,#5633,.F.);
#7202=ORIENTED_EDGE('',*,*,#4841,.T.);
#7203=ORIENTED_EDGE('',*,*,#5637,.T.);
#7204=ORIENTED_EDGE('',*,*,#5249,.F.);
#7205=ORIENTED_EDGE('',*,*,#5638,.F.);
#7206=ORIENTED_EDGE('',*,*,#4842,.T.);
#7207=ORIENTED_EDGE('',*,*,#5638,.T.);
#7208=ORIENTED_EDGE('',*,*,#5248,.F.);
#7209=ORIENTED_EDGE('',*,*,#5639,.F.);
#7210=ORIENTED_EDGE('',*,*,#4843,.T.);
#7211=ORIENTED_EDGE('',*,*,#5639,.T.);
#7212=ORIENTED_EDGE('',*,*,#5247,.F.);
#7213=ORIENTED_EDGE('',*,*,#5640,.F.);
#7214=ORIENTED_EDGE('',*,*,#4840,.T.);
#7215=ORIENTED_EDGE('',*,*,#5640,.T.);
#7216=ORIENTED_EDGE('',*,*,#5246,.F.);
#7217=ORIENTED_EDGE('',*,*,#5637,.F.);
#7218=ORIENTED_EDGE('',*,*,#4845,.T.);
#7219=ORIENTED_EDGE('',*,*,#5641,.T.);
#7220=ORIENTED_EDGE('',*,*,#5253,.F.);
#7221=ORIENTED_EDGE('',*,*,#5642,.F.);
#7222=ORIENTED_EDGE('',*,*,#4846,.T.);
#7223=ORIENTED_EDGE('',*,*,#5642,.T.);
#7224=ORIENTED_EDGE('',*,*,#5252,.F.);
#7225=ORIENTED_EDGE('',*,*,#5643,.F.);
#7226=ORIENTED_EDGE('',*,*,#4847,.T.);
#7227=ORIENTED_EDGE('',*,*,#5643,.T.);
#7228=ORIENTED_EDGE('',*,*,#5251,.F.);
#7229=ORIENTED_EDGE('',*,*,#5644,.F.);
#7230=ORIENTED_EDGE('',*,*,#4844,.T.);
#7231=ORIENTED_EDGE('',*,*,#5644,.T.);
#7232=ORIENTED_EDGE('',*,*,#5250,.F.);
#7233=ORIENTED_EDGE('',*,*,#5641,.F.);
#7234=ORIENTED_EDGE('',*,*,#4849,.T.);
#7235=ORIENTED_EDGE('',*,*,#5645,.T.);
#7236=ORIENTED_EDGE('',*,*,#5289,.F.);
#7237=ORIENTED_EDGE('',*,*,#5646,.F.);
#7238=ORIENTED_EDGE('',*,*,#4850,.T.);
#7239=ORIENTED_EDGE('',*,*,#5646,.T.);
#7240=ORIENTED_EDGE('',*,*,#5288,.F.);
#7241=ORIENTED_EDGE('',*,*,#5647,.F.);
#7242=ORIENTED_EDGE('',*,*,#4851,.T.);
#7243=ORIENTED_EDGE('',*,*,#5647,.T.);
#7244=ORIENTED_EDGE('',*,*,#5287,.F.);
#7245=ORIENTED_EDGE('',*,*,#5648,.F.);
#7246=ORIENTED_EDGE('',*,*,#4852,.T.);
#7247=ORIENTED_EDGE('',*,*,#5648,.T.);
#7248=ORIENTED_EDGE('',*,*,#5286,.F.);
#7249=ORIENTED_EDGE('',*,*,#5649,.F.);
#7250=ORIENTED_EDGE('',*,*,#4853,.T.);
#7251=ORIENTED_EDGE('',*,*,#5649,.T.);
#7252=ORIENTED_EDGE('',*,*,#5285,.F.);
#7253=ORIENTED_EDGE('',*,*,#5650,.F.);
#7254=ORIENTED_EDGE('',*,*,#4854,.T.);
#7255=ORIENTED_EDGE('',*,*,#5650,.T.);
#7256=ORIENTED_EDGE('',*,*,#5284,.F.);
#7257=ORIENTED_EDGE('',*,*,#5651,.F.);
#7258=ORIENTED_EDGE('',*,*,#4855,.T.);
#7259=ORIENTED_EDGE('',*,*,#5651,.T.);
#7260=ORIENTED_EDGE('',*,*,#5283,.F.);
#7261=ORIENTED_EDGE('',*,*,#5652,.F.);
#7262=ORIENTED_EDGE('',*,*,#4856,.T.);
#7263=ORIENTED_EDGE('',*,*,#5652,.T.);
#7264=ORIENTED_EDGE('',*,*,#5282,.F.);
#7265=ORIENTED_EDGE('',*,*,#5653,.F.);
#7266=ORIENTED_EDGE('',*,*,#4857,.T.);
#7267=ORIENTED_EDGE('',*,*,#5653,.T.);
#7268=ORIENTED_EDGE('',*,*,#5281,.F.);
#7269=ORIENTED_EDGE('',*,*,#5654,.F.);
#7270=ORIENTED_EDGE('',*,*,#4858,.T.);
#7271=ORIENTED_EDGE('',*,*,#5654,.T.);
#7272=ORIENTED_EDGE('',*,*,#5280,.F.);
#7273=ORIENTED_EDGE('',*,*,#5655,.F.);
#7274=ORIENTED_EDGE('',*,*,#4859,.T.);
#7275=ORIENTED_EDGE('',*,*,#5655,.T.);
#7276=ORIENTED_EDGE('',*,*,#5279,.F.);
#7277=ORIENTED_EDGE('',*,*,#5656,.F.);
#7278=ORIENTED_EDGE('',*,*,#4860,.T.);
#7279=ORIENTED_EDGE('',*,*,#5656,.T.);
#7280=ORIENTED_EDGE('',*,*,#5278,.F.);
#7281=ORIENTED_EDGE('',*,*,#5657,.F.);
#7282=ORIENTED_EDGE('',*,*,#4861,.T.);
#7283=ORIENTED_EDGE('',*,*,#5657,.T.);
#7284=ORIENTED_EDGE('',*,*,#5277,.F.);
#7285=ORIENTED_EDGE('',*,*,#5658,.F.);
#7286=ORIENTED_EDGE('',*,*,#4862,.T.);
#7287=ORIENTED_EDGE('',*,*,#5658,.T.);
#7288=ORIENTED_EDGE('',*,*,#5276,.F.);
#7289=ORIENTED_EDGE('',*,*,#5659,.F.);
#7290=ORIENTED_EDGE('',*,*,#4863,.T.);
#7291=ORIENTED_EDGE('',*,*,#5659,.T.);
#7292=ORIENTED_EDGE('',*,*,#5275,.F.);
#7293=ORIENTED_EDGE('',*,*,#5660,.F.);
#7294=ORIENTED_EDGE('',*,*,#4864,.T.);
#7295=ORIENTED_EDGE('',*,*,#5660,.T.);
#7296=ORIENTED_EDGE('',*,*,#5274,.F.);
#7297=ORIENTED_EDGE('',*,*,#5661,.F.);
#7298=ORIENTED_EDGE('',*,*,#4865,.T.);
#7299=ORIENTED_EDGE('',*,*,#5661,.T.);
#7300=ORIENTED_EDGE('',*,*,#5273,.F.);
#7301=ORIENTED_EDGE('',*,*,#5662,.F.);
#7302=ORIENTED_EDGE('',*,*,#4866,.T.);
#7303=ORIENTED_EDGE('',*,*,#5662,.T.);
#7304=ORIENTED_EDGE('',*,*,#5272,.F.);
#7305=ORIENTED_EDGE('',*,*,#5663,.F.);
#7306=ORIENTED_EDGE('',*,*,#4867,.T.);
#7307=ORIENTED_EDGE('',*,*,#5663,.T.);
#7308=ORIENTED_EDGE('',*,*,#5271,.F.);
#7309=ORIENTED_EDGE('',*,*,#5664,.F.);
#7310=ORIENTED_EDGE('',*,*,#4868,.T.);
#7311=ORIENTED_EDGE('',*,*,#5664,.T.);
#7312=ORIENTED_EDGE('',*,*,#5270,.F.);
#7313=ORIENTED_EDGE('',*,*,#5665,.F.);
#7314=ORIENTED_EDGE('',*,*,#4869,.T.);
#7315=ORIENTED_EDGE('',*,*,#5665,.T.);
#7316=ORIENTED_EDGE('',*,*,#5269,.F.);
#7317=ORIENTED_EDGE('',*,*,#5666,.F.);
#7318=ORIENTED_EDGE('',*,*,#4870,.T.);
#7319=ORIENTED_EDGE('',*,*,#5666,.T.);
#7320=ORIENTED_EDGE('',*,*,#5268,.F.);
#7321=ORIENTED_EDGE('',*,*,#5667,.F.);
#7322=ORIENTED_EDGE('',*,*,#4871,.T.);
#7323=ORIENTED_EDGE('',*,*,#5667,.T.);
#7324=ORIENTED_EDGE('',*,*,#5267,.F.);
#7325=ORIENTED_EDGE('',*,*,#5668,.F.);
#7326=ORIENTED_EDGE('',*,*,#4872,.T.);
#7327=ORIENTED_EDGE('',*,*,#5668,.T.);
#7328=ORIENTED_EDGE('',*,*,#5266,.F.);
#7329=ORIENTED_EDGE('',*,*,#5669,.F.);
#7330=ORIENTED_EDGE('',*,*,#4873,.T.);
#7331=ORIENTED_EDGE('',*,*,#5669,.T.);
#7332=ORIENTED_EDGE('',*,*,#5265,.F.);
#7333=ORIENTED_EDGE('',*,*,#5670,.F.);
#7334=ORIENTED_EDGE('',*,*,#4874,.T.);
#7335=ORIENTED_EDGE('',*,*,#5670,.T.);
#7336=ORIENTED_EDGE('',*,*,#5264,.F.);
#7337=ORIENTED_EDGE('',*,*,#5671,.F.);
#7338=ORIENTED_EDGE('',*,*,#4875,.T.);
#7339=ORIENTED_EDGE('',*,*,#5671,.T.);
#7340=ORIENTED_EDGE('',*,*,#5263,.F.);
#7341=ORIENTED_EDGE('',*,*,#5672,.F.);
#7342=ORIENTED_EDGE('',*,*,#4876,.T.);
#7343=ORIENTED_EDGE('',*,*,#5672,.T.);
#7344=ORIENTED_EDGE('',*,*,#5262,.F.);
#7345=ORIENTED_EDGE('',*,*,#5673,.F.);
#7346=ORIENTED_EDGE('',*,*,#4877,.T.);
#7347=ORIENTED_EDGE('',*,*,#5673,.T.);
#7348=ORIENTED_EDGE('',*,*,#5261,.F.);
#7349=ORIENTED_EDGE('',*,*,#5674,.F.);
#7350=ORIENTED_EDGE('',*,*,#4878,.T.);
#7351=ORIENTED_EDGE('',*,*,#5674,.T.);
#7352=ORIENTED_EDGE('',*,*,#5260,.F.);
#7353=ORIENTED_EDGE('',*,*,#5675,.F.);
#7354=ORIENTED_EDGE('',*,*,#4879,.T.);
#7355=ORIENTED_EDGE('',*,*,#5675,.T.);
#7356=ORIENTED_EDGE('',*,*,#5259,.F.);
#7357=ORIENTED_EDGE('',*,*,#5676,.F.);
#7358=ORIENTED_EDGE('',*,*,#4880,.T.);
#7359=ORIENTED_EDGE('',*,*,#5676,.T.);
#7360=ORIENTED_EDGE('',*,*,#5258,.F.);
#7361=ORIENTED_EDGE('',*,*,#5677,.F.);
#7362=ORIENTED_EDGE('',*,*,#4881,.T.);
#7363=ORIENTED_EDGE('',*,*,#5677,.T.);
#7364=ORIENTED_EDGE('',*,*,#5257,.F.);
#7365=ORIENTED_EDGE('',*,*,#5678,.F.);
#7366=ORIENTED_EDGE('',*,*,#4882,.T.);
#7367=ORIENTED_EDGE('',*,*,#5678,.T.);
#7368=ORIENTED_EDGE('',*,*,#5256,.F.);
#7369=ORIENTED_EDGE('',*,*,#5679,.F.);
#7370=ORIENTED_EDGE('',*,*,#4883,.T.);
#7371=ORIENTED_EDGE('',*,*,#5679,.T.);
#7372=ORIENTED_EDGE('',*,*,#5255,.F.);
#7373=ORIENTED_EDGE('',*,*,#5680,.F.);
#7374=ORIENTED_EDGE('',*,*,#4848,.T.);
#7375=ORIENTED_EDGE('',*,*,#5680,.T.);
#7376=ORIENTED_EDGE('',*,*,#5254,.F.);
#7377=ORIENTED_EDGE('',*,*,#5645,.F.);
#7378=ORIENTED_EDGE('',*,*,#4885,.T.);
#7379=ORIENTED_EDGE('',*,*,#5681,.T.);
#7380=ORIENTED_EDGE('',*,*,#5293,.F.);
#7381=ORIENTED_EDGE('',*,*,#5682,.F.);
#7382=ORIENTED_EDGE('',*,*,#4886,.T.);
#7383=ORIENTED_EDGE('',*,*,#5682,.T.);
#7384=ORIENTED_EDGE('',*,*,#5292,.F.);
#7385=ORIENTED_EDGE('',*,*,#5683,.F.);
#7386=ORIENTED_EDGE('',*,*,#4887,.T.);
#7387=ORIENTED_EDGE('',*,*,#5683,.T.);
#7388=ORIENTED_EDGE('',*,*,#5291,.F.);
#7389=ORIENTED_EDGE('',*,*,#5684,.F.);
#7390=ORIENTED_EDGE('',*,*,#4884,.T.);
#7391=ORIENTED_EDGE('',*,*,#5684,.T.);
#7392=ORIENTED_EDGE('',*,*,#5290,.F.);
#7393=ORIENTED_EDGE('',*,*,#5681,.F.);
#7394=ORIENTED_EDGE('',*,*,#4889,.T.);
#7395=ORIENTED_EDGE('',*,*,#5685,.T.);
#7396=ORIENTED_EDGE('',*,*,#5297,.F.);
#7397=ORIENTED_EDGE('',*,*,#5686,.F.);
#7398=ORIENTED_EDGE('',*,*,#4890,.T.);
#7399=ORIENTED_EDGE('',*,*,#5686,.T.);
#7400=ORIENTED_EDGE('',*,*,#5296,.F.);
#7401=ORIENTED_EDGE('',*,*,#5687,.F.);
#7402=ORIENTED_EDGE('',*,*,#4891,.T.);
#7403=ORIENTED_EDGE('',*,*,#5687,.T.);
#7404=ORIENTED_EDGE('',*,*,#5295,.F.);
#7405=ORIENTED_EDGE('',*,*,#5688,.F.);
#7406=ORIENTED_EDGE('',*,*,#4888,.T.);
#7407=ORIENTED_EDGE('',*,*,#5688,.T.);
#7408=ORIENTED_EDGE('',*,*,#5294,.F.);
#7409=ORIENTED_EDGE('',*,*,#5685,.F.);
#7410=ORIENTED_EDGE('',*,*,#4893,.T.);
#7411=ORIENTED_EDGE('',*,*,#5689,.T.);
#7412=ORIENTED_EDGE('',*,*,#5301,.F.);
#7413=ORIENTED_EDGE('',*,*,#5690,.F.);
#7414=ORIENTED_EDGE('',*,*,#4894,.T.);
#7415=ORIENTED_EDGE('',*,*,#5690,.T.);
#7416=ORIENTED_EDGE('',*,*,#5300,.F.);
#7417=ORIENTED_EDGE('',*,*,#5691,.F.);
#7418=ORIENTED_EDGE('',*,*,#4895,.T.);
#7419=ORIENTED_EDGE('',*,*,#5691,.T.);
#7420=ORIENTED_EDGE('',*,*,#5299,.F.);
#7421=ORIENTED_EDGE('',*,*,#5692,.F.);
#7422=ORIENTED_EDGE('',*,*,#4892,.T.);
#7423=ORIENTED_EDGE('',*,*,#5692,.T.);
#7424=ORIENTED_EDGE('',*,*,#5298,.F.);
#7425=ORIENTED_EDGE('',*,*,#5689,.F.);
#7426=ORIENTED_EDGE('',*,*,#4897,.T.);
#7427=ORIENTED_EDGE('',*,*,#5693,.T.);
#7428=ORIENTED_EDGE('',*,*,#5305,.F.);
#7429=ORIENTED_EDGE('',*,*,#5694,.F.);
#7430=ORIENTED_EDGE('',*,*,#4898,.T.);
#7431=ORIENTED_EDGE('',*,*,#5694,.T.);
#7432=ORIENTED_EDGE('',*,*,#5304,.F.);
#7433=ORIENTED_EDGE('',*,*,#5695,.F.);
#7434=ORIENTED_EDGE('',*,*,#4899,.T.);
#7435=ORIENTED_EDGE('',*,*,#5695,.T.);
#7436=ORIENTED_EDGE('',*,*,#5303,.F.);
#7437=ORIENTED_EDGE('',*,*,#5696,.F.);
#7438=ORIENTED_EDGE('',*,*,#4896,.T.);
#7439=ORIENTED_EDGE('',*,*,#5696,.T.);
#7440=ORIENTED_EDGE('',*,*,#5302,.F.);
#7441=ORIENTED_EDGE('',*,*,#5693,.F.);
#7442=ORIENTED_EDGE('',*,*,#4901,.T.);
#7443=ORIENTED_EDGE('',*,*,#5697,.T.);
#7444=ORIENTED_EDGE('',*,*,#5309,.F.);
#7445=ORIENTED_EDGE('',*,*,#5698,.F.);
#7446=ORIENTED_EDGE('',*,*,#4902,.T.);
#7447=ORIENTED_EDGE('',*,*,#5698,.T.);
#7448=ORIENTED_EDGE('',*,*,#5308,.F.);
#7449=ORIENTED_EDGE('',*,*,#5699,.F.);
#7450=ORIENTED_EDGE('',*,*,#4903,.T.);
#7451=ORIENTED_EDGE('',*,*,#5699,.T.);
#7452=ORIENTED_EDGE('',*,*,#5307,.F.);
#7453=ORIENTED_EDGE('',*,*,#5700,.F.);
#7454=ORIENTED_EDGE('',*,*,#4900,.T.);
#7455=ORIENTED_EDGE('',*,*,#5700,.T.);
#7456=ORIENTED_EDGE('',*,*,#5306,.F.);
#7457=ORIENTED_EDGE('',*,*,#5697,.F.);
#7458=ORIENTED_EDGE('',*,*,#4905,.T.);
#7459=ORIENTED_EDGE('',*,*,#5701,.T.);
#7460=ORIENTED_EDGE('',*,*,#5313,.F.);
#7461=ORIENTED_EDGE('',*,*,#5702,.F.);
#7462=ORIENTED_EDGE('',*,*,#4906,.T.);
#7463=ORIENTED_EDGE('',*,*,#5702,.T.);
#7464=ORIENTED_EDGE('',*,*,#5312,.F.);
#7465=ORIENTED_EDGE('',*,*,#5703,.F.);
#7466=ORIENTED_EDGE('',*,*,#4907,.T.);
#7467=ORIENTED_EDGE('',*,*,#5703,.T.);
#7468=ORIENTED_EDGE('',*,*,#5311,.F.);
#7469=ORIENTED_EDGE('',*,*,#5704,.F.);
#7470=ORIENTED_EDGE('',*,*,#4904,.T.);
#7471=ORIENTED_EDGE('',*,*,#5704,.T.);
#7472=ORIENTED_EDGE('',*,*,#5310,.F.);
#7473=ORIENTED_EDGE('',*,*,#5701,.F.);
#7474=ORIENTED_EDGE('',*,*,#4909,.T.);
#7475=ORIENTED_EDGE('',*,*,#5705,.T.);
#7476=ORIENTED_EDGE('',*,*,#5317,.F.);
#7477=ORIENTED_EDGE('',*,*,#5706,.F.);
#7478=ORIENTED_EDGE('',*,*,#4910,.T.);
#7479=ORIENTED_EDGE('',*,*,#5706,.T.);
#7480=ORIENTED_EDGE('',*,*,#5316,.F.);
#7481=ORIENTED_EDGE('',*,*,#5707,.F.);
#7482=ORIENTED_EDGE('',*,*,#4911,.T.);
#7483=ORIENTED_EDGE('',*,*,#5707,.T.);
#7484=ORIENTED_EDGE('',*,*,#5315,.F.);
#7485=ORIENTED_EDGE('',*,*,#5708,.F.);
#7486=ORIENTED_EDGE('',*,*,#4908,.T.);
#7487=ORIENTED_EDGE('',*,*,#5708,.T.);
#7488=ORIENTED_EDGE('',*,*,#5314,.F.);
#7489=ORIENTED_EDGE('',*,*,#5705,.F.);
#7490=ORIENTED_EDGE('',*,*,#4913,.T.);
#7491=ORIENTED_EDGE('',*,*,#5709,.T.);
#7492=ORIENTED_EDGE('',*,*,#5321,.F.);
#7493=ORIENTED_EDGE('',*,*,#5710,.F.);
#7494=ORIENTED_EDGE('',*,*,#4914,.T.);
#7495=ORIENTED_EDGE('',*,*,#5710,.T.);
#7496=ORIENTED_EDGE('',*,*,#5320,.F.);
#7497=ORIENTED_EDGE('',*,*,#5711,.F.);
#7498=ORIENTED_EDGE('',*,*,#4915,.T.);
#7499=ORIENTED_EDGE('',*,*,#5711,.T.);
#7500=ORIENTED_EDGE('',*,*,#5319,.F.);
#7501=ORIENTED_EDGE('',*,*,#5712,.F.);
#7502=ORIENTED_EDGE('',*,*,#4912,.T.);
#7503=ORIENTED_EDGE('',*,*,#5712,.T.);
#7504=ORIENTED_EDGE('',*,*,#5318,.F.);
#7505=ORIENTED_EDGE('',*,*,#5709,.F.);
#7506=ORIENTED_EDGE('',*,*,#4917,.T.);
#7507=ORIENTED_EDGE('',*,*,#5713,.T.);
#7508=ORIENTED_EDGE('',*,*,#5325,.F.);
#7509=ORIENTED_EDGE('',*,*,#5714,.F.);
#7510=ORIENTED_EDGE('',*,*,#4918,.T.);
#7511=ORIENTED_EDGE('',*,*,#5714,.T.);
#7512=ORIENTED_EDGE('',*,*,#5324,.F.);
#7513=ORIENTED_EDGE('',*,*,#5715,.F.);
#7514=ORIENTED_EDGE('',*,*,#4919,.T.);
#7515=ORIENTED_EDGE('',*,*,#5715,.T.);
#7516=ORIENTED_EDGE('',*,*,#5323,.F.);
#7517=ORIENTED_EDGE('',*,*,#5716,.F.);
#7518=ORIENTED_EDGE('',*,*,#4916,.T.);
#7519=ORIENTED_EDGE('',*,*,#5716,.T.);
#7520=ORIENTED_EDGE('',*,*,#5322,.F.);
#7521=ORIENTED_EDGE('',*,*,#5713,.F.);
#7522=ORIENTED_EDGE('',*,*,#4921,.T.);
#7523=ORIENTED_EDGE('',*,*,#5717,.T.);
#7524=ORIENTED_EDGE('',*,*,#5329,.F.);
#7525=ORIENTED_EDGE('',*,*,#5718,.F.);
#7526=ORIENTED_EDGE('',*,*,#4922,.T.);
#7527=ORIENTED_EDGE('',*,*,#5718,.T.);
#7528=ORIENTED_EDGE('',*,*,#5328,.F.);
#7529=ORIENTED_EDGE('',*,*,#5719,.F.);
#7530=ORIENTED_EDGE('',*,*,#4923,.T.);
#7531=ORIENTED_EDGE('',*,*,#5719,.T.);
#7532=ORIENTED_EDGE('',*,*,#5327,.F.);
#7533=ORIENTED_EDGE('',*,*,#5720,.F.);
#7534=ORIENTED_EDGE('',*,*,#4920,.T.);
#7535=ORIENTED_EDGE('',*,*,#5720,.T.);
#7536=ORIENTED_EDGE('',*,*,#5326,.F.);
#7537=ORIENTED_EDGE('',*,*,#5717,.F.);
#7538=ORIENTED_EDGE('',*,*,#4925,.T.);
#7539=ORIENTED_EDGE('',*,*,#5721,.T.);
#7540=ORIENTED_EDGE('',*,*,#5333,.F.);
#7541=ORIENTED_EDGE('',*,*,#5722,.F.);
#7542=ORIENTED_EDGE('',*,*,#4926,.T.);
#7543=ORIENTED_EDGE('',*,*,#5722,.T.);
#7544=ORIENTED_EDGE('',*,*,#5332,.F.);
#7545=ORIENTED_EDGE('',*,*,#5723,.F.);
#7546=ORIENTED_EDGE('',*,*,#4927,.T.);
#7547=ORIENTED_EDGE('',*,*,#5723,.T.);
#7548=ORIENTED_EDGE('',*,*,#5331,.F.);
#7549=ORIENTED_EDGE('',*,*,#5724,.F.);
#7550=ORIENTED_EDGE('',*,*,#4924,.T.);
#7551=ORIENTED_EDGE('',*,*,#5724,.T.);
#7552=ORIENTED_EDGE('',*,*,#5330,.F.);
#7553=ORIENTED_EDGE('',*,*,#5721,.F.);
#7554=ORIENTED_EDGE('',*,*,#4929,.T.);
#7555=ORIENTED_EDGE('',*,*,#5725,.T.);
#7556=ORIENTED_EDGE('',*,*,#5337,.F.);
#7557=ORIENTED_EDGE('',*,*,#5726,.F.);
#7558=ORIENTED_EDGE('',*,*,#4930,.T.);
#7559=ORIENTED_EDGE('',*,*,#5726,.T.);
#7560=ORIENTED_EDGE('',*,*,#5336,.F.);
#7561=ORIENTED_EDGE('',*,*,#5727,.F.);
#7562=ORIENTED_EDGE('',*,*,#4931,.T.);
#7563=ORIENTED_EDGE('',*,*,#5727,.T.);
#7564=ORIENTED_EDGE('',*,*,#5335,.F.);
#7565=ORIENTED_EDGE('',*,*,#5728,.F.);
#7566=ORIENTED_EDGE('',*,*,#4928,.T.);
#7567=ORIENTED_EDGE('',*,*,#5728,.T.);
#7568=ORIENTED_EDGE('',*,*,#5334,.F.);
#7569=ORIENTED_EDGE('',*,*,#5725,.F.);
#7570=ORIENTED_EDGE('',*,*,#4933,.T.);
#7571=ORIENTED_EDGE('',*,*,#5729,.T.);
#7572=ORIENTED_EDGE('',*,*,#5341,.F.);
#7573=ORIENTED_EDGE('',*,*,#5730,.F.);
#7574=ORIENTED_EDGE('',*,*,#4934,.T.);
#7575=ORIENTED_EDGE('',*,*,#5730,.T.);
#7576=ORIENTED_EDGE('',*,*,#5340,.F.);
#7577=ORIENTED_EDGE('',*,*,#5731,.F.);
#7578=ORIENTED_EDGE('',*,*,#4935,.T.);
#7579=ORIENTED_EDGE('',*,*,#5731,.T.);
#7580=ORIENTED_EDGE('',*,*,#5339,.F.);
#7581=ORIENTED_EDGE('',*,*,#5732,.F.);
#7582=ORIENTED_EDGE('',*,*,#4932,.T.);
#7583=ORIENTED_EDGE('',*,*,#5732,.T.);
#7584=ORIENTED_EDGE('',*,*,#5338,.F.);
#7585=ORIENTED_EDGE('',*,*,#5729,.F.);
#7586=ORIENTED_EDGE('',*,*,#4937,.T.);
#7587=ORIENTED_EDGE('',*,*,#5733,.T.);
#7588=ORIENTED_EDGE('',*,*,#5345,.F.);
#7589=ORIENTED_EDGE('',*,*,#5734,.F.);
#7590=ORIENTED_EDGE('',*,*,#4938,.T.);
#7591=ORIENTED_EDGE('',*,*,#5734,.T.);
#7592=ORIENTED_EDGE('',*,*,#5344,.F.);
#7593=ORIENTED_EDGE('',*,*,#5735,.F.);
#7594=ORIENTED_EDGE('',*,*,#4939,.T.);
#7595=ORIENTED_EDGE('',*,*,#5735,.T.);
#7596=ORIENTED_EDGE('',*,*,#5343,.F.);
#7597=ORIENTED_EDGE('',*,*,#5736,.F.);
#7598=ORIENTED_EDGE('',*,*,#4936,.T.);
#7599=ORIENTED_EDGE('',*,*,#5736,.T.);
#7600=ORIENTED_EDGE('',*,*,#5342,.F.);
#7601=ORIENTED_EDGE('',*,*,#5733,.F.);
#7602=ORIENTED_EDGE('',*,*,#4941,.T.);
#7603=ORIENTED_EDGE('',*,*,#5737,.T.);
#7604=ORIENTED_EDGE('',*,*,#5349,.F.);
#7605=ORIENTED_EDGE('',*,*,#5738,.F.);
#7606=ORIENTED_EDGE('',*,*,#4942,.T.);
#7607=ORIENTED_EDGE('',*,*,#5738,.T.);
#7608=ORIENTED_EDGE('',*,*,#5348,.F.);
#7609=ORIENTED_EDGE('',*,*,#5739,.F.);
#7610=ORIENTED_EDGE('',*,*,#4943,.T.);
#7611=ORIENTED_EDGE('',*,*,#5739,.T.);
#7612=ORIENTED_EDGE('',*,*,#5347,.F.);
#7613=ORIENTED_EDGE('',*,*,#5740,.F.);
#7614=ORIENTED_EDGE('',*,*,#4940,.T.);
#7615=ORIENTED_EDGE('',*,*,#5740,.T.);
#7616=ORIENTED_EDGE('',*,*,#5346,.F.);
#7617=ORIENTED_EDGE('',*,*,#5737,.F.);
#7618=ORIENTED_EDGE('',*,*,#4945,.T.);
#7619=ORIENTED_EDGE('',*,*,#5741,.T.);
#7620=ORIENTED_EDGE('',*,*,#5353,.F.);
#7621=ORIENTED_EDGE('',*,*,#5742,.F.);
#7622=ORIENTED_EDGE('',*,*,#4946,.T.);
#7623=ORIENTED_EDGE('',*,*,#5742,.T.);
#7624=ORIENTED_EDGE('',*,*,#5352,.F.);
#7625=ORIENTED_EDGE('',*,*,#5743,.F.);
#7626=ORIENTED_EDGE('',*,*,#4947,.T.);
#7627=ORIENTED_EDGE('',*,*,#5743,.T.);
#7628=ORIENTED_EDGE('',*,*,#5351,.F.);
#7629=ORIENTED_EDGE('',*,*,#5744,.F.);
#7630=ORIENTED_EDGE('',*,*,#4944,.T.);
#7631=ORIENTED_EDGE('',*,*,#5744,.T.);
#7632=ORIENTED_EDGE('',*,*,#5350,.F.);
#7633=ORIENTED_EDGE('',*,*,#5741,.F.);
#7634=ORIENTED_EDGE('',*,*,#4949,.T.);
#7635=ORIENTED_EDGE('',*,*,#5745,.T.);
#7636=ORIENTED_EDGE('',*,*,#5389,.F.);
#7637=ORIENTED_EDGE('',*,*,#5746,.F.);
#7638=ORIENTED_EDGE('',*,*,#4950,.T.);
#7639=ORIENTED_EDGE('',*,*,#5746,.T.);
#7640=ORIENTED_EDGE('',*,*,#5388,.F.);
#7641=ORIENTED_EDGE('',*,*,#5747,.F.);
#7642=ORIENTED_EDGE('',*,*,#4951,.T.);
#7643=ORIENTED_EDGE('',*,*,#5747,.T.);
#7644=ORIENTED_EDGE('',*,*,#5387,.F.);
#7645=ORIENTED_EDGE('',*,*,#5748,.F.);
#7646=ORIENTED_EDGE('',*,*,#4952,.T.);
#7647=ORIENTED_EDGE('',*,*,#5748,.T.);
#7648=ORIENTED_EDGE('',*,*,#5386,.F.);
#7649=ORIENTED_EDGE('',*,*,#5749,.F.);
#7650=ORIENTED_EDGE('',*,*,#4953,.T.);
#7651=ORIENTED_EDGE('',*,*,#5749,.T.);
#7652=ORIENTED_EDGE('',*,*,#5385,.F.);
#7653=ORIENTED_EDGE('',*,*,#5750,.F.);
#7654=ORIENTED_EDGE('',*,*,#4954,.T.);
#7655=ORIENTED_EDGE('',*,*,#5750,.T.);
#7656=ORIENTED_EDGE('',*,*,#5384,.F.);
#7657=ORIENTED_EDGE('',*,*,#5751,.F.);
#7658=ORIENTED_EDGE('',*,*,#4955,.T.);
#7659=ORIENTED_EDGE('',*,*,#5751,.T.);
#7660=ORIENTED_EDGE('',*,*,#5383,.F.);
#7661=ORIENTED_EDGE('',*,*,#5752,.F.);
#7662=ORIENTED_EDGE('',*,*,#4956,.T.);
#7663=ORIENTED_EDGE('',*,*,#5752,.T.);
#7664=ORIENTED_EDGE('',*,*,#5382,.F.);
#7665=ORIENTED_EDGE('',*,*,#5753,.F.);
#7666=ORIENTED_EDGE('',*,*,#4957,.T.);
#7667=ORIENTED_EDGE('',*,*,#5753,.T.);
#7668=ORIENTED_EDGE('',*,*,#5381,.F.);
#7669=ORIENTED_EDGE('',*,*,#5754,.F.);
#7670=ORIENTED_EDGE('',*,*,#4958,.T.);
#7671=ORIENTED_EDGE('',*,*,#5754,.T.);
#7672=ORIENTED_EDGE('',*,*,#5380,.F.);
#7673=ORIENTED_EDGE('',*,*,#5755,.F.);
#7674=ORIENTED_EDGE('',*,*,#4959,.T.);
#7675=ORIENTED_EDGE('',*,*,#5755,.T.);
#7676=ORIENTED_EDGE('',*,*,#5379,.F.);
#7677=ORIENTED_EDGE('',*,*,#5756,.F.);
#7678=ORIENTED_EDGE('',*,*,#4960,.T.);
#7679=ORIENTED_EDGE('',*,*,#5756,.T.);
#7680=ORIENTED_EDGE('',*,*,#5378,.F.);
#7681=ORIENTED_EDGE('',*,*,#5757,.F.);
#7682=ORIENTED_EDGE('',*,*,#4961,.T.);
#7683=ORIENTED_EDGE('',*,*,#5757,.T.);
#7684=ORIENTED_EDGE('',*,*,#5377,.F.);
#7685=ORIENTED_EDGE('',*,*,#5758,.F.);
#7686=ORIENTED_EDGE('',*,*,#4962,.T.);
#7687=ORIENTED_EDGE('',*,*,#5758,.T.);
#7688=ORIENTED_EDGE('',*,*,#5376,.F.);
#7689=ORIENTED_EDGE('',*,*,#5759,.F.);
#7690=ORIENTED_EDGE('',*,*,#4963,.T.);
#7691=ORIENTED_EDGE('',*,*,#5759,.T.);
#7692=ORIENTED_EDGE('',*,*,#5375,.F.);
#7693=ORIENTED_EDGE('',*,*,#5760,.F.);
#7694=ORIENTED_EDGE('',*,*,#4964,.T.);
#7695=ORIENTED_EDGE('',*,*,#5760,.T.);
#7696=ORIENTED_EDGE('',*,*,#5374,.F.);
#7697=ORIENTED_EDGE('',*,*,#5761,.F.);
#7698=ORIENTED_EDGE('',*,*,#4965,.T.);
#7699=ORIENTED_EDGE('',*,*,#5761,.T.);
#7700=ORIENTED_EDGE('',*,*,#5373,.F.);
#7701=ORIENTED_EDGE('',*,*,#5762,.F.);
#7702=ORIENTED_EDGE('',*,*,#4966,.T.);
#7703=ORIENTED_EDGE('',*,*,#5762,.T.);
#7704=ORIENTED_EDGE('',*,*,#5372,.F.);
#7705=ORIENTED_EDGE('',*,*,#5763,.F.);
#7706=ORIENTED_EDGE('',*,*,#4967,.T.);
#7707=ORIENTED_EDGE('',*,*,#5763,.T.);
#7708=ORIENTED_EDGE('',*,*,#5371,.F.);
#7709=ORIENTED_EDGE('',*,*,#5764,.F.);
#7710=ORIENTED_EDGE('',*,*,#4968,.T.);
#7711=ORIENTED_EDGE('',*,*,#5764,.T.);
#7712=ORIENTED_EDGE('',*,*,#5370,.F.);
#7713=ORIENTED_EDGE('',*,*,#5765,.F.);
#7714=ORIENTED_EDGE('',*,*,#4969,.T.);
#7715=ORIENTED_EDGE('',*,*,#5765,.T.);
#7716=ORIENTED_EDGE('',*,*,#5369,.F.);
#7717=ORIENTED_EDGE('',*,*,#5766,.F.);
#7718=ORIENTED_EDGE('',*,*,#4970,.T.);
#7719=ORIENTED_EDGE('',*,*,#5766,.T.);
#7720=ORIENTED_EDGE('',*,*,#5368,.F.);
#7721=ORIENTED_EDGE('',*,*,#5767,.F.);
#7722=ORIENTED_EDGE('',*,*,#4971,.T.);
#7723=ORIENTED_EDGE('',*,*,#5767,.T.);
#7724=ORIENTED_EDGE('',*,*,#5367,.F.);
#7725=ORIENTED_EDGE('',*,*,#5768,.F.);
#7726=ORIENTED_EDGE('',*,*,#4972,.T.);
#7727=ORIENTED_EDGE('',*,*,#5768,.T.);
#7728=ORIENTED_EDGE('',*,*,#5366,.F.);
#7729=ORIENTED_EDGE('',*,*,#5769,.F.);
#7730=ORIENTED_EDGE('',*,*,#4973,.T.);
#7731=ORIENTED_EDGE('',*,*,#5769,.T.);
#7732=ORIENTED_EDGE('',*,*,#5365,.F.);
#7733=ORIENTED_EDGE('',*,*,#5770,.F.);
#7734=ORIENTED_EDGE('',*,*,#4974,.T.);
#7735=ORIENTED_EDGE('',*,*,#5770,.T.);
#7736=ORIENTED_EDGE('',*,*,#5364,.F.);
#7737=ORIENTED_EDGE('',*,*,#5771,.F.);
#7738=ORIENTED_EDGE('',*,*,#4975,.T.);
#7739=ORIENTED_EDGE('',*,*,#5771,.T.);
#7740=ORIENTED_EDGE('',*,*,#5363,.F.);
#7741=ORIENTED_EDGE('',*,*,#5772,.F.);
#7742=ORIENTED_EDGE('',*,*,#4976,.T.);
#7743=ORIENTED_EDGE('',*,*,#5772,.T.);
#7744=ORIENTED_EDGE('',*,*,#5362,.F.);
#7745=ORIENTED_EDGE('',*,*,#5773,.F.);
#7746=ORIENTED_EDGE('',*,*,#4977,.T.);
#7747=ORIENTED_EDGE('',*,*,#5773,.T.);
#7748=ORIENTED_EDGE('',*,*,#5361,.F.);
#7749=ORIENTED_EDGE('',*,*,#5774,.F.);
#7750=ORIENTED_EDGE('',*,*,#4978,.T.);
#7751=ORIENTED_EDGE('',*,*,#5774,.T.);
#7752=ORIENTED_EDGE('',*,*,#5360,.F.);
#7753=ORIENTED_EDGE('',*,*,#5775,.F.);
#7754=ORIENTED_EDGE('',*,*,#4979,.T.);
#7755=ORIENTED_EDGE('',*,*,#5775,.T.);
#7756=ORIENTED_EDGE('',*,*,#5359,.F.);
#7757=ORIENTED_EDGE('',*,*,#5776,.F.);
#7758=ORIENTED_EDGE('',*,*,#4980,.T.);
#7759=ORIENTED_EDGE('',*,*,#5776,.T.);
#7760=ORIENTED_EDGE('',*,*,#5358,.F.);
#7761=ORIENTED_EDGE('',*,*,#5777,.F.);
#7762=ORIENTED_EDGE('',*,*,#4981,.T.);
#7763=ORIENTED_EDGE('',*,*,#5777,.T.);
#7764=ORIENTED_EDGE('',*,*,#5357,.F.);
#7765=ORIENTED_EDGE('',*,*,#5778,.F.);
#7766=ORIENTED_EDGE('',*,*,#4982,.T.);
#7767=ORIENTED_EDGE('',*,*,#5778,.T.);
#7768=ORIENTED_EDGE('',*,*,#5356,.F.);
#7769=ORIENTED_EDGE('',*,*,#5779,.F.);
#7770=ORIENTED_EDGE('',*,*,#4983,.T.);
#7771=ORIENTED_EDGE('',*,*,#5779,.T.);
#7772=ORIENTED_EDGE('',*,*,#5355,.F.);
#7773=ORIENTED_EDGE('',*,*,#5780,.F.);
#7774=ORIENTED_EDGE('',*,*,#4948,.T.);
#7775=ORIENTED_EDGE('',*,*,#5780,.T.);
#7776=ORIENTED_EDGE('',*,*,#5354,.F.);
#7777=ORIENTED_EDGE('',*,*,#5745,.F.);
#7778=ORIENTED_EDGE('',*,*,#4985,.T.);
#7779=ORIENTED_EDGE('',*,*,#5781,.T.);
#7780=ORIENTED_EDGE('',*,*,#5393,.F.);
#7781=ORIENTED_EDGE('',*,*,#5782,.F.);
#7782=ORIENTED_EDGE('',*,*,#4986,.T.);
#7783=ORIENTED_EDGE('',*,*,#5782,.T.);
#7784=ORIENTED_EDGE('',*,*,#5392,.F.);
#7785=ORIENTED_EDGE('',*,*,#5783,.F.);
#7786=ORIENTED_EDGE('',*,*,#4987,.T.);
#7787=ORIENTED_EDGE('',*,*,#5783,.T.);
#7788=ORIENTED_EDGE('',*,*,#5391,.F.);
#7789=ORIENTED_EDGE('',*,*,#5784,.F.);
#7790=ORIENTED_EDGE('',*,*,#4984,.T.);
#7791=ORIENTED_EDGE('',*,*,#5784,.T.);
#7792=ORIENTED_EDGE('',*,*,#5390,.F.);
#7793=ORIENTED_EDGE('',*,*,#5781,.F.);
#7794=ORIENTED_EDGE('',*,*,#4989,.T.);
#7795=ORIENTED_EDGE('',*,*,#5785,.T.);
#7796=ORIENTED_EDGE('',*,*,#5397,.F.);
#7797=ORIENTED_EDGE('',*,*,#5786,.F.);
#7798=ORIENTED_EDGE('',*,*,#4990,.T.);
#7799=ORIENTED_EDGE('',*,*,#5786,.T.);
#7800=ORIENTED_EDGE('',*,*,#5396,.F.);
#7801=ORIENTED_EDGE('',*,*,#5787,.F.);
#7802=ORIENTED_EDGE('',*,*,#4991,.T.);
#7803=ORIENTED_EDGE('',*,*,#5787,.T.);
#7804=ORIENTED_EDGE('',*,*,#5395,.F.);
#7805=ORIENTED_EDGE('',*,*,#5788,.F.);
#7806=ORIENTED_EDGE('',*,*,#4988,.T.);
#7807=ORIENTED_EDGE('',*,*,#5788,.T.);
#7808=ORIENTED_EDGE('',*,*,#5394,.F.);
#7809=ORIENTED_EDGE('',*,*,#5785,.F.);
#7810=ORIENTED_EDGE('',*,*,#4993,.T.);
#7811=ORIENTED_EDGE('',*,*,#5789,.T.);
#7812=ORIENTED_EDGE('',*,*,#5401,.F.);
#7813=ORIENTED_EDGE('',*,*,#5790,.F.);
#7814=ORIENTED_EDGE('',*,*,#4994,.T.);
#7815=ORIENTED_EDGE('',*,*,#5790,.T.);
#7816=ORIENTED_EDGE('',*,*,#5400,.F.);
#7817=ORIENTED_EDGE('',*,*,#5791,.F.);
#7818=ORIENTED_EDGE('',*,*,#4995,.T.);
#7819=ORIENTED_EDGE('',*,*,#5791,.T.);
#7820=ORIENTED_EDGE('',*,*,#5399,.F.);
#7821=ORIENTED_EDGE('',*,*,#5792,.F.);
#7822=ORIENTED_EDGE('',*,*,#4992,.T.);
#7823=ORIENTED_EDGE('',*,*,#5792,.T.);
#7824=ORIENTED_EDGE('',*,*,#5398,.F.);
#7825=ORIENTED_EDGE('',*,*,#5789,.F.);
#7826=ORIENTED_EDGE('',*,*,#4997,.T.);
#7827=ORIENTED_EDGE('',*,*,#5793,.T.);
#7828=ORIENTED_EDGE('',*,*,#5405,.F.);
#7829=ORIENTED_EDGE('',*,*,#5794,.F.);
#7830=ORIENTED_EDGE('',*,*,#4998,.T.);
#7831=ORIENTED_EDGE('',*,*,#5794,.T.);
#7832=ORIENTED_EDGE('',*,*,#5404,.F.);
#7833=ORIENTED_EDGE('',*,*,#5795,.F.);
#7834=ORIENTED_EDGE('',*,*,#4999,.T.);
#7835=ORIENTED_EDGE('',*,*,#5795,.T.);
#7836=ORIENTED_EDGE('',*,*,#5403,.F.);
#7837=ORIENTED_EDGE('',*,*,#5796,.F.);
#7838=ORIENTED_EDGE('',*,*,#4996,.T.);
#7839=ORIENTED_EDGE('',*,*,#5796,.T.);
#7840=ORIENTED_EDGE('',*,*,#5402,.F.);
#7841=ORIENTED_EDGE('',*,*,#5793,.F.);
#7842=ORIENTED_EDGE('',*,*,#5001,.T.);
#7843=ORIENTED_EDGE('',*,*,#5797,.T.);
#7844=ORIENTED_EDGE('',*,*,#5409,.F.);
#7845=ORIENTED_EDGE('',*,*,#5798,.F.);
#7846=ORIENTED_EDGE('',*,*,#5002,.T.);
#7847=ORIENTED_EDGE('',*,*,#5798,.T.);
#7848=ORIENTED_EDGE('',*,*,#5408,.F.);
#7849=ORIENTED_EDGE('',*,*,#5799,.F.);
#7850=ORIENTED_EDGE('',*,*,#5003,.T.);
#7851=ORIENTED_EDGE('',*,*,#5799,.T.);
#7852=ORIENTED_EDGE('',*,*,#5407,.F.);
#7853=ORIENTED_EDGE('',*,*,#5800,.F.);
#7854=ORIENTED_EDGE('',*,*,#5000,.T.);
#7855=ORIENTED_EDGE('',*,*,#5800,.T.);
#7856=ORIENTED_EDGE('',*,*,#5406,.F.);
#7857=ORIENTED_EDGE('',*,*,#5797,.F.);
#7858=ORIENTED_EDGE('',*,*,#5005,.T.);
#7859=ORIENTED_EDGE('',*,*,#5801,.T.);
#7860=ORIENTED_EDGE('',*,*,#5413,.F.);
#7861=ORIENTED_EDGE('',*,*,#5802,.F.);
#7862=ORIENTED_EDGE('',*,*,#5006,.T.);
#7863=ORIENTED_EDGE('',*,*,#5802,.T.);
#7864=ORIENTED_EDGE('',*,*,#5412,.F.);
#7865=ORIENTED_EDGE('',*,*,#5803,.F.);
#7866=ORIENTED_EDGE('',*,*,#5007,.T.);
#7867=ORIENTED_EDGE('',*,*,#5803,.T.);
#7868=ORIENTED_EDGE('',*,*,#5411,.F.);
#7869=ORIENTED_EDGE('',*,*,#5804,.F.);
#7870=ORIENTED_EDGE('',*,*,#5004,.T.);
#7871=ORIENTED_EDGE('',*,*,#5804,.T.);
#7872=ORIENTED_EDGE('',*,*,#5410,.F.);
#7873=ORIENTED_EDGE('',*,*,#5801,.F.);
#7874=ORIENTED_EDGE('',*,*,#5009,.T.);
#7875=ORIENTED_EDGE('',*,*,#5805,.T.);
#7876=ORIENTED_EDGE('',*,*,#5417,.F.);
#7877=ORIENTED_EDGE('',*,*,#5806,.F.);
#7878=ORIENTED_EDGE('',*,*,#5010,.T.);
#7879=ORIENTED_EDGE('',*,*,#5806,.T.);
#7880=ORIENTED_EDGE('',*,*,#5416,.F.);
#7881=ORIENTED_EDGE('',*,*,#5807,.F.);
#7882=ORIENTED_EDGE('',*,*,#5011,.T.);
#7883=ORIENTED_EDGE('',*,*,#5807,.T.);
#7884=ORIENTED_EDGE('',*,*,#5415,.F.);
#7885=ORIENTED_EDGE('',*,*,#5808,.F.);
#7886=ORIENTED_EDGE('',*,*,#5008,.T.);
#7887=ORIENTED_EDGE('',*,*,#5808,.T.);
#7888=ORIENTED_EDGE('',*,*,#5414,.F.);
#7889=ORIENTED_EDGE('',*,*,#5805,.F.);
#7890=ORIENTED_EDGE('',*,*,#5013,.T.);
#7891=ORIENTED_EDGE('',*,*,#5809,.T.);
#7892=ORIENTED_EDGE('',*,*,#5421,.F.);
#7893=ORIENTED_EDGE('',*,*,#5810,.F.);
#7894=ORIENTED_EDGE('',*,*,#5014,.T.);
#7895=ORIENTED_EDGE('',*,*,#5810,.T.);
#7896=ORIENTED_EDGE('',*,*,#5420,.F.);
#7897=ORIENTED_EDGE('',*,*,#5811,.F.);
#7898=ORIENTED_EDGE('',*,*,#5015,.T.);
#7899=ORIENTED_EDGE('',*,*,#5811,.T.);
#7900=ORIENTED_EDGE('',*,*,#5419,.F.);
#7901=ORIENTED_EDGE('',*,*,#5812,.F.);
#7902=ORIENTED_EDGE('',*,*,#5012,.T.);
#7903=ORIENTED_EDGE('',*,*,#5812,.T.);
#7904=ORIENTED_EDGE('',*,*,#5418,.F.);
#7905=ORIENTED_EDGE('',*,*,#5809,.F.);
#7906=ORIENTED_EDGE('',*,*,#5017,.T.);
#7907=ORIENTED_EDGE('',*,*,#5813,.T.);
#7908=ORIENTED_EDGE('',*,*,#5425,.F.);
#7909=ORIENTED_EDGE('',*,*,#5814,.F.);
#7910=ORIENTED_EDGE('',*,*,#5018,.T.);
#7911=ORIENTED_EDGE('',*,*,#5814,.T.);
#7912=ORIENTED_EDGE('',*,*,#5424,.F.);
#7913=ORIENTED_EDGE('',*,*,#5815,.F.);
#7914=ORIENTED_EDGE('',*,*,#5019,.T.);
#7915=ORIENTED_EDGE('',*,*,#5815,.T.);
#7916=ORIENTED_EDGE('',*,*,#5423,.F.);
#7917=ORIENTED_EDGE('',*,*,#5816,.F.);
#7918=ORIENTED_EDGE('',*,*,#5016,.T.);
#7919=ORIENTED_EDGE('',*,*,#5816,.T.);
#7920=ORIENTED_EDGE('',*,*,#5422,.F.);
#7921=ORIENTED_EDGE('',*,*,#5813,.F.);
#7922=ORIENTED_EDGE('',*,*,#5021,.T.);
#7923=ORIENTED_EDGE('',*,*,#5817,.T.);
#7924=ORIENTED_EDGE('',*,*,#5429,.F.);
#7925=ORIENTED_EDGE('',*,*,#5818,.F.);
#7926=ORIENTED_EDGE('',*,*,#5022,.T.);
#7927=ORIENTED_EDGE('',*,*,#5818,.T.);
#7928=ORIENTED_EDGE('',*,*,#5428,.F.);
#7929=ORIENTED_EDGE('',*,*,#5819,.F.);
#7930=ORIENTED_EDGE('',*,*,#5023,.T.);
#7931=ORIENTED_EDGE('',*,*,#5819,.T.);
#7932=ORIENTED_EDGE('',*,*,#5427,.F.);
#7933=ORIENTED_EDGE('',*,*,#5820,.F.);
#7934=ORIENTED_EDGE('',*,*,#5020,.T.);
#7935=ORIENTED_EDGE('',*,*,#5820,.T.);
#7936=ORIENTED_EDGE('',*,*,#5426,.F.);
#7937=ORIENTED_EDGE('',*,*,#5817,.F.);
#7938=ORIENTED_EDGE('',*,*,#5025,.T.);
#7939=ORIENTED_EDGE('',*,*,#5821,.T.);
#7940=ORIENTED_EDGE('',*,*,#5433,.F.);
#7941=ORIENTED_EDGE('',*,*,#5822,.F.);
#7942=ORIENTED_EDGE('',*,*,#5026,.T.);
#7943=ORIENTED_EDGE('',*,*,#5822,.T.);
#7944=ORIENTED_EDGE('',*,*,#5432,.F.);
#7945=ORIENTED_EDGE('',*,*,#5823,.F.);
#7946=ORIENTED_EDGE('',*,*,#5027,.T.);
#7947=ORIENTED_EDGE('',*,*,#5823,.T.);
#7948=ORIENTED_EDGE('',*,*,#5431,.F.);
#7949=ORIENTED_EDGE('',*,*,#5824,.F.);
#7950=ORIENTED_EDGE('',*,*,#5024,.T.);
#7951=ORIENTED_EDGE('',*,*,#5824,.T.);
#7952=ORIENTED_EDGE('',*,*,#5430,.F.);
#7953=ORIENTED_EDGE('',*,*,#5821,.F.);
#7954=ORIENTED_EDGE('',*,*,#5029,.T.);
#7955=ORIENTED_EDGE('',*,*,#5825,.T.);
#7956=ORIENTED_EDGE('',*,*,#5437,.F.);
#7957=ORIENTED_EDGE('',*,*,#5826,.F.);
#7958=ORIENTED_EDGE('',*,*,#5030,.T.);
#7959=ORIENTED_EDGE('',*,*,#5826,.T.);
#7960=ORIENTED_EDGE('',*,*,#5436,.F.);
#7961=ORIENTED_EDGE('',*,*,#5827,.F.);
#7962=ORIENTED_EDGE('',*,*,#5031,.T.);
#7963=ORIENTED_EDGE('',*,*,#5827,.T.);
#7964=ORIENTED_EDGE('',*,*,#5435,.F.);
#7965=ORIENTED_EDGE('',*,*,#5828,.F.);
#7966=ORIENTED_EDGE('',*,*,#5028,.T.);
#7967=ORIENTED_EDGE('',*,*,#5828,.T.);
#7968=ORIENTED_EDGE('',*,*,#5434,.F.);
#7969=ORIENTED_EDGE('',*,*,#5825,.F.);
#7970=ORIENTED_EDGE('',*,*,#5033,.T.);
#7971=ORIENTED_EDGE('',*,*,#5829,.T.);
#7972=ORIENTED_EDGE('',*,*,#5441,.F.);
#7973=ORIENTED_EDGE('',*,*,#5830,.F.);
#7974=ORIENTED_EDGE('',*,*,#5034,.T.);
#7975=ORIENTED_EDGE('',*,*,#5830,.T.);
#7976=ORIENTED_EDGE('',*,*,#5440,.F.);
#7977=ORIENTED_EDGE('',*,*,#5831,.F.);
#7978=ORIENTED_EDGE('',*,*,#5035,.T.);
#7979=ORIENTED_EDGE('',*,*,#5831,.T.);
#7980=ORIENTED_EDGE('',*,*,#5439,.F.);
#7981=ORIENTED_EDGE('',*,*,#5832,.F.);
#7982=ORIENTED_EDGE('',*,*,#5032,.T.);
#7983=ORIENTED_EDGE('',*,*,#5832,.T.);
#7984=ORIENTED_EDGE('',*,*,#5438,.F.);
#7985=ORIENTED_EDGE('',*,*,#5829,.F.);
#7986=ORIENTED_EDGE('',*,*,#5037,.T.);
#7987=ORIENTED_EDGE('',*,*,#5833,.T.);
#7988=ORIENTED_EDGE('',*,*,#5445,.F.);
#7989=ORIENTED_EDGE('',*,*,#5834,.F.);
#7990=ORIENTED_EDGE('',*,*,#5038,.T.);
#7991=ORIENTED_EDGE('',*,*,#5834,.T.);
#7992=ORIENTED_EDGE('',*,*,#5444,.F.);
#7993=ORIENTED_EDGE('',*,*,#5835,.F.);
#7994=ORIENTED_EDGE('',*,*,#5039,.T.);
#7995=ORIENTED_EDGE('',*,*,#5835,.T.);
#7996=ORIENTED_EDGE('',*,*,#5443,.F.);
#7997=ORIENTED_EDGE('',*,*,#5836,.F.);
#7998=ORIENTED_EDGE('',*,*,#5036,.T.);
#7999=ORIENTED_EDGE('',*,*,#5836,.T.);
#8000=ORIENTED_EDGE('',*,*,#5442,.F.);
#8001=ORIENTED_EDGE('',*,*,#5833,.F.);
#8002=ORIENTED_EDGE('',*,*,#5041,.T.);
#8003=ORIENTED_EDGE('',*,*,#5837,.T.);
#8004=ORIENTED_EDGE('',*,*,#5449,.F.);
#8005=ORIENTED_EDGE('',*,*,#5838,.F.);
#8006=ORIENTED_EDGE('',*,*,#5042,.T.);
#8007=ORIENTED_EDGE('',*,*,#5838,.T.);
#8008=ORIENTED_EDGE('',*,*,#5448,.F.);
#8009=ORIENTED_EDGE('',*,*,#5839,.F.);
#8010=ORIENTED_EDGE('',*,*,#5043,.T.);
#8011=ORIENTED_EDGE('',*,*,#5839,.T.);
#8012=ORIENTED_EDGE('',*,*,#5447,.F.);
#8013=ORIENTED_EDGE('',*,*,#5840,.F.);
#8014=ORIENTED_EDGE('',*,*,#5040,.T.);
#8015=ORIENTED_EDGE('',*,*,#5840,.T.);
#8016=ORIENTED_EDGE('',*,*,#5446,.F.);
#8017=ORIENTED_EDGE('',*,*,#5837,.F.);
#8018=ORIENTED_EDGE('',*,*,#5045,.T.);
#8019=ORIENTED_EDGE('',*,*,#5841,.T.);
#8020=ORIENTED_EDGE('',*,*,#5453,.F.);
#8021=ORIENTED_EDGE('',*,*,#5842,.F.);
#8022=ORIENTED_EDGE('',*,*,#5046,.T.);
#8023=ORIENTED_EDGE('',*,*,#5842,.T.);
#8024=ORIENTED_EDGE('',*,*,#5452,.F.);
#8025=ORIENTED_EDGE('',*,*,#5843,.F.);
#8026=ORIENTED_EDGE('',*,*,#5047,.T.);
#8027=ORIENTED_EDGE('',*,*,#5843,.T.);
#8028=ORIENTED_EDGE('',*,*,#5451,.F.);
#8029=ORIENTED_EDGE('',*,*,#5844,.F.);
#8030=ORIENTED_EDGE('',*,*,#5044,.T.);
#8031=ORIENTED_EDGE('',*,*,#5844,.T.);
#8032=ORIENTED_EDGE('',*,*,#5450,.F.);
#8033=ORIENTED_EDGE('',*,*,#5841,.F.);
#8034=ORIENTED_EDGE('',*,*,#5049,.T.);
#8035=ORIENTED_EDGE('',*,*,#5845,.T.);
#8036=ORIENTED_EDGE('',*,*,#5457,.F.);
#8037=ORIENTED_EDGE('',*,*,#5846,.F.);
#8038=ORIENTED_EDGE('',*,*,#5050,.T.);
#8039=ORIENTED_EDGE('',*,*,#5846,.T.);
#8040=ORIENTED_EDGE('',*,*,#5456,.F.);
#8041=ORIENTED_EDGE('',*,*,#5847,.F.);
#8042=ORIENTED_EDGE('',*,*,#5051,.T.);
#8043=ORIENTED_EDGE('',*,*,#5847,.T.);
#8044=ORIENTED_EDGE('',*,*,#5455,.F.);
#8045=ORIENTED_EDGE('',*,*,#5848,.F.);
#8046=ORIENTED_EDGE('',*,*,#5048,.T.);
#8047=ORIENTED_EDGE('',*,*,#5848,.T.);
#8048=ORIENTED_EDGE('',*,*,#5454,.F.);
#8049=ORIENTED_EDGE('',*,*,#5845,.F.);
#8050=ORIENTED_EDGE('',*,*,#5053,.T.);
#8051=ORIENTED_EDGE('',*,*,#5849,.T.);
#8052=ORIENTED_EDGE('',*,*,#5461,.F.);
#8053=ORIENTED_EDGE('',*,*,#5850,.F.);
#8054=ORIENTED_EDGE('',*,*,#5054,.T.);
#8055=ORIENTED_EDGE('',*,*,#5850,.T.);
#8056=ORIENTED_EDGE('',*,*,#5460,.F.);
#8057=ORIENTED_EDGE('',*,*,#5851,.F.);
#8058=ORIENTED_EDGE('',*,*,#5055,.T.);
#8059=ORIENTED_EDGE('',*,*,#5851,.T.);
#8060=ORIENTED_EDGE('',*,*,#5459,.F.);
#8061=ORIENTED_EDGE('',*,*,#5852,.F.);
#8062=ORIENTED_EDGE('',*,*,#5052,.T.);
#8063=ORIENTED_EDGE('',*,*,#5852,.T.);
#8064=ORIENTED_EDGE('',*,*,#5458,.F.);
#8065=ORIENTED_EDGE('',*,*,#5849,.F.);
#8066=ORIENTED_EDGE('',*,*,#5057,.T.);
#8067=ORIENTED_EDGE('',*,*,#5853,.T.);
#8068=ORIENTED_EDGE('',*,*,#5465,.F.);
#8069=ORIENTED_EDGE('',*,*,#5854,.F.);
#8070=ORIENTED_EDGE('',*,*,#5058,.T.);
#8071=ORIENTED_EDGE('',*,*,#5854,.T.);
#8072=ORIENTED_EDGE('',*,*,#5464,.F.);
#8073=ORIENTED_EDGE('',*,*,#5855,.F.);
#8074=ORIENTED_EDGE('',*,*,#5059,.T.);
#8075=ORIENTED_EDGE('',*,*,#5855,.T.);
#8076=ORIENTED_EDGE('',*,*,#5463,.F.);
#8077=ORIENTED_EDGE('',*,*,#5856,.F.);
#8078=ORIENTED_EDGE('',*,*,#5056,.T.);
#8079=ORIENTED_EDGE('',*,*,#5856,.T.);
#8080=ORIENTED_EDGE('',*,*,#5462,.F.);
#8081=ORIENTED_EDGE('',*,*,#5853,.F.);
#8082=ORIENTED_EDGE('',*,*,#5061,.T.);
#8083=ORIENTED_EDGE('',*,*,#5857,.T.);
#8084=ORIENTED_EDGE('',*,*,#5469,.F.);
#8085=ORIENTED_EDGE('',*,*,#5858,.F.);
#8086=ORIENTED_EDGE('',*,*,#5062,.T.);
#8087=ORIENTED_EDGE('',*,*,#5858,.T.);
#8088=ORIENTED_EDGE('',*,*,#5468,.F.);
#8089=ORIENTED_EDGE('',*,*,#5859,.F.);
#8090=ORIENTED_EDGE('',*,*,#5063,.T.);
#8091=ORIENTED_EDGE('',*,*,#5859,.T.);
#8092=ORIENTED_EDGE('',*,*,#5467,.F.);
#8093=ORIENTED_EDGE('',*,*,#5860,.F.);
#8094=ORIENTED_EDGE('',*,*,#5060,.T.);
#8095=ORIENTED_EDGE('',*,*,#5860,.T.);
#8096=ORIENTED_EDGE('',*,*,#5466,.F.);
#8097=ORIENTED_EDGE('',*,*,#5857,.F.);
#8098=ORIENTED_EDGE('',*,*,#5065,.T.);
#8099=ORIENTED_EDGE('',*,*,#5861,.T.);
#8100=ORIENTED_EDGE('',*,*,#5473,.F.);
#8101=ORIENTED_EDGE('',*,*,#5862,.F.);
#8102=ORIENTED_EDGE('',*,*,#5066,.T.);
#8103=ORIENTED_EDGE('',*,*,#5862,.T.);
#8104=ORIENTED_EDGE('',*,*,#5472,.F.);
#8105=ORIENTED_EDGE('',*,*,#5863,.F.);
#8106=ORIENTED_EDGE('',*,*,#5067,.T.);
#8107=ORIENTED_EDGE('',*,*,#5863,.T.);
#8108=ORIENTED_EDGE('',*,*,#5471,.F.);
#8109=ORIENTED_EDGE('',*,*,#5864,.F.);
#8110=ORIENTED_EDGE('',*,*,#5064,.T.);
#8111=ORIENTED_EDGE('',*,*,#5864,.T.);
#8112=ORIENTED_EDGE('',*,*,#5470,.F.);
#8113=ORIENTED_EDGE('',*,*,#5861,.F.);
#8114=ORIENTED_EDGE('',*,*,#5069,.T.);
#8115=ORIENTED_EDGE('',*,*,#5865,.T.);
#8116=ORIENTED_EDGE('',*,*,#5477,.F.);
#8117=ORIENTED_EDGE('',*,*,#5866,.F.);
#8118=ORIENTED_EDGE('',*,*,#5070,.T.);
#8119=ORIENTED_EDGE('',*,*,#5866,.T.);
#8120=ORIENTED_EDGE('',*,*,#5476,.F.);
#8121=ORIENTED_EDGE('',*,*,#5867,.F.);
#8122=ORIENTED_EDGE('',*,*,#5071,.T.);
#8123=ORIENTED_EDGE('',*,*,#5867,.T.);
#8124=ORIENTED_EDGE('',*,*,#5475,.F.);
#8125=ORIENTED_EDGE('',*,*,#5868,.F.);
#8126=ORIENTED_EDGE('',*,*,#5068,.T.);
#8127=ORIENTED_EDGE('',*,*,#5868,.T.);
#8128=ORIENTED_EDGE('',*,*,#5474,.F.);
#8129=ORIENTED_EDGE('',*,*,#5865,.F.);
#8130=ORIENTED_EDGE('',*,*,#5073,.T.);
#8131=ORIENTED_EDGE('',*,*,#5869,.T.);
#8132=ORIENTED_EDGE('',*,*,#5481,.F.);
#8133=ORIENTED_EDGE('',*,*,#5870,.F.);
#8134=ORIENTED_EDGE('',*,*,#5074,.T.);
#8135=ORIENTED_EDGE('',*,*,#5870,.T.);
#8136=ORIENTED_EDGE('',*,*,#5480,.F.);
#8137=ORIENTED_EDGE('',*,*,#5871,.F.);
#8138=ORIENTED_EDGE('',*,*,#5075,.T.);
#8139=ORIENTED_EDGE('',*,*,#5871,.T.);
#8140=ORIENTED_EDGE('',*,*,#5479,.F.);
#8141=ORIENTED_EDGE('',*,*,#5872,.F.);
#8142=ORIENTED_EDGE('',*,*,#5072,.T.);
#8143=ORIENTED_EDGE('',*,*,#5872,.T.);
#8144=ORIENTED_EDGE('',*,*,#5478,.F.);
#8145=ORIENTED_EDGE('',*,*,#5869,.F.);
#8146=ORIENTED_EDGE('',*,*,#5077,.T.);
#8147=ORIENTED_EDGE('',*,*,#5873,.T.);
#8148=ORIENTED_EDGE('',*,*,#5485,.F.);
#8149=ORIENTED_EDGE('',*,*,#5874,.F.);
#8150=ORIENTED_EDGE('',*,*,#5078,.T.);
#8151=ORIENTED_EDGE('',*,*,#5874,.T.);
#8152=ORIENTED_EDGE('',*,*,#5484,.F.);
#8153=ORIENTED_EDGE('',*,*,#5875,.F.);
#8154=ORIENTED_EDGE('',*,*,#5079,.T.);
#8155=ORIENTED_EDGE('',*,*,#5875,.T.);
#8156=ORIENTED_EDGE('',*,*,#5483,.F.);
#8157=ORIENTED_EDGE('',*,*,#5876,.F.);
#8158=ORIENTED_EDGE('',*,*,#5076,.T.);
#8159=ORIENTED_EDGE('',*,*,#5876,.T.);
#8160=ORIENTED_EDGE('',*,*,#5482,.F.);
#8161=ORIENTED_EDGE('',*,*,#5873,.F.);
#8162=ORIENTED_EDGE('',*,*,#5081,.T.);
#8163=ORIENTED_EDGE('',*,*,#5877,.T.);
#8164=ORIENTED_EDGE('',*,*,#5489,.F.);
#8165=ORIENTED_EDGE('',*,*,#5878,.F.);
#8166=ORIENTED_EDGE('',*,*,#5082,.T.);
#8167=ORIENTED_EDGE('',*,*,#5878,.T.);
#8168=ORIENTED_EDGE('',*,*,#5488,.F.);
#8169=ORIENTED_EDGE('',*,*,#5879,.F.);
#8170=ORIENTED_EDGE('',*,*,#5083,.T.);
#8171=ORIENTED_EDGE('',*,*,#5879,.T.);
#8172=ORIENTED_EDGE('',*,*,#5487,.F.);
#8173=ORIENTED_EDGE('',*,*,#5880,.F.);
#8174=ORIENTED_EDGE('',*,*,#5080,.T.);
#8175=ORIENTED_EDGE('',*,*,#5880,.T.);
#8176=ORIENTED_EDGE('',*,*,#5486,.F.);
#8177=ORIENTED_EDGE('',*,*,#5877,.F.);
#8178=ORIENTED_EDGE('',*,*,#5085,.T.);
#8179=ORIENTED_EDGE('',*,*,#5881,.T.);
#8180=ORIENTED_EDGE('',*,*,#5493,.F.);
#8181=ORIENTED_EDGE('',*,*,#5882,.F.);
#8182=ORIENTED_EDGE('',*,*,#5086,.T.);
#8183=ORIENTED_EDGE('',*,*,#5882,.T.);
#8184=ORIENTED_EDGE('',*,*,#5492,.F.);
#8185=ORIENTED_EDGE('',*,*,#5883,.F.);
#8186=ORIENTED_EDGE('',*,*,#5087,.T.);
#8187=ORIENTED_EDGE('',*,*,#5883,.T.);
#8188=ORIENTED_EDGE('',*,*,#5491,.F.);
#8189=ORIENTED_EDGE('',*,*,#5884,.F.);
#8190=ORIENTED_EDGE('',*,*,#5084,.T.);
#8191=ORIENTED_EDGE('',*,*,#5884,.T.);
#8192=ORIENTED_EDGE('',*,*,#5490,.F.);
#8193=ORIENTED_EDGE('',*,*,#5881,.F.);
#8194=ORIENTED_EDGE('',*,*,#5089,.T.);
#8195=ORIENTED_EDGE('',*,*,#5885,.T.);
#8196=ORIENTED_EDGE('',*,*,#5497,.F.);
#8197=ORIENTED_EDGE('',*,*,#5886,.F.);
#8198=ORIENTED_EDGE('',*,*,#5090,.T.);
#8199=ORIENTED_EDGE('',*,*,#5886,.T.);
#8200=ORIENTED_EDGE('',*,*,#5496,.F.);
#8201=ORIENTED_EDGE('',*,*,#5887,.F.);
#8202=ORIENTED_EDGE('',*,*,#5091,.T.);
#8203=ORIENTED_EDGE('',*,*,#5887,.T.);
#8204=ORIENTED_EDGE('',*,*,#5495,.F.);
#8205=ORIENTED_EDGE('',*,*,#5888,.F.);
#8206=ORIENTED_EDGE('',*,*,#5088,.T.);
#8207=ORIENTED_EDGE('',*,*,#5888,.T.);
#8208=ORIENTED_EDGE('',*,*,#5494,.F.);
#8209=ORIENTED_EDGE('',*,*,#5885,.F.);
#8210=ORIENTED_EDGE('',*,*,#5093,.T.);
#8211=ORIENTED_EDGE('',*,*,#5889,.T.);
#8212=ORIENTED_EDGE('',*,*,#5501,.F.);
#8213=ORIENTED_EDGE('',*,*,#5890,.F.);
#8214=ORIENTED_EDGE('',*,*,#5094,.T.);
#8215=ORIENTED_EDGE('',*,*,#5890,.T.);
#8216=ORIENTED_EDGE('',*,*,#5500,.F.);
#8217=ORIENTED_EDGE('',*,*,#5891,.F.);
#8218=ORIENTED_EDGE('',*,*,#5095,.T.);
#8219=ORIENTED_EDGE('',*,*,#5891,.T.);
#8220=ORIENTED_EDGE('',*,*,#5499,.F.);
#8221=ORIENTED_EDGE('',*,*,#5892,.F.);
#8222=ORIENTED_EDGE('',*,*,#5092,.T.);
#8223=ORIENTED_EDGE('',*,*,#5892,.T.);
#8224=ORIENTED_EDGE('',*,*,#5498,.F.);
#8225=ORIENTED_EDGE('',*,*,#5889,.F.);
#8226=ORIENTED_EDGE('',*,*,#5097,.T.);
#8227=ORIENTED_EDGE('',*,*,#5893,.T.);
#8228=ORIENTED_EDGE('',*,*,#5505,.F.);
#8229=ORIENTED_EDGE('',*,*,#5894,.F.);
#8230=ORIENTED_EDGE('',*,*,#5098,.T.);
#8231=ORIENTED_EDGE('',*,*,#5894,.T.);
#8232=ORIENTED_EDGE('',*,*,#5504,.F.);
#8233=ORIENTED_EDGE('',*,*,#5895,.F.);
#8234=ORIENTED_EDGE('',*,*,#5099,.T.);
#8235=ORIENTED_EDGE('',*,*,#5895,.T.);
#8236=ORIENTED_EDGE('',*,*,#5503,.F.);
#8237=ORIENTED_EDGE('',*,*,#5896,.F.);
#8238=ORIENTED_EDGE('',*,*,#5096,.T.);
#8239=ORIENTED_EDGE('',*,*,#5896,.T.);
#8240=ORIENTED_EDGE('',*,*,#5502,.F.);
#8241=ORIENTED_EDGE('',*,*,#5893,.F.);
#8242=ORIENTED_EDGE('',*,*,#5101,.T.);
#8243=ORIENTED_EDGE('',*,*,#5897,.T.);
#8244=ORIENTED_EDGE('',*,*,#5509,.F.);
#8245=ORIENTED_EDGE('',*,*,#5898,.F.);
#8246=ORIENTED_EDGE('',*,*,#5102,.T.);
#8247=ORIENTED_EDGE('',*,*,#5898,.T.);
#8248=ORIENTED_EDGE('',*,*,#5508,.F.);
#8249=ORIENTED_EDGE('',*,*,#5899,.F.);
#8250=ORIENTED_EDGE('',*,*,#5103,.T.);
#8251=ORIENTED_EDGE('',*,*,#5899,.T.);
#8252=ORIENTED_EDGE('',*,*,#5507,.F.);
#8253=ORIENTED_EDGE('',*,*,#5900,.F.);
#8254=ORIENTED_EDGE('',*,*,#5100,.T.);
#8255=ORIENTED_EDGE('',*,*,#5900,.T.);
#8256=ORIENTED_EDGE('',*,*,#5506,.F.);
#8257=ORIENTED_EDGE('',*,*,#5897,.F.);
#8258=ORIENTED_EDGE('',*,*,#5105,.T.);
#8259=ORIENTED_EDGE('',*,*,#5901,.T.);
#8260=ORIENTED_EDGE('',*,*,#5513,.F.);
#8261=ORIENTED_EDGE('',*,*,#5902,.F.);
#8262=ORIENTED_EDGE('',*,*,#5106,.T.);
#8263=ORIENTED_EDGE('',*,*,#5902,.T.);
#8264=ORIENTED_EDGE('',*,*,#5512,.F.);
#8265=ORIENTED_EDGE('',*,*,#5903,.F.);
#8266=ORIENTED_EDGE('',*,*,#5107,.T.);
#8267=ORIENTED_EDGE('',*,*,#5903,.T.);
#8268=ORIENTED_EDGE('',*,*,#5511,.F.);
#8269=ORIENTED_EDGE('',*,*,#5904,.F.);
#8270=ORIENTED_EDGE('',*,*,#5104,.T.);
#8271=ORIENTED_EDGE('',*,*,#5904,.T.);
#8272=ORIENTED_EDGE('',*,*,#5510,.F.);
#8273=ORIENTED_EDGE('',*,*,#5901,.F.);
#8274=ORIENTED_EDGE('',*,*,#5109,.T.);
#8275=ORIENTED_EDGE('',*,*,#5905,.T.);
#8276=ORIENTED_EDGE('',*,*,#5517,.F.);
#8277=ORIENTED_EDGE('',*,*,#5906,.F.);
#8278=ORIENTED_EDGE('',*,*,#5110,.T.);
#8279=ORIENTED_EDGE('',*,*,#5906,.T.);
#8280=ORIENTED_EDGE('',*,*,#5516,.F.);
#8281=ORIENTED_EDGE('',*,*,#5907,.F.);
#8282=ORIENTED_EDGE('',*,*,#5111,.T.);
#8283=ORIENTED_EDGE('',*,*,#5907,.T.);
#8284=ORIENTED_EDGE('',*,*,#5515,.F.);
#8285=ORIENTED_EDGE('',*,*,#5908,.F.);
#8286=ORIENTED_EDGE('',*,*,#5108,.T.);
#8287=ORIENTED_EDGE('',*,*,#5908,.T.);
#8288=ORIENTED_EDGE('',*,*,#5514,.F.);
#8289=ORIENTED_EDGE('',*,*,#5905,.F.);
#8290=ORIENTED_EDGE('',*,*,#5113,.T.);
#8291=ORIENTED_EDGE('',*,*,#5909,.T.);
#8292=ORIENTED_EDGE('',*,*,#5521,.F.);
#8293=ORIENTED_EDGE('',*,*,#5910,.F.);
#8294=ORIENTED_EDGE('',*,*,#5114,.T.);
#8295=ORIENTED_EDGE('',*,*,#5910,.T.);
#8296=ORIENTED_EDGE('',*,*,#5520,.F.);
#8297=ORIENTED_EDGE('',*,*,#5911,.F.);
#8298=ORIENTED_EDGE('',*,*,#5115,.T.);
#8299=ORIENTED_EDGE('',*,*,#5911,.T.);
#8300=ORIENTED_EDGE('',*,*,#5519,.F.);
#8301=ORIENTED_EDGE('',*,*,#5912,.F.);
#8302=ORIENTED_EDGE('',*,*,#5112,.T.);
#8303=ORIENTED_EDGE('',*,*,#5912,.T.);
#8304=ORIENTED_EDGE('',*,*,#5518,.F.);
#8305=ORIENTED_EDGE('',*,*,#5909,.F.);
#8306=ORIENTED_EDGE('',*,*,#5117,.T.);
#8307=ORIENTED_EDGE('',*,*,#5913,.T.);
#8308=ORIENTED_EDGE('',*,*,#5525,.F.);
#8309=ORIENTED_EDGE('',*,*,#5914,.F.);
#8310=ORIENTED_EDGE('',*,*,#5118,.T.);
#8311=ORIENTED_EDGE('',*,*,#5914,.T.);
#8312=ORIENTED_EDGE('',*,*,#5524,.F.);
#8313=ORIENTED_EDGE('',*,*,#5915,.F.);
#8314=ORIENTED_EDGE('',*,*,#5119,.T.);
#8315=ORIENTED_EDGE('',*,*,#5915,.T.);
#8316=ORIENTED_EDGE('',*,*,#5523,.F.);
#8317=ORIENTED_EDGE('',*,*,#5916,.F.);
#8318=ORIENTED_EDGE('',*,*,#5116,.T.);
#8319=ORIENTED_EDGE('',*,*,#5916,.T.);
#8320=ORIENTED_EDGE('',*,*,#5522,.F.);
#8321=ORIENTED_EDGE('',*,*,#5913,.F.);
#8322=ORIENTED_EDGE('',*,*,#4740,.F.);
#8323=ORIENTED_EDGE('',*,*,#5917,.T.);
#8324=ORIENTED_EDGE('',*,*,#5154,.F.);
#8325=ORIENTED_EDGE('',*,*,#5918,.F.);
#8326=ORIENTED_EDGE('',*,*,#4741,.F.);
#8327=ORIENTED_EDGE('',*,*,#5918,.T.);
#8328=ORIENTED_EDGE('',*,*,#5153,.F.);
#8329=ORIENTED_EDGE('',*,*,#5919,.F.);
#8330=ORIENTED_EDGE('',*,*,#4742,.T.);
#8331=ORIENTED_EDGE('',*,*,#5919,.T.);
#8332=ORIENTED_EDGE('',*,*,#5152,.F.);
#8333=ORIENTED_EDGE('',*,*,#5538,.F.);
#8334=ORIENTED_EDGE('',*,*,#4733,.T.);
#8335=ORIENTED_EDGE('',*,*,#5131,.T.);
#8336=ORIENTED_EDGE('',*,*,#5161,.F.);
#8337=ORIENTED_EDGE('',*,*,#5920,.F.);
#8338=ORIENTED_EDGE('',*,*,#4734,.F.);
#8339=ORIENTED_EDGE('',*,*,#5920,.T.);
#8340=ORIENTED_EDGE('',*,*,#5160,.F.);
#8341=ORIENTED_EDGE('',*,*,#5921,.F.);
#8342=ORIENTED_EDGE('',*,*,#4735,.F.);
#8343=ORIENTED_EDGE('',*,*,#5921,.T.);
#8344=ORIENTED_EDGE('',*,*,#5159,.F.);
#8345=ORIENTED_EDGE('',*,*,#5922,.F.);
#8346=ORIENTED_EDGE('',*,*,#4736,.T.);
#8347=ORIENTED_EDGE('',*,*,#5922,.T.);
#8348=ORIENTED_EDGE('',*,*,#5158,.F.);
#8349=ORIENTED_EDGE('',*,*,#5923,.F.);
#8350=ORIENTED_EDGE('',*,*,#4737,.T.);
#8351=ORIENTED_EDGE('',*,*,#5923,.T.);
#8352=ORIENTED_EDGE('',*,*,#5157,.F.);
#8353=ORIENTED_EDGE('',*,*,#5924,.F.);
#8354=ORIENTED_EDGE('',*,*,#4738,.T.);
#8355=ORIENTED_EDGE('',*,*,#5924,.T.);
#8356=ORIENTED_EDGE('',*,*,#5156,.F.);
#8357=ORIENTED_EDGE('',*,*,#5925,.F.);
#8358=ORIENTED_EDGE('',*,*,#4739,.T.);
#8359=ORIENTED_EDGE('',*,*,#5925,.T.);
#8360=ORIENTED_EDGE('',*,*,#5155,.F.);
#8361=ORIENTED_EDGE('',*,*,#5917,.F.);
#8362=CYLINDRICAL_SURFACE('',#8808,0.799999982118607);
#8363=CYLINDRICAL_SURFACE('',#8841,0.799999982118607);
#8364=CYLINDRICAL_SURFACE('',#8847,1.5);
#8365=CYLINDRICAL_SURFACE('',#8850,1.5);
#8366=CYLINDRICAL_SURFACE('',#8875,1.58746200000003);
#8367=CYLINDRICAL_SURFACE('',#8876,1.587462);
#8368=CYLINDRICAL_SURFACE('',#8877,1.587462);
#8369=CYLINDRICAL_SURFACE('',#8878,1.58746200000003);
#8370=CYLINDRICAL_SURFACE('',#8879,1.6);
#8371=CYLINDRICAL_SURFACE('',#8880,1.59999999999997);
#8372=CYLINDRICAL_SURFACE('',#8881,1.59999999999999);
#8373=CYLINDRICAL_SURFACE('',#8882,1.59999999999997);
#8374=CYLINDRICAL_SURFACE('',#8884,2.00000000000003);
#8375=CYLINDRICAL_SURFACE('',#8886,2.00000000000005);
#8376=CYLINDRICAL_SURFACE('',#8887,2.0000000000001);
#8377=CYLINDRICAL_SURFACE('',#8888,2.00000000000017);
#8378=CYLINDRICAL_SURFACE('',#8889,2.0000000000001);
#8379=CYLINDRICAL_SURFACE('',#8892,2.00000000000003);
#8380=CYLINDRICAL_SURFACE('',#8894,2.00000000000003);
#8381=CYLINDRICAL_SURFACE('',#9200,14.3940773276631);
#8382=CYLINDRICAL_SURFACE('',#9202,14.3940773276631);
#8383=CYLINDRICAL_SURFACE('',#9257,15.0000013902994);
#8384=CYLINDRICAL_SURFACE('',#9258,15.0000000000797);
#8385=CYLINDRICAL_SURFACE('',#9261,15.0000000000129);
#8386=CYLINDRICAL_SURFACE('',#9263,15.0000000000272);
#8387=ADVANCED_FACE('',(#553),#8362,.F.);
#8388=ADVANCED_FACE('',(#554),#173,.F.);
#8389=ADVANCED_FACE('',(#555,#24,#25,#26,#27,#28,#29,#30,#31,#32,#33,#34,
#35,#36,#37,#38,#39,#40,#41,#42,#43,#44,#45,#46,#47,#48,#49,#50,#51,#52,
#53,#54,#55,#56,#57,#58,#59,#60,#61,#62,#63,#64,#65,#66,#67,#68,#69,#70,
#71,#72,#73,#74,#75,#76,#77,#78,#79,#80,#81,#82,#83,#84,#85,#86,#87,#88,
#89,#90,#91,#92,#93,#94,#95,#96,#97),#174,.F.);
#8390=ADVANCED_FACE('',(#556),#175,.F.);
#8391=ADVANCED_FACE('',(#557),#176,.F.);
#8392=ADVANCED_FACE('',(#558),#177,.T.);
#8393=ADVANCED_FACE('',(#559),#8363,.F.);
#8394=ADVANCED_FACE('',(#560),#178,.F.);
#8395=ADVANCED_FACE('',(#561),#179,.T.);
#8396=ADVANCED_FACE('',(#562),#180,.T.);
#8397=ADVANCED_FACE('',(#563),#8364,.F.);
#8398=ADVANCED_FACE('',(#564),#8365,.F.);
#8399=ADVANCED_FACE('',(#565),#181,.F.);
#8400=ADVANCED_FACE('',(#566,#98,#99,#100,#101,#102,#103,#104,#105,#106,
#107,#108,#109,#110,#111,#112,#113,#114,#115,#116,#117,#118,#119,#120,#121,
#122,#123,#124,#125,#126,#127,#128,#129,#130,#131,#132,#133,#134,#135,#136,
#137,#138,#139,#140,#141,#142,#143,#144,#145,#146,#147,#148,#149,#150,#151,
#152,#153,#154,#155,#156,#157,#158,#159,#160,#161,#162,#163,#164,#165,#166,
#167,#168,#169,#170,#171,#172),#182,.T.);
#8401=ADVANCED_FACE('',(#567),#183,.T.);
#8402=ADVANCED_FACE('',(#568),#8366,.F.);
#8403=ADVANCED_FACE('',(#569),#8367,.F.);
#8404=ADVANCED_FACE('',(#570),#8368,.F.);
#8405=ADVANCED_FACE('',(#571),#8369,.F.);
#8406=ADVANCED_FACE('',(#572),#8370,.F.);
#8407=ADVANCED_FACE('',(#573),#8371,.F.);
#8408=ADVANCED_FACE('',(#574),#8372,.F.);
#8409=ADVANCED_FACE('',(#575),#8373,.F.);
#8410=ADVANCED_FACE('',(#576),#184,.F.);
#8411=ADVANCED_FACE('',(#577),#8374,.F.);
#8412=ADVANCED_FACE('',(#578),#185,.F.);
#8413=ADVANCED_FACE('',(#579),#8375,.F.);
#8414=ADVANCED_FACE('',(#580),#8376,.F.);
#8415=ADVANCED_FACE('',(#581),#8377,.F.);
#8416=ADVANCED_FACE('',(#582),#8378,.F.);
#8417=ADVANCED_FACE('',(#583),#186,.F.);
#8418=ADVANCED_FACE('',(#584),#187,.F.);
#8419=ADVANCED_FACE('',(#585),#8379,.F.);
#8420=ADVANCED_FACE('',(#586),#188,.F.);
#8421=ADVANCED_FACE('',(#587),#8380,.F.);
#8422=ADVANCED_FACE('',(#588),#189,.T.);
#8423=ADVANCED_FACE('',(#589),#190,.T.);
#8424=ADVANCED_FACE('',(#590),#191,.T.);
#8425=ADVANCED_FACE('',(#591),#192,.T.);
#8426=ADVANCED_FACE('',(#592),#193,.T.);
#8427=ADVANCED_FACE('',(#593),#194,.T.);
#8428=ADVANCED_FACE('',(#594),#195,.T.);
#8429=ADVANCED_FACE('',(#595),#196,.T.);
#8430=ADVANCED_FACE('',(#596),#197,.T.);
#8431=ADVANCED_FACE('',(#597),#198,.T.);
#8432=ADVANCED_FACE('',(#598),#199,.T.);
#8433=ADVANCED_FACE('',(#599),#200,.T.);
#8434=ADVANCED_FACE('',(#600),#201,.T.);
#8435=ADVANCED_FACE('',(#601),#202,.T.);
#8436=ADVANCED_FACE('',(#602),#203,.T.);
#8437=ADVANCED_FACE('',(#603),#204,.T.);
#8438=ADVANCED_FACE('',(#604),#205,.T.);
#8439=ADVANCED_FACE('',(#605),#206,.T.);
#8440=ADVANCED_FACE('',(#606),#207,.T.);
#8441=ADVANCED_FACE('',(#607),#208,.T.);
#8442=ADVANCED_FACE('',(#608),#209,.T.);
#8443=ADVANCED_FACE('',(#609),#210,.T.);
#8444=ADVANCED_FACE('',(#610),#211,.T.);
#8445=ADVANCED_FACE('',(#611),#212,.T.);
#8446=ADVANCED_FACE('',(#612),#213,.T.);
#8447=ADVANCED_FACE('',(#613),#214,.T.);
#8448=ADVANCED_FACE('',(#614),#215,.T.);
#8449=ADVANCED_FACE('',(#615),#216,.T.);
#8450=ADVANCED_FACE('',(#616),#217,.T.);
#8451=ADVANCED_FACE('',(#617),#218,.T.);
#8452=ADVANCED_FACE('',(#618),#219,.T.);
#8453=ADVANCED_FACE('',(#619),#220,.T.);
#8454=ADVANCED_FACE('',(#620),#221,.T.);
#8455=ADVANCED_FACE('',(#621),#222,.T.);
#8456=ADVANCED_FACE('',(#622),#223,.T.);
#8457=ADVANCED_FACE('',(#623),#224,.T.);
#8458=ADVANCED_FACE('',(#624),#225,.T.);
#8459=ADVANCED_FACE('',(#625),#226,.T.);
#8460=ADVANCED_FACE('',(#626),#227,.T.);
#8461=ADVANCED_FACE('',(#627),#228,.T.);
#8462=ADVANCED_FACE('',(#628),#229,.T.);
#8463=ADVANCED_FACE('',(#629),#230,.T.);
#8464=ADVANCED_FACE('',(#630),#231,.T.);
#8465=ADVANCED_FACE('',(#631),#232,.T.);
#8466=ADVANCED_FACE('',(#632),#233,.T.);
#8467=ADVANCED_FACE('',(#633),#234,.T.);
#8468=ADVANCED_FACE('',(#634),#235,.T.);
#8469=ADVANCED_FACE('',(#635),#236,.T.);
#8470=ADVANCED_FACE('',(#636),#237,.T.);
#8471=ADVANCED_FACE('',(#637),#238,.T.);
#8472=ADVANCED_FACE('',(#638),#239,.T.);
#8473=ADVANCED_FACE('',(#639),#240,.T.);
#8474=ADVANCED_FACE('',(#640),#241,.T.);
#8475=ADVANCED_FACE('',(#641),#242,.T.);
#8476=ADVANCED_FACE('',(#642),#243,.T.);
#8477=ADVANCED_FACE('',(#643),#244,.T.);
#8478=ADVANCED_FACE('',(#644),#245,.T.);
#8479=ADVANCED_FACE('',(#645),#246,.T.);
#8480=ADVANCED_FACE('',(#646),#247,.T.);
#8481=ADVANCED_FACE('',(#647),#248,.T.);
#8482=ADVANCED_FACE('',(#648),#249,.T.);
#8483=ADVANCED_FACE('',(#649),#250,.T.);
#8484=ADVANCED_FACE('',(#650),#251,.T.);
#8485=ADVANCED_FACE('',(#651),#252,.T.);
#8486=ADVANCED_FACE('',(#652),#253,.T.);
#8487=ADVANCED_FACE('',(#653),#254,.T.);
#8488=ADVANCED_FACE('',(#654),#255,.T.);
#8489=ADVANCED_FACE('',(#655),#256,.T.);
#8490=ADVANCED_FACE('',(#656),#257,.T.);
#8491=ADVANCED_FACE('',(#657),#258,.T.);
#8492=ADVANCED_FACE('',(#658),#259,.T.);
#8493=ADVANCED_FACE('',(#659),#260,.T.);
#8494=ADVANCED_FACE('',(#660),#261,.T.);
#8495=ADVANCED_FACE('',(#661),#262,.T.);
#8496=ADVANCED_FACE('',(#662),#263,.T.);
#8497=ADVANCED_FACE('',(#663),#264,.T.);
#8498=ADVANCED_FACE('',(#664),#265,.T.);
#8499=ADVANCED_FACE('',(#665),#266,.T.);
#8500=ADVANCED_FACE('',(#666),#267,.T.);
#8501=ADVANCED_FACE('',(#667),#268,.T.);
#8502=ADVANCED_FACE('',(#668),#269,.T.);
#8503=ADVANCED_FACE('',(#669),#270,.T.);
#8504=ADVANCED_FACE('',(#670),#271,.T.);
#8505=ADVANCED_FACE('',(#671),#272,.T.);
#8506=ADVANCED_FACE('',(#672),#273,.T.);
#8507=ADVANCED_FACE('',(#673),#274,.T.);
#8508=ADVANCED_FACE('',(#674),#275,.T.);
#8509=ADVANCED_FACE('',(#675),#276,.T.);
#8510=ADVANCED_FACE('',(#676),#277,.T.);
#8511=ADVANCED_FACE('',(#677),#278,.T.);
#8512=ADVANCED_FACE('',(#678),#279,.T.);
#8513=ADVANCED_FACE('',(#679),#280,.T.);
#8514=ADVANCED_FACE('',(#680),#281,.T.);
#8515=ADVANCED_FACE('',(#681),#282,.T.);
#8516=ADVANCED_FACE('',(#682),#283,.T.);
#8517=ADVANCED_FACE('',(#683),#284,.T.);
#8518=ADVANCED_FACE('',(#684),#285,.T.);
#8519=ADVANCED_FACE('',(#685),#286,.T.);
#8520=ADVANCED_FACE('',(#686),#287,.T.);
#8521=ADVANCED_FACE('',(#687),#288,.T.);
#8522=ADVANCED_FACE('',(#688),#289,.T.);
#8523=ADVANCED_FACE('',(#689),#290,.T.);
#8524=ADVANCED_FACE('',(#690),#291,.T.);
#8525=ADVANCED_FACE('',(#691),#292,.T.);
#8526=ADVANCED_FACE('',(#692),#293,.T.);
#8527=ADVANCED_FACE('',(#693),#294,.T.);
#8528=ADVANCED_FACE('',(#694),#295,.T.);
#8529=ADVANCED_FACE('',(#695),#296,.T.);
#8530=ADVANCED_FACE('',(#696),#297,.T.);
#8531=ADVANCED_FACE('',(#697),#298,.T.);
#8532=ADVANCED_FACE('',(#698),#299,.T.);
#8533=ADVANCED_FACE('',(#699),#300,.T.);
#8534=ADVANCED_FACE('',(#700),#301,.T.);
#8535=ADVANCED_FACE('',(#701),#302,.T.);
#8536=ADVANCED_FACE('',(#702),#303,.T.);
#8537=ADVANCED_FACE('',(#703),#304,.T.);
#8538=ADVANCED_FACE('',(#704),#305,.T.);
#8539=ADVANCED_FACE('',(#705),#306,.T.);
#8540=ADVANCED_FACE('',(#706),#307,.T.);
#8541=ADVANCED_FACE('',(#707),#308,.T.);
#8542=ADVANCED_FACE('',(#708),#309,.T.);
#8543=ADVANCED_FACE('',(#709),#310,.T.);
#8544=ADVANCED_FACE('',(#710),#311,.T.);
#8545=ADVANCED_FACE('',(#711),#312,.T.);
#8546=ADVANCED_FACE('',(#712),#313,.T.);
#8547=ADVANCED_FACE('',(#713),#314,.T.);
#8548=ADVANCED_FACE('',(#714),#315,.T.);
#8549=ADVANCED_FACE('',(#715),#316,.T.);
#8550=ADVANCED_FACE('',(#716),#317,.T.);
#8551=ADVANCED_FACE('',(#717),#318,.T.);
#8552=ADVANCED_FACE('',(#718),#319,.T.);
#8553=ADVANCED_FACE('',(#719),#320,.T.);
#8554=ADVANCED_FACE('',(#720),#321,.T.);
#8555=ADVANCED_FACE('',(#721),#322,.T.);
#8556=ADVANCED_FACE('',(#722),#323,.T.);
#8557=ADVANCED_FACE('',(#723),#324,.T.);
#8558=ADVANCED_FACE('',(#724),#325,.T.);
#8559=ADVANCED_FACE('',(#725),#326,.T.);
#8560=ADVANCED_FACE('',(#726),#327,.T.);
#8561=ADVANCED_FACE('',(#727),#328,.T.);
#8562=ADVANCED_FACE('',(#728),#329,.T.);
#8563=ADVANCED_FACE('',(#729),#330,.T.);
#8564=ADVANCED_FACE('',(#730),#331,.T.);
#8565=ADVANCED_FACE('',(#731),#332,.T.);
#8566=ADVANCED_FACE('',(#732),#333,.T.);
#8567=ADVANCED_FACE('',(#733),#334,.T.);
#8568=ADVANCED_FACE('',(#734),#335,.T.);
#8569=ADVANCED_FACE('',(#735),#336,.T.);
#8570=ADVANCED_FACE('',(#736),#337,.T.);
#8571=ADVANCED_FACE('',(#737),#338,.T.);
#8572=ADVANCED_FACE('',(#738),#339,.T.);
#8573=ADVANCED_FACE('',(#739),#340,.T.);
#8574=ADVANCED_FACE('',(#740),#341,.T.);
#8575=ADVANCED_FACE('',(#741),#342,.T.);
#8576=ADVANCED_FACE('',(#742),#343,.T.);
#8577=ADVANCED_FACE('',(#743),#344,.T.);
#8578=ADVANCED_FACE('',(#744),#345,.T.);
#8579=ADVANCED_FACE('',(#745),#346,.T.);
#8580=ADVANCED_FACE('',(#746),#347,.T.);
#8581=ADVANCED_FACE('',(#747),#348,.T.);
#8582=ADVANCED_FACE('',(#748),#349,.T.);
#8583=ADVANCED_FACE('',(#749),#350,.T.);
#8584=ADVANCED_FACE('',(#750),#351,.T.);
#8585=ADVANCED_FACE('',(#751),#352,.T.);
#8586=ADVANCED_FACE('',(#752),#353,.T.);
#8587=ADVANCED_FACE('',(#753),#354,.T.);
#8588=ADVANCED_FACE('',(#754),#355,.T.);
#8589=ADVANCED_FACE('',(#755),#356,.T.);
#8590=ADVANCED_FACE('',(#756),#357,.T.);
#8591=ADVANCED_FACE('',(#757),#358,.T.);
#8592=ADVANCED_FACE('',(#758),#359,.T.);
#8593=ADVANCED_FACE('',(#759),#360,.T.);
#8594=ADVANCED_FACE('',(#760),#361,.T.);
#8595=ADVANCED_FACE('',(#761),#362,.T.);
#8596=ADVANCED_FACE('',(#762),#363,.T.);
#8597=ADVANCED_FACE('',(#763),#364,.T.);
#8598=ADVANCED_FACE('',(#764),#365,.T.);
#8599=ADVANCED_FACE('',(#765),#366,.T.);
#8600=ADVANCED_FACE('',(#766),#367,.T.);
#8601=ADVANCED_FACE('',(#767),#368,.T.);
#8602=ADVANCED_FACE('',(#768),#369,.T.);
#8603=ADVANCED_FACE('',(#769),#370,.T.);
#8604=ADVANCED_FACE('',(#770),#371,.T.);
#8605=ADVANCED_FACE('',(#771),#372,.T.);
#8606=ADVANCED_FACE('',(#772),#373,.T.);
#8607=ADVANCED_FACE('',(#773),#374,.T.);
#8608=ADVANCED_FACE('',(#774),#375,.T.);
#8609=ADVANCED_FACE('',(#775),#376,.T.);
#8610=ADVANCED_FACE('',(#776),#377,.T.);
#8611=ADVANCED_FACE('',(#777),#378,.T.);
#8612=ADVANCED_FACE('',(#778),#379,.T.);
#8613=ADVANCED_FACE('',(#779),#380,.T.);
#8614=ADVANCED_FACE('',(#780),#381,.T.);
#8615=ADVANCED_FACE('',(#781),#382,.T.);
#8616=ADVANCED_FACE('',(#782),#383,.T.);
#8617=ADVANCED_FACE('',(#783),#384,.T.);
#8618=ADVANCED_FACE('',(#784),#385,.T.);
#8619=ADVANCED_FACE('',(#785),#386,.T.);
#8620=ADVANCED_FACE('',(#786),#387,.T.);
#8621=ADVANCED_FACE('',(#787),#388,.T.);
#8622=ADVANCED_FACE('',(#788),#389,.T.);
#8623=ADVANCED_FACE('',(#789),#390,.T.);
#8624=ADVANCED_FACE('',(#790),#391,.T.);
#8625=ADVANCED_FACE('',(#791),#392,.T.);
#8626=ADVANCED_FACE('',(#792),#393,.T.);
#8627=ADVANCED_FACE('',(#793),#394,.T.);
#8628=ADVANCED_FACE('',(#794),#395,.T.);
#8629=ADVANCED_FACE('',(#795),#396,.T.);
#8630=ADVANCED_FACE('',(#796),#397,.T.);
#8631=ADVANCED_FACE('',(#797),#398,.T.);
#8632=ADVANCED_FACE('',(#798),#399,.T.);
#8633=ADVANCED_FACE('',(#799),#400,.T.);
#8634=ADVANCED_FACE('',(#800),#401,.T.);
#8635=ADVANCED_FACE('',(#801),#402,.T.);
#8636=ADVANCED_FACE('',(#802),#403,.T.);
#8637=ADVANCED_FACE('',(#803),#404,.T.);
#8638=ADVANCED_FACE('',(#804),#405,.T.);
#8639=ADVANCED_FACE('',(#805),#406,.T.);
#8640=ADVANCED_FACE('',(#806),#407,.T.);
#8641=ADVANCED_FACE('',(#807),#408,.T.);
#8642=ADVANCED_FACE('',(#808),#409,.T.);
#8643=ADVANCED_FACE('',(#809),#410,.T.);
#8644=ADVANCED_FACE('',(#810),#411,.T.);
#8645=ADVANCED_FACE('',(#811),#412,.T.);
#8646=ADVANCED_FACE('',(#812),#413,.T.);
#8647=ADVANCED_FACE('',(#813),#414,.T.);
#8648=ADVANCED_FACE('',(#814),#415,.T.);
#8649=ADVANCED_FACE('',(#815),#416,.T.);
#8650=ADVANCED_FACE('',(#816),#417,.T.);
#8651=ADVANCED_FACE('',(#817),#418,.T.);
#8652=ADVANCED_FACE('',(#818),#419,.T.);
#8653=ADVANCED_FACE('',(#819),#420,.T.);
#8654=ADVANCED_FACE('',(#820),#421,.T.);
#8655=ADVANCED_FACE('',(#821),#422,.T.);
#8656=ADVANCED_FACE('',(#822),#423,.T.);
#8657=ADVANCED_FACE('',(#823),#424,.T.);
#8658=ADVANCED_FACE('',(#824),#425,.T.);
#8659=ADVANCED_FACE('',(#825),#426,.T.);
#8660=ADVANCED_FACE('',(#826),#427,.T.);
#8661=ADVANCED_FACE('',(#827),#428,.T.);
#8662=ADVANCED_FACE('',(#828),#429,.T.);
#8663=ADVANCED_FACE('',(#829),#430,.T.);
#8664=ADVANCED_FACE('',(#830),#431,.T.);
#8665=ADVANCED_FACE('',(#831),#432,.T.);
#8666=ADVANCED_FACE('',(#832),#433,.T.);
#8667=ADVANCED_FACE('',(#833),#434,.T.);
#8668=ADVANCED_FACE('',(#834),#435,.T.);
#8669=ADVANCED_FACE('',(#835),#436,.T.);
#8670=ADVANCED_FACE('',(#836),#437,.T.);
#8671=ADVANCED_FACE('',(#837),#438,.T.);
#8672=ADVANCED_FACE('',(#838),#439,.T.);
#8673=ADVANCED_FACE('',(#839),#440,.T.);
#8674=ADVANCED_FACE('',(#840),#441,.T.);
#8675=ADVANCED_FACE('',(#841),#442,.T.);
#8676=ADVANCED_FACE('',(#842),#443,.T.);
#8677=ADVANCED_FACE('',(#843),#444,.T.);
#8678=ADVANCED_FACE('',(#844),#445,.T.);
#8679=ADVANCED_FACE('',(#845),#446,.T.);
#8680=ADVANCED_FACE('',(#846),#447,.T.);
#8681=ADVANCED_FACE('',(#847),#448,.T.);
#8682=ADVANCED_FACE('',(#848),#449,.T.);
#8683=ADVANCED_FACE('',(#849),#450,.T.);
#8684=ADVANCED_FACE('',(#850),#451,.T.);
#8685=ADVANCED_FACE('',(#851),#452,.T.);
#8686=ADVANCED_FACE('',(#852),#453,.T.);
#8687=ADVANCED_FACE('',(#853),#454,.T.);
#8688=ADVANCED_FACE('',(#854),#455,.T.);
#8689=ADVANCED_FACE('',(#855),#456,.T.);
#8690=ADVANCED_FACE('',(#856),#457,.T.);
#8691=ADVANCED_FACE('',(#857),#458,.T.);
#8692=ADVANCED_FACE('',(#858),#459,.T.);
#8693=ADVANCED_FACE('',(#859),#460,.T.);
#8694=ADVANCED_FACE('',(#860),#461,.T.);
#8695=ADVANCED_FACE('',(#861),#462,.T.);
#8696=ADVANCED_FACE('',(#862),#463,.T.);
#8697=ADVANCED_FACE('',(#863),#464,.T.);
#8698=ADVANCED_FACE('',(#864),#465,.T.);
#8699=ADVANCED_FACE('',(#865),#466,.T.);
#8700=ADVANCED_FACE('',(#866),#467,.T.);
#8701=ADVANCED_FACE('',(#867),#468,.T.);
#8702=ADVANCED_FACE('',(#868),#469,.T.);
#8703=ADVANCED_FACE('',(#869),#470,.T.);
#8704=ADVANCED_FACE('',(#870),#471,.T.);
#8705=ADVANCED_FACE('',(#871),#472,.T.);
#8706=ADVANCED_FACE('',(#872),#473,.T.);
#8707=ADVANCED_FACE('',(#873),#474,.T.);
#8708=ADVANCED_FACE('',(#874),#475,.T.);
#8709=ADVANCED_FACE('',(#875),#476,.T.);
#8710=ADVANCED_FACE('',(#876),#477,.T.);
#8711=ADVANCED_FACE('',(#877),#478,.T.);
#8712=ADVANCED_FACE('',(#878),#479,.T.);
#8713=ADVANCED_FACE('',(#879),#480,.T.);
#8714=ADVANCED_FACE('',(#880),#481,.T.);
#8715=ADVANCED_FACE('',(#881),#482,.T.);
#8716=ADVANCED_FACE('',(#882),#483,.T.);
#8717=ADVANCED_FACE('',(#883),#484,.T.);
#8718=ADVANCED_FACE('',(#884),#485,.T.);
#8719=ADVANCED_FACE('',(#885),#486,.T.);
#8720=ADVANCED_FACE('',(#886),#487,.T.);
#8721=ADVANCED_FACE('',(#887),#488,.T.);
#8722=ADVANCED_FACE('',(#888),#489,.T.);
#8723=ADVANCED_FACE('',(#889),#490,.T.);
#8724=ADVANCED_FACE('',(#890),#491,.T.);
#8725=ADVANCED_FACE('',(#891),#492,.T.);
#8726=ADVANCED_FACE('',(#892),#493,.T.);
#8727=ADVANCED_FACE('',(#893),#8381,.F.);
#8728=ADVANCED_FACE('',(#894),#494,.T.);
#8729=ADVANCED_FACE('',(#895),#8382,.F.);
#8730=ADVANCED_FACE('',(#896),#495,.T.);
#8731=ADVANCED_FACE('',(#897),#496,.T.);
#8732=ADVANCED_FACE('',(#898),#497,.T.);
#8733=ADVANCED_FACE('',(#899),#498,.T.);
#8734=ADVANCED_FACE('',(#900),#499,.T.);
#8735=ADVANCED_FACE('',(#901),#500,.T.);
#8736=ADVANCED_FACE('',(#902),#501,.T.);
#8737=ADVANCED_FACE('',(#903),#502,.T.);
#8738=ADVANCED_FACE('',(#904),#503,.T.);
#8739=ADVANCED_FACE('',(#905),#504,.T.);
#8740=ADVANCED_FACE('',(#906),#505,.T.);
#8741=ADVANCED_FACE('',(#907),#506,.T.);
#8742=ADVANCED_FACE('',(#908),#507,.T.);
#8743=ADVANCED_FACE('',(#909),#508,.T.);
#8744=ADVANCED_FACE('',(#910),#509,.T.);
#8745=ADVANCED_FACE('',(#911),#510,.T.);
#8746=ADVANCED_FACE('',(#912),#511,.T.);
#8747=ADVANCED_FACE('',(#913),#512,.T.);
#8748=ADVANCED_FACE('',(#914),#513,.T.);
#8749=ADVANCED_FACE('',(#915),#514,.T.);
#8750=ADVANCED_FACE('',(#916),#515,.T.);
#8751=ADVANCED_FACE('',(#917),#516,.T.);
#8752=ADVANCED_FACE('',(#918),#517,.T.);
#8753=ADVANCED_FACE('',(#919),#518,.T.);
#8754=ADVANCED_FACE('',(#920),#519,.T.);
#8755=ADVANCED_FACE('',(#921),#520,.T.);
#8756=ADVANCED_FACE('',(#922),#521,.T.);
#8757=ADVANCED_FACE('',(#923),#522,.T.);
#8758=ADVANCED_FACE('',(#924),#523,.T.);
#8759=ADVANCED_FACE('',(#925),#524,.T.);
#8760=ADVANCED_FACE('',(#926),#525,.T.);
#8761=ADVANCED_FACE('',(#927),#526,.T.);
#8762=ADVANCED_FACE('',(#928),#527,.T.);
#8763=ADVANCED_FACE('',(#929),#528,.T.);
#8764=ADVANCED_FACE('',(#930),#529,.T.);
#8765=ADVANCED_FACE('',(#931),#530,.T.);
#8766=ADVANCED_FACE('',(#932),#531,.T.);
#8767=ADVANCED_FACE('',(#933),#532,.T.);
#8768=ADVANCED_FACE('',(#934),#533,.T.);
#8769=ADVANCED_FACE('',(#935),#534,.T.);
#8770=ADVANCED_FACE('',(#936),#535,.T.);
#8771=ADVANCED_FACE('',(#937),#536,.T.);
#8772=ADVANCED_FACE('',(#938),#537,.T.);
#8773=ADVANCED_FACE('',(#939),#538,.T.);
#8774=ADVANCED_FACE('',(#940),#539,.T.);
#8775=ADVANCED_FACE('',(#941),#540,.T.);
#8776=ADVANCED_FACE('',(#942),#541,.T.);
#8777=ADVANCED_FACE('',(#943),#542,.T.);
#8778=ADVANCED_FACE('',(#944),#543,.T.);
#8779=ADVANCED_FACE('',(#945),#544,.T.);
#8780=ADVANCED_FACE('',(#946),#545,.T.);
#8781=ADVANCED_FACE('',(#947),#546,.T.);
#8782=ADVANCED_FACE('',(#948),#547,.T.);
#8783=ADVANCED_FACE('',(#949),#548,.T.);
#8784=ADVANCED_FACE('',(#950),#8383,.T.);
#8785=ADVANCED_FACE('',(#951),#8384,.T.);
#8786=ADVANCED_FACE('',(#952),#549,.T.);
#8787=ADVANCED_FACE('',(#953),#550,.T.);
#8788=ADVANCED_FACE('',(#954),#8385,.T.);
#8789=ADVANCED_FACE('',(#955),#551,.T.);
#8790=ADVANCED_FACE('',(#956),#8386,.T.);
#8791=ADVANCED_FACE('',(#957),#552,.T.);
#8792=CLOSED_SHELL('',(#8387,#8388,#8389,#8390,#8391,#8392,#8393,#8394,
#8395,#8396,#8397,#8398,#8399,#8400,#8401,#8402,#8403,#8404,#8405,#8406,
#8407,#8408,#8409,#8410,#8411,#8412,#8413,#8414,#8415,#8416,#8417,#8418,
#8419,#8420,#8421,#8422,#8423,#8424,#8425,#8426,#8427,#8428,#8429,#8430,
#8431,#8432,#8433,#8434,#8435,#8436,#8437,#8438,#8439,#8440,#8441,#8442,
#8443,#8444,#8445,#8446,#8447,#8448,#8449,#8450,#8451,#8452,#8453,#8454,
#8455,#8456,#8457,#8458,#8459,#8460,#8461,#8462,#8463,#8464,#8465,#8466,
#8467,#8468,#8469,#8470,#8471,#8472,#8473,#8474,#8475,#8476,#8477,#8478,
#8479,#8480,#8481,#8482,#8483,#8484,#8485,#8486,#8487,#8488,#8489,#8490,
#8491,#8492,#8493,#8494,#8495,#8496,#8497,#8498,#8499,#8500,#8501,#8502,
#8503,#8504,#8505,#8506,#8507,#8508,#8509,#8510,#8511,#8512,#8513,#8514,
#8515,#8516,#8517,#8518,#8519,#8520,#8521,#8522,#8523,#8524,#8525,#8526,
#8527,#8528,#8529,#8530,#8531,#8532,#8533,#8534,#8535,#8536,#8537,#8538,
#8539,#8540,#8541,#8542,#8543,#8544,#8545,#8546,#8547,#8548,#8549,#8550,
#8551,#8552,#8553,#8554,#8555,#8556,#8557,#8558,#8559,#8560,#8561,#8562,
#8563,#8564,#8565,#8566,#8567,#8568,#8569,#8570,#8571,#8572,#8573,#8574,
#8575,#8576,#8577,#8578,#8579,#8580,#8581,#8582,#8583,#8584,#8585,#8586,
#8587,#8588,#8589,#8590,#8591,#8592,#8593,#8594,#8595,#8596,#8597,#8598,
#8599,#8600,#8601,#8602,#8603,#8604,#8605,#8606,#8607,#8608,#8609,#8610,
#8611,#8612,#8613,#8614,#8615,#8616,#8617,#8618,#8619,#8620,#8621,#8622,
#8623,#8624,#8625,#8626,#8627,#8628,#8629,#8630,#8631,#8632,#8633,#8634,
#8635,#8636,#8637,#8638,#8639,#8640,#8641,#8642,#8643,#8644,#8645,#8646,
#8647,#8648,#8649,#8650,#8651,#8652,#8653,#8654,#8655,#8656,#8657,#8658,
#8659,#8660,#8661,#8662,#8663,#8664,#8665,#8666,#8667,#8668,#8669,#8670,
#8671,#8672,#8673,#8674,#8675,#8676,#8677,#8678,#8679,#8680,#8681,#8682,
#8683,#8684,#8685,#8686,#8687,#8688,#8689,#8690,#8691,#8692,#8693,#8694,
#8695,#8696,#8697,#8698,#8699,#8700,#8701,#8702,#8703,#8704,#8705,#8706,
#8707,#8708,#8709,#8710,#8711,#8712,#8713,#8714,#8715,#8716,#8717,#8718,
#8719,#8720,#8721,#8722,#8723,#8724,#8725,#8726,#8727,#8728,#8729,#8730,
#8731,#8732,#8733,#8734,#8735,#8736,#8737,#8738,#8739,#8740,#8741,#8742,
#8743,#8744,#8745,#8746,#8747,#8748,#8749,#8750,#8751,#8752,#8753,#8754,
#8755,#8756,#8757,#8758,#8759,#8760,#8761,#8762,#8763,#8764,#8765,#8766,
#8767,#8768,#8769,#8770,#8771,#8772,#8773,#8774,#8775,#8776,#8777,#8778,
#8779,#8780,#8781,#8782,#8783,#8784,#8785,#8786,#8787,#8788,#8789,#8790,
#8791));
#8793=DERIVED_UNIT_ELEMENT(#8795,1.);
#8794=DERIVED_UNIT_ELEMENT(#13810,-3.);
#8795=(
MASS_UNIT()
NAMED_UNIT(*)
SI_UNIT(.KILO.,.GRAM.)
);
#8796=DERIVED_UNIT((#8793,#8794));
#8797=MEASURE_REPRESENTATION_ITEM('density measure',
POSITIVE_RATIO_MEASURE(7850.),#8796);
#8798=PROPERTY_DEFINITION_REPRESENTATION(#8803,#8800);
#8799=PROPERTY_DEFINITION_REPRESENTATION(#8804,#8801);
#8800=REPRESENTATION('material name',(#8802),#13807);
#8801=REPRESENTATION('density',(#8797),#13807);
#8802=DESCRIPTIVE_REPRESENTATION_ITEM('Steel','Steel');
#8803=PROPERTY_DEFINITION('material property','material name',#13827);
#8804=PROPERTY_DEFINITION('material property','density of part',#13827);
#8805=AXIS2_PLACEMENT_3D('',#11356,#9267,#9268);
#8806=AXIS2_PLACEMENT_3D('',#11357,#9269,#9270);
#8807=AXIS2_PLACEMENT_3D('',#11358,#9271,#9272);
#8808=AXIS2_PLACEMENT_3D('',#11359,#9273,#9274);
#8809=AXIS2_PLACEMENT_3D('',#11366,#9277,#9278);
#8810=AXIS2_PLACEMENT_3D('',#11369,#9280,#9281);
#8811=AXIS2_PLACEMENT_3D('',#11370,#9282,#9283);
#8812=AXIS2_PLACEMENT_3D('',#11376,#9286,#9287);
#8813=AXIS2_PLACEMENT_3D('',#11388,#9294,#9295);
#8814=AXIS2_PLACEMENT_3D('',#11392,#9297,#9298);
#8815=AXIS2_PLACEMENT_3D('',#11396,#9300,#9301);
#8816=AXIS2_PLACEMENT_3D('',#11400,#9303,#9304);
#8817=AXIS2_PLACEMENT_3D('',#11404,#9306,#9307);
#8818=AXIS2_PLACEMENT_3D('',#11405,#9308,#9309);
#8819=AXIS2_PLACEMENT_3D('',#11411,#9312,#9313);
#8820=AXIS2_PLACEMENT_3D('',#11417,#9316,#9317);
#8821=AXIS2_PLACEMENT_3D('',#11421,#9319,#9320);
#8822=AXIS2_PLACEMENT_3D('',#11429,#9324,#9325);
#8823=AXIS2_PLACEMENT_3D('',#11435,#9328,#9329);
#8824=AXIS2_PLACEMENT_3D('',#11441,#9332,#9333);
#8825=AXIS2_PLACEMENT_3D('',#11445,#9335,#9336);
#8826=AXIS2_PLACEMENT_3D('',#11456,#9342,#9343);
#8827=AXIS2_PLACEMENT_3D('',#11458,#9344,#9345);
#8828=AXIS2_PLACEMENT_3D('',#11460,#9346,#9347);
#8829=AXIS2_PLACEMENT_3D('',#11462,#9348,#9349);
#8830=AXIS2_PLACEMENT_3D('',#12073,#9654,#9655);
#8831=AXIS2_PLACEMENT_3D('',#12077,#9657,#9658);
#8832=AXIS2_PLACEMENT_3D('',#12184,#9712,#9713);
#8833=AXIS2_PLACEMENT_3D('',#12186,#9714,#9715);
#8834=AXIS2_PLACEMENT_3D('',#12188,#9716,#9717);
#8835=AXIS2_PLACEMENT_3D('',#12190,#9718,#9719);
#8836=AXIS2_PLACEMENT_3D('',#12191,#9720,#9721);
#8837=AXIS2_PLACEMENT_3D('',#12193,#9723,#9724);
#8838=AXIS2_PLACEMENT_3D('',#12204,#9728,#9729);
#8839=AXIS2_PLACEMENT_3D('',#12206,#9730,#9731);
#8840=AXIS2_PLACEMENT_3D('',#12211,#9734,#9735);
#8841=AXIS2_PLACEMENT_3D('',#12213,#9737,#9738);
#8842=AXIS2_PLACEMENT_3D('',#12215,#9740,#9741);
#8843=AXIS2_PLACEMENT_3D('',#12216,#9742,#9743);
#8844=AXIS2_PLACEMENT_3D('',#12221,#9746,#9747);
#8845=AXIS2_PLACEMENT_3D('',#12222,#9748,#9749);
#8846=AXIS2_PLACEMENT_3D('',#12225,#9751,#9752);
#8847=AXIS2_PLACEMENT_3D('',#12226,#9753,#9754);
#8848=AXIS2_PLACEMENT_3D('',#12228,#9755,#9756);
#8849=AXIS2_PLACEMENT_3D('',#12232,#9758,#9759);
#8850=AXIS2_PLACEMENT_3D('',#12234,#9761,#9762);
#8851=AXIS2_PLACEMENT_3D('',#12236,#9764,#9765);
#8852=AXIS2_PLACEMENT_3D('',#12240,#9768,#9769);
#8853=AXIS2_PLACEMENT_3D('',#12244,#9771,#9772);
#8854=AXIS2_PLACEMENT_3D('',#12247,#9774,#9775);
#8855=AXIS2_PLACEMENT_3D('',#12251,#9777,#9778);
#8856=AXIS2_PLACEMENT_3D('',#12259,#9782,#9783);
#8857=AXIS2_PLACEMENT_3D('',#12263,#9785,#9786);
#8858=AXIS2_PLACEMENT_3D('',#12268,#9789,#9790);
#8859=AXIS2_PLACEMENT_3D('',#12270,#9791,#9792);
#8860=AXIS2_PLACEMENT_3D('',#12272,#9793,#9794);
#8861=AXIS2_PLACEMENT_3D('',#12274,#9795,#9796);
#8862=AXIS2_PLACEMENT_3D('',#12276,#9797,#9798);
#8863=AXIS2_PLACEMENT_3D('',#12887,#10103,#10104);
#8864=AXIS2_PLACEMENT_3D('',#12891,#10106,#10107);
#8865=AXIS2_PLACEMENT_3D('',#13001,#10162,#10163);
#8866=AXIS2_PLACEMENT_3D('',#13005,#10165,#10166);
#8867=AXIS2_PLACEMENT_3D('',#13008,#10168,#10169);
#8868=AXIS2_PLACEMENT_3D('',#13010,#10170,#10171);
#8869=AXIS2_PLACEMENT_3D('',#13011,#10172,#10173);
#8870=AXIS2_PLACEMENT_3D('',#13013,#10174,#10175);
#8871=AXIS2_PLACEMENT_3D('',#13015,#10176,#10177);
#8872=AXIS2_PLACEMENT_3D('',#13017,#10178,#10179);
#8873=AXIS2_PLACEMENT_3D('',#13019,#10180,#10181);
#8874=AXIS2_PLACEMENT_3D('',#13020,#10182,#10183);
#8875=AXIS2_PLACEMENT_3D('',#13022,#10185,#10186);
#8876=AXIS2_PLACEMENT_3D('',#13024,#10188,#10189);
#8877=AXIS2_PLACEMENT_3D('',#13026,#10191,#10192);
#8878=AXIS2_PLACEMENT_3D('',#13028,#10194,#10195);
#8879=AXIS2_PLACEMENT_3D('',#13030,#10197,#10198);
#8880=AXIS2_PLACEMENT_3D('',#13032,#10200,#10201);
#8881=AXIS2_PLACEMENT_3D('',#13034,#10203,#10204);
#8882=AXIS2_PLACEMENT_3D('',#13036,#10206,#10207);
#8883=AXIS2_PLACEMENT_3D('',#13038,#10209,#10210);
#8884=AXIS2_PLACEMENT_3D('',#13040,#10212,#10213);
#8885=AXIS2_PLACEMENT_3D('',#13042,#10215,#10216);
#8886=AXIS2_PLACEMENT_3D('',#13044,#10218,#10219);
#8887=AXIS2_PLACEMENT_3D('',#13045,#10220,#10221);
#8888=AXIS2_PLACEMENT_3D('',#13047,#10223,#10224);
#8889=AXIS2_PLACEMENT_3D('',#13049,#10226,#10227);
#8890=AXIS2_PLACEMENT_3D('',#13051,#10229,#10230);
#8891=AXIS2_PLACEMENT_3D('',#13053,#10232,#10233);
#8892=AXIS2_PLACEMENT_3D('',#13055,#10235,#10236);
#8893=AXIS2_PLACEMENT_3D('',#13057,#10238,#10239);
#8894=AXIS2_PLACEMENT_3D('',#13059,#10241,#10242);
#8895=AXIS2_PLACEMENT_3D('',#13060,#10243,#10244);
#8896=AXIS2_PLACEMENT_3D('',#13063,#10247,#10248);
#8897=AXIS2_PLACEMENT_3D('',#13065,#10250,#10251);
#8898=AXIS2_PLACEMENT_3D('',#13067,#10253,#10254);
#8899=AXIS2_PLACEMENT_3D('',#13068,#10255,#10256);
#8900=AXIS2_PLACEMENT_3D('',#13071,#10259,#10260);
#8901=AXIS2_PLACEMENT_3D('',#13073,#10262,#10263);
#8902=AXIS2_PLACEMENT_3D('',#13075,#10265,#10266);
#8903=AXIS2_PLACEMENT_3D('',#13076,#10267,#10268);
#8904=AXIS2_PLACEMENT_3D('',#13079,#10271,#10272);
#8905=AXIS2_PLACEMENT_3D('',#13081,#10274,#10275);
#8906=AXIS2_PLACEMENT_3D('',#13083,#10277,#10278);
#8907=AXIS2_PLACEMENT_3D('',#13084,#10279,#10280);
#8908=AXIS2_PLACEMENT_3D('',#13087,#10283,#10284);
#8909=AXIS2_PLACEMENT_3D('',#13089,#10286,#10287);
#8910=AXIS2_PLACEMENT_3D('',#13091,#10289,#10290);
#8911=AXIS2_PLACEMENT_3D('',#13092,#10291,#10292);
#8912=AXIS2_PLACEMENT_3D('',#13095,#10295,#10296);
#8913=AXIS2_PLACEMENT_3D('',#13097,#10298,#10299);
#8914=AXIS2_PLACEMENT_3D('',#13099,#10301,#10302);
#8915=AXIS2_PLACEMENT_3D('',#13100,#10303,#10304);
#8916=AXIS2_PLACEMENT_3D('',#13103,#10307,#10308);
#8917=AXIS2_PLACEMENT_3D('',#13105,#10310,#10311);
#8918=AXIS2_PLACEMENT_3D('',#13107,#10313,#10314);
#8919=AXIS2_PLACEMENT_3D('',#13109,#10316,#10317);
#8920=AXIS2_PLACEMENT_3D('',#13111,#10319,#10320);
#8921=AXIS2_PLACEMENT_3D('',#13113,#10322,#10323);
#8922=AXIS2_PLACEMENT_3D('',#13115,#10325,#10326);
#8923=AXIS2_PLACEMENT_3D('',#13117,#10328,#10329);
#8924=AXIS2_PLACEMENT_3D('',#13119,#10331,#10332);
#8925=AXIS2_PLACEMENT_3D('',#13121,#10334,#10335);
#8926=AXIS2_PLACEMENT_3D('',#13123,#10337,#10338);
#8927=AXIS2_PLACEMENT_3D('',#13125,#10340,#10341);
#8928=AXIS2_PLACEMENT_3D('',#13127,#10343,#10344);
#8929=AXIS2_PLACEMENT_3D('',#13129,#10346,#10347);
#8930=AXIS2_PLACEMENT_3D('',#13131,#10349,#10350);
#8931=AXIS2_PLACEMENT_3D('',#13133,#10352,#10353);
#8932=AXIS2_PLACEMENT_3D('',#13135,#10355,#10356);
#8933=AXIS2_PLACEMENT_3D('',#13137,#10358,#10359);
#8934=AXIS2_PLACEMENT_3D('',#13139,#10361,#10362);
#8935=AXIS2_PLACEMENT_3D('',#13141,#10364,#10365);
#8936=AXIS2_PLACEMENT_3D('',#13143,#10367,#10368);
#8937=AXIS2_PLACEMENT_3D('',#13145,#10370,#10371);
#8938=AXIS2_PLACEMENT_3D('',#13147,#10373,#10374);
#8939=AXIS2_PLACEMENT_3D('',#13149,#10376,#10377);
#8940=AXIS2_PLACEMENT_3D('',#13151,#10379,#10380);
#8941=AXIS2_PLACEMENT_3D('',#13153,#10382,#10383);
#8942=AXIS2_PLACEMENT_3D('',#13155,#10385,#10386);
#8943=AXIS2_PLACEMENT_3D('',#13157,#10388,#10389);
#8944=AXIS2_PLACEMENT_3D('',#13159,#10391,#10392);
#8945=AXIS2_PLACEMENT_3D('',#13161,#10394,#10395);
#8946=AXIS2_PLACEMENT_3D('',#13163,#10397,#10398);
#8947=AXIS2_PLACEMENT_3D('',#13165,#10400,#10401);
#8948=AXIS2_PLACEMENT_3D('',#13167,#10403,#10404);
#8949=AXIS2_PLACEMENT_3D('',#13169,#10406,#10407);
#8950=AXIS2_PLACEMENT_3D('',#13171,#10409,#10410);
#8951=AXIS2_PLACEMENT_3D('',#13172,#10411,#10412);
#8952=AXIS2_PLACEMENT_3D('',#13175,#10415,#10416);
#8953=AXIS2_PLACEMENT_3D('',#13177,#10418,#10419);
#8954=AXIS2_PLACEMENT_3D('',#13179,#10421,#10422);
#8955=AXIS2_PLACEMENT_3D('',#13180,#10423,#10424);
#8956=AXIS2_PLACEMENT_3D('',#13183,#10427,#10428);
#8957=AXIS2_PLACEMENT_3D('',#13185,#10430,#10431);
#8958=AXIS2_PLACEMENT_3D('',#13187,#10433,#10434);
#8959=AXIS2_PLACEMENT_3D('',#13188,#10435,#10436);
#8960=AXIS2_PLACEMENT_3D('',#13191,#10439,#10440);
#8961=AXIS2_PLACEMENT_3D('',#13193,#10442,#10443);
#8962=AXIS2_PLACEMENT_3D('',#13195,#10445,#10446);
#8963=AXIS2_PLACEMENT_3D('',#13196,#10447,#10448);
#8964=AXIS2_PLACEMENT_3D('',#13199,#10451,#10452);
#8965=AXIS2_PLACEMENT_3D('',#13201,#10454,#10455);
#8966=AXIS2_PLACEMENT_3D('',#13203,#10457,#10458);
#8967=AXIS2_PLACEMENT_3D('',#13204,#10459,#10460);
#8968=AXIS2_PLACEMENT_3D('',#13207,#10463,#10464);
#8969=AXIS2_PLACEMENT_3D('',#13209,#10466,#10467);
#8970=AXIS2_PLACEMENT_3D('',#13211,#10469,#10470);
#8971=AXIS2_PLACEMENT_3D('',#13212,#10471,#10472);
#8972=AXIS2_PLACEMENT_3D('',#13215,#10475,#10476);
#8973=AXIS2_PLACEMENT_3D('',#13217,#10478,#10479);
#8974=AXIS2_PLACEMENT_3D('',#13219,#10481,#10482);
#8975=AXIS2_PLACEMENT_3D('',#13220,#10483,#10484);
#8976=AXIS2_PLACEMENT_3D('',#13223,#10487,#10488);
#8977=AXIS2_PLACEMENT_3D('',#13225,#10490,#10491);
#8978=AXIS2_PLACEMENT_3D('',#13227,#10493,#10494);
#8979=AXIS2_PLACEMENT_3D('',#13228,#10495,#10496);
#8980=AXIS2_PLACEMENT_3D('',#13231,#10499,#10500);
#8981=AXIS2_PLACEMENT_3D('',#13233,#10502,#10503);
#8982=AXIS2_PLACEMENT_3D('',#13235,#10505,#10506);
#8983=AXIS2_PLACEMENT_3D('',#13236,#10507,#10508);
#8984=AXIS2_PLACEMENT_3D('',#13239,#10511,#10512);
#8985=AXIS2_PLACEMENT_3D('',#13241,#10514,#10515);
#8986=AXIS2_PLACEMENT_3D('',#13243,#10517,#10518);
#8987=AXIS2_PLACEMENT_3D('',#13245,#10520,#10521);
#8988=AXIS2_PLACEMENT_3D('',#13247,#10523,#10524);
#8989=AXIS2_PLACEMENT_3D('',#13249,#10526,#10527);
#8990=AXIS2_PLACEMENT_3D('',#13251,#10529,#10530);
#8991=AXIS2_PLACEMENT_3D('',#13253,#10532,#10533);
#8992=AXIS2_PLACEMENT_3D('',#13255,#10535,#10536);
#8993=AXIS2_PLACEMENT_3D('',#13257,#10538,#10539);
#8994=AXIS2_PLACEMENT_3D('',#13259,#10541,#10542);
#8995=AXIS2_PLACEMENT_3D('',#13261,#10544,#10545);
#8996=AXIS2_PLACEMENT_3D('',#13263,#10547,#10548);
#8997=AXIS2_PLACEMENT_3D('',#13265,#10550,#10551);
#8998=AXIS2_PLACEMENT_3D('',#13267,#10553,#10554);
#8999=AXIS2_PLACEMENT_3D('',#13269,#10556,#10557);
#9000=AXIS2_PLACEMENT_3D('',#13271,#10559,#10560);
#9001=AXIS2_PLACEMENT_3D('',#13273,#10562,#10563);
#9002=AXIS2_PLACEMENT_3D('',#13275,#10565,#10566);
#9003=AXIS2_PLACEMENT_3D('',#13277,#10568,#10569);
#9004=AXIS2_PLACEMENT_3D('',#13279,#10571,#10572);
#9005=AXIS2_PLACEMENT_3D('',#13281,#10574,#10575);
#9006=AXIS2_PLACEMENT_3D('',#13283,#10577,#10578);
#9007=AXIS2_PLACEMENT_3D('',#13285,#10580,#10581);
#9008=AXIS2_PLACEMENT_3D('',#13287,#10583,#10584);
#9009=AXIS2_PLACEMENT_3D('',#13289,#10586,#10587);
#9010=AXIS2_PLACEMENT_3D('',#13291,#10589,#10590);
#9011=AXIS2_PLACEMENT_3D('',#13293,#10592,#10593);
#9012=AXIS2_PLACEMENT_3D('',#13295,#10595,#10596);
#9013=AXIS2_PLACEMENT_3D('',#13297,#10598,#10599);
#9014=AXIS2_PLACEMENT_3D('',#13299,#10601,#10602);
#9015=AXIS2_PLACEMENT_3D('',#13301,#10604,#10605);
#9016=AXIS2_PLACEMENT_3D('',#13303,#10607,#10608);
#9017=AXIS2_PLACEMENT_3D('',#13305,#10610,#10611);
#9018=AXIS2_PLACEMENT_3D('',#13307,#10613,#10614);
#9019=AXIS2_PLACEMENT_3D('',#13308,#10615,#10616);
#9020=AXIS2_PLACEMENT_3D('',#13311,#10619,#10620);
#9021=AXIS2_PLACEMENT_3D('',#13313,#10622,#10623);
#9022=AXIS2_PLACEMENT_3D('',#13315,#10625,#10626);
#9023=AXIS2_PLACEMENT_3D('',#13316,#10627,#10628);
#9024=AXIS2_PLACEMENT_3D('',#13319,#10631,#10632);
#9025=AXIS2_PLACEMENT_3D('',#13321,#10634,#10635);
#9026=AXIS2_PLACEMENT_3D('',#13323,#10637,#10638);
#9027=AXIS2_PLACEMENT_3D('',#13324,#10639,#10640);
#9028=AXIS2_PLACEMENT_3D('',#13327,#10643,#10644);
#9029=AXIS2_PLACEMENT_3D('',#13329,#10646,#10647);
#9030=AXIS2_PLACEMENT_3D('',#13331,#10649,#10650);
#9031=AXIS2_PLACEMENT_3D('',#13332,#10651,#10652);
#9032=AXIS2_PLACEMENT_3D('',#13335,#10655,#10656);
#9033=AXIS2_PLACEMENT_3D('',#13337,#10658,#10659);
#9034=AXIS2_PLACEMENT_3D('',#13339,#10661,#10662);
#9035=AXIS2_PLACEMENT_3D('',#13340,#10663,#10664);
#9036=AXIS2_PLACEMENT_3D('',#13343,#10667,#10668);
#9037=AXIS2_PLACEMENT_3D('',#13345,#10670,#10671);
#9038=AXIS2_PLACEMENT_3D('',#13347,#10673,#10674);
#9039=AXIS2_PLACEMENT_3D('',#13348,#10675,#10676);
#9040=AXIS2_PLACEMENT_3D('',#13351,#10679,#10680);
#9041=AXIS2_PLACEMENT_3D('',#13353,#10682,#10683);
#9042=AXIS2_PLACEMENT_3D('',#13355,#10685,#10686);
#9043=AXIS2_PLACEMENT_3D('',#13356,#10687,#10688);
#9044=AXIS2_PLACEMENT_3D('',#13359,#10691,#10692);
#9045=AXIS2_PLACEMENT_3D('',#13361,#10694,#10695);
#9046=AXIS2_PLACEMENT_3D('',#13363,#10697,#10698);
#9047=AXIS2_PLACEMENT_3D('',#13364,#10699,#10700);
#9048=AXIS2_PLACEMENT_3D('',#13367,#10703,#10704);
#9049=AXIS2_PLACEMENT_3D('',#13369,#10706,#10707);
#9050=AXIS2_PLACEMENT_3D('',#13371,#10709,#10710);
#9051=AXIS2_PLACEMENT_3D('',#13372,#10711,#10712);
#9052=AXIS2_PLACEMENT_3D('',#13375,#10715,#10716);
#9053=AXIS2_PLACEMENT_3D('',#13377,#10718,#10719);
#9054=AXIS2_PLACEMENT_3D('',#13379,#10721,#10722);
#9055=AXIS2_PLACEMENT_3D('',#13380,#10723,#10724);
#9056=AXIS2_PLACEMENT_3D('',#13383,#10727,#10728);
#9057=AXIS2_PLACEMENT_3D('',#13385,#10730,#10731);
#9058=AXIS2_PLACEMENT_3D('',#13387,#10733,#10734);
#9059=AXIS2_PLACEMENT_3D('',#13388,#10735,#10736);
#9060=AXIS2_PLACEMENT_3D('',#13391,#10739,#10740);
#9061=AXIS2_PLACEMENT_3D('',#13393,#10742,#10743);
#9062=AXIS2_PLACEMENT_3D('',#13395,#10745,#10746);
#9063=AXIS2_PLACEMENT_3D('',#13396,#10747,#10748);
#9064=AXIS2_PLACEMENT_3D('',#13399,#10751,#10752);
#9065=AXIS2_PLACEMENT_3D('',#13401,#10754,#10755);
#9066=AXIS2_PLACEMENT_3D('',#13403,#10757,#10758);
#9067=AXIS2_PLACEMENT_3D('',#13404,#10759,#10760);
#9068=AXIS2_PLACEMENT_3D('',#13407,#10763,#10764);
#9069=AXIS2_PLACEMENT_3D('',#13409,#10766,#10767);
#9070=AXIS2_PLACEMENT_3D('',#13411,#10769,#10770);
#9071=AXIS2_PLACEMENT_3D('',#13412,#10771,#10772);
#9072=AXIS2_PLACEMENT_3D('',#13415,#10775,#10776);
#9073=AXIS2_PLACEMENT_3D('',#13417,#10778,#10779);
#9074=AXIS2_PLACEMENT_3D('',#13419,#10781,#10782);
#9075=AXIS2_PLACEMENT_3D('',#13420,#10783,#10784);
#9076=AXIS2_PLACEMENT_3D('',#13423,#10787,#10788);
#9077=AXIS2_PLACEMENT_3D('',#13425,#10790,#10791);
#9078=AXIS2_PLACEMENT_3D('',#13427,#10793,#10794);
#9079=AXIS2_PLACEMENT_3D('',#13428,#10795,#10796);
#9080=AXIS2_PLACEMENT_3D('',#13431,#10799,#10800);
#9081=AXIS2_PLACEMENT_3D('',#13433,#10802,#10803);
#9082=AXIS2_PLACEMENT_3D('',#13435,#10805,#10806);
#9083=AXIS2_PLACEMENT_3D('',#13436,#10807,#10808);
#9084=AXIS2_PLACEMENT_3D('',#13439,#10811,#10812);
#9085=AXIS2_PLACEMENT_3D('',#13441,#10814,#10815);
#9086=AXIS2_PLACEMENT_3D('',#13443,#10817,#10818);
#9087=AXIS2_PLACEMENT_3D('',#13445,#10820,#10821);
#9088=AXIS2_PLACEMENT_3D('',#13447,#10823,#10824);
#9089=AXIS2_PLACEMENT_3D('',#13449,#10826,#10827);
#9090=AXIS2_PLACEMENT_3D('',#13451,#10829,#10830);
#9091=AXIS2_PLACEMENT_3D('',#13453,#10832,#10833);
#9092=AXIS2_PLACEMENT_3D('',#13455,#10835,#10836);
#9093=AXIS2_PLACEMENT_3D('',#13457,#10838,#10839);
#9094=AXIS2_PLACEMENT_3D('',#13459,#10841,#10842);
#9095=AXIS2_PLACEMENT_3D('',#13461,#10844,#10845);
#9096=AXIS2_PLACEMENT_3D('',#13463,#10847,#10848);
#9097=AXIS2_PLACEMENT_3D('',#13465,#10850,#10851);
#9098=AXIS2_PLACEMENT_3D('',#13467,#10853,#10854);
#9099=AXIS2_PLACEMENT_3D('',#13469,#10856,#10857);
#9100=AXIS2_PLACEMENT_3D('',#13471,#10859,#10860);
#9101=AXIS2_PLACEMENT_3D('',#13473,#10862,#10863);
#9102=AXIS2_PLACEMENT_3D('',#13475,#10865,#10866);
#9103=AXIS2_PLACEMENT_3D('',#13477,#10868,#10869);
#9104=AXIS2_PLACEMENT_3D('',#13479,#10871,#10872);
#9105=AXIS2_PLACEMENT_3D('',#13481,#10874,#10875);
#9106=AXIS2_PLACEMENT_3D('',#13483,#10877,#10878);
#9107=AXIS2_PLACEMENT_3D('',#13485,#10880,#10881);
#9108=AXIS2_PLACEMENT_3D('',#13487,#10883,#10884);
#9109=AXIS2_PLACEMENT_3D('',#13489,#10886,#10887);
#9110=AXIS2_PLACEMENT_3D('',#13491,#10889,#10890);
#9111=AXIS2_PLACEMENT_3D('',#13493,#10892,#10893);
#9112=AXIS2_PLACEMENT_3D('',#13495,#10895,#10896);
#9113=AXIS2_PLACEMENT_3D('',#13497,#10898,#10899);
#9114=AXIS2_PLACEMENT_3D('',#13499,#10901,#10902);
#9115=AXIS2_PLACEMENT_3D('',#13501,#10904,#10905);
#9116=AXIS2_PLACEMENT_3D('',#13503,#10907,#10908);
#9117=AXIS2_PLACEMENT_3D('',#13505,#10910,#10911);
#9118=AXIS2_PLACEMENT_3D('',#13507,#10913,#10914);
#9119=AXIS2_PLACEMENT_3D('',#13508,#10915,#10916);
#9120=AXIS2_PLACEMENT_3D('',#13511,#10919,#10920);
#9121=AXIS2_PLACEMENT_3D('',#13513,#10922,#10923);
#9122=AXIS2_PLACEMENT_3D('',#13515,#10925,#10926);
#9123=AXIS2_PLACEMENT_3D('',#13516,#10927,#10928);
#9124=AXIS2_PLACEMENT_3D('',#13519,#10931,#10932);
#9125=AXIS2_PLACEMENT_3D('',#13521,#10934,#10935);
#9126=AXIS2_PLACEMENT_3D('',#13523,#10937,#10938);
#9127=AXIS2_PLACEMENT_3D('',#13524,#10939,#10940);
#9128=AXIS2_PLACEMENT_3D('',#13527,#10943,#10944);
#9129=AXIS2_PLACEMENT_3D('',#13529,#10946,#10947);
#9130=AXIS2_PLACEMENT_3D('',#13531,#10949,#10950);
#9131=AXIS2_PLACEMENT_3D('',#13532,#10951,#10952);
#9132=AXIS2_PLACEMENT_3D('',#13535,#10955,#10956);
#9133=AXIS2_PLACEMENT_3D('',#13537,#10958,#10959);
#9134=AXIS2_PLACEMENT_3D('',#13539,#10961,#10962);
#9135=AXIS2_PLACEMENT_3D('',#13540,#10963,#10964);
#9136=AXIS2_PLACEMENT_3D('',#13543,#10967,#10968);
#9137=AXIS2_PLACEMENT_3D('',#13545,#10970,#10971);
#9138=AXIS2_PLACEMENT_3D('',#13547,#10973,#10974);
#9139=AXIS2_PLACEMENT_3D('',#13548,#10975,#10976);
#9140=AXIS2_PLACEMENT_3D('',#13551,#10979,#10980);
#9141=AXIS2_PLACEMENT_3D('',#13553,#10982,#10983);
#9142=AXIS2_PLACEMENT_3D('',#13555,#10985,#10986);
#9143=AXIS2_PLACEMENT_3D('',#13556,#10987,#10988);
#9144=AXIS2_PLACEMENT_3D('',#13559,#10991,#10992);
#9145=AXIS2_PLACEMENT_3D('',#13561,#10994,#10995);
#9146=AXIS2_PLACEMENT_3D('',#13563,#10997,#10998);
#9147=AXIS2_PLACEMENT_3D('',#13564,#10999,#11000);
#9148=AXIS2_PLACEMENT_3D('',#13567,#11003,#11004);
#9149=AXIS2_PLACEMENT_3D('',#13569,#11006,#11007);
#9150=AXIS2_PLACEMENT_3D('',#13571,#11009,#11010);
#9151=AXIS2_PLACEMENT_3D('',#13572,#11011,#11012);
#9152=AXIS2_PLACEMENT_3D('',#13575,#11015,#11016);
#9153=AXIS2_PLACEMENT_3D('',#13577,#11018,#11019);
#9154=AXIS2_PLACEMENT_3D('',#13579,#11021,#11022);
#9155=AXIS2_PLACEMENT_3D('',#13580,#11023,#11024);
#9156=AXIS2_PLACEMENT_3D('',#13583,#11027,#11028);
#9157=AXIS2_PLACEMENT_3D('',#13585,#11030,#11031);
#9158=AXIS2_PLACEMENT_3D('',#13587,#11033,#11034);
#9159=AXIS2_PLACEMENT_3D('',#13588,#11035,#11036);
#9160=AXIS2_PLACEMENT_3D('',#13591,#11039,#11040);
#9161=AXIS2_PLACEMENT_3D('',#13593,#11042,#11043);
#9162=AXIS2_PLACEMENT_3D('',#13595,#11045,#11046);
#9163=AXIS2_PLACEMENT_3D('',#13596,#11047,#11048);
#9164=AXIS2_PLACEMENT_3D('',#13599,#11051,#11052);
#9165=AXIS2_PLACEMENT_3D('',#13601,#11054,#11055);
#9166=AXIS2_PLACEMENT_3D('',#13603,#11057,#11058);
#9167=AXIS2_PLACEMENT_3D('',#13604,#11059,#11060);
#9168=AXIS2_PLACEMENT_3D('',#13607,#11063,#11064);
#9169=AXIS2_PLACEMENT_3D('',#13609,#11066,#11067);
#9170=AXIS2_PLACEMENT_3D('',#13611,#11069,#11070);
#9171=AXIS2_PLACEMENT_3D('',#13612,#11071,#11072);
#9172=AXIS2_PLACEMENT_3D('',#13615,#11075,#11076);
#9173=AXIS2_PLACEMENT_3D('',#13617,#11078,#11079);
#9174=AXIS2_PLACEMENT_3D('',#13619,#11081,#11082);
#9175=AXIS2_PLACEMENT_3D('',#13620,#11083,#11084);
#9176=AXIS2_PLACEMENT_3D('',#13623,#11087,#11088);
#9177=AXIS2_PLACEMENT_3D('',#13625,#11090,#11091);
#9178=AXIS2_PLACEMENT_3D('',#13627,#11093,#11094);
#9179=AXIS2_PLACEMENT_3D('',#13628,#11095,#11096);
#9180=AXIS2_PLACEMENT_3D('',#13631,#11099,#11100);
#9181=AXIS2_PLACEMENT_3D('',#13633,#11102,#11103);
#9182=AXIS2_PLACEMENT_3D('',#13635,#11105,#11106);
#9183=AXIS2_PLACEMENT_3D('',#13636,#11107,#11108);
#9184=AXIS2_PLACEMENT_3D('',#13639,#11111,#11112);
#9185=AXIS2_PLACEMENT_3D('',#13641,#11114,#11115);
#9186=AXIS2_PLACEMENT_3D('',#13643,#11117,#11118);
#9187=AXIS2_PLACEMENT_3D('',#13644,#11119,#11120);
#9188=AXIS2_PLACEMENT_3D('',#13647,#11123,#11124);
#9189=AXIS2_PLACEMENT_3D('',#13649,#11126,#11127);
#9190=AXIS2_PLACEMENT_3D('',#13651,#11129,#11130);
#9191=AXIS2_PLACEMENT_3D('',#13652,#11131,#11132);
#9192=AXIS2_PLACEMENT_3D('',#13655,#11135,#11136);
#9193=AXIS2_PLACEMENT_3D('',#13657,#11138,#11139);
#9194=AXIS2_PLACEMENT_3D('',#13659,#11141,#11142);
#9195=AXIS2_PLACEMENT_3D('',#13660,#11143,#11144);
#9196=AXIS2_PLACEMENT_3D('',#13663,#11147,#11148);
#9197=AXIS2_PLACEMENT_3D('',#13665,#11150,#11151);
#9198=AXIS2_PLACEMENT_3D('',#13667,#11153,#11154);
#9199=AXIS2_PLACEMENT_3D('',#13668,#11155,#11156);
#9200=AXIS2_PLACEMENT_3D('',#13671,#11159,#11160);
#9201=AXIS2_PLACEMENT_3D('',#13673,#11162,#11163);
#9202=AXIS2_PLACEMENT_3D('',#13675,#11165,#11166);
#9203=AXIS2_PLACEMENT_3D('',#13676,#11167,#11168);
#9204=AXIS2_PLACEMENT_3D('',#13679,#11171,#11172);
#9205=AXIS2_PLACEMENT_3D('',#13681,#11174,#11175);
#9206=AXIS2_PLACEMENT_3D('',#13683,#11177,#11178);
#9207=AXIS2_PLACEMENT_3D('',#13684,#11179,#11180);
#9208=AXIS2_PLACEMENT_3D('',#13687,#11183,#11184);
#9209=AXIS2_PLACEMENT_3D('',#13689,#11186,#11187);
#9210=AXIS2_PLACEMENT_3D('',#13691,#11189,#11190);
#9211=AXIS2_PLACEMENT_3D('',#13692,#11191,#11192);
#9212=AXIS2_PLACEMENT_3D('',#13695,#11195,#11196);
#9213=AXIS2_PLACEMENT_3D('',#13697,#11198,#11199);
#9214=AXIS2_PLACEMENT_3D('',#13699,#11201,#11202);
#9215=AXIS2_PLACEMENT_3D('',#13700,#11203,#11204);
#9216=AXIS2_PLACEMENT_3D('',#13703,#11207,#11208);
#9217=AXIS2_PLACEMENT_3D('',#13705,#11210,#11211);
#9218=AXIS2_PLACEMENT_3D('',#13707,#11213,#11214);
#9219=AXIS2_PLACEMENT_3D('',#13708,#11215,#11216);
#9220=AXIS2_PLACEMENT_3D('',#13711,#11219,#11220);
#9221=AXIS2_PLACEMENT_3D('',#13713,#11222,#11223);
#9222=AXIS2_PLACEMENT_3D('',#13715,#11225,#11226);
#9223=AXIS2_PLACEMENT_3D('',#13716,#11227,#11228);
#9224=AXIS2_PLACEMENT_3D('',#13719,#11231,#11232);
#9225=AXIS2_PLACEMENT_3D('',#13721,#11234,#11235);
#9226=AXIS2_PLACEMENT_3D('',#13723,#11237,#11238);
#9227=AXIS2_PLACEMENT_3D('',#13724,#11239,#11240);
#9228=AXIS2_PLACEMENT_3D('',#13727,#11243,#11244);
#9229=AXIS2_PLACEMENT_3D('',#13729,#11246,#11247);
#9230=AXIS2_PLACEMENT_3D('',#13731,#11249,#11250);
#9231=AXIS2_PLACEMENT_3D('',#13732,#11251,#11252);
#9232=AXIS2_PLACEMENT_3D('',#13735,#11255,#11256);
#9233=AXIS2_PLACEMENT_3D('',#13737,#11258,#11259);
#9234=AXIS2_PLACEMENT_3D('',#13739,#11261,#11262);
#9235=AXIS2_PLACEMENT_3D('',#13740,#11263,#11264);
#9236=AXIS2_PLACEMENT_3D('',#13743,#11267,#11268);
#9237=AXIS2_PLACEMENT_3D('',#13745,#11270,#11271);
#9238=AXIS2_PLACEMENT_3D('',#13747,#11273,#11274);
#9239=AXIS2_PLACEMENT_3D('',#13748,#11275,#11276);
#9240=AXIS2_PLACEMENT_3D('',#13751,#11279,#11280);
#9241=AXIS2_PLACEMENT_3D('',#13753,#11282,#11283);
#9242=AXIS2_PLACEMENT_3D('',#13755,#11285,#11286);
#9243=AXIS2_PLACEMENT_3D('',#13756,#11287,#11288);
#9244=AXIS2_PLACEMENT_3D('',#13759,#11291,#11292);
#9245=AXIS2_PLACEMENT_3D('',#13761,#11294,#11295);
#9246=AXIS2_PLACEMENT_3D('',#13763,#11297,#11298);
#9247=AXIS2_PLACEMENT_3D('',#13764,#11299,#11300);
#9248=AXIS2_PLACEMENT_3D('',#13767,#11303,#11304);
#9249=AXIS2_PLACEMENT_3D('',#13769,#11306,#11307);
#9250=AXIS2_PLACEMENT_3D('',#13771,#11309,#11310);
#9251=AXIS2_PLACEMENT_3D('',#13772,#11311,#11312);
#9252=AXIS2_PLACEMENT_3D('',#13775,#11315,#11316);
#9253=AXIS2_PLACEMENT_3D('',#13777,#11318,#11319);
#9254=AXIS2_PLACEMENT_3D('',#13779,#11321,#11322);
#9255=AXIS2_PLACEMENT_3D('',#13780,#11323,#11324);
#9256=AXIS2_PLACEMENT_3D('',#13783,#11327,#11328);
#9257=AXIS2_PLACEMENT_3D('',#13785,#11330,#11331);
#9258=AXIS2_PLACEMENT_3D('',#13786,#11332,#11333);
#9259=AXIS2_PLACEMENT_3D('',#13788,#11335,#11336);
#9260=AXIS2_PLACEMENT_3D('',#13790,#11338,#11339);
#9261=AXIS2_PLACEMENT_3D('',#13792,#11341,#11342);
#9262=AXIS2_PLACEMENT_3D('',#13794,#11344,#11345);
#9263=AXIS2_PLACEMENT_3D('',#13796,#11347,#11348);
#9264=AXIS2_PLACEMENT_3D('',#13798,#11350,#11351);
#9265=AXIS2_PLACEMENT_3D('',#13799,#11352,#11353);
#9266=AXIS2_PLACEMENT_3D('',#13800,#11354,#11355);
#9267=DIRECTION('axis',(0.,0.,1.));
#9268=DIRECTION('refdir',(1.,0.,0.));
#9269=DIRECTION('axis',(0.,0.,1.));
#9270=DIRECTION('refdir',(1.,0.,0.));
#9271=DIRECTION('axis',(0.,0.,1.));
#9272=DIRECTION('refdir',(1.,0.,0.));
#9273=DIRECTION('center_axis',(-0.999999999976674,6.8302591736049E-6,-9.62537440061706E-23));
#9274=DIRECTION('ref_axis',(9.62607039051103E-23,1.01897988310294E-21,-1.));
#9275=DIRECTION('',(-0.999999999976674,6.8302591760272E-6,0.));
#9276=DIRECTION('',(-0.999999999976674,6.83025917380676E-6,0.));
#9277=DIRECTION('center_axis',(-0.999999999976674,6.83025917437786E-6,0.));
#9278=DIRECTION('ref_axis',(9.62607039051103E-23,1.01897988310294E-21,-1.));
#9279=DIRECTION('',(-0.999999999976674,6.8302591736049E-6,-9.62537440061706E-23));
#9280=DIRECTION('center_axis',(1.,-4.5578725179647E-64,0.));
#9281=DIRECTION('ref_axis',(0.,-1.,-1.01897988310294E-21));
#9282=DIRECTION('center_axis',(1.,-4.5578725179647E-64,0.));
#9283=DIRECTION('ref_axis',(-4.5578725179647E-64,-1.,-2.97738882386931E-33));
#9284=DIRECTION('',(-4.64438340228914E-85,-1.0189805405885E-21,1.));
#9285=DIRECTION('',(-4.5578725179647E-64,-1.,-1.01897988310294E-21));
#9286=DIRECTION('center_axis',(1.,-4.5578725179647E-64,0.));
#9287=DIRECTION('ref_axis',(0.,1.,1.01897988310294E-21));
#9288=DIRECTION('',(4.64438340228914E-85,1.0189805405885E-21,-1.));
#9289=DIRECTION('',(4.5578725179647E-64,1.,0.));
#9290=DIRECTION('',(0.,0.,-1.));
#9291=DIRECTION('',(-4.5578725179647E-64,-1.,0.));
#9292=DIRECTION('',(0.,0.,-1.));
#9293=DIRECTION('',(4.5578725179647E-64,1.,0.));
#9294=DIRECTION('center_axis',(0.,0.,1.));
#9295=DIRECTION('ref_axis',(1.,0.,0.));
#9296=DIRECTION('',(-0.999999999976674,6.8302591760272E-6,0.));
#9297=DIRECTION('center_axis',(0.,0.,1.));
#9298=DIRECTION('ref_axis',(1.,5.32907051820049E-14,0.));
#9299=DIRECTION('',(-1.,0.,0.));
#9300=DIRECTION('center_axis',(0.,0.,1.));
#9301=DIRECTION('ref_axis',(0.,1.,0.));
#9302=DIRECTION('',(0.,-1.,0.));
#9303=DIRECTION('center_axis',(0.,0.,1.));
#9304=DIRECTION('ref_axis',(-1.,-1.77635683940023E-14,0.));
#9305=DIRECTION('',(1.,0.,0.));
#9306=DIRECTION('center_axis',(0.,0.,1.));
#9307=DIRECTION('ref_axis',(7.10542735760065E-14,-1.,0.));
#9308=DIRECTION('center_axis',(0.,0.,1.));
#9309=DIRECTION('ref_axis',(1.06581410364006E-13,-1.,0.));
#9310=DIRECTION('',(0.999999999976674,-6.83025917380676E-6,0.));
#9311=DIRECTION('',(-6.83025917437786E-6,-0.999999999976674,0.));
#9312=DIRECTION('center_axis',(0.,0.,1.));
#9313=DIRECTION('ref_axis',(0.000299031075874555,-0.999999955290207,0.));
#9314=DIRECTION('',(-0.999999955290207,-0.000299031075872897,0.));
#9315=DIRECTION('',(-0.999999862778417,-0.00052387321717105,0.));
#9316=DIRECTION('center_axis',(0.,0.,1.));
#9317=DIRECTION('ref_axis',(-0.999999999618407,2.7625823122411E-5,0.));
#9318=DIRECTION('',(-2.76353541956579E-5,-0.999999999618144,0.));
#9319=DIRECTION('center_axis',(0.,0.,1.));
#9320=DIRECTION('ref_axis',(1.59707643221084E-8,1.,0.));
#9321=DIRECTION('',(-1.,1.59707631494166E-8,0.));
#9322=DIRECTION('',(0.999999999999997,7.53972296477321E-8,0.));
#9323=DIRECTION('',(0.999999999976664,-6.83162380721708E-6,0.));
#9324=DIRECTION('center_axis',(0.,0.,1.));
#9325=DIRECTION('ref_axis',(0.999999999976665,-6.83160550625841E-6,0.));
#9326=DIRECTION('',(-6.69498926762929E-6,-0.999999999977589,0.));
#9327=DIRECTION('',(-0.999999999976674,6.83025917397756E-6,0.));
#9328=DIRECTION('center_axis',(0.,0.,1.));
#9329=DIRECTION('ref_axis',(1.,2.22044604925028E-14,0.));
#9330=DIRECTION('',(-1.,0.,0.));
#9331=DIRECTION('',(-1.,0.,0.));
#9332=DIRECTION('center_axis',(0.,0.,1.));
#9333=DIRECTION('ref_axis',(1.23442380694874E-63,1.,0.));
#9334=DIRECTION('',(-1.21543267145725E-63,-1.,0.));
#9335=DIRECTION('center_axis',(0.,0.,1.));
#9336=DIRECTION('ref_axis',(-1.,-1.77635683940023E-14,0.));
#9337=DIRECTION('',(1.,0.,0.));
#9338=DIRECTION('',(-6.83025917437786E-6,-0.999999999976674,0.));
#9339=DIRECTION('',(-0.999999999976674,6.83025917397756E-6,0.));
#9340=DIRECTION('',(-6.83025917437786E-6,-0.999999999976674,0.));
#9341=DIRECTION('',(-0.999999999976674,6.83025917380676E-6,0.));
#9342=DIRECTION('center_axis',(0.,0.,1.));
#9343=DIRECTION('ref_axis',(-1.,0.,0.));
#9344=DIRECTION('center_axis',(0.,0.,1.));
#9345=DIRECTION('ref_axis',(-1.,4.27300548559191E-64,0.));
#9346=DIRECTION('center_axis',(0.,0.,1.));
#9347=DIRECTION('ref_axis',(-1.,4.27300548559191E-64,0.));
#9348=DIRECTION('center_axis',(0.,0.,1.));
#9349=DIRECTION('ref_axis',(-1.,0.,0.));
#9350=DIRECTION('',(-1.,0.,0.));
#9351=DIRECTION('',(0.,-1.,0.));
#9352=DIRECTION('',(1.,0.,0.));
#9353=DIRECTION('',(0.,1.,0.));
#9354=DIRECTION('',(-1.,0.,0.));
#9355=DIRECTION('',(0.,-1.,0.));
#9356=DIRECTION('',(1.,0.,0.));
#9357=DIRECTION('',(0.,1.,0.));
#9358=DIRECTION('',(-1.,0.,0.));
#9359=DIRECTION('',(0.,-1.,0.));
#9360=DIRECTION('',(1.,0.,0.));
#9361=DIRECTION('',(0.,1.,0.));
#9362=DIRECTION('',(-1.,0.,0.));
#9363=DIRECTION('',(0.,-1.,0.));
#9364=DIRECTION('',(1.,0.,0.));
#9365=DIRECTION('',(0.,1.,0.));
#9366=DIRECTION('',(-1.,0.,0.));
#9367=DIRECTION('',(0.,-1.,0.));
#9368=DIRECTION('',(1.,0.,0.));
#9369=DIRECTION('',(0.,1.,0.));
#9370=DIRECTION('',(1.,0.,0.));
#9371=DIRECTION('',(0.,1.,0.));
#9372=DIRECTION('',(1.,0.,0.));
#9373=DIRECTION('',(0.,-1.,0.));
#9374=DIRECTION('',(1.,0.,0.));
#9375=DIRECTION('',(0.,1.,0.));
#9376=DIRECTION('',(1.,0.,0.));
#9377=DIRECTION('',(0.,1.,0.));
#9378=DIRECTION('',(-1.,0.,0.));
#9379=DIRECTION('',(0.,1.,0.));
#9380=DIRECTION('',(-1.,0.,0.));
#9381=DIRECTION('',(0.,1.,0.));
#9382=DIRECTION('',(-1.,0.,0.));
#9383=DIRECTION('',(0.,-1.,0.));
#9384=DIRECTION('',(-1.,0.,0.));
#9385=DIRECTION('',(0.,-1.,0.));
#9386=DIRECTION('',(-1.,0.,0.));
#9387=DIRECTION('',(0.,1.,0.));
#9388=DIRECTION('',(-1.,0.,0.));
#9389=DIRECTION('',(0.,-1.,0.));
#9390=DIRECTION('',(-1.,0.,0.));
#9391=DIRECTION('',(0.,1.,0.));
#9392=DIRECTION('',(-1.,0.,0.));
#9393=DIRECTION('',(0.,1.,0.));
#9394=DIRECTION('',(-1.,0.,0.));
#9395=DIRECTION('',(0.,-1.,0.));
#9396=DIRECTION('',(-1.,0.,0.));
#9397=DIRECTION('',(0.,-1.,0.));
#9398=DIRECTION('',(-1.,0.,0.));
#9399=DIRECTION('',(0.,-1.,0.));
#9400=DIRECTION('',(1.,0.,0.));
#9401=DIRECTION('',(0.,-1.,0.));
#9402=DIRECTION('',(1.,0.,0.));
#9403=DIRECTION('',(0.,1.,0.));
#9404=DIRECTION('',(1.,0.,0.));
#9405=DIRECTION('',(0.,-1.,0.));
#9406=DIRECTION('',(1.,0.,0.));
#9407=DIRECTION('',(0.,1.,0.));
#9408=DIRECTION('',(-1.,0.,0.));
#9409=DIRECTION('',(0.,-1.,0.));
#9410=DIRECTION('',(-1.,-3.96536547119492E-17,0.));
#9411=DIRECTION('',(0.,-1.,0.));
#9412=DIRECTION('',(1.,0.,0.));
#9413=DIRECTION('',(0.,1.,0.));
#9414=DIRECTION('',(-1.,0.,0.));
#9415=DIRECTION('',(0.,-1.,0.));
#9416=DIRECTION('',(1.,0.,0.));
#9417=DIRECTION('',(0.,1.,0.));
#9418=DIRECTION('',(-1.,0.,0.));
#9419=DIRECTION('',(0.,-1.,0.));
#9420=DIRECTION('',(1.,0.,0.));
#9421=DIRECTION('',(0.,1.,0.));
#9422=DIRECTION('',(-1.,-3.96528049482887E-17,0.));
#9423=DIRECTION('',(0.,-1.,0.));
#9424=DIRECTION('',(1.,0.,0.));
#9425=DIRECTION('',(0.,1.,0.));
#9426=DIRECTION('',(-1.,-3.96522667834741E-17,0.));
#9427=DIRECTION('',(0.,-1.,0.));
#9428=DIRECTION('',(1.,0.,0.));
#9429=DIRECTION('',(0.,1.,0.));
#9430=DIRECTION('',(-1.,-3.96536547119492E-17,0.));
#9431=DIRECTION('',(0.,-1.,0.));
#9432=DIRECTION('',(1.,0.,0.));
#9433=DIRECTION('',(0.,1.,0.));
#9434=DIRECTION('',(-1.,0.,0.));
#9435=DIRECTION('',(0.,-1.,0.));
#9436=DIRECTION('',(1.,0.,0.));
#9437=DIRECTION('',(0.,1.,0.));
#9438=DIRECTION('',(1.,0.,0.));
#9439=DIRECTION('',(0.,1.,0.));
#9440=DIRECTION('',(1.,0.,0.));
#9441=DIRECTION('',(0.,-1.,0.));
#9442=DIRECTION('',(1.,0.,0.));
#9443=DIRECTION('',(0.,1.,0.));
#9444=DIRECTION('',(1.,0.,0.));
#9445=DIRECTION('',(0.,1.,0.));
#9446=DIRECTION('',(-1.,0.,0.));
#9447=DIRECTION('',(0.,1.,0.));
#9448=DIRECTION('',(-1.,0.,0.));
#9449=DIRECTION('',(0.,1.,0.));
#9450=DIRECTION('',(-1.,0.,0.));
#9451=DIRECTION('',(0.,-1.,0.));
#9452=DIRECTION('',(-1.,0.,0.));
#9453=DIRECTION('',(0.,-1.,0.));
#9454=DIRECTION('',(-1.,0.,0.));
#9455=DIRECTION('',(0.,1.,0.));
#9456=DIRECTION('',(-1.,0.,0.));
#9457=DIRECTION('',(0.,-1.,0.));
#9458=DIRECTION('',(-1.,0.,0.));
#9459=DIRECTION('',(0.,1.,0.));
#9460=DIRECTION('',(-1.,0.,0.));
#9461=DIRECTION('',(0.,1.,0.));
#9462=DIRECTION('',(-1.,0.,0.));
#9463=DIRECTION('',(0.,-1.,0.));
#9464=DIRECTION('',(-1.,0.,0.));
#9465=DIRECTION('',(0.,-1.,0.));
#9466=DIRECTION('',(-1.,0.,0.));
#9467=DIRECTION('',(0.,-1.,0.));
#9468=DIRECTION('',(1.,0.,0.));
#9469=DIRECTION('',(0.,-1.,0.));
#9470=DIRECTION('',(1.,0.,0.));
#9471=DIRECTION('',(0.,1.,0.));
#9472=DIRECTION('',(1.,0.,0.));
#9473=DIRECTION('',(0.,-1.,0.));
#9474=DIRECTION('',(-1.,-3.96536547119492E-17,0.));
#9475=DIRECTION('',(0.,-1.,0.));
#9476=DIRECTION('',(1.,0.,0.));
#9477=DIRECTION('',(0.,1.,0.));
#9478=DIRECTION('',(-1.,0.,0.));
#9479=DIRECTION('',(0.,-1.,0.));
#9480=DIRECTION('',(1.,0.,0.));
#9481=DIRECTION('',(0.,1.,0.));
#9482=DIRECTION('',(-1.,0.,0.));
#9483=DIRECTION('',(0.,-1.,0.));
#9484=DIRECTION('',(1.,0.,0.));
#9485=DIRECTION('',(0.,1.,0.));
#9486=DIRECTION('',(-1.,0.,0.));
#9487=DIRECTION('',(0.,-1.,0.));
#9488=DIRECTION('',(1.,0.,0.));
#9489=DIRECTION('',(0.,1.,0.));
#9490=DIRECTION('',(-1.,0.,0.));
#9491=DIRECTION('',(0.,-1.,0.));
#9492=DIRECTION('',(1.,0.,0.));
#9493=DIRECTION('',(0.,1.,0.));
#9494=DIRECTION('',(-1.,0.,0.));
#9495=DIRECTION('',(0.,-1.,0.));
#9496=DIRECTION('',(1.,0.,0.));
#9497=DIRECTION('',(0.,1.,0.));
#9498=DIRECTION('',(-1.,0.,0.));
#9499=DIRECTION('',(0.,-1.,0.));
#9500=DIRECTION('',(1.,0.,0.));
#9501=DIRECTION('',(0.,1.,0.));
#9502=DIRECTION('',(-1.,0.,0.));
#9503=DIRECTION('',(0.,-1.,0.));
#9504=DIRECTION('',(1.,0.,0.));
#9505=DIRECTION('',(0.,1.,0.));
#9506=DIRECTION('',(-1.,-3.96536547119492E-17,0.));
#9507=DIRECTION('',(0.,-1.,0.));
#9508=DIRECTION('',(1.,0.,0.));
#9509=DIRECTION('',(0.,1.,0.));
#9510=DIRECTION('',(-1.,0.,0.));
#9511=DIRECTION('',(0.,-1.,0.));
#9512=DIRECTION('',(1.,0.,0.));
#9513=DIRECTION('',(0.,1.,0.));
#9514=DIRECTION('',(-1.,0.,0.));
#9515=DIRECTION('',(0.,-1.,0.));
#9516=DIRECTION('',(1.,0.,0.));
#9517=DIRECTION('',(0.,1.,0.));
#9518=DIRECTION('',(-1.,0.,0.));
#9519=DIRECTION('',(0.,-1.,0.));
#9520=DIRECTION('',(1.,0.,0.));
#9521=DIRECTION('',(0.,1.,0.));
#9522=DIRECTION('',(-1.,0.,0.));
#9523=DIRECTION('',(0.,-1.,0.));
#9524=DIRECTION('',(1.,0.,0.));
#9525=DIRECTION('',(0.,1.,0.));
#9526=DIRECTION('',(-1.,0.,0.));
#9527=DIRECTION('',(0.,-1.,0.));
#9528=DIRECTION('',(1.,0.,0.));
#9529=DIRECTION('',(0.,1.,0.));
#9530=DIRECTION('',(-1.,0.,0.));
#9531=DIRECTION('',(0.,-1.,0.));
#9532=DIRECTION('',(1.,0.,0.));
#9533=DIRECTION('',(0.,1.,0.));
#9534=DIRECTION('',(-1.,0.,0.));
#9535=DIRECTION('',(0.,-1.,0.));
#9536=DIRECTION('',(1.,0.,0.));
#9537=DIRECTION('',(0.,1.,0.));
#9538=DIRECTION('',(1.,0.,0.));
#9539=DIRECTION('',(0.,1.,0.));
#9540=DIRECTION('',(1.,0.,0.));
#9541=DIRECTION('',(0.,-1.,0.));
#9542=DIRECTION('',(1.,0.,0.));
#9543=DIRECTION('',(0.,1.,0.));
#9544=DIRECTION('',(1.,0.,0.));
#9545=DIRECTION('',(0.,1.,0.));
#9546=DIRECTION('',(-1.,0.,0.));
#9547=DIRECTION('',(0.,1.,0.));
#9548=DIRECTION('',(-1.,0.,0.));
#9549=DIRECTION('',(0.,1.,0.));
#9550=DIRECTION('',(-1.,0.,0.));
#9551=DIRECTION('',(0.,-1.,0.));
#9552=DIRECTION('',(-1.,0.,0.));
#9553=DIRECTION('',(0.,-1.,0.));
#9554=DIRECTION('',(-1.,0.,0.));
#9555=DIRECTION('',(0.,1.,0.));
#9556=DIRECTION('',(-1.,0.,0.));
#9557=DIRECTION('',(0.,-1.,0.));
#9558=DIRECTION('',(-1.,0.,0.));
#9559=DIRECTION('',(0.,1.,0.));
#9560=DIRECTION('',(-1.,0.,0.));
#9561=DIRECTION('',(0.,1.,0.));
#9562=DIRECTION('',(-1.,0.,0.));
#9563=DIRECTION('',(0.,-1.,0.));
#9564=DIRECTION('',(-1.,0.,0.));
#9565=DIRECTION('',(0.,-1.,0.));
#9566=DIRECTION('',(-1.,0.,0.));
#9567=DIRECTION('',(0.,-1.,0.));
#9568=DIRECTION('',(1.,0.,0.));
#9569=DIRECTION('',(0.,-1.,0.));
#9570=DIRECTION('',(1.,0.,0.));
#9571=DIRECTION('',(0.,1.,0.));
#9572=DIRECTION('',(1.,0.,0.));
#9573=DIRECTION('',(0.,-1.,0.));
#9574=DIRECTION('',(-1.,0.,0.));
#9575=DIRECTION('',(0.,-1.,0.));
#9576=DIRECTION('',(1.,0.,0.));
#9577=DIRECTION('',(0.,1.,0.));
#9578=DIRECTION('',(-1.,-3.96485566762312E-17,0.));
#9579=DIRECTION('',(0.,-1.,0.));
#9580=DIRECTION('',(1.,0.,0.));
#9581=DIRECTION('',(0.,1.,0.));
#9582=DIRECTION('',(-1.,0.,0.));
#9583=DIRECTION('',(0.,-1.,0.));
#9584=DIRECTION('',(1.,0.,0.));
#9585=DIRECTION('',(0.,1.,0.));
#9586=DIRECTION('',(-1.,0.,0.));
#9587=DIRECTION('',(0.,-1.,0.));
#9588=DIRECTION('',(1.,0.,0.));
#9589=DIRECTION('',(0.,1.,0.));
#9590=DIRECTION('',(-1.,0.,0.));
#9591=DIRECTION('',(0.,-1.,0.));
#9592=DIRECTION('',(1.,0.,0.));
#9593=DIRECTION('',(0.,1.,0.));
#9594=DIRECTION('',(-1.,0.,0.));
#9595=DIRECTION('',(0.,-1.,0.));
#9596=DIRECTION('',(1.,0.,0.));
#9597=DIRECTION('',(0.,1.,0.));
#9598=DIRECTION('',(-1.,0.,0.));
#9599=DIRECTION('',(0.,-1.,0.));
#9600=DIRECTION('',(1.,0.,0.));
#9601=DIRECTION('',(0.,1.,0.));
#9602=DIRECTION('',(-1.,0.,0.));
#9603=DIRECTION('',(0.,-1.,0.));
#9604=DIRECTION('',(1.,0.,0.));
#9605=DIRECTION('',(0.,1.,0.));
#9606=DIRECTION('',(-1.,0.,0.));
#9607=DIRECTION('',(0.,-1.,0.));
#9608=DIRECTION('',(1.,0.,0.));
#9609=DIRECTION('',(0.,1.,0.));
#9610=DIRECTION('',(-1.,0.,0.));
#9611=DIRECTION('',(0.,-1.,0.));
#9612=DIRECTION('',(1.,0.,0.));
#9613=DIRECTION('',(0.,1.,0.));
#9614=DIRECTION('',(-1.,0.,0.));
#9615=DIRECTION('',(0.,-1.,0.));
#9616=DIRECTION('',(1.,0.,0.));
#9617=DIRECTION('',(0.,1.,0.));
#9618=DIRECTION('',(-1.,0.,0.));
#9619=DIRECTION('',(0.,-1.,0.));
#9620=DIRECTION('',(1.,0.,0.));
#9621=DIRECTION('',(0.,1.,0.));
#9622=DIRECTION('',(-1.,-3.96536547119492E-17,0.));
#9623=DIRECTION('',(0.,-1.,0.));
#9624=DIRECTION('',(1.,0.,0.));
#9625=DIRECTION('',(0.,1.,0.));
#9626=DIRECTION('',(-1.,0.,0.));
#9627=DIRECTION('',(0.,-1.,0.));
#9628=DIRECTION('',(1.,0.,0.));
#9629=DIRECTION('',(0.,1.,0.));
#9630=DIRECTION('',(-1.,0.,0.));
#9631=DIRECTION('',(0.,-1.,0.));
#9632=DIRECTION('',(1.,0.,0.));
#9633=DIRECTION('',(0.,1.,0.));
#9634=DIRECTION('',(-1.,0.,0.));
#9635=DIRECTION('',(0.,-1.,0.));
#9636=DIRECTION('',(1.,0.,0.));
#9637=DIRECTION('',(0.,1.,0.));
#9638=DIRECTION('',(-1.,0.,0.));
#9639=DIRECTION('',(0.,-1.,0.));
#9640=DIRECTION('',(1.,0.,0.));
#9641=DIRECTION('',(0.,1.,0.));
#9642=DIRECTION('',(-1.,0.,0.));
#9643=DIRECTION('',(0.,-1.,0.));
#9644=DIRECTION('',(1.,0.,0.));
#9645=DIRECTION('',(0.,1.,0.));
#9646=DIRECTION('',(-1.,0.,0.));
#9647=DIRECTION('',(0.,-1.,0.));
#9648=DIRECTION('',(1.,0.,0.));
#9649=DIRECTION('',(0.,1.,0.));
#9650=DIRECTION('',(-1.,0.,0.));
#9651=DIRECTION('',(0.,-1.,0.));
#9652=DIRECTION('',(1.,0.,0.));
#9653=DIRECTION('',(0.,1.,0.));
#9654=DIRECTION('center_axis',(0.,0.,-1.));
#9655=DIRECTION('ref_axis',(-3.08522178769038E-16,1.,0.));
#9656=DIRECTION('',(-1.,-1.48821872139112E-16,0.));
#9657=DIRECTION('center_axis',(0.,0.,-1.));
#9658=DIRECTION('ref_axis',(-2.4681774301523E-15,-1.,0.));
#9659=DIRECTION('',(1.,0.,0.));
#9660=DIRECTION('',(-1.,0.,0.));
#9661=DIRECTION('',(0.,-1.,0.));
#9662=DIRECTION('',(1.,0.,0.));
#9663=DIRECTION('',(0.,1.,0.));
#9664=DIRECTION('',(-1.,0.,0.));
#9665=DIRECTION('',(0.,-1.,0.));
#9666=DIRECTION('',(1.,0.,0.));
#9667=DIRECTION('',(0.,1.,0.));
#9668=DIRECTION('',(-1.,0.,0.));
#9669=DIRECTION('',(0.,-1.,0.));
#9670=DIRECTION('',(1.,0.,0.));
#9671=DIRECTION('',(0.,1.,0.));
#9672=DIRECTION('',(-1.,0.,0.));
#9673=DIRECTION('',(0.,-1.,0.));
#9674=DIRECTION('',(1.,0.,0.));
#9675=DIRECTION('',(0.,1.,0.));
#9676=DIRECTION('',(-1.,0.,0.));
#9677=DIRECTION('',(0.,-1.,0.));
#9678=DIRECTION('',(1.,0.,0.));
#9679=DIRECTION('',(0.,1.,0.));
#9680=DIRECTION('',(-1.,-3.96536547119492E-17,0.));
#9681=DIRECTION('',(0.,-1.,0.));
#9682=DIRECTION('',(1.,0.,0.));
#9683=DIRECTION('',(0.,1.,0.));
#9684=DIRECTION('',(-1.,0.,0.));
#9685=DIRECTION('',(0.,-1.,0.));
#9686=DIRECTION('',(1.,0.,0.));
#9687=DIRECTION('',(0.,1.,0.));
#9688=DIRECTION('',(-1.,0.,0.));
#9689=DIRECTION('',(0.,-1.,0.));
#9690=DIRECTION('',(1.,0.,0.));
#9691=DIRECTION('',(0.,1.,0.));
#9692=DIRECTION('',(-1.,0.,0.));
#9693=DIRECTION('',(0.,-1.,0.));
#9694=DIRECTION('',(1.,0.,0.));
#9695=DIRECTION('',(0.,1.,0.));
#9696=DIRECTION('',(-1.,0.,0.));
#9697=DIRECTION('',(0.,-1.,0.));
#9698=DIRECTION('',(1.,0.,0.));
#9699=DIRECTION('',(0.,1.,0.));
#9700=DIRECTION('',(-1.,0.,0.));
#9701=DIRECTION('',(0.,-1.,0.));
#9702=DIRECTION('',(1.,0.,0.));
#9703=DIRECTION('',(7.93056098965775E-17,1.,0.));
#9704=DIRECTION('',(-1.,0.,0.));
#9705=DIRECTION('',(0.,-1.,0.));
#9706=DIRECTION('',(1.,0.,0.));
#9707=DIRECTION('',(0.,1.,0.));
#9708=DIRECTION('',(-1.,0.,0.));
#9709=DIRECTION('',(0.,-1.,0.));
#9710=DIRECTION('',(1.,0.,0.));
#9711=DIRECTION('',(0.,1.,0.));
#9712=DIRECTION('center_axis',(0.,0.,1.));
#9713=DIRECTION('ref_axis',(-1.,0.,0.));
#9714=DIRECTION('center_axis',(0.,0.,1.));
#9715=DIRECTION('ref_axis',(-1.,0.,0.));
#9716=DIRECTION('center_axis',(0.,0.,1.));
#9717=DIRECTION('ref_axis',(-1.,0.,0.));
#9718=DIRECTION('center_axis',(0.,0.,1.));
#9719=DIRECTION('ref_axis',(-1.,0.,0.));
#9720=DIRECTION('center_axis',(6.83025917380676E-6,0.999999999976674,1.01898054056473E-21));
#9721=DIRECTION('ref_axis',(6.95992255153868E-27,1.01898054054096E-21,-1.));
#9722=DIRECTION('',(6.95990118570476E-27,1.01898054054096E-21,-1.));
#9723=DIRECTION('center_axis',(-6.83025917380676E-6,-0.999999999976674,
-1.01898054056473E-21));
#9724=DIRECTION('ref_axis',(-6.95992255153868E-27,-1.01898054054096E-21,
1.));
#9725=DIRECTION('',(-6.95990118570476E-27,-1.01898054054096E-21,1.));
#9726=DIRECTION('',(-0.999999999976674,6.8302591736049E-6,-9.62537440061706E-23));
#9727=DIRECTION('',(-0.999999999976674,6.83025917380676E-6,0.));
#9728=DIRECTION('center_axis',(0.999999999976674,-6.83025917437786E-6,0.));
#9729=DIRECTION('ref_axis',(6.83025917437786E-6,0.999999999976674,0.));
#9730=DIRECTION('center_axis',(-0.999999999976674,6.83025917437786E-6,0.));
#9731=DIRECTION('ref_axis',(-6.95990118529687E-27,-1.01898054054096E-21,
1.));
#9732=DIRECTION('',(6.83025917437786E-6,0.999999999976674,0.));
#9733=DIRECTION('',(0.,0.,1.));
#9734=DIRECTION('center_axis',(-0.999999999976674,6.83025917437786E-6,0.));
#9735=DIRECTION('ref_axis',(-9.62607039051102E-23,-1.01897988310294E-21,
1.));
#9736=DIRECTION('',(6.83025917437786E-6,0.999999999976674,1.01898054056473E-21));
#9737=DIRECTION('center_axis',(-0.999999999976674,6.8302591736049E-6,-9.62537440061706E-23));
#9738=DIRECTION('ref_axis',(-9.62607039051102E-23,-1.01897988310294E-21,
1.));
#9739=DIRECTION('',(-0.999999999976674,6.8302591736049E-6,-9.62537440061706E-23));
#9740=DIRECTION('center_axis',(-9.62607039051103E-23,-1.01897988310294E-21,
1.));
#9741=DIRECTION('ref_axis',(6.83025917437786E-6,0.999999999976674,1.01898054056473E-21));
#9742=DIRECTION('center_axis',(0.999999999976674,-6.83025917437786E-6,2.46519032881566E-32));
#9743=DIRECTION('ref_axis',(6.83025917437786E-6,0.999999999976674,1.01898054056473E-21));
#9744=DIRECTION('',(2.46519032887317E-32,0.,-1.));
#9745=DIRECTION('',(6.83025917437786E-6,0.999999999976674,0.));
#9746=DIRECTION('center_axis',(-0.999999999976674,6.83025917437786E-6,-2.46519032881566E-32));
#9747=DIRECTION('ref_axis',(-6.95993076883977E-27,-1.01898054054096E-21,
1.));
#9748=DIRECTION('center_axis',(0.999999999976674,-6.83025917437786E-6,2.46519032881566E-32));
#9749=DIRECTION('ref_axis',(6.83025917437786E-6,0.999999999976674,1.01898054056473E-21));
#9750=DIRECTION('',(-2.46519032887317E-32,0.,1.));
#9751=DIRECTION('center_axis',(-0.999999999976674,6.83025917437786E-6,-2.46519032881566E-32));
#9752=DIRECTION('ref_axis',(6.95993076883977E-27,1.01898054054096E-21,-1.));
#9753=DIRECTION('center_axis',(-0.999999999976674,6.83025917397756E-6,0.));
#9754=DIRECTION('ref_axis',(6.95990118529687E-27,1.01898054054096E-21,-1.));
#9755=DIRECTION('center_axis',(-0.999999999977589,6.69498926762929E-6,0.));
#9756=DIRECTION('ref_axis',(-6.69498926762929E-6,-0.999999999977589,-1.01898054056472E-21));
#9757=DIRECTION('',(-0.999999999976674,6.83025917397756E-6,0.));
#9758=DIRECTION('center_axis',(0.,0.,-1.));
#9759=DIRECTION('ref_axis',(1.,2.22044604925028E-14,0.));
#9760=DIRECTION('',(1.,0.,0.));
#9761=DIRECTION('center_axis',(-0.999999999976674,6.83025917397756E-6,0.));
#9762=DIRECTION('ref_axis',(-6.95990118529687E-27,-1.01898054054096E-21,
1.));
#9763=DIRECTION('',(-0.999999999976674,6.83025917397756E-6,0.));
#9764=DIRECTION('center_axis',(0.,1.,0.));
#9765=DIRECTION('ref_axis',(1.,0.,-2.46519032881566E-32));
#9766=DIRECTION('',(1.,0.,0.));
#9767=DIRECTION('',(0.,0.,-1.));
#9768=DIRECTION('center_axis',(0.,0.,1.));
#9769=DIRECTION('ref_axis',(1.,0.,0.));
#9770=DIRECTION('',(-1.,0.,0.));
#9771=DIRECTION('center_axis',(0.,0.,-1.));
#9772=DIRECTION('ref_axis',(-1.,-1.77635683940023E-14,0.));
#9773=DIRECTION('',(1.21543267145725E-63,1.,0.));
#9774=DIRECTION('center_axis',(0.,0.,-1.));
#9775=DIRECTION('ref_axis',(1.23442380694874E-63,1.,0.));
#9776=DIRECTION('',(6.69498926762929E-6,0.999999999977589,0.));
#9777=DIRECTION('center_axis',(0.,0.,1.));
#9778=DIRECTION('ref_axis',(0.999999999976665,-6.83160550625841E-6,0.));
#9779=DIRECTION('',(-0.999999999976664,6.83162380721708E-6,0.));
#9780=DIRECTION('',(-0.999999999999997,-7.53972296477321E-8,0.));
#9781=DIRECTION('',(-1.,1.59707631494166E-8,0.));
#9782=DIRECTION('center_axis',(0.,0.,1.));
#9783=DIRECTION('ref_axis',(1.59707643221084E-8,1.,0.));
#9784=DIRECTION('',(-2.76353541956579E-5,-0.999999999618144,0.));
#9785=DIRECTION('center_axis',(0.,0.,1.));
#9786=DIRECTION('ref_axis',(-0.999999999618407,2.7625823122411E-5,0.));
#9787=DIRECTION('',(0.999999862778417,0.00052387321717105,0.));
#9788=DIRECTION('',(0.999999955290207,0.000299031075872897,0.));
#9789=DIRECTION('center_axis',(0.,0.,1.));
#9790=DIRECTION('ref_axis',(0.000299031075874555,-0.999999955290207,0.));
#9791=DIRECTION('center_axis',(0.,0.,-1.));
#9792=DIRECTION('ref_axis',(-1.,0.,0.));
#9793=DIRECTION('center_axis',(0.,0.,-1.));
#9794=DIRECTION('ref_axis',(-1.,4.27300548559191E-64,0.));
#9795=DIRECTION('center_axis',(0.,0.,-1.));
#9796=DIRECTION('ref_axis',(-1.,4.27300548559191E-64,0.));
#9797=DIRECTION('center_axis',(0.,0.,-1.));
#9798=DIRECTION('ref_axis',(-1.,0.,0.));
#9799=DIRECTION('',(-1.,0.,0.));
#9800=DIRECTION('',(0.,1.,0.));
#9801=DIRECTION('',(1.,0.,0.));
#9802=DIRECTION('',(0.,-1.,0.));
#9803=DIRECTION('',(-1.,0.,0.));
#9804=DIRECTION('',(0.,1.,0.));
#9805=DIRECTION('',(1.,0.,0.));
#9806=DIRECTION('',(0.,-1.,0.));
#9807=DIRECTION('',(-1.,0.,0.));
#9808=DIRECTION('',(0.,1.,0.));
#9809=DIRECTION('',(1.,0.,0.));
#9810=DIRECTION('',(0.,-1.,0.));
#9811=DIRECTION('',(-1.,0.,0.));
#9812=DIRECTION('',(0.,1.,0.));
#9813=DIRECTION('',(1.,0.,0.));
#9814=DIRECTION('',(0.,-1.,0.));
#9815=DIRECTION('',(-1.,0.,0.));
#9816=DIRECTION('',(0.,1.,0.));
#9817=DIRECTION('',(1.,0.,0.));
#9818=DIRECTION('',(0.,-1.,0.));
#9819=DIRECTION('',(1.,0.,0.));
#9820=DIRECTION('',(0.,-1.,0.));
#9821=DIRECTION('',(1.,0.,0.));
#9822=DIRECTION('',(0.,1.,0.));
#9823=DIRECTION('',(1.,0.,0.));
#9824=DIRECTION('',(0.,-1.,0.));
#9825=DIRECTION('',(1.,0.,0.));
#9826=DIRECTION('',(0.,-1.,0.));
#9827=DIRECTION('',(-1.,0.,0.));
#9828=DIRECTION('',(0.,-1.,0.));
#9829=DIRECTION('',(-1.,0.,0.));
#9830=DIRECTION('',(0.,-1.,0.));
#9831=DIRECTION('',(-1.,0.,0.));
#9832=DIRECTION('',(0.,1.,0.));
#9833=DIRECTION('',(-1.,0.,0.));
#9834=DIRECTION('',(0.,1.,0.));
#9835=DIRECTION('',(-1.,0.,0.));
#9836=DIRECTION('',(0.,-1.,0.));
#9837=DIRECTION('',(-1.,0.,0.));
#9838=DIRECTION('',(0.,1.,0.));
#9839=DIRECTION('',(-1.,0.,0.));
#9840=DIRECTION('',(0.,-1.,0.));
#9841=DIRECTION('',(-1.,0.,0.));
#9842=DIRECTION('',(0.,-1.,0.));
#9843=DIRECTION('',(-1.,0.,0.));
#9844=DIRECTION('',(0.,1.,0.));
#9845=DIRECTION('',(-1.,0.,0.));
#9846=DIRECTION('',(0.,1.,0.));
#9847=DIRECTION('',(-1.,0.,0.));
#9848=DIRECTION('',(0.,1.,0.));
#9849=DIRECTION('',(1.,0.,0.));
#9850=DIRECTION('',(0.,1.,0.));
#9851=DIRECTION('',(1.,0.,0.));
#9852=DIRECTION('',(0.,-1.,0.));
#9853=DIRECTION('',(1.,0.,0.));
#9854=DIRECTION('',(0.,1.,0.));
#9855=DIRECTION('',(1.,0.,0.));
#9856=DIRECTION('',(0.,-1.,0.));
#9857=DIRECTION('',(-1.,0.,0.));
#9858=DIRECTION('',(0.,1.,0.));
#9859=DIRECTION('',(-1.,-3.96536547119492E-17,0.));
#9860=DIRECTION('',(0.,1.,0.));
#9861=DIRECTION('',(1.,0.,0.));
#9862=DIRECTION('',(0.,-1.,0.));
#9863=DIRECTION('',(-1.,0.,0.));
#9864=DIRECTION('',(0.,1.,0.));
#9865=DIRECTION('',(1.,0.,0.));
#9866=DIRECTION('',(0.,-1.,0.));
#9867=DIRECTION('',(-1.,0.,0.));
#9868=DIRECTION('',(0.,1.,0.));
#9869=DIRECTION('',(1.,0.,0.));
#9870=DIRECTION('',(0.,-1.,0.));
#9871=DIRECTION('',(-1.,-3.96528049482887E-17,0.));
#9872=DIRECTION('',(0.,1.,0.));
#9873=DIRECTION('',(1.,0.,0.));
#9874=DIRECTION('',(0.,-1.,0.));
#9875=DIRECTION('',(-1.,-3.96522667834741E-17,0.));
#9876=DIRECTION('',(0.,1.,0.));
#9877=DIRECTION('',(1.,0.,0.));
#9878=DIRECTION('',(0.,-1.,0.));
#9879=DIRECTION('',(-1.,-3.96536547119492E-17,0.));
#9880=DIRECTION('',(0.,1.,0.));
#9881=DIRECTION('',(1.,0.,0.));
#9882=DIRECTION('',(0.,-1.,0.));
#9883=DIRECTION('',(-1.,0.,0.));
#9884=DIRECTION('',(0.,1.,0.));
#9885=DIRECTION('',(1.,0.,0.));
#9886=DIRECTION('',(0.,-1.,0.));
#9887=DIRECTION('',(1.,0.,0.));
#9888=DIRECTION('',(0.,-1.,0.));
#9889=DIRECTION('',(1.,0.,0.));
#9890=DIRECTION('',(0.,1.,0.));
#9891=DIRECTION('',(1.,0.,0.));
#9892=DIRECTION('',(0.,-1.,0.));
#9893=DIRECTION('',(1.,0.,0.));
#9894=DIRECTION('',(0.,-1.,0.));
#9895=DIRECTION('',(-1.,0.,0.));
#9896=DIRECTION('',(0.,-1.,0.));
#9897=DIRECTION('',(-1.,0.,0.));
#9898=DIRECTION('',(0.,-1.,0.));
#9899=DIRECTION('',(-1.,0.,0.));
#9900=DIRECTION('',(0.,1.,0.));
#9901=DIRECTION('',(-1.,0.,0.));
#9902=DIRECTION('',(0.,1.,0.));
#9903=DIRECTION('',(-1.,0.,0.));
#9904=DIRECTION('',(0.,-1.,0.));
#9905=DIRECTION('',(-1.,0.,0.));
#9906=DIRECTION('',(0.,1.,0.));
#9907=DIRECTION('',(-1.,0.,0.));
#9908=DIRECTION('',(0.,-1.,0.));
#9909=DIRECTION('',(-1.,0.,0.));
#9910=DIRECTION('',(0.,-1.,0.));
#9911=DIRECTION('',(-1.,0.,0.));
#9912=DIRECTION('',(0.,1.,0.));
#9913=DIRECTION('',(-1.,0.,0.));
#9914=DIRECTION('',(0.,1.,0.));
#9915=DIRECTION('',(-1.,0.,0.));
#9916=DIRECTION('',(0.,1.,0.));
#9917=DIRECTION('',(1.,0.,0.));
#9918=DIRECTION('',(0.,1.,0.));
#9919=DIRECTION('',(1.,0.,0.));
#9920=DIRECTION('',(0.,-1.,0.));
#9921=DIRECTION('',(1.,0.,0.));
#9922=DIRECTION('',(0.,1.,0.));
#9923=DIRECTION('',(-1.,-3.96536547119492E-17,0.));
#9924=DIRECTION('',(0.,1.,0.));
#9925=DIRECTION('',(1.,0.,0.));
#9926=DIRECTION('',(0.,-1.,0.));
#9927=DIRECTION('',(-1.,0.,0.));
#9928=DIRECTION('',(0.,1.,0.));
#9929=DIRECTION('',(1.,0.,0.));
#9930=DIRECTION('',(0.,-1.,0.));
#9931=DIRECTION('',(-1.,0.,0.));
#9932=DIRECTION('',(0.,1.,0.));
#9933=DIRECTION('',(1.,0.,0.));
#9934=DIRECTION('',(0.,-1.,0.));
#9935=DIRECTION('',(-1.,0.,0.));
#9936=DIRECTION('',(0.,1.,0.));
#9937=DIRECTION('',(1.,0.,0.));
#9938=DIRECTION('',(0.,-1.,0.));
#9939=DIRECTION('',(-1.,0.,0.));
#9940=DIRECTION('',(0.,1.,0.));
#9941=DIRECTION('',(1.,0.,0.));
#9942=DIRECTION('',(0.,-1.,0.));
#9943=DIRECTION('',(-1.,0.,0.));
#9944=DIRECTION('',(0.,1.,0.));
#9945=DIRECTION('',(1.,0.,0.));
#9946=DIRECTION('',(0.,-1.,0.));
#9947=DIRECTION('',(-1.,0.,0.));
#9948=DIRECTION('',(0.,1.,0.));
#9949=DIRECTION('',(1.,0.,0.));
#9950=DIRECTION('',(0.,-1.,0.));
#9951=DIRECTION('',(-1.,0.,0.));
#9952=DIRECTION('',(0.,1.,0.));
#9953=DIRECTION('',(1.,0.,0.));
#9954=DIRECTION('',(0.,-1.,0.));
#9955=DIRECTION('',(-1.,-3.96536547119492E-17,0.));
#9956=DIRECTION('',(0.,1.,0.));
#9957=DIRECTION('',(1.,0.,0.));
#9958=DIRECTION('',(0.,-1.,0.));
#9959=DIRECTION('',(-1.,0.,0.));
#9960=DIRECTION('',(0.,1.,0.));
#9961=DIRECTION('',(1.,0.,0.));
#9962=DIRECTION('',(0.,-1.,0.));
#9963=DIRECTION('',(-1.,0.,0.));
#9964=DIRECTION('',(0.,1.,0.));
#9965=DIRECTION('',(1.,0.,0.));
#9966=DIRECTION('',(0.,-1.,0.));
#9967=DIRECTION('',(-1.,0.,0.));
#9968=DIRECTION('',(0.,1.,0.));
#9969=DIRECTION('',(1.,0.,0.));
#9970=DIRECTION('',(0.,-1.,0.));
#9971=DIRECTION('',(-1.,0.,0.));
#9972=DIRECTION('',(0.,1.,0.));
#9973=DIRECTION('',(1.,0.,0.));
#9974=DIRECTION('',(0.,-1.,0.));
#9975=DIRECTION('',(-1.,0.,0.));
#9976=DIRECTION('',(0.,1.,0.));
#9977=DIRECTION('',(1.,0.,0.));
#9978=DIRECTION('',(0.,-1.,0.));
#9979=DIRECTION('',(-1.,0.,0.));
#9980=DIRECTION('',(0.,1.,0.));
#9981=DIRECTION('',(1.,0.,0.));
#9982=DIRECTION('',(0.,-1.,0.));
#9983=DIRECTION('',(-1.,0.,0.));
#9984=DIRECTION('',(0.,1.,0.));
#9985=DIRECTION('',(1.,0.,0.));
#9986=DIRECTION('',(0.,-1.,0.));
#9987=DIRECTION('',(1.,0.,0.));
#9988=DIRECTION('',(0.,-1.,0.));
#9989=DIRECTION('',(1.,0.,0.));
#9990=DIRECTION('',(0.,1.,0.));
#9991=DIRECTION('',(1.,0.,0.));
#9992=DIRECTION('',(0.,-1.,0.));
#9993=DIRECTION('',(1.,0.,0.));
#9994=DIRECTION('',(0.,-1.,0.));
#9995=DIRECTION('',(-1.,0.,0.));
#9996=DIRECTION('',(0.,-1.,0.));
#9997=DIRECTION('',(-1.,0.,0.));
#9998=DIRECTION('',(0.,-1.,0.));
#9999=DIRECTION('',(-1.,0.,0.));
#10000=DIRECTION('',(0.,1.,0.));
#10001=DIRECTION('',(-1.,0.,0.));
#10002=DIRECTION('',(0.,1.,0.));
#10003=DIRECTION('',(-1.,0.,0.));
#10004=DIRECTION('',(0.,-1.,0.));
#10005=DIRECTION('',(-1.,0.,0.));
#10006=DIRECTION('',(0.,1.,0.));
#10007=DIRECTION('',(-1.,0.,0.));
#10008=DIRECTION('',(0.,-1.,0.));
#10009=DIRECTION('',(-1.,0.,0.));
#10010=DIRECTION('',(0.,-1.,0.));
#10011=DIRECTION('',(-1.,0.,0.));
#10012=DIRECTION('',(0.,1.,0.));
#10013=DIRECTION('',(-1.,0.,0.));
#10014=DIRECTION('',(0.,1.,0.));
#10015=DIRECTION('',(-1.,0.,0.));
#10016=DIRECTION('',(0.,1.,0.));
#10017=DIRECTION('',(1.,0.,0.));
#10018=DIRECTION('',(0.,1.,0.));
#10019=DIRECTION('',(1.,0.,0.));
#10020=DIRECTION('',(0.,-1.,0.));
#10021=DIRECTION('',(1.,0.,0.));
#10022=DIRECTION('',(0.,1.,0.));
#10023=DIRECTION('',(-1.,0.,0.));
#10024=DIRECTION('',(0.,1.,0.));
#10025=DIRECTION('',(1.,0.,0.));
#10026=DIRECTION('',(0.,-1.,0.));
#10027=DIRECTION('',(-1.,-3.96485566762312E-17,0.));
#10028=DIRECTION('',(0.,1.,0.));
#10029=DIRECTION('',(1.,0.,0.));
#10030=DIRECTION('',(0.,-1.,0.));
#10031=DIRECTION('',(-1.,0.,0.));
#10032=DIRECTION('',(0.,1.,0.));
#10033=DIRECTION('',(1.,0.,0.));
#10034=DIRECTION('',(0.,-1.,0.));
#10035=DIRECTION('',(-1.,0.,0.));
#10036=DIRECTION('',(0.,1.,0.));
#10037=DIRECTION('',(1.,0.,0.));
#10038=DIRECTION('',(0.,-1.,0.));
#10039=DIRECTION('',(-1.,0.,0.));
#10040=DIRECTION('',(0.,1.,0.));
#10041=DIRECTION('',(1.,0.,0.));
#10042=DIRECTION('',(0.,-1.,0.));
#10043=DIRECTION('',(-1.,0.,0.));
#10044=DIRECTION('',(0.,1.,0.));
#10045=DIRECTION('',(1.,0.,0.));
#10046=DIRECTION('',(0.,-1.,0.));
#10047=DIRECTION('',(-1.,0.,0.));
#10048=DIRECTION('',(0.,1.,0.));
#10049=DIRECTION('',(1.,0.,0.));
#10050=DIRECTION('',(0.,-1.,0.));
#10051=DIRECTION('',(-1.,0.,0.));
#10052=DIRECTION('',(0.,1.,0.));
#10053=DIRECTION('',(1.,0.,0.));
#10054=DIRECTION('',(0.,-1.,0.));
#10055=DIRECTION('',(-1.,0.,0.));
#10056=DIRECTION('',(0.,1.,0.));
#10057=DIRECTION('',(1.,0.,0.));
#10058=DIRECTION('',(0.,-1.,0.));
#10059=DIRECTION('',(-1.,0.,0.));
#10060=DIRECTION('',(0.,1.,0.));
#10061=DIRECTION('',(1.,0.,0.));
#10062=DIRECTION('',(0.,-1.,0.));
#10063=DIRECTION('',(-1.,0.,0.));
#10064=DIRECTION('',(0.,1.,0.));
#10065=DIRECTION('',(1.,0.,0.));
#10066=DIRECTION('',(0.,-1.,0.));
#10067=DIRECTION('',(-1.,0.,0.));
#10068=DIRECTION('',(0.,1.,0.));
#10069=DIRECTION('',(1.,0.,0.));
#10070=DIRECTION('',(0.,-1.,0.));
#10071=DIRECTION('',(-1.,-3.96536547119492E-17,0.));
#10072=DIRECTION('',(0.,1.,0.));
#10073=DIRECTION('',(1.,0.,0.));
#10074=DIRECTION('',(0.,-1.,0.));
#10075=DIRECTION('',(-1.,0.,0.));
#10076=DIRECTION('',(0.,1.,0.));
#10077=DIRECTION('',(1.,0.,0.));
#10078=DIRECTION('',(0.,-1.,0.));
#10079=DIRECTION('',(-1.,0.,0.));
#10080=DIRECTION('',(0.,1.,0.));
#10081=DIRECTION('',(1.,0.,0.));
#10082=DIRECTION('',(0.,-1.,0.));
#10083=DIRECTION('',(-1.,0.,0.));
#10084=DIRECTION('',(0.,1.,0.));
#10085=DIRECTION('',(1.,0.,0.));
#10086=DIRECTION('',(0.,-1.,0.));
#10087=DIRECTION('',(-1.,0.,0.));
#10088=DIRECTION('',(0.,1.,0.));
#10089=DIRECTION('',(1.,0.,0.));
#10090=DIRECTION('',(0.,-1.,0.));
#10091=DIRECTION('',(-1.,0.,0.));
#10092=DIRECTION('',(0.,1.,0.));
#10093=DIRECTION('',(1.,0.,0.));
#10094=DIRECTION('',(0.,-1.,0.));
#10095=DIRECTION('',(-1.,0.,0.));
#10096=DIRECTION('',(0.,1.,0.));
#10097=DIRECTION('',(1.,0.,0.));
#10098=DIRECTION('',(0.,-1.,0.));
#10099=DIRECTION('',(-1.,0.,0.));
#10100=DIRECTION('',(0.,1.,0.));
#10101=DIRECTION('',(1.,0.,0.));
#10102=DIRECTION('',(0.,-1.,0.));
#10103=DIRECTION('center_axis',(0.,0.,-1.));
#10104=DIRECTION('ref_axis',(-3.08522178769038E-16,1.,0.));
#10105=DIRECTION('',(1.,0.,0.));
#10106=DIRECTION('center_axis',(0.,0.,-1.));
#10107=DIRECTION('ref_axis',(-2.4681774301523E-15,-1.,0.));
#10108=DIRECTION('',(-1.,-1.48821872139112E-16,0.));
#10109=DIRECTION('',(-1.,0.,0.));
#10110=DIRECTION('',(0.,1.,0.));
#10111=DIRECTION('',(1.,0.,0.));
#10112=DIRECTION('',(0.,-1.,0.));
#10113=DIRECTION('',(-1.,0.,0.));
#10114=DIRECTION('',(0.,1.,0.));
#10115=DIRECTION('',(1.,0.,0.));
#10116=DIRECTION('',(0.,-1.,0.));
#10117=DIRECTION('',(-1.,0.,0.));
#10118=DIRECTION('',(0.,1.,0.));
#10119=DIRECTION('',(1.,0.,0.));
#10120=DIRECTION('',(0.,-1.,0.));
#10121=DIRECTION('',(-1.,0.,0.));
#10122=DIRECTION('',(0.,1.,0.));
#10123=DIRECTION('',(1.,0.,0.));
#10124=DIRECTION('',(0.,-1.,0.));
#10125=DIRECTION('',(-1.,0.,0.));
#10126=DIRECTION('',(0.,1.,0.));
#10127=DIRECTION('',(1.,0.,0.));
#10128=DIRECTION('',(0.,-1.,0.));
#10129=DIRECTION('',(-1.,-3.96536547119492E-17,0.));
#10130=DIRECTION('',(0.,1.,0.));
#10131=DIRECTION('',(1.,0.,0.));
#10132=DIRECTION('',(0.,-1.,0.));
#10133=DIRECTION('',(-1.,0.,0.));
#10134=DIRECTION('',(0.,1.,0.));
#10135=DIRECTION('',(1.,0.,0.));
#10136=DIRECTION('',(0.,-1.,0.));
#10137=DIRECTION('',(-1.,0.,0.));
#10138=DIRECTION('',(0.,1.,0.));
#10139=DIRECTION('',(1.,0.,0.));
#10140=DIRECTION('',(0.,-1.,0.));
#10141=DIRECTION('',(-1.,0.,0.));
#10142=DIRECTION('',(0.,1.,0.));
#10143=DIRECTION('',(1.,0.,0.));
#10144=DIRECTION('',(0.,-1.,0.));
#10145=DIRECTION('',(-1.,0.,0.));
#10146=DIRECTION('',(0.,1.,0.));
#10147=DIRECTION('',(1.,0.,0.));
#10148=DIRECTION('',(0.,-1.,0.));
#10149=DIRECTION('',(-1.,0.,0.));
#10150=DIRECTION('',(7.93056098965775E-17,1.,0.));
#10151=DIRECTION('',(1.,0.,0.));
#10152=DIRECTION('',(0.,-1.,0.));
#10153=DIRECTION('',(-1.,0.,0.));
#10154=DIRECTION('',(0.,1.,0.));
#10155=DIRECTION('',(1.,0.,0.));
#10156=DIRECTION('',(0.,-1.,0.));
#10157=DIRECTION('',(-1.,0.,0.));
#10158=DIRECTION('',(0.,1.,0.));
#10159=DIRECTION('',(1.,0.,0.));
#10160=DIRECTION('',(0.,-1.,0.));
#10161=DIRECTION('',(-1.,0.,0.));
#10162=DIRECTION('center_axis',(0.,0.,-1.));
#10163=DIRECTION('ref_axis',(-1.,-1.77635683940023E-14,0.));
#10164=DIRECTION('',(0.,1.,0.));
#10165=DIRECTION('center_axis',(0.,0.,-1.));
#10166=DIRECTION('ref_axis',(0.,1.,0.));
#10167=DIRECTION('',(1.,0.,0.));
#10168=DIRECTION('center_axis',(0.,0.,-1.));
#10169=DIRECTION('ref_axis',(1.,5.32907051820049E-14,0.));
#10170=DIRECTION('center_axis',(0.,0.,-1.));
#10171=DIRECTION('ref_axis',(1.06581410364006E-13,-1.,0.));
#10172=DIRECTION('center_axis',(0.,0.,-1.));
#10173=DIRECTION('ref_axis',(7.10542735760065E-14,-1.,0.));
#10174=DIRECTION('center_axis',(0.,0.,-1.));
#10175=DIRECTION('ref_axis',(-1.,0.,0.));
#10176=DIRECTION('center_axis',(0.,0.,-1.));
#10177=DIRECTION('ref_axis',(-1.,0.,0.));
#10178=DIRECTION('center_axis',(0.,0.,-1.));
#10179=DIRECTION('ref_axis',(-1.,0.,0.));
#10180=DIRECTION('center_axis',(0.,0.,-1.));
#10181=DIRECTION('ref_axis',(-1.,0.,0.));
#10182=DIRECTION('center_axis',(0.999999999977589,-6.69498926762929E-6,
0.));
#10183=DIRECTION('ref_axis',(6.69498926762929E-6,0.999999999977589,0.));
#10184=DIRECTION('',(0.,0.,1.));
#10185=DIRECTION('center_axis',(0.,0.,-1.));
#10186=DIRECTION('ref_axis',(-1.,0.,0.));
#10187=DIRECTION('',(0.,0.,-1.));
#10188=DIRECTION('center_axis',(0.,0.,-1.));
#10189=DIRECTION('ref_axis',(-1.,4.27300548559191E-64,0.));
#10190=DIRECTION('',(0.,0.,-1.));
#10191=DIRECTION('center_axis',(0.,0.,-1.));
#10192=DIRECTION('ref_axis',(-1.,4.27300548559191E-64,0.));
#10193=DIRECTION('',(0.,0.,-1.));
#10194=DIRECTION('center_axis',(0.,0.,-1.));
#10195=DIRECTION('ref_axis',(-1.,0.,0.));
#10196=DIRECTION('',(0.,0.,-1.));
#10197=DIRECTION('center_axis',(0.,0.,-1.));
#10198=DIRECTION('ref_axis',(-1.,0.,0.));
#10199=DIRECTION('',(0.,0.,-1.));
#10200=DIRECTION('center_axis',(0.,0.,-1.));
#10201=DIRECTION('ref_axis',(-1.,0.,0.));
#10202=DIRECTION('',(0.,0.,-1.));
#10203=DIRECTION('center_axis',(0.,0.,-1.));
#10204=DIRECTION('ref_axis',(-1.,0.,0.));
#10205=DIRECTION('',(0.,0.,-1.));
#10206=DIRECTION('center_axis',(0.,0.,-1.));
#10207=DIRECTION('ref_axis',(-1.,0.,0.));
#10208=DIRECTION('',(0.,0.,-1.));
#10209=DIRECTION('center_axis',(0.,-1.,0.));
#10210=DIRECTION('ref_axis',(-1.,0.,2.46519032881566E-32));
#10211=DIRECTION('',(0.,0.,-1.));
#10212=DIRECTION('center_axis',(0.,0.,-1.));
#10213=DIRECTION('ref_axis',(-1.,-1.77635683940023E-14,0.));
#10214=DIRECTION('',(0.,0.,-1.));
#10215=DIRECTION('center_axis',(-1.,1.21543267145725E-63,0.));
#10216=DIRECTION('ref_axis',(1.21543267145725E-63,1.,3.7926004493563E-33));
#10217=DIRECTION('',(0.,0.,-1.));
#10218=DIRECTION('center_axis',(0.,0.,-1.));
#10219=DIRECTION('ref_axis',(1.23442380694874E-63,1.,0.));
#10220=DIRECTION('center_axis',(0.,0.,-1.));
#10221=DIRECTION('ref_axis',(1.,5.32907051820049E-14,0.));
#10222=DIRECTION('',(0.,0.,-1.));
#10223=DIRECTION('center_axis',(0.,0.,-1.));
#10224=DIRECTION('ref_axis',(1.06581410364006E-13,-1.,0.));
#10225=DIRECTION('',(0.,0.,-1.));
#10226=DIRECTION('center_axis',(0.,0.,-1.));
#10227=DIRECTION('ref_axis',(7.10542735760065E-14,-1.,0.));
#10228=DIRECTION('',(0.,0.,-1.));
#10229=DIRECTION('center_axis',(0.,-1.,0.));
#10230=DIRECTION('ref_axis',(-1.,0.,2.46519032881566E-32));
#10231=DIRECTION('',(0.,0.,-1.));
#10232=DIRECTION('center_axis',(0.,1.,0.));
#10233=DIRECTION('ref_axis',(1.,0.,-2.46519032881566E-32));
#10234=DIRECTION('',(0.,0.,-1.));
#10235=DIRECTION('center_axis',(0.,0.,-1.));
#10236=DIRECTION('ref_axis',(0.,1.,0.));
#10237=DIRECTION('',(0.,0.,-1.));
#10238=DIRECTION('center_axis',(-1.,0.,0.));
#10239=DIRECTION('ref_axis',(0.,1.,0.));
#10240=DIRECTION('',(0.,0.,-1.));
#10241=DIRECTION('center_axis',(0.,0.,-1.));
#10242=DIRECTION('ref_axis',(-1.,-1.77635683940023E-14,0.));
#10243=DIRECTION('center_axis',(-1.,0.,0.));
#10244=DIRECTION('ref_axis',(0.,-1.,0.));
#10245=DIRECTION('',(0.,0.,1.));
#10246=DIRECTION('',(0.,0.,1.));
#10247=DIRECTION('center_axis',(0.,-1.,0.));
#10248=DIRECTION('ref_axis',(1.,0.,0.));
#10249=DIRECTION('',(0.,0.,1.));
#10250=DIRECTION('center_axis',(1.,0.,0.));
#10251=DIRECTION('ref_axis',(0.,1.,0.));
#10252=DIRECTION('',(0.,0.,1.));
#10253=DIRECTION('center_axis',(0.,1.,0.));
#10254=DIRECTION('ref_axis',(-1.,0.,0.));
#10255=DIRECTION('center_axis',(-1.,0.,0.));
#10256=DIRECTION('ref_axis',(0.,-1.,0.));
#10257=DIRECTION('',(0.,0.,1.));
#10258=DIRECTION('',(0.,0.,1.));
#10259=DIRECTION('center_axis',(0.,-1.,0.));
#10260=DIRECTION('ref_axis',(1.,0.,0.));
#10261=DIRECTION('',(0.,0.,1.));
#10262=DIRECTION('center_axis',(1.,0.,0.));
#10263=DIRECTION('ref_axis',(0.,1.,0.));
#10264=DIRECTION('',(0.,0.,1.));
#10265=DIRECTION('center_axis',(0.,1.,0.));
#10266=DIRECTION('ref_axis',(-1.,0.,0.));
#10267=DIRECTION('center_axis',(-1.,0.,0.));
#10268=DIRECTION('ref_axis',(0.,-1.,0.));
#10269=DIRECTION('',(0.,0.,1.));
#10270=DIRECTION('',(0.,0.,1.));
#10271=DIRECTION('center_axis',(0.,-1.,0.));
#10272=DIRECTION('ref_axis',(1.,0.,0.));
#10273=DIRECTION('',(0.,0.,1.));
#10274=DIRECTION('center_axis',(1.,0.,0.));
#10275=DIRECTION('ref_axis',(0.,1.,0.));
#10276=DIRECTION('',(0.,0.,1.));
#10277=DIRECTION('center_axis',(0.,1.,0.));
#10278=DIRECTION('ref_axis',(-1.,0.,0.));
#10279=DIRECTION('center_axis',(-1.,0.,0.));
#10280=DIRECTION('ref_axis',(0.,-1.,0.));
#10281=DIRECTION('',(0.,0.,1.));
#10282=DIRECTION('',(0.,0.,1.));
#10283=DIRECTION('center_axis',(0.,-1.,0.));
#10284=DIRECTION('ref_axis',(1.,0.,0.));
#10285=DIRECTION('',(0.,0.,1.));
#10286=DIRECTION('center_axis',(1.,0.,0.));
#10287=DIRECTION('ref_axis',(0.,1.,0.));
#10288=DIRECTION('',(0.,0.,1.));
#10289=DIRECTION('center_axis',(0.,1.,0.));
#10290=DIRECTION('ref_axis',(-1.,0.,0.));
#10291=DIRECTION('center_axis',(-1.,0.,0.));
#10292=DIRECTION('ref_axis',(0.,-1.,0.));
#10293=DIRECTION('',(0.,0.,1.));
#10294=DIRECTION('',(0.,0.,1.));
#10295=DIRECTION('center_axis',(0.,-1.,0.));
#10296=DIRECTION('ref_axis',(1.,0.,0.));
#10297=DIRECTION('',(0.,0.,1.));
#10298=DIRECTION('center_axis',(1.,0.,0.));
#10299=DIRECTION('ref_axis',(0.,1.,0.));
#10300=DIRECTION('',(0.,0.,1.));
#10301=DIRECTION('center_axis',(0.,1.,0.));
#10302=DIRECTION('ref_axis',(-1.,0.,0.));
#10303=DIRECTION('center_axis',(1.,0.,0.));
#10304=DIRECTION('ref_axis',(0.,1.,0.));
#10305=DIRECTION('',(0.,0.,1.));
#10306=DIRECTION('',(0.,0.,1.));
#10307=DIRECTION('center_axis',(0.,-1.,0.));
#10308=DIRECTION('ref_axis',(1.,0.,0.));
#10309=DIRECTION('',(0.,0.,1.));
#10310=DIRECTION('center_axis',(-1.,0.,0.));
#10311=DIRECTION('ref_axis',(0.,-1.,0.));
#10312=DIRECTION('',(0.,0.,1.));
#10313=DIRECTION('center_axis',(0.,-1.,0.));
#10314=DIRECTION('ref_axis',(1.,0.,0.));
#10315=DIRECTION('',(0.,0.,1.));
#10316=DIRECTION('center_axis',(1.,0.,0.));
#10317=DIRECTION('ref_axis',(0.,1.,0.));
#10318=DIRECTION('',(0.,0.,1.));
#10319=DIRECTION('center_axis',(0.,-1.,0.));
#10320=DIRECTION('ref_axis',(1.,0.,0.));
#10321=DIRECTION('',(0.,0.,1.));
#10322=DIRECTION('center_axis',(1.,0.,0.));
#10323=DIRECTION('ref_axis',(0.,1.,0.));
#10324=DIRECTION('',(0.,0.,1.));
#10325=DIRECTION('center_axis',(0.,1.,0.));
#10326=DIRECTION('ref_axis',(-1.,0.,0.));
#10327=DIRECTION('',(0.,0.,1.));
#10328=DIRECTION('center_axis',(1.,0.,0.));
#10329=DIRECTION('ref_axis',(0.,1.,0.));
#10330=DIRECTION('',(0.,0.,1.));
#10331=DIRECTION('center_axis',(0.,1.,0.));
#10332=DIRECTION('ref_axis',(-1.,0.,0.));
#10333=DIRECTION('',(0.,0.,1.));
#10334=DIRECTION('center_axis',(1.,0.,0.));
#10335=DIRECTION('ref_axis',(0.,1.,0.));
#10336=DIRECTION('',(0.,0.,1.));
#10337=DIRECTION('center_axis',(0.,1.,0.));
#10338=DIRECTION('ref_axis',(-1.,0.,0.));
#10339=DIRECTION('',(0.,0.,1.));
#10340=DIRECTION('center_axis',(-1.,0.,0.));
#10341=DIRECTION('ref_axis',(0.,-1.,0.));
#10342=DIRECTION('',(0.,0.,1.));
#10343=DIRECTION('center_axis',(0.,1.,0.));
#10344=DIRECTION('ref_axis',(-1.,0.,0.));
#10345=DIRECTION('',(0.,0.,1.));
#10346=DIRECTION('center_axis',(-1.,0.,0.));
#10347=DIRECTION('ref_axis',(0.,-1.,0.));
#10348=DIRECTION('',(0.,0.,1.));
#10349=DIRECTION('center_axis',(0.,1.,0.));
#10350=DIRECTION('ref_axis',(-1.,0.,0.));
#10351=DIRECTION('',(0.,0.,1.));
#10352=DIRECTION('center_axis',(1.,0.,0.));
#10353=DIRECTION('ref_axis',(0.,1.,0.));
#10354=DIRECTION('',(0.,0.,1.));
#10355=DIRECTION('center_axis',(0.,1.,0.));
#10356=DIRECTION('ref_axis',(-1.,0.,0.));
#10357=DIRECTION('',(0.,0.,1.));
#10358=DIRECTION('center_axis',(-1.,0.,0.));
#10359=DIRECTION('ref_axis',(0.,-1.,0.));
#10360=DIRECTION('',(0.,0.,1.));
#10361=DIRECTION('center_axis',(0.,1.,0.));
#10362=DIRECTION('ref_axis',(-1.,0.,0.));
#10363=DIRECTION('',(0.,0.,1.));
#10364=DIRECTION('center_axis',(1.,0.,0.));
#10365=DIRECTION('ref_axis',(0.,1.,0.));
#10366=DIRECTION('',(0.,0.,1.));
#10367=DIRECTION('center_axis',(0.,1.,0.));
#10368=DIRECTION('ref_axis',(-1.,0.,0.));
#10369=DIRECTION('',(0.,0.,1.));
#10370=DIRECTION('center_axis',(1.,0.,0.));
#10371=DIRECTION('ref_axis',(0.,1.,0.));
#10372=DIRECTION('',(0.,0.,1.));
#10373=DIRECTION('center_axis',(0.,1.,0.));
#10374=DIRECTION('ref_axis',(-1.,0.,0.));
#10375=DIRECTION('',(0.,0.,1.));
#10376=DIRECTION('center_axis',(-1.,0.,0.));
#10377=DIRECTION('ref_axis',(0.,-1.,0.));
#10378=DIRECTION('',(0.,0.,1.));
#10379=DIRECTION('center_axis',(0.,1.,0.));
#10380=DIRECTION('ref_axis',(-1.,0.,0.));
#10381=DIRECTION('',(0.,0.,1.));
#10382=DIRECTION('center_axis',(-1.,0.,0.));
#10383=DIRECTION('ref_axis',(0.,-1.,0.));
#10384=DIRECTION('',(0.,0.,1.));
#10385=DIRECTION('center_axis',(0.,1.,0.));
#10386=DIRECTION('ref_axis',(-1.,0.,0.));
#10387=DIRECTION('',(0.,0.,1.));
#10388=DIRECTION('center_axis',(-1.,0.,0.));
#10389=DIRECTION('ref_axis',(0.,-1.,0.));
#10390=DIRECTION('',(0.,0.,1.));
#10391=DIRECTION('center_axis',(0.,-1.,0.));
#10392=DIRECTION('ref_axis',(1.,0.,0.));
#10393=DIRECTION('',(0.,0.,1.));
#10394=DIRECTION('center_axis',(-1.,0.,0.));
#10395=DIRECTION('ref_axis',(0.,-1.,0.));
#10396=DIRECTION('',(0.,0.,1.));
#10397=DIRECTION('center_axis',(0.,-1.,0.));
#10398=DIRECTION('ref_axis',(1.,0.,0.));
#10399=DIRECTION('',(0.,0.,1.));
#10400=DIRECTION('center_axis',(1.,0.,0.));
#10401=DIRECTION('ref_axis',(0.,1.,0.));
#10402=DIRECTION('',(0.,0.,1.));
#10403=DIRECTION('center_axis',(0.,-1.,0.));
#10404=DIRECTION('ref_axis',(1.,0.,0.));
#10405=DIRECTION('',(0.,0.,1.));
#10406=DIRECTION('center_axis',(-1.,0.,0.));
#10407=DIRECTION('ref_axis',(0.,-1.,0.));
#10408=DIRECTION('',(0.,0.,1.));
#10409=DIRECTION('center_axis',(0.,-1.,0.));
#10410=DIRECTION('ref_axis',(1.,0.,0.));
#10411=DIRECTION('center_axis',(1.,0.,0.));
#10412=DIRECTION('ref_axis',(0.,1.,0.));
#10413=DIRECTION('',(0.,0.,1.));
#10414=DIRECTION('',(0.,0.,1.));
#10415=DIRECTION('center_axis',(0.,1.,0.));
#10416=DIRECTION('ref_axis',(-1.,0.,0.));
#10417=DIRECTION('',(0.,0.,1.));
#10418=DIRECTION('center_axis',(-1.,0.,0.));
#10419=DIRECTION('ref_axis',(0.,-1.,0.));
#10420=DIRECTION('',(0.,0.,1.));
#10421=DIRECTION('center_axis',(0.,-1.,0.));
#10422=DIRECTION('ref_axis',(1.,0.,0.));
#10423=DIRECTION('center_axis',(-1.,0.,0.));
#10424=DIRECTION('ref_axis',(0.,-1.,0.));
#10425=DIRECTION('',(0.,0.,1.));
#10426=DIRECTION('',(0.,0.,1.));
#10427=DIRECTION('center_axis',(0.,-1.,0.));
#10428=DIRECTION('ref_axis',(1.,0.,0.));
#10429=DIRECTION('',(0.,0.,1.));
#10430=DIRECTION('center_axis',(1.,0.,0.));
#10431=DIRECTION('ref_axis',(0.,1.,0.));
#10432=DIRECTION('',(0.,0.,1.));
#10433=DIRECTION('center_axis',(-3.96536547119492E-17,1.,0.));
#10434=DIRECTION('ref_axis',(-1.,-3.96536547119492E-17,0.));
#10435=DIRECTION('center_axis',(-1.,0.,0.));
#10436=DIRECTION('ref_axis',(0.,-1.,0.));
#10437=DIRECTION('',(0.,0.,1.));
#10438=DIRECTION('',(0.,0.,1.));
#10439=DIRECTION('center_axis',(0.,-1.,0.));
#10440=DIRECTION('ref_axis',(1.,0.,0.));
#10441=DIRECTION('',(0.,0.,1.));
#10442=DIRECTION('center_axis',(1.,0.,0.));
#10443=DIRECTION('ref_axis',(0.,1.,0.));
#10444=DIRECTION('',(0.,0.,1.));
#10445=DIRECTION('center_axis',(0.,1.,0.));
#10446=DIRECTION('ref_axis',(-1.,0.,0.));
#10447=DIRECTION('center_axis',(-1.,0.,0.));
#10448=DIRECTION('ref_axis',(0.,-1.,0.));
#10449=DIRECTION('',(0.,0.,1.));
#10450=DIRECTION('',(0.,0.,1.));
#10451=DIRECTION('center_axis',(0.,-1.,0.));
#10452=DIRECTION('ref_axis',(1.,0.,0.));
#10453=DIRECTION('',(0.,0.,1.));
#10454=DIRECTION('center_axis',(1.,0.,0.));
#10455=DIRECTION('ref_axis',(0.,1.,0.));
#10456=DIRECTION('',(0.,0.,1.));
#10457=DIRECTION('center_axis',(0.,1.,0.));
#10458=DIRECTION('ref_axis',(-1.,0.,0.));
#10459=DIRECTION('center_axis',(-1.,0.,0.));
#10460=DIRECTION('ref_axis',(0.,-1.,0.));
#10461=DIRECTION('',(0.,0.,1.));
#10462=DIRECTION('',(0.,0.,1.));
#10463=DIRECTION('center_axis',(0.,-1.,0.));
#10464=DIRECTION('ref_axis',(1.,0.,0.));
#10465=DIRECTION('',(0.,0.,1.));
#10466=DIRECTION('center_axis',(1.,0.,0.));
#10467=DIRECTION('ref_axis',(0.,1.,0.));
#10468=DIRECTION('',(0.,0.,1.));
#10469=DIRECTION('center_axis',(-3.96528049482887E-17,1.,0.));
#10470=DIRECTION('ref_axis',(-1.,-3.96528049482887E-17,0.));
#10471=DIRECTION('center_axis',(-1.,0.,0.));
#10472=DIRECTION('ref_axis',(0.,-1.,0.));
#10473=DIRECTION('',(0.,0.,1.));
#10474=DIRECTION('',(0.,0.,1.));
#10475=DIRECTION('center_axis',(0.,-1.,0.));
#10476=DIRECTION('ref_axis',(1.,0.,0.));
#10477=DIRECTION('',(0.,0.,1.));
#10478=DIRECTION('center_axis',(1.,0.,0.));
#10479=DIRECTION('ref_axis',(0.,1.,0.));
#10480=DIRECTION('',(0.,0.,1.));
#10481=DIRECTION('center_axis',(-3.96522667834741E-17,1.,0.));
#10482=DIRECTION('ref_axis',(-1.,-3.96522667834741E-17,0.));
#10483=DIRECTION('center_axis',(-1.,0.,0.));
#10484=DIRECTION('ref_axis',(0.,-1.,0.));
#10485=DIRECTION('',(0.,0.,1.));
#10486=DIRECTION('',(0.,0.,1.));
#10487=DIRECTION('center_axis',(0.,-1.,0.));
#10488=DIRECTION('ref_axis',(1.,0.,0.));
#10489=DIRECTION('',(0.,0.,1.));
#10490=DIRECTION('center_axis',(1.,0.,0.));
#10491=DIRECTION('ref_axis',(0.,1.,0.));
#10492=DIRECTION('',(0.,0.,1.));
#10493=DIRECTION('center_axis',(-3.96536547119492E-17,1.,0.));
#10494=DIRECTION('ref_axis',(-1.,-3.96536547119492E-17,0.));
#10495=DIRECTION('center_axis',(-1.,0.,0.));
#10496=DIRECTION('ref_axis',(0.,-1.,0.));
#10497=DIRECTION('',(0.,0.,1.));
#10498=DIRECTION('',(0.,0.,1.));
#10499=DIRECTION('center_axis',(0.,-1.,0.));
#10500=DIRECTION('ref_axis',(1.,0.,0.));
#10501=DIRECTION('',(0.,0.,1.));
#10502=DIRECTION('center_axis',(1.,0.,0.));
#10503=DIRECTION('ref_axis',(0.,1.,0.));
#10504=DIRECTION('',(0.,0.,1.));
#10505=DIRECTION('center_axis',(0.,1.,0.));
#10506=DIRECTION('ref_axis',(-1.,0.,0.));
#10507=DIRECTION('center_axis',(1.,0.,0.));
#10508=DIRECTION('ref_axis',(0.,1.,0.));
#10509=DIRECTION('',(0.,0.,1.));
#10510=DIRECTION('',(0.,0.,1.));
#10511=DIRECTION('center_axis',(0.,-1.,0.));
#10512=DIRECTION('ref_axis',(1.,0.,0.));
#10513=DIRECTION('',(0.,0.,1.));
#10514=DIRECTION('center_axis',(-1.,0.,0.));
#10515=DIRECTION('ref_axis',(0.,-1.,0.));
#10516=DIRECTION('',(0.,0.,1.));
#10517=DIRECTION('center_axis',(0.,-1.,0.));
#10518=DIRECTION('ref_axis',(1.,0.,0.));
#10519=DIRECTION('',(0.,0.,1.));
#10520=DIRECTION('center_axis',(1.,0.,0.));
#10521=DIRECTION('ref_axis',(0.,1.,0.));
#10522=DIRECTION('',(0.,0.,1.));
#10523=DIRECTION('center_axis',(0.,-1.,0.));
#10524=DIRECTION('ref_axis',(1.,0.,0.));
#10525=DIRECTION('',(0.,0.,1.));
#10526=DIRECTION('center_axis',(1.,0.,0.));
#10527=DIRECTION('ref_axis',(0.,1.,0.));
#10528=DIRECTION('',(0.,0.,1.));
#10529=DIRECTION('center_axis',(0.,1.,0.));
#10530=DIRECTION('ref_axis',(-1.,0.,0.));
#10531=DIRECTION('',(0.,0.,1.));
#10532=DIRECTION('center_axis',(1.,0.,0.));
#10533=DIRECTION('ref_axis',(0.,1.,0.));
#10534=DIRECTION('',(0.,0.,1.));
#10535=DIRECTION('center_axis',(0.,1.,0.));
#10536=DIRECTION('ref_axis',(-1.,0.,0.));
#10537=DIRECTION('',(0.,0.,1.));
#10538=DIRECTION('center_axis',(1.,0.,0.));
#10539=DIRECTION('ref_axis',(0.,1.,0.));
#10540=DIRECTION('',(0.,0.,1.));
#10541=DIRECTION('center_axis',(0.,1.,0.));
#10542=DIRECTION('ref_axis',(-1.,0.,0.));
#10543=DIRECTION('',(0.,0.,1.));
#10544=DIRECTION('center_axis',(-1.,0.,0.));
#10545=DIRECTION('ref_axis',(0.,-1.,0.));
#10546=DIRECTION('',(0.,0.,1.));
#10547=DIRECTION('center_axis',(0.,1.,0.));
#10548=DIRECTION('ref_axis',(-1.,0.,0.));
#10549=DIRECTION('',(0.,0.,1.));
#10550=DIRECTION('center_axis',(-1.,0.,0.));
#10551=DIRECTION('ref_axis',(0.,-1.,0.));
#10552=DIRECTION('',(0.,0.,1.));
#10553=DIRECTION('center_axis',(0.,1.,0.));
#10554=DIRECTION('ref_axis',(-1.,0.,0.));
#10555=DIRECTION('',(0.,0.,1.));
#10556=DIRECTION('center_axis',(1.,0.,0.));
#10557=DIRECTION('ref_axis',(0.,1.,0.));
#10558=DIRECTION('',(0.,0.,1.));
#10559=DIRECTION('center_axis',(0.,1.,0.));
#10560=DIRECTION('ref_axis',(-1.,0.,0.));
#10561=DIRECTION('',(0.,0.,1.));
#10562=DIRECTION('center_axis',(-1.,0.,0.));
#10563=DIRECTION('ref_axis',(0.,-1.,0.));
#10564=DIRECTION('',(0.,0.,1.));
#10565=DIRECTION('center_axis',(0.,1.,0.));
#10566=DIRECTION('ref_axis',(-1.,0.,0.));
#10567=DIRECTION('',(0.,0.,1.));
#10568=DIRECTION('center_axis',(1.,0.,0.));
#10569=DIRECTION('ref_axis',(0.,1.,0.));
#10570=DIRECTION('',(0.,0.,1.));
#10571=DIRECTION('center_axis',(0.,1.,0.));
#10572=DIRECTION('ref_axis',(-1.,0.,0.));
#10573=DIRECTION('',(0.,0.,1.));
#10574=DIRECTION('center_axis',(1.,0.,0.));
#10575=DIRECTION('ref_axis',(0.,1.,0.));
#10576=DIRECTION('',(0.,0.,1.));
#10577=DIRECTION('center_axis',(0.,1.,0.));
#10578=DIRECTION('ref_axis',(-1.,0.,0.));
#10579=DIRECTION('',(0.,0.,1.));
#10580=DIRECTION('center_axis',(-1.,0.,0.));
#10581=DIRECTION('ref_axis',(0.,-1.,0.));
#10582=DIRECTION('',(0.,0.,1.));
#10583=DIRECTION('center_axis',(0.,1.,0.));
#10584=DIRECTION('ref_axis',(-1.,0.,0.));
#10585=DIRECTION('',(0.,0.,1.));
#10586=DIRECTION('center_axis',(-1.,0.,0.));
#10587=DIRECTION('ref_axis',(0.,-1.,0.));
#10588=DIRECTION('',(0.,0.,1.));
#10589=DIRECTION('center_axis',(0.,1.,0.));
#10590=DIRECTION('ref_axis',(-1.,0.,0.));
#10591=DIRECTION('',(0.,0.,1.));
#10592=DIRECTION('center_axis',(-1.,0.,0.));
#10593=DIRECTION('ref_axis',(0.,-1.,0.));
#10594=DIRECTION('',(0.,0.,1.));
#10595=DIRECTION('center_axis',(0.,-1.,0.));
#10596=DIRECTION('ref_axis',(1.,0.,0.));
#10597=DIRECTION('',(0.,0.,1.));
#10598=DIRECTION('center_axis',(-1.,0.,0.));
#10599=DIRECTION('ref_axis',(0.,-1.,0.));
#10600=DIRECTION('',(0.,0.,1.));
#10601=DIRECTION('center_axis',(0.,-1.,0.));
#10602=DIRECTION('ref_axis',(1.,0.,0.));
#10603=DIRECTION('',(0.,0.,1.));
#10604=DIRECTION('center_axis',(1.,0.,0.));
#10605=DIRECTION('ref_axis',(0.,1.,0.));
#10606=DIRECTION('',(0.,0.,1.));
#10607=DIRECTION('center_axis',(0.,-1.,0.));
#10608=DIRECTION('ref_axis',(1.,0.,0.));
#10609=DIRECTION('',(0.,0.,1.));
#10610=DIRECTION('center_axis',(-1.,0.,0.));
#10611=DIRECTION('ref_axis',(0.,-1.,0.));
#10612=DIRECTION('',(0.,0.,1.));
#10613=DIRECTION('center_axis',(0.,-1.,0.));
#10614=DIRECTION('ref_axis',(1.,0.,0.));
#10615=DIRECTION('center_axis',(-1.,0.,0.));
#10616=DIRECTION('ref_axis',(0.,-1.,0.));
#10617=DIRECTION('',(0.,0.,1.));
#10618=DIRECTION('',(0.,0.,1.));
#10619=DIRECTION('center_axis',(0.,-1.,0.));
#10620=DIRECTION('ref_axis',(1.,0.,0.));
#10621=DIRECTION('',(0.,0.,1.));
#10622=DIRECTION('center_axis',(1.,0.,0.));
#10623=DIRECTION('ref_axis',(0.,1.,0.));
#10624=DIRECTION('',(0.,0.,1.));
#10625=DIRECTION('center_axis',(-3.96536547119492E-17,1.,0.));
#10626=DIRECTION('ref_axis',(-1.,-3.96536547119492E-17,0.));
#10627=DIRECTION('center_axis',(-1.,0.,0.));
#10628=DIRECTION('ref_axis',(0.,-1.,0.));
#10629=DIRECTION('',(0.,0.,1.));
#10630=DIRECTION('',(0.,0.,1.));
#10631=DIRECTION('center_axis',(0.,-1.,0.));
#10632=DIRECTION('ref_axis',(1.,0.,0.));
#10633=DIRECTION('',(0.,0.,1.));
#10634=DIRECTION('center_axis',(1.,0.,0.));
#10635=DIRECTION('ref_axis',(0.,1.,0.));
#10636=DIRECTION('',(0.,0.,1.));
#10637=DIRECTION('center_axis',(0.,1.,0.));
#10638=DIRECTION('ref_axis',(-1.,0.,0.));
#10639=DIRECTION('center_axis',(-1.,0.,0.));
#10640=DIRECTION('ref_axis',(0.,-1.,0.));
#10641=DIRECTION('',(0.,0.,1.));
#10642=DIRECTION('',(0.,0.,1.));
#10643=DIRECTION('center_axis',(0.,-1.,0.));
#10644=DIRECTION('ref_axis',(1.,0.,0.));
#10645=DIRECTION('',(0.,0.,1.));
#10646=DIRECTION('center_axis',(1.,0.,0.));
#10647=DIRECTION('ref_axis',(0.,1.,0.));
#10648=DIRECTION('',(0.,0.,1.));
#10649=DIRECTION('center_axis',(0.,1.,0.));
#10650=DIRECTION('ref_axis',(-1.,0.,0.));
#10651=DIRECTION('center_axis',(-1.,0.,0.));
#10652=DIRECTION('ref_axis',(0.,-1.,0.));
#10653=DIRECTION('',(0.,0.,1.));
#10654=DIRECTION('',(0.,0.,1.));
#10655=DIRECTION('center_axis',(0.,-1.,0.));
#10656=DIRECTION('ref_axis',(1.,0.,0.));
#10657=DIRECTION('',(0.,0.,1.));
#10658=DIRECTION('center_axis',(1.,0.,0.));
#10659=DIRECTION('ref_axis',(0.,1.,0.));
#10660=DIRECTION('',(0.,0.,1.));
#10661=DIRECTION('center_axis',(0.,1.,0.));
#10662=DIRECTION('ref_axis',(-1.,0.,0.));
#10663=DIRECTION('center_axis',(-1.,0.,0.));
#10664=DIRECTION('ref_axis',(0.,-1.,0.));
#10665=DIRECTION('',(0.,0.,1.));
#10666=DIRECTION('',(0.,0.,1.));
#10667=DIRECTION('center_axis',(0.,-1.,0.));
#10668=DIRECTION('ref_axis',(1.,0.,0.));
#10669=DIRECTION('',(0.,0.,1.));
#10670=DIRECTION('center_axis',(1.,0.,0.));
#10671=DIRECTION('ref_axis',(0.,1.,0.));
#10672=DIRECTION('',(0.,0.,1.));
#10673=DIRECTION('center_axis',(0.,1.,0.));
#10674=DIRECTION('ref_axis',(-1.,0.,0.));
#10675=DIRECTION('center_axis',(-1.,0.,0.));
#10676=DIRECTION('ref_axis',(0.,-1.,0.));
#10677=DIRECTION('',(0.,0.,1.));
#10678=DIRECTION('',(0.,0.,1.));
#10679=DIRECTION('center_axis',(0.,-1.,0.));
#10680=DIRECTION('ref_axis',(1.,0.,0.));
#10681=DIRECTION('',(0.,0.,1.));
#10682=DIRECTION('center_axis',(1.,0.,0.));
#10683=DIRECTION('ref_axis',(0.,1.,0.));
#10684=DIRECTION('',(0.,0.,1.));
#10685=DIRECTION('center_axis',(0.,1.,0.));
#10686=DIRECTION('ref_axis',(-1.,0.,0.));
#10687=DIRECTION('center_axis',(-1.,0.,0.));
#10688=DIRECTION('ref_axis',(0.,-1.,0.));
#10689=DIRECTION('',(0.,0.,1.));
#10690=DIRECTION('',(0.,0.,1.));
#10691=DIRECTION('center_axis',(0.,-1.,0.));
#10692=DIRECTION('ref_axis',(1.,0.,0.));
#10693=DIRECTION('',(0.,0.,1.));
#10694=DIRECTION('center_axis',(1.,0.,0.));
#10695=DIRECTION('ref_axis',(0.,1.,0.));
#10696=DIRECTION('',(0.,0.,1.));
#10697=DIRECTION('center_axis',(0.,1.,0.));
#10698=DIRECTION('ref_axis',(-1.,0.,0.));
#10699=DIRECTION('center_axis',(-1.,0.,0.));
#10700=DIRECTION('ref_axis',(0.,-1.,0.));
#10701=DIRECTION('',(0.,0.,1.));
#10702=DIRECTION('',(0.,0.,1.));
#10703=DIRECTION('center_axis',(0.,-1.,0.));
#10704=DIRECTION('ref_axis',(1.,0.,0.));
#10705=DIRECTION('',(0.,0.,1.));
#10706=DIRECTION('center_axis',(1.,0.,0.));
#10707=DIRECTION('ref_axis',(0.,1.,0.));
#10708=DIRECTION('',(0.,0.,1.));
#10709=DIRECTION('center_axis',(0.,1.,0.));
#10710=DIRECTION('ref_axis',(-1.,0.,0.));
#10711=DIRECTION('center_axis',(-1.,0.,0.));
#10712=DIRECTION('ref_axis',(0.,-1.,0.));
#10713=DIRECTION('',(0.,0.,1.));
#10714=DIRECTION('',(0.,0.,1.));
#10715=DIRECTION('center_axis',(0.,-1.,0.));
#10716=DIRECTION('ref_axis',(1.,0.,0.));
#10717=DIRECTION('',(0.,0.,1.));
#10718=DIRECTION('center_axis',(1.,0.,0.));
#10719=DIRECTION('ref_axis',(0.,1.,0.));
#10720=DIRECTION('',(0.,0.,1.));
#10721=DIRECTION('center_axis',(-3.96536547119492E-17,1.,0.));
#10722=DIRECTION('ref_axis',(-1.,-3.96536547119492E-17,0.));
#10723=DIRECTION('center_axis',(-1.,0.,0.));
#10724=DIRECTION('ref_axis',(0.,-1.,0.));
#10725=DIRECTION('',(0.,0.,1.));
#10726=DIRECTION('',(0.,0.,1.));
#10727=DIRECTION('center_axis',(0.,-1.,0.));
#10728=DIRECTION('ref_axis',(1.,0.,0.));
#10729=DIRECTION('',(0.,0.,1.));
#10730=DIRECTION('center_axis',(1.,0.,0.));
#10731=DIRECTION('ref_axis',(0.,1.,0.));
#10732=DIRECTION('',(0.,0.,1.));
#10733=DIRECTION('center_axis',(0.,1.,0.));
#10734=DIRECTION('ref_axis',(-1.,0.,0.));
#10735=DIRECTION('center_axis',(-1.,0.,0.));
#10736=DIRECTION('ref_axis',(0.,-1.,0.));
#10737=DIRECTION('',(0.,0.,1.));
#10738=DIRECTION('',(0.,0.,1.));
#10739=DIRECTION('center_axis',(0.,-1.,0.));
#10740=DIRECTION('ref_axis',(1.,0.,0.));
#10741=DIRECTION('',(0.,0.,1.));
#10742=DIRECTION('center_axis',(1.,0.,0.));
#10743=DIRECTION('ref_axis',(0.,1.,0.));
#10744=DIRECTION('',(0.,0.,1.));
#10745=DIRECTION('center_axis',(0.,1.,0.));
#10746=DIRECTION('ref_axis',(-1.,0.,0.));
#10747=DIRECTION('center_axis',(-1.,0.,0.));
#10748=DIRECTION('ref_axis',(0.,-1.,0.));
#10749=DIRECTION('',(0.,0.,1.));
#10750=DIRECTION('',(0.,0.,1.));
#10751=DIRECTION('center_axis',(0.,-1.,0.));
#10752=DIRECTION('ref_axis',(1.,0.,0.));
#10753=DIRECTION('',(0.,0.,1.));
#10754=DIRECTION('center_axis',(1.,0.,0.));
#10755=DIRECTION('ref_axis',(0.,1.,0.));
#10756=DIRECTION('',(0.,0.,1.));
#10757=DIRECTION('center_axis',(0.,1.,0.));
#10758=DIRECTION('ref_axis',(-1.,0.,0.));
#10759=DIRECTION('center_axis',(-1.,0.,0.));
#10760=DIRECTION('ref_axis',(0.,-1.,0.));
#10761=DIRECTION('',(0.,0.,1.));
#10762=DIRECTION('',(0.,0.,1.));
#10763=DIRECTION('center_axis',(0.,-1.,0.));
#10764=DIRECTION('ref_axis',(1.,0.,0.));
#10765=DIRECTION('',(0.,0.,1.));
#10766=DIRECTION('center_axis',(1.,0.,0.));
#10767=DIRECTION('ref_axis',(0.,1.,0.));
#10768=DIRECTION('',(0.,0.,1.));
#10769=DIRECTION('center_axis',(0.,1.,0.));
#10770=DIRECTION('ref_axis',(-1.,0.,0.));
#10771=DIRECTION('center_axis',(-1.,0.,0.));
#10772=DIRECTION('ref_axis',(0.,-1.,0.));
#10773=DIRECTION('',(0.,0.,1.));
#10774=DIRECTION('',(0.,0.,1.));
#10775=DIRECTION('center_axis',(0.,-1.,0.));
#10776=DIRECTION('ref_axis',(1.,0.,0.));
#10777=DIRECTION('',(0.,0.,1.));
#10778=DIRECTION('center_axis',(1.,0.,0.));
#10779=DIRECTION('ref_axis',(0.,1.,0.));
#10780=DIRECTION('',(0.,0.,1.));
#10781=DIRECTION('center_axis',(0.,1.,0.));
#10782=DIRECTION('ref_axis',(-1.,0.,0.));
#10783=DIRECTION('center_axis',(-1.,0.,0.));
#10784=DIRECTION('ref_axis',(0.,-1.,0.));
#10785=DIRECTION('',(0.,0.,1.));
#10786=DIRECTION('',(0.,0.,1.));
#10787=DIRECTION('center_axis',(0.,-1.,0.));
#10788=DIRECTION('ref_axis',(1.,0.,0.));
#10789=DIRECTION('',(0.,0.,1.));
#10790=DIRECTION('center_axis',(1.,0.,0.));
#10791=DIRECTION('ref_axis',(0.,1.,0.));
#10792=DIRECTION('',(0.,0.,1.));
#10793=DIRECTION('center_axis',(0.,1.,0.));
#10794=DIRECTION('ref_axis',(-1.,0.,0.));
#10795=DIRECTION('center_axis',(-1.,0.,0.));
#10796=DIRECTION('ref_axis',(0.,-1.,0.));
#10797=DIRECTION('',(0.,0.,1.));
#10798=DIRECTION('',(0.,0.,1.));
#10799=DIRECTION('center_axis',(0.,-1.,0.));
#10800=DIRECTION('ref_axis',(1.,0.,0.));
#10801=DIRECTION('',(0.,0.,1.));
#10802=DIRECTION('center_axis',(1.,0.,0.));
#10803=DIRECTION('ref_axis',(0.,1.,0.));
#10804=DIRECTION('',(0.,0.,1.));
#10805=DIRECTION('center_axis',(0.,1.,0.));
#10806=DIRECTION('ref_axis',(-1.,0.,0.));
#10807=DIRECTION('center_axis',(1.,0.,0.));
#10808=DIRECTION('ref_axis',(0.,1.,0.));
#10809=DIRECTION('',(0.,0.,1.));
#10810=DIRECTION('',(0.,0.,1.));
#10811=DIRECTION('center_axis',(0.,-1.,0.));
#10812=DIRECTION('ref_axis',(1.,0.,0.));
#10813=DIRECTION('',(0.,0.,1.));
#10814=DIRECTION('center_axis',(-1.,0.,0.));
#10815=DIRECTION('ref_axis',(0.,-1.,0.));
#10816=DIRECTION('',(0.,0.,1.));
#10817=DIRECTION('center_axis',(0.,-1.,0.));
#10818=DIRECTION('ref_axis',(1.,0.,0.));
#10819=DIRECTION('',(0.,0.,1.));
#10820=DIRECTION('center_axis',(1.,0.,0.));
#10821=DIRECTION('ref_axis',(0.,1.,0.));
#10822=DIRECTION('',(0.,0.,1.));
#10823=DIRECTION('center_axis',(0.,-1.,0.));
#10824=DIRECTION('ref_axis',(1.,0.,0.));
#10825=DIRECTION('',(0.,0.,1.));
#10826=DIRECTION('center_axis',(1.,0.,0.));
#10827=DIRECTION('ref_axis',(0.,1.,0.));
#10828=DIRECTION('',(0.,0.,1.));
#10829=DIRECTION('center_axis',(0.,1.,0.));
#10830=DIRECTION('ref_axis',(-1.,0.,0.));
#10831=DIRECTION('',(0.,0.,1.));
#10832=DIRECTION('center_axis',(1.,0.,0.));
#10833=DIRECTION('ref_axis',(0.,1.,0.));
#10834=DIRECTION('',(0.,0.,1.));
#10835=DIRECTION('center_axis',(0.,1.,0.));
#10836=DIRECTION('ref_axis',(-1.,0.,0.));
#10837=DIRECTION('',(0.,0.,1.));
#10838=DIRECTION('center_axis',(1.,0.,0.));
#10839=DIRECTION('ref_axis',(0.,1.,0.));
#10840=DIRECTION('',(0.,0.,1.));
#10841=DIRECTION('center_axis',(0.,1.,0.));
#10842=DIRECTION('ref_axis',(-1.,0.,0.));
#10843=DIRECTION('',(0.,0.,1.));
#10844=DIRECTION('center_axis',(-1.,0.,0.));
#10845=DIRECTION('ref_axis',(0.,-1.,0.));
#10846=DIRECTION('',(0.,0.,1.));
#10847=DIRECTION('center_axis',(0.,1.,0.));
#10848=DIRECTION('ref_axis',(-1.,0.,0.));
#10849=DIRECTION('',(0.,0.,1.));
#10850=DIRECTION('center_axis',(-1.,0.,0.));
#10851=DIRECTION('ref_axis',(0.,-1.,0.));
#10852=DIRECTION('',(0.,0.,1.));
#10853=DIRECTION('center_axis',(0.,1.,0.));
#10854=DIRECTION('ref_axis',(-1.,0.,0.));
#10855=DIRECTION('',(0.,0.,1.));
#10856=DIRECTION('center_axis',(1.,0.,0.));
#10857=DIRECTION('ref_axis',(0.,1.,0.));
#10858=DIRECTION('',(0.,0.,1.));
#10859=DIRECTION('center_axis',(0.,1.,0.));
#10860=DIRECTION('ref_axis',(-1.,0.,0.));
#10861=DIRECTION('',(0.,0.,1.));
#10862=DIRECTION('center_axis',(-1.,0.,0.));
#10863=DIRECTION('ref_axis',(0.,-1.,0.));
#10864=DIRECTION('',(0.,0.,1.));
#10865=DIRECTION('center_axis',(0.,1.,0.));
#10866=DIRECTION('ref_axis',(-1.,0.,0.));
#10867=DIRECTION('',(0.,0.,1.));
#10868=DIRECTION('center_axis',(1.,0.,0.));
#10869=DIRECTION('ref_axis',(0.,1.,0.));
#10870=DIRECTION('',(0.,0.,1.));
#10871=DIRECTION('center_axis',(0.,1.,0.));
#10872=DIRECTION('ref_axis',(-1.,0.,0.));
#10873=DIRECTION('',(0.,0.,1.));
#10874=DIRECTION('center_axis',(1.,0.,0.));
#10875=DIRECTION('ref_axis',(0.,1.,0.));
#10876=DIRECTION('',(0.,0.,1.));
#10877=DIRECTION('center_axis',(0.,1.,0.));
#10878=DIRECTION('ref_axis',(-1.,0.,0.));
#10879=DIRECTION('',(0.,0.,1.));
#10880=DIRECTION('center_axis',(-1.,0.,0.));
#10881=DIRECTION('ref_axis',(0.,-1.,0.));
#10882=DIRECTION('',(0.,0.,1.));
#10883=DIRECTION('center_axis',(0.,1.,0.));
#10884=DIRECTION('ref_axis',(-1.,0.,0.));
#10885=DIRECTION('',(0.,0.,1.));
#10886=DIRECTION('center_axis',(-1.,0.,0.));
#10887=DIRECTION('ref_axis',(0.,-1.,0.));
#10888=DIRECTION('',(0.,0.,1.));
#10889=DIRECTION('center_axis',(0.,1.,0.));
#10890=DIRECTION('ref_axis',(-1.,0.,0.));
#10891=DIRECTION('',(0.,0.,1.));
#10892=DIRECTION('center_axis',(-1.,0.,0.));
#10893=DIRECTION('ref_axis',(0.,-1.,0.));
#10894=DIRECTION('',(0.,0.,1.));
#10895=DIRECTION('center_axis',(0.,-1.,0.));
#10896=DIRECTION('ref_axis',(1.,0.,0.));
#10897=DIRECTION('',(0.,0.,1.));
#10898=DIRECTION('center_axis',(-1.,0.,0.));
#10899=DIRECTION('ref_axis',(0.,-1.,0.));
#10900=DIRECTION('',(0.,0.,1.));
#10901=DIRECTION('center_axis',(0.,-1.,0.));
#10902=DIRECTION('ref_axis',(1.,0.,0.));
#10903=DIRECTION('',(0.,0.,1.));
#10904=DIRECTION('center_axis',(1.,0.,0.));
#10905=DIRECTION('ref_axis',(0.,1.,0.));
#10906=DIRECTION('',(0.,0.,1.));
#10907=DIRECTION('center_axis',(0.,-1.,0.));
#10908=DIRECTION('ref_axis',(1.,0.,0.));
#10909=DIRECTION('',(0.,0.,1.));
#10910=DIRECTION('center_axis',(-1.,0.,0.));
#10911=DIRECTION('ref_axis',(0.,-1.,0.));
#10912=DIRECTION('',(0.,0.,1.));
#10913=DIRECTION('center_axis',(0.,-1.,0.));
#10914=DIRECTION('ref_axis',(1.,0.,0.));
#10915=DIRECTION('center_axis',(-1.,0.,0.));
#10916=DIRECTION('ref_axis',(0.,-1.,0.));
#10917=DIRECTION('',(0.,0.,1.));
#10918=DIRECTION('',(0.,0.,1.));
#10919=DIRECTION('center_axis',(0.,-1.,0.));
#10920=DIRECTION('ref_axis',(1.,0.,0.));
#10921=DIRECTION('',(0.,0.,1.));
#10922=DIRECTION('center_axis',(1.,0.,0.));
#10923=DIRECTION('ref_axis',(0.,1.,0.));
#10924=DIRECTION('',(0.,0.,1.));
#10925=DIRECTION('center_axis',(0.,1.,0.));
#10926=DIRECTION('ref_axis',(-1.,0.,0.));
#10927=DIRECTION('center_axis',(-1.,0.,0.));
#10928=DIRECTION('ref_axis',(0.,-1.,0.));
#10929=DIRECTION('',(0.,0.,1.));
#10930=DIRECTION('',(0.,0.,1.));
#10931=DIRECTION('center_axis',(0.,-1.,0.));
#10932=DIRECTION('ref_axis',(1.,0.,0.));
#10933=DIRECTION('',(0.,0.,1.));
#10934=DIRECTION('center_axis',(1.,0.,0.));
#10935=DIRECTION('ref_axis',(0.,1.,0.));
#10936=DIRECTION('',(0.,0.,1.));
#10937=DIRECTION('center_axis',(-3.96485566762312E-17,1.,0.));
#10938=DIRECTION('ref_axis',(-1.,-3.96485566762312E-17,0.));
#10939=DIRECTION('center_axis',(-1.,0.,0.));
#10940=DIRECTION('ref_axis',(0.,-1.,0.));
#10941=DIRECTION('',(0.,0.,1.));
#10942=DIRECTION('',(0.,0.,1.));
#10943=DIRECTION('center_axis',(0.,-1.,0.));
#10944=DIRECTION('ref_axis',(1.,0.,0.));
#10945=DIRECTION('',(0.,0.,1.));
#10946=DIRECTION('center_axis',(1.,0.,0.));
#10947=DIRECTION('ref_axis',(0.,1.,0.));
#10948=DIRECTION('',(0.,0.,1.));
#10949=DIRECTION('center_axis',(0.,1.,0.));
#10950=DIRECTION('ref_axis',(-1.,0.,0.));
#10951=DIRECTION('center_axis',(-1.,0.,0.));
#10952=DIRECTION('ref_axis',(0.,-1.,0.));
#10953=DIRECTION('',(0.,0.,1.));
#10954=DIRECTION('',(0.,0.,1.));
#10955=DIRECTION('center_axis',(0.,-1.,0.));
#10956=DIRECTION('ref_axis',(1.,0.,0.));
#10957=DIRECTION('',(0.,0.,1.));
#10958=DIRECTION('center_axis',(1.,0.,0.));
#10959=DIRECTION('ref_axis',(0.,1.,0.));
#10960=DIRECTION('',(0.,0.,1.));
#10961=DIRECTION('center_axis',(0.,1.,0.));
#10962=DIRECTION('ref_axis',(-1.,0.,0.));
#10963=DIRECTION('center_axis',(-1.,0.,0.));
#10964=DIRECTION('ref_axis',(0.,-1.,0.));
#10965=DIRECTION('',(0.,0.,1.));
#10966=DIRECTION('',(0.,0.,1.));
#10967=DIRECTION('center_axis',(0.,-1.,0.));
#10968=DIRECTION('ref_axis',(1.,0.,0.));
#10969=DIRECTION('',(0.,0.,1.));
#10970=DIRECTION('center_axis',(1.,0.,0.));
#10971=DIRECTION('ref_axis',(0.,1.,0.));
#10972=DIRECTION('',(0.,0.,1.));
#10973=DIRECTION('center_axis',(0.,1.,0.));
#10974=DIRECTION('ref_axis',(-1.,0.,0.));
#10975=DIRECTION('center_axis',(-1.,0.,0.));
#10976=DIRECTION('ref_axis',(0.,-1.,0.));
#10977=DIRECTION('',(0.,0.,1.));
#10978=DIRECTION('',(0.,0.,1.));
#10979=DIRECTION('center_axis',(0.,-1.,0.));
#10980=DIRECTION('ref_axis',(1.,0.,0.));
#10981=DIRECTION('',(0.,0.,1.));
#10982=DIRECTION('center_axis',(1.,0.,0.));
#10983=DIRECTION('ref_axis',(0.,1.,0.));
#10984=DIRECTION('',(0.,0.,1.));
#10985=DIRECTION('center_axis',(0.,1.,0.));
#10986=DIRECTION('ref_axis',(-1.,0.,0.));
#10987=DIRECTION('center_axis',(-1.,0.,0.));
#10988=DIRECTION('ref_axis',(0.,-1.,0.));
#10989=DIRECTION('',(0.,0.,1.));
#10990=DIRECTION('',(0.,0.,1.));
#10991=DIRECTION('center_axis',(0.,-1.,0.));
#10992=DIRECTION('ref_axis',(1.,0.,0.));
#10993=DIRECTION('',(0.,0.,1.));
#10994=DIRECTION('center_axis',(1.,0.,0.));
#10995=DIRECTION('ref_axis',(0.,1.,0.));
#10996=DIRECTION('',(0.,0.,1.));
#10997=DIRECTION('center_axis',(0.,1.,0.));
#10998=DIRECTION('ref_axis',(-1.,0.,0.));
#10999=DIRECTION('center_axis',(-1.,0.,0.));
#11000=DIRECTION('ref_axis',(0.,-1.,0.));
#11001=DIRECTION('',(0.,0.,1.));
#11002=DIRECTION('',(0.,0.,1.));
#11003=DIRECTION('center_axis',(0.,-1.,0.));
#11004=DIRECTION('ref_axis',(1.,0.,0.));
#11005=DIRECTION('',(0.,0.,1.));
#11006=DIRECTION('center_axis',(1.,0.,0.));
#11007=DIRECTION('ref_axis',(0.,1.,0.));
#11008=DIRECTION('',(0.,0.,1.));
#11009=DIRECTION('center_axis',(0.,1.,0.));
#11010=DIRECTION('ref_axis',(-1.,0.,0.));
#11011=DIRECTION('center_axis',(-1.,0.,0.));
#11012=DIRECTION('ref_axis',(0.,-1.,0.));
#11013=DIRECTION('',(0.,0.,1.));
#11014=DIRECTION('',(0.,0.,1.));
#11015=DIRECTION('center_axis',(0.,-1.,0.));
#11016=DIRECTION('ref_axis',(1.,0.,0.));
#11017=DIRECTION('',(0.,0.,1.));
#11018=DIRECTION('center_axis',(1.,0.,0.));
#11019=DIRECTION('ref_axis',(0.,1.,0.));
#11020=DIRECTION('',(0.,0.,1.));
#11021=DIRECTION('center_axis',(0.,1.,0.));
#11022=DIRECTION('ref_axis',(-1.,0.,0.));
#11023=DIRECTION('center_axis',(-1.,0.,0.));
#11024=DIRECTION('ref_axis',(0.,-1.,0.));
#11025=DIRECTION('',(0.,0.,1.));
#11026=DIRECTION('',(0.,0.,1.));
#11027=DIRECTION('center_axis',(0.,-1.,0.));
#11028=DIRECTION('ref_axis',(1.,0.,0.));
#11029=DIRECTION('',(0.,0.,1.));
#11030=DIRECTION('center_axis',(1.,0.,0.));
#11031=DIRECTION('ref_axis',(0.,1.,0.));
#11032=DIRECTION('',(0.,0.,1.));
#11033=DIRECTION('center_axis',(0.,1.,0.));
#11034=DIRECTION('ref_axis',(-1.,0.,0.));
#11035=DIRECTION('center_axis',(-1.,0.,0.));
#11036=DIRECTION('ref_axis',(0.,-1.,0.));
#11037=DIRECTION('',(0.,0.,1.));
#11038=DIRECTION('',(0.,0.,1.));
#11039=DIRECTION('center_axis',(0.,-1.,0.));
#11040=DIRECTION('ref_axis',(1.,0.,0.));
#11041=DIRECTION('',(0.,0.,1.));
#11042=DIRECTION('center_axis',(1.,0.,0.));
#11043=DIRECTION('ref_axis',(0.,1.,0.));
#11044=DIRECTION('',(0.,0.,1.));
#11045=DIRECTION('center_axis',(0.,1.,0.));
#11046=DIRECTION('ref_axis',(-1.,0.,0.));
#11047=DIRECTION('center_axis',(-1.,0.,0.));
#11048=DIRECTION('ref_axis',(0.,-1.,0.));
#11049=DIRECTION('',(0.,0.,1.));
#11050=DIRECTION('',(0.,0.,1.));
#11051=DIRECTION('center_axis',(0.,-1.,0.));
#11052=DIRECTION('ref_axis',(1.,0.,0.));
#11053=DIRECTION('',(0.,0.,1.));
#11054=DIRECTION('center_axis',(1.,0.,0.));
#11055=DIRECTION('ref_axis',(0.,1.,0.));
#11056=DIRECTION('',(0.,0.,1.));
#11057=DIRECTION('center_axis',(0.,1.,0.));
#11058=DIRECTION('ref_axis',(-1.,0.,0.));
#11059=DIRECTION('center_axis',(-1.,0.,0.));
#11060=DIRECTION('ref_axis',(0.,-1.,0.));
#11061=DIRECTION('',(0.,0.,1.));
#11062=DIRECTION('',(0.,0.,1.));
#11063=DIRECTION('center_axis',(0.,-1.,0.));
#11064=DIRECTION('ref_axis',(1.,0.,0.));
#11065=DIRECTION('',(0.,0.,1.));
#11066=DIRECTION('center_axis',(1.,0.,0.));
#11067=DIRECTION('ref_axis',(0.,1.,0.));
#11068=DIRECTION('',(0.,0.,1.));
#11069=DIRECTION('center_axis',(-3.96536547119492E-17,1.,0.));
#11070=DIRECTION('ref_axis',(-1.,-3.96536547119492E-17,0.));
#11071=DIRECTION('center_axis',(-1.,0.,0.));
#11072=DIRECTION('ref_axis',(0.,-1.,0.));
#11073=DIRECTION('',(0.,0.,1.));
#11074=DIRECTION('',(0.,0.,1.));
#11075=DIRECTION('center_axis',(0.,-1.,0.));
#11076=DIRECTION('ref_axis',(1.,0.,0.));
#11077=DIRECTION('',(0.,0.,1.));
#11078=DIRECTION('center_axis',(1.,0.,0.));
#11079=DIRECTION('ref_axis',(0.,1.,0.));
#11080=DIRECTION('',(0.,0.,1.));
#11081=DIRECTION('center_axis',(0.,1.,0.));
#11082=DIRECTION('ref_axis',(-1.,0.,0.));
#11083=DIRECTION('center_axis',(-1.,0.,0.));
#11084=DIRECTION('ref_axis',(0.,-1.,0.));
#11085=DIRECTION('',(0.,0.,1.));
#11086=DIRECTION('',(0.,0.,1.));
#11087=DIRECTION('center_axis',(0.,-1.,0.));
#11088=DIRECTION('ref_axis',(1.,0.,0.));
#11089=DIRECTION('',(0.,0.,1.));
#11090=DIRECTION('center_axis',(1.,0.,0.));
#11091=DIRECTION('ref_axis',(0.,1.,0.));
#11092=DIRECTION('',(0.,0.,1.));
#11093=DIRECTION('center_axis',(0.,1.,0.));
#11094=DIRECTION('ref_axis',(-1.,0.,0.));
#11095=DIRECTION('center_axis',(-1.,0.,0.));
#11096=DIRECTION('ref_axis',(0.,-1.,0.));
#11097=DIRECTION('',(0.,0.,1.));
#11098=DIRECTION('',(0.,0.,1.));
#11099=DIRECTION('center_axis',(0.,-1.,0.));
#11100=DIRECTION('ref_axis',(1.,0.,0.));
#11101=DIRECTION('',(0.,0.,1.));
#11102=DIRECTION('center_axis',(1.,0.,0.));
#11103=DIRECTION('ref_axis',(0.,1.,0.));
#11104=DIRECTION('',(0.,0.,1.));
#11105=DIRECTION('center_axis',(0.,1.,0.));
#11106=DIRECTION('ref_axis',(-1.,0.,0.));
#11107=DIRECTION('center_axis',(-1.,0.,0.));
#11108=DIRECTION('ref_axis',(0.,-1.,0.));
#11109=DIRECTION('',(0.,0.,1.));
#11110=DIRECTION('',(0.,0.,1.));
#11111=DIRECTION('center_axis',(0.,-1.,0.));
#11112=DIRECTION('ref_axis',(1.,0.,0.));
#11113=DIRECTION('',(0.,0.,1.));
#11114=DIRECTION('center_axis',(1.,0.,0.));
#11115=DIRECTION('ref_axis',(0.,1.,0.));
#11116=DIRECTION('',(0.,0.,1.));
#11117=DIRECTION('center_axis',(0.,1.,0.));
#11118=DIRECTION('ref_axis',(-1.,0.,0.));
#11119=DIRECTION('center_axis',(-1.,0.,0.));
#11120=DIRECTION('ref_axis',(0.,-1.,0.));
#11121=DIRECTION('',(0.,0.,1.));
#11122=DIRECTION('',(0.,0.,1.));
#11123=DIRECTION('center_axis',(0.,-1.,0.));
#11124=DIRECTION('ref_axis',(1.,0.,0.));
#11125=DIRECTION('',(0.,0.,1.));
#11126=DIRECTION('center_axis',(1.,0.,0.));
#11127=DIRECTION('ref_axis',(0.,1.,0.));
#11128=DIRECTION('',(0.,0.,1.));
#11129=DIRECTION('center_axis',(0.,1.,0.));
#11130=DIRECTION('ref_axis',(-1.,0.,0.));
#11131=DIRECTION('center_axis',(-1.,0.,0.));
#11132=DIRECTION('ref_axis',(0.,-1.,0.));
#11133=DIRECTION('',(0.,0.,1.));
#11134=DIRECTION('',(0.,0.,1.));
#11135=DIRECTION('center_axis',(0.,-1.,0.));
#11136=DIRECTION('ref_axis',(1.,0.,0.));
#11137=DIRECTION('',(0.,0.,1.));
#11138=DIRECTION('center_axis',(1.,0.,0.));
#11139=DIRECTION('ref_axis',(0.,1.,0.));
#11140=DIRECTION('',(0.,0.,1.));
#11141=DIRECTION('center_axis',(0.,1.,0.));
#11142=DIRECTION('ref_axis',(-1.,0.,0.));
#11143=DIRECTION('center_axis',(-1.,0.,0.));
#11144=DIRECTION('ref_axis',(0.,-1.,0.));
#11145=DIRECTION('',(0.,0.,1.));
#11146=DIRECTION('',(0.,0.,1.));
#11147=DIRECTION('center_axis',(0.,-1.,0.));
#11148=DIRECTION('ref_axis',(1.,0.,0.));
#11149=DIRECTION('',(0.,0.,1.));
#11150=DIRECTION('center_axis',(1.,0.,0.));
#11151=DIRECTION('ref_axis',(0.,1.,0.));
#11152=DIRECTION('',(0.,0.,1.));
#11153=DIRECTION('center_axis',(0.,1.,0.));
#11154=DIRECTION('ref_axis',(-1.,0.,0.));
#11155=DIRECTION('center_axis',(-1.48821872139112E-16,1.,0.));
#11156=DIRECTION('ref_axis',(-1.,-1.48821872139112E-16,0.));
#11157=DIRECTION('',(0.,0.,1.));
#11158=DIRECTION('',(0.,0.,1.));
#11159=DIRECTION('center_axis',(0.,0.,1.));
#11160=DIRECTION('ref_axis',(-2.4681774301523E-15,-1.,0.));
#11161=DIRECTION('',(0.,0.,1.));
#11162=DIRECTION('center_axis',(0.,-1.,0.));
#11163=DIRECTION('ref_axis',(1.,0.,0.));
#11164=DIRECTION('',(0.,0.,1.));
#11165=DIRECTION('center_axis',(0.,0.,1.));
#11166=DIRECTION('ref_axis',(-3.08522178769038E-16,1.,0.));
#11167=DIRECTION('center_axis',(-1.,0.,0.));
#11168=DIRECTION('ref_axis',(0.,-1.,0.));
#11169=DIRECTION('',(0.,0.,1.));
#11170=DIRECTION('',(0.,0.,1.));
#11171=DIRECTION('center_axis',(0.,-1.,0.));
#11172=DIRECTION('ref_axis',(1.,0.,0.));
#11173=DIRECTION('',(0.,0.,1.));
#11174=DIRECTION('center_axis',(1.,0.,0.));
#11175=DIRECTION('ref_axis',(0.,1.,0.));
#11176=DIRECTION('',(0.,0.,1.));
#11177=DIRECTION('center_axis',(0.,1.,0.));
#11178=DIRECTION('ref_axis',(-1.,0.,0.));
#11179=DIRECTION('center_axis',(-1.,0.,0.));
#11180=DIRECTION('ref_axis',(0.,-1.,0.));
#11181=DIRECTION('',(0.,0.,1.));
#11182=DIRECTION('',(0.,0.,1.));
#11183=DIRECTION('center_axis',(0.,-1.,0.));
#11184=DIRECTION('ref_axis',(1.,0.,0.));
#11185=DIRECTION('',(0.,0.,1.));
#11186=DIRECTION('center_axis',(1.,0.,0.));
#11187=DIRECTION('ref_axis',(0.,1.,0.));
#11188=DIRECTION('',(0.,0.,1.));
#11189=DIRECTION('center_axis',(0.,1.,0.));
#11190=DIRECTION('ref_axis',(-1.,0.,0.));
#11191=DIRECTION('center_axis',(-1.,0.,0.));
#11192=DIRECTION('ref_axis',(0.,-1.,0.));
#11193=DIRECTION('',(0.,0.,1.));
#11194=DIRECTION('',(0.,0.,1.));
#11195=DIRECTION('center_axis',(0.,-1.,0.));
#11196=DIRECTION('ref_axis',(1.,0.,0.));
#11197=DIRECTION('',(0.,0.,1.));
#11198=DIRECTION('center_axis',(1.,0.,0.));
#11199=DIRECTION('ref_axis',(0.,1.,0.));
#11200=DIRECTION('',(0.,0.,1.));
#11201=DIRECTION('center_axis',(0.,1.,0.));
#11202=DIRECTION('ref_axis',(-1.,0.,0.));
#11203=DIRECTION('center_axis',(-1.,0.,0.));
#11204=DIRECTION('ref_axis',(0.,-1.,0.));
#11205=DIRECTION('',(0.,0.,1.));
#11206=DIRECTION('',(0.,0.,1.));
#11207=DIRECTION('center_axis',(0.,-1.,0.));
#11208=DIRECTION('ref_axis',(1.,0.,0.));
#11209=DIRECTION('',(0.,0.,1.));
#11210=DIRECTION('center_axis',(1.,0.,0.));
#11211=DIRECTION('ref_axis',(0.,1.,0.));
#11212=DIRECTION('',(0.,0.,1.));
#11213=DIRECTION('center_axis',(0.,1.,0.));
#11214=DIRECTION('ref_axis',(-1.,0.,0.));
#11215=DIRECTION('center_axis',(-1.,0.,0.));
#11216=DIRECTION('ref_axis',(0.,-1.,0.));
#11217=DIRECTION('',(0.,0.,1.));
#11218=DIRECTION('',(0.,0.,1.));
#11219=DIRECTION('center_axis',(0.,-1.,0.));
#11220=DIRECTION('ref_axis',(1.,0.,0.));
#11221=DIRECTION('',(0.,0.,1.));
#11222=DIRECTION('center_axis',(1.,0.,0.));
#11223=DIRECTION('ref_axis',(0.,1.,0.));
#11224=DIRECTION('',(0.,0.,1.));
#11225=DIRECTION('center_axis',(0.,1.,0.));
#11226=DIRECTION('ref_axis',(-1.,0.,0.));
#11227=DIRECTION('center_axis',(-1.,0.,0.));
#11228=DIRECTION('ref_axis',(0.,-1.,0.));
#11229=DIRECTION('',(0.,0.,1.));
#11230=DIRECTION('',(0.,0.,1.));
#11231=DIRECTION('center_axis',(0.,-1.,0.));
#11232=DIRECTION('ref_axis',(1.,0.,0.));
#11233=DIRECTION('',(0.,0.,1.));
#11234=DIRECTION('center_axis',(1.,0.,0.));
#11235=DIRECTION('ref_axis',(0.,1.,0.));
#11236=DIRECTION('',(0.,0.,1.));
#11237=DIRECTION('center_axis',(-3.96536547119492E-17,1.,0.));
#11238=DIRECTION('ref_axis',(-1.,-3.96536547119492E-17,0.));
#11239=DIRECTION('center_axis',(-1.,0.,0.));
#11240=DIRECTION('ref_axis',(0.,-1.,0.));
#11241=DIRECTION('',(0.,0.,1.));
#11242=DIRECTION('',(0.,0.,1.));
#11243=DIRECTION('center_axis',(0.,-1.,0.));
#11244=DIRECTION('ref_axis',(1.,0.,0.));
#11245=DIRECTION('',(0.,0.,1.));
#11246=DIRECTION('center_axis',(1.,0.,0.));
#11247=DIRECTION('ref_axis',(0.,1.,0.));
#11248=DIRECTION('',(0.,0.,1.));
#11249=DIRECTION('center_axis',(0.,1.,0.));
#11250=DIRECTION('ref_axis',(-1.,0.,0.));
#11251=DIRECTION('center_axis',(-1.,0.,0.));
#11252=DIRECTION('ref_axis',(0.,-1.,0.));
#11253=DIRECTION('',(0.,0.,1.));
#11254=DIRECTION('',(0.,0.,1.));
#11255=DIRECTION('center_axis',(0.,-1.,0.));
#11256=DIRECTION('ref_axis',(1.,0.,0.));
#11257=DIRECTION('',(0.,0.,1.));
#11258=DIRECTION('center_axis',(1.,0.,0.));
#11259=DIRECTION('ref_axis',(0.,1.,0.));
#11260=DIRECTION('',(0.,0.,1.));
#11261=DIRECTION('center_axis',(0.,1.,0.));
#11262=DIRECTION('ref_axis',(-1.,0.,0.));
#11263=DIRECTION('center_axis',(-1.,0.,0.));
#11264=DIRECTION('ref_axis',(0.,-1.,0.));
#11265=DIRECTION('',(0.,0.,1.));
#11266=DIRECTION('',(0.,0.,1.));
#11267=DIRECTION('center_axis',(0.,-1.,0.));
#11268=DIRECTION('ref_axis',(1.,0.,0.));
#11269=DIRECTION('',(0.,0.,1.));
#11270=DIRECTION('center_axis',(1.,0.,0.));
#11271=DIRECTION('ref_axis',(0.,1.,0.));
#11272=DIRECTION('',(0.,0.,1.));
#11273=DIRECTION('center_axis',(0.,1.,0.));
#11274=DIRECTION('ref_axis',(-1.,0.,0.));
#11275=DIRECTION('center_axis',(-1.,0.,0.));
#11276=DIRECTION('ref_axis',(0.,-1.,0.));
#11277=DIRECTION('',(0.,0.,1.));
#11278=DIRECTION('',(0.,0.,1.));
#11279=DIRECTION('center_axis',(0.,-1.,0.));
#11280=DIRECTION('ref_axis',(1.,0.,0.));
#11281=DIRECTION('',(0.,0.,1.));
#11282=DIRECTION('center_axis',(1.,0.,0.));
#11283=DIRECTION('ref_axis',(0.,1.,0.));
#11284=DIRECTION('',(0.,0.,1.));
#11285=DIRECTION('center_axis',(0.,1.,0.));
#11286=DIRECTION('ref_axis',(-1.,0.,0.));
#11287=DIRECTION('center_axis',(-1.,0.,0.));
#11288=DIRECTION('ref_axis',(0.,-1.,0.));
#11289=DIRECTION('',(0.,0.,1.));
#11290=DIRECTION('',(0.,0.,1.));
#11291=DIRECTION('center_axis',(0.,-1.,0.));
#11292=DIRECTION('ref_axis',(1.,0.,0.));
#11293=DIRECTION('',(0.,0.,1.));
#11294=DIRECTION('center_axis',(1.,-7.93056098965775E-17,0.));
#11295=DIRECTION('ref_axis',(7.93056098965775E-17,1.,0.));
#11296=DIRECTION('',(0.,0.,1.));
#11297=DIRECTION('center_axis',(0.,1.,0.));
#11298=DIRECTION('ref_axis',(-1.,0.,0.));
#11299=DIRECTION('center_axis',(-1.,0.,0.));
#11300=DIRECTION('ref_axis',(0.,-1.,0.));
#11301=DIRECTION('',(0.,0.,1.));
#11302=DIRECTION('',(0.,0.,1.));
#11303=DIRECTION('center_axis',(0.,-1.,0.));
#11304=DIRECTION('ref_axis',(1.,0.,0.));
#11305=DIRECTION('',(0.,0.,1.));
#11306=DIRECTION('center_axis',(1.,0.,0.));
#11307=DIRECTION('ref_axis',(0.,1.,0.));
#11308=DIRECTION('',(0.,0.,1.));
#11309=DIRECTION('center_axis',(0.,1.,0.));
#11310=DIRECTION('ref_axis',(-1.,0.,0.));
#11311=DIRECTION('center_axis',(-1.,0.,0.));
#11312=DIRECTION('ref_axis',(0.,-1.,0.));
#11313=DIRECTION('',(0.,0.,1.));
#11314=DIRECTION('',(0.,0.,1.));
#11315=DIRECTION('center_axis',(0.,-1.,0.));
#11316=DIRECTION('ref_axis',(1.,0.,0.));
#11317=DIRECTION('',(0.,0.,1.));
#11318=DIRECTION('center_axis',(1.,0.,0.));
#11319=DIRECTION('ref_axis',(0.,1.,0.));
#11320=DIRECTION('',(0.,0.,1.));
#11321=DIRECTION('center_axis',(0.,1.,0.));
#11322=DIRECTION('ref_axis',(-1.,0.,0.));
#11323=DIRECTION('center_axis',(-7.53972296477321E-8,0.999999999999997,
0.));
#11324=DIRECTION('ref_axis',(-0.999999999999997,-7.53972296477321E-8,0.));
#11325=DIRECTION('',(0.,0.,1.));
#11326=DIRECTION('',(0.,0.,1.));
#11327=DIRECTION('center_axis',(6.83162380721708E-6,0.999999999976664,0.));
#11328=DIRECTION('ref_axis',(-0.999999999976665,6.83162380721708E-6,0.));
#11329=DIRECTION('',(0.,0.,1.));
#11330=DIRECTION('center_axis',(0.,0.,1.));
#11331=DIRECTION('ref_axis',(0.999999999976665,-6.83160550625841E-6,0.));
#11332=DIRECTION('center_axis',(0.,0.,1.));
#11333=DIRECTION('ref_axis',(0.000299031075874555,-0.999999955290207,0.));
#11334=DIRECTION('',(0.,0.,1.));
#11335=DIRECTION('center_axis',(0.000299031075872897,-0.999999955290207,
0.));
#11336=DIRECTION('ref_axis',(0.999999955290207,0.000299031075872897,0.));
#11337=DIRECTION('',(0.,0.,1.));
#11338=DIRECTION('center_axis',(0.00052387321717105,-0.999999862778417,
0.));
#11339=DIRECTION('ref_axis',(0.999999862778417,0.00052387321717105,0.));
#11340=DIRECTION('',(0.,0.,1.));
#11341=DIRECTION('center_axis',(0.,0.,1.));
#11342=DIRECTION('ref_axis',(-0.999999999618407,2.7625823122411E-5,0.));
#11343=DIRECTION('',(0.,0.,1.));
#11344=DIRECTION('center_axis',(-0.999999999618144,2.76353541956579E-5,
0.));
#11345=DIRECTION('ref_axis',(-2.76353541956579E-5,-0.999999999618144,0.));
#11346=DIRECTION('',(0.,0.,1.));
#11347=DIRECTION('center_axis',(0.,0.,1.));
#11348=DIRECTION('ref_axis',(1.59707643221084E-8,1.,0.));
#11349=DIRECTION('',(0.,0.,1.));
#11350=DIRECTION('center_axis',(1.59707631494166E-8,1.,0.));
#11351=DIRECTION('ref_axis',(-1.,1.59707631494166E-8,0.));
#11352=DIRECTION('',(1.49186218934005E-16,0.,1.));
#11353=DIRECTION('',(1.,0.,-1.49186218934005E-16));
#11354=DIRECTION('',(0.,0.,1.));
#11355=DIRECTION('',(1.,0.,0.));
#11356=CARTESIAN_POINT('',(0.,0.,0.));
#11357=CARTESIAN_POINT('',(0.,0.,0.));
#11358=CARTESIAN_POINT('',(0.,0.,0.));
#11359=CARTESIAN_POINT('Origin',(330.390247553794,99.6510735546088,0.799999713897694));
#11360=CARTESIAN_POINT('',(322.390253005497,100.449270255189,0.743317874335438));
#11361=CARTESIAN_POINT('',(321.60549811641,100.449123759,0.74332865874723));
#11362=CARTESIAN_POINT('',(322.390253005497,100.449270255189,0.743317874335438));
#11363=CARTESIAN_POINT('',(330.390253005311,100.449215613115,0.743317874335438));
#11364=CARTESIAN_POINT('',(330.390253005311,100.449215613115,0.743317874335438));
#11365=CARTESIAN_POINT('',(330.390247553794,99.6510735546088,1.5999996960163));
#11366=CARTESIAN_POINT('Origin',(330.390247553793,99.6510735546088,0.799999713897694));
#11367=CARTESIAN_POINT('',(321.60549811641,99.6511335567242,1.5999996960163));
#11368=CARTESIAN_POINT('',(330.390247553794,99.6510735546088,1.5999996960163));
#11369=CARTESIAN_POINT('Origin',(321.60549811641,99.6511335567242,0.799999713897694));
#11370=CARTESIAN_POINT('Origin',(321.60549811641,102.753684008057,4.00000000000005));
#11371=CARTESIAN_POINT('',(321.60549811641,100.449275615268,0.));
#11372=CARTESIAN_POINT('',(321.60549811641,100.449275615268,2.37165893716774));
#11373=CARTESIAN_POINT('',(321.60549811641,88.7511338001039,1.5999996960163));
#11374=CARTESIAN_POINT('',(321.60549811641,95.752378903277,1.5999996960163));
#11375=CARTESIAN_POINT('',(321.60549811641,87.9537452550675,0.735412720903135));
#11376=CARTESIAN_POINT('Origin',(321.60549811641,88.7511338001039,0.799999713897694));
#11377=CARTESIAN_POINT('',(321.60549811641,87.9537452550675,0.));
#11378=CARTESIAN_POINT('',(321.60549811641,87.9537452550675,1.99999986588957));
#11379=CARTESIAN_POINT('',(321.60549811641,86.194272559659,4.77395900588817E-14));
#11380=CARTESIAN_POINT('',(321.60549811641,82.0254597096067,0.));
#11381=CARTESIAN_POINT('',(321.60549811641,86.194272559659,3.));
#11382=CARTESIAN_POINT('',(321.60549811641,86.194272559659,4.00000000000005));
#11383=CARTESIAN_POINT('',(321.60549811641,102.753684008057,3.));
#11384=CARTESIAN_POINT('',(321.60549811641,82.0254597096067,3.));
#11385=CARTESIAN_POINT('',(321.60549811641,102.753684008057,4.77395900588817E-14));
#11386=CARTESIAN_POINT('',(321.60549811641,102.753684008057,4.00000000000005));
#11387=CARTESIAN_POINT('',(321.60549811641,82.0254597096067,0.));
#11388=CARTESIAN_POINT('Origin',(158.567591594385,61.297235411156,0.));
#11389=CARTESIAN_POINT('',(322.390253005497,100.449270255189,-0.000951916503946215));
#11390=CARTESIAN_POINT('',(240.479056013035,100.449829729893,0.));
#11391=CARTESIAN_POINT('',(319.60549811641,104.753684008058,4.32986979603811E-14));
#11392=CARTESIAN_POINT('Origin',(319.60549811641,102.753684008057,0.));
#11393=CARTESIAN_POINT('',(287.693502871637,104.753684008058,3.88578058618805E-14));
#11394=CARTESIAN_POINT('',(223.130547233011,104.753684008058,0.));
#11395=CARTESIAN_POINT('',(285.693502871637,102.753684008057,3.88578058618805E-14));
#11396=CARTESIAN_POINT('Origin',(287.693502871637,102.753684008057,0.));
#11397=CARTESIAN_POINT('',(285.693502871637,86.259633528666,3.88578058618805E-14));
#11398=CARTESIAN_POINT('',(285.693502871637,73.778434469911,0.));
#11399=CARTESIAN_POINT('',(287.693502871637,84.259633528666,3.88578058618805E-14));
#11400=CARTESIAN_POINT('Origin',(287.693502871637,86.259633528666,0.));
#11401=CARTESIAN_POINT('',(319.789867432298,84.259633528666,4.77395900588817E-14));
#11402=CARTESIAN_POINT('',(239.178729513342,84.259633528666,0.));
#11403=CARTESIAN_POINT('',(320.365154372062,84.344158408249,4.77395900588817E-14));
#11404=CARTESIAN_POINT('Origin',(319.789867432298,86.259633528666,0.));
#11405=CARTESIAN_POINT('Origin',(319.60549811641,86.194272559659,0.));
#11406=CARTESIAN_POINT('',(330.3901676576,87.9536852534978,-2.68220912147399E-7));
#11407=CARTESIAN_POINT('',(244.478970665231,87.9542720492392,-1.65436122510606E-23));
#11408=CARTESIAN_POINT('',(330.389495949624,-10.389285136109,0.));
#11409=CARTESIAN_POINT('',(330.390406404605,122.907996475613,0.));
#11410=CARTESIAN_POINT('',(315.394070123576,-25.4408715660082,0.));
#11411=CARTESIAN_POINT('Origin',(315.389584657438,-10.4408722365754,0.));
#11412=CARTESIAN_POINT('',(303.697466775836,-25.4443692140477,0.));
#11413=CARTESIAN_POINT('',(315.394070123576,-25.4408715660082,0.));
#11414=CARTESIAN_POINT('',(1.75256599804735,-25.6025500823369,0.));
#11415=CARTESIAN_POINT('',(303.697466775836,-25.4443692140477,0.));
#11416=CARTESIAN_POINT('',(-13.2552920944991,-10.6021377533009,0.));
#11417=CARTESIAN_POINT('Origin',(1.74470789978984,-10.6025521406478,0.));
#11418=CARTESIAN_POINT('',(-13.2513196770313,133.141902516023,0.));
#11419=CARTESIAN_POINT('',(-13.2513196770313,133.141902516023,0.));
#11420=CARTESIAN_POINT('',(1.74857937044491,148.19700018511,0.));
#11421=CARTESIAN_POINT('Origin',(1.74857913088344,133.197000185083,0.));
#11422=CARTESIAN_POINT('',(7.87315173349555,148.197000087296,0.));
#11423=CARTESIAN_POINT('',(7.87315173349555,148.197000087296,0.));
#11424=CARTESIAN_POINT('',(311.275230830408,148.197022962973,0.));
#11425=CARTESIAN_POINT('',(7.87315173349555,148.197000087296,0.));
#11426=CARTESIAN_POINT('',(315.390576372786,148.196994848405,0.));
#11427=CARTESIAN_POINT('',(311.275230830408,148.197022962973,0.));
#11428=CARTESIAN_POINT('',(330.390475288643,133.196890984363,0.));
#11429=CARTESIAN_POINT('Origin',(315.390473898693,133.196993458455,0.));
#11430=CARTESIAN_POINT('',(330.390425823536,125.751070400169,2.0116562193806E-7));
#11431=CARTESIAN_POINT('',(330.390475288643,133.196890984363,0.));
#11432=CARTESIAN_POINT('',(318.794163397938,125.751149605647,2.0116562193806E-7));
#11433=CARTESIAN_POINT('',(330.390425823536,125.751070400169,0.));
#11434=CARTESIAN_POINT('',(318.693503393178,125.753684320982,4.32986979603811E-14));
#11435=CARTESIAN_POINT('Origin',(318.693503393178,123.753684320982,0.));
#11436=CARTESIAN_POINT('',(317.390425841087,125.753684320982,2.32658999649304E-6));
#11437=CARTESIAN_POINT('',(237.630547449078,125.753684320982,0.));
#11438=CARTESIAN_POINT('',(316.693503303771,125.753684320982,4.32986979603811E-14));
#11439=CARTESIAN_POINT('',(237.630547449078,125.753684320982,0.));
#11440=CARTESIAN_POINT('',(314.693503303771,123.753684320982,4.32986979603811E-14));
#11441=CARTESIAN_POINT('Origin',(316.693503303771,123.753684320982,0.));
#11442=CARTESIAN_POINT('',(314.693503303771,114.753684127267,4.32986979603811E-14));
#11443=CARTESIAN_POINT('',(314.693503303771,88.0254597692114,0.));
#11444=CARTESIAN_POINT('',(316.693503303771,112.753684127267,4.32986979603811E-14));
#11445=CARTESIAN_POINT('Origin',(316.693503303771,114.753684127267,0.));
#11446=CARTESIAN_POINT('',(317.390337047716,112.753684127267,2.0116566411834E-7));
#11447=CARTESIAN_POINT('',(238.630547493782,112.753684127267,0.));
#11448=CARTESIAN_POINT('',(317.390337030469,112.751159000127,2.01165664126535E-7));
#11449=CARTESIAN_POINT('',(317.39018350329,90.2736548549374,-1.38777878078145E-16));
#11450=CARTESIAN_POINT('',(330.390337030166,112.751070206757,2.01165664126535E-7));
#11451=CARTESIAN_POINT('',(330.390337030166,112.751070206757,0.));
#11452=CARTESIAN_POINT('',(330.390253005311,100.449215613115,-0.000951916503946215));
#11453=CARTESIAN_POINT('',(330.390406404605,122.907996475613,0.));
#11454=CARTESIAN_POINT('',(244.479056012942,100.449802408857,0.));
#11455=CARTESIAN_POINT('',(317.299382112935,-7.69677578978303,4.32986979603811E-14));
#11456=CARTESIAN_POINT('Origin',(315.711920112935,-7.69677578978303,0.));
#11457=CARTESIAN_POINT('',(4.2993821129361,132.303224210217,-1.11022302462516E-15));
#11458=CARTESIAN_POINT('Origin',(2.7119201129361,132.303224210217,0.));
#11459=CARTESIAN_POINT('',(4.2993821129361,-7.69677578978303,-1.11022302462516E-15));
#11460=CARTESIAN_POINT('Origin',(2.7119201129361,-7.69677578978303,0.));
#11461=CARTESIAN_POINT('',(317.299382112935,132.303224210217,4.32986979603811E-14));
#11462=CARTESIAN_POINT('Origin',(315.711920112935,132.303224210217,0.));
#11463=CARTESIAN_POINT('',(16.6192,78.9838,0.));
#11464=CARTESIAN_POINT('',(2.61965,78.9838,0.));
#11465=CARTESIAN_POINT('',(16.6192,78.9838,0.));
#11466=CARTESIAN_POINT('',(16.6192,92.9831,0.));
#11467=CARTESIAN_POINT('',(16.6192,92.9831,0.));
#11468=CARTESIAN_POINT('',(2.61965,92.9831,0.));
#11469=CARTESIAN_POINT('',(2.61965,92.9831,0.));
#11470=CARTESIAN_POINT('',(2.61965,78.9838,0.));
#11471=CARTESIAN_POINT('',(126.157,40.8838,0.));
#11472=CARTESIAN_POINT('',(112.157,40.8838,0.));
#11473=CARTESIAN_POINT('',(126.157,40.8838,0.));
#11474=CARTESIAN_POINT('',(126.157,54.8831,0.));
#11475=CARTESIAN_POINT('',(126.157,54.8831,0.));
#11476=CARTESIAN_POINT('',(112.157,54.8831,0.));
#11477=CARTESIAN_POINT('',(112.157,54.8831,0.));
#11478=CARTESIAN_POINT('',(112.157,40.8838,0.));
#11479=CARTESIAN_POINT('',(23.7629,40.8838,0.));
#11480=CARTESIAN_POINT('',(9.76203,40.8838,0.));
#11481=CARTESIAN_POINT('',(23.7629,40.8838,0.));
#11482=CARTESIAN_POINT('',(23.7629,54.8831,0.));
#11483=CARTESIAN_POINT('',(23.7629,54.8831,0.));
#11484=CARTESIAN_POINT('',(9.76203,54.8831,0.));
#11485=CARTESIAN_POINT('',(9.76203,54.8831,0.));
#11486=CARTESIAN_POINT('',(9.76203,40.8838,0.));
#11487=CARTESIAN_POINT('',(92.819,78.9838,0.));
#11488=CARTESIAN_POINT('',(78.8197,78.9838,0.));
#11489=CARTESIAN_POINT('',(92.819,78.9838,0.));
#11490=CARTESIAN_POINT('',(92.819,92.9831,0.));
#11491=CARTESIAN_POINT('',(92.819,92.9831,0.));
#11492=CARTESIAN_POINT('',(78.8197,92.9831,0.));
#11493=CARTESIAN_POINT('',(78.8197,92.9831,0.));
#11494=CARTESIAN_POINT('',(78.8197,78.9838,0.));
#11495=CARTESIAN_POINT('',(78.5315,21.8336,0.));
#11496=CARTESIAN_POINT('',(64.5322,21.8336,0.));
#11497=CARTESIAN_POINT('',(78.5315,21.8336,0.));
#11498=CARTESIAN_POINT('',(78.5315,35.833,0.));
#11499=CARTESIAN_POINT('',(78.5315,35.833,0.));
#11500=CARTESIAN_POINT('',(64.5322,35.833,0.));
#11501=CARTESIAN_POINT('',(64.5322,35.833,0.));
#11502=CARTESIAN_POINT('',(64.5322,21.8336,0.));
#11503=CARTESIAN_POINT('',(124.062,16.7845,0.));
#11504=CARTESIAN_POINT('',(138.063,16.7845,0.));
#11505=CARTESIAN_POINT('',(138.063,16.7845,0.));
#11506=CARTESIAN_POINT('',(124.062,12.0826,0.));
#11507=CARTESIAN_POINT('',(124.062,16.7845,0.));
#11508=CARTESIAN_POINT('',(84.4381,12.0826,0.));
#11509=CARTESIAN_POINT('',(124.062,12.0826,0.));
#11510=CARTESIAN_POINT('',(84.4381,15.3142,0.));
#11511=CARTESIAN_POINT('',(84.4381,12.0826,0.));
#11512=CARTESIAN_POINT('',(77.687,15.3142,0.));
#11513=CARTESIAN_POINT('',(84.4381,15.3142,0.));
#11514=CARTESIAN_POINT('',(77.687,12.0826,0.));
#11515=CARTESIAN_POINT('',(77.687,15.3142,0.));
#11516=CARTESIAN_POINT('',(76.8629,12.0826,0.));
#11517=CARTESIAN_POINT('',(77.687,12.0826,0.));
#11518=CARTESIAN_POINT('',(76.8629,9.28384,0.));
#11519=CARTESIAN_POINT('',(76.8629,12.0826,0.));
#11520=CARTESIAN_POINT('',(77.687,9.28384,0.));
#11521=CARTESIAN_POINT('',(76.8629,9.28384,0.));
#11522=CARTESIAN_POINT('',(77.687,3.01377,0.));
#11523=CARTESIAN_POINT('',(77.687,9.28384,0.));
#11524=CARTESIAN_POINT('',(79.412,3.01377,0.));
#11525=CARTESIAN_POINT('',(77.687,3.01377,0.));
#11526=CARTESIAN_POINT('',(79.412,1.81488,0.));
#11527=CARTESIAN_POINT('',(79.412,3.01377,0.));
#11528=CARTESIAN_POINT('',(82.7126,1.81488,0.));
#11529=CARTESIAN_POINT('',(79.412,1.81488,0.));
#11530=CARTESIAN_POINT('',(82.7126,3.01377,0.));
#11531=CARTESIAN_POINT('',(82.7126,1.81488,0.));
#11532=CARTESIAN_POINT('',(84.4381,3.01377,0.));
#11533=CARTESIAN_POINT('',(82.7126,3.01377,0.));
#11534=CARTESIAN_POINT('',(84.4381,7.48411,0.));
#11535=CARTESIAN_POINT('',(84.4381,3.01377,0.));
#11536=CARTESIAN_POINT('',(124.062,7.48411,0.));
#11537=CARTESIAN_POINT('',(84.4381,7.48411,0.));
#11538=CARTESIAN_POINT('',(124.062,2.78364,0.));
#11539=CARTESIAN_POINT('',(124.062,7.48411,0.));
#11540=CARTESIAN_POINT('',(138.063,2.78364,0.));
#11541=CARTESIAN_POINT('',(124.062,2.78364,0.));
#11542=CARTESIAN_POINT('',(138.063,7.48411,0.));
#11543=CARTESIAN_POINT('',(138.063,2.78364,0.));
#11544=CARTESIAN_POINT('',(177.687,7.48411,0.));
#11545=CARTESIAN_POINT('',(138.063,7.48411,0.));
#11546=CARTESIAN_POINT('',(177.687,3.01377,0.));
#11547=CARTESIAN_POINT('',(177.687,7.48411,0.));
#11548=CARTESIAN_POINT('',(179.412,3.01377,0.));
#11549=CARTESIAN_POINT('',(177.687,3.01377,0.));
#11550=CARTESIAN_POINT('',(179.412,1.81488,0.));
#11551=CARTESIAN_POINT('',(179.412,3.01377,0.));
#11552=CARTESIAN_POINT('',(182.713,1.81488,0.));
#11553=CARTESIAN_POINT('',(179.412,1.81488,0.));
#11554=CARTESIAN_POINT('',(182.713,3.01377,0.));
#11555=CARTESIAN_POINT('',(182.713,1.81488,0.));
#11556=CARTESIAN_POINT('',(184.438,3.01377,0.));
#11557=CARTESIAN_POINT('',(182.713,3.01377,0.));
#11558=CARTESIAN_POINT('',(184.438,9.28384,0.));
#11559=CARTESIAN_POINT('',(184.438,3.01377,0.));
#11560=CARTESIAN_POINT('',(185.262,9.28384,0.));
#11561=CARTESIAN_POINT('',(184.438,9.28384,0.));
#11562=CARTESIAN_POINT('',(185.262,12.0826,0.));
#11563=CARTESIAN_POINT('',(185.262,9.28384,0.));
#11564=CARTESIAN_POINT('',(184.438,12.0826,0.));
#11565=CARTESIAN_POINT('',(185.262,12.0826,0.));
#11566=CARTESIAN_POINT('',(184.438,15.3142,0.));
#11567=CARTESIAN_POINT('',(184.438,12.0826,0.));
#11568=CARTESIAN_POINT('',(177.687,15.3142,0.));
#11569=CARTESIAN_POINT('',(184.438,15.3142,0.));
#11570=CARTESIAN_POINT('',(177.687,12.0826,0.));
#11571=CARTESIAN_POINT('',(177.687,15.3142,0.));
#11572=CARTESIAN_POINT('',(138.063,12.0826,0.));
#11573=CARTESIAN_POINT('',(177.687,12.0826,0.));
#11574=CARTESIAN_POINT('',(138.063,12.0826,0.));
#11575=CARTESIAN_POINT('',(257.412,54.8831,0.));
#11576=CARTESIAN_POINT('',(271.413,54.8831,0.));
#11577=CARTESIAN_POINT('',(271.413,54.8831,0.));
#11578=CARTESIAN_POINT('',(257.412,40.8838,0.));
#11579=CARTESIAN_POINT('',(257.412,45.5828,0.));
#11580=CARTESIAN_POINT('',(271.413,40.8838,0.));
#11581=CARTESIAN_POINT('',(257.412,40.8838,0.));
#11582=CARTESIAN_POINT('',(271.413,50.1826,0.));
#11583=CARTESIAN_POINT('',(302.369,2.78364,0.));
#11584=CARTESIAN_POINT('',(288.37,2.78364,0.));
#11585=CARTESIAN_POINT('',(302.369,2.78364,0.));
#11586=CARTESIAN_POINT('',(302.369,16.7845,0.));
#11587=CARTESIAN_POINT('',(302.369,16.7845,0.));
#11588=CARTESIAN_POINT('',(288.37,16.7845,0.));
#11589=CARTESIAN_POINT('',(288.37,16.7845,0.));
#11590=CARTESIAN_POINT('',(288.37,2.78364,0.));
#11591=CARTESIAN_POINT('',(59.4815,21.8336,0.));
#11592=CARTESIAN_POINT('',(45.4822,21.8336,0.));
#11593=CARTESIAN_POINT('',(59.4815,21.8336,0.));
#11594=CARTESIAN_POINT('',(59.4815,35.833,0.));
#11595=CARTESIAN_POINT('',(59.4815,35.833,0.));
#11596=CARTESIAN_POINT('',(45.4822,35.833,0.));
#11597=CARTESIAN_POINT('',(45.4822,35.833,0.));
#11598=CARTESIAN_POINT('',(45.4822,21.8336,0.));
#11599=CARTESIAN_POINT('',(145.207,40.8838,0.));
#11600=CARTESIAN_POINT('',(131.207,40.8838,0.));
#11601=CARTESIAN_POINT('',(145.207,40.8838,0.));
#11602=CARTESIAN_POINT('',(145.207,54.8831,0.));
#11603=CARTESIAN_POINT('',(145.207,54.8831,0.));
#11604=CARTESIAN_POINT('',(131.207,54.8831,0.));
#11605=CARTESIAN_POINT('',(131.207,54.8831,0.));
#11606=CARTESIAN_POINT('',(131.207,40.8838,0.));
#11607=CARTESIAN_POINT('',(66.6253,2.78364,0.));
#11608=CARTESIAN_POINT('',(52.626,2.78364,0.));
#11609=CARTESIAN_POINT('',(66.6253,2.78364,0.));
#11610=CARTESIAN_POINT('',(66.6253,16.7845,0.));
#11611=CARTESIAN_POINT('',(66.6253,16.7845,0.));
#11612=CARTESIAN_POINT('',(52.626,16.7845,0.));
#11613=CARTESIAN_POINT('',(52.626,16.7845,0.));
#11614=CARTESIAN_POINT('',(52.626,2.78364,0.));
#11615=CARTESIAN_POINT('',(19.0004,2.78364,0.));
#11616=CARTESIAN_POINT('',(5.00091,2.78364,0.));
#11617=CARTESIAN_POINT('',(19.0004,2.78364,0.));
#11618=CARTESIAN_POINT('',(19.0004,16.7845,0.));
#11619=CARTESIAN_POINT('',(19.0004,16.7845,0.));
#11620=CARTESIAN_POINT('',(5.00091,16.7845,0.));
#11621=CARTESIAN_POINT('',(5.00091,16.7845,0.));
#11622=CARTESIAN_POINT('',(5.00091,2.78364,0.));
#11623=CARTESIAN_POINT('',(283.319,2.78364,0.));
#11624=CARTESIAN_POINT('',(269.32,2.78364,0.));
#11625=CARTESIAN_POINT('',(283.319,2.78364,0.));
#11626=CARTESIAN_POINT('',(283.319,16.7845,0.));
#11627=CARTESIAN_POINT('',(283.319,16.7845,0.));
#11628=CARTESIAN_POINT('',(269.32,16.7845,0.));
#11629=CARTESIAN_POINT('',(269.32,16.7845,0.));
#11630=CARTESIAN_POINT('',(269.32,2.78364,0.));
#11631=CARTESIAN_POINT('',(154.732,21.8336,0.));
#11632=CARTESIAN_POINT('',(140.732,21.8336,0.));
#11633=CARTESIAN_POINT('',(154.732,21.8336,0.));
#11634=CARTESIAN_POINT('',(154.732,35.833,0.));
#11635=CARTESIAN_POINT('',(154.732,35.833,0.));
#11636=CARTESIAN_POINT('',(140.732,35.833,0.));
#11637=CARTESIAN_POINT('',(140.732,35.833,0.));
#11638=CARTESIAN_POINT('',(140.732,21.8336,0.));
#11639=CARTESIAN_POINT('',(269.32,73.9331,0.));
#11640=CARTESIAN_POINT('',(283.319,73.9331,0.));
#11641=CARTESIAN_POINT('',(283.319,73.9331,0.));
#11642=CARTESIAN_POINT('',(269.32,69.2326,0.));
#11643=CARTESIAN_POINT('',(269.32,73.9331,0.));
#11644=CARTESIAN_POINT('',(267.794,69.2326,0.));
#11645=CARTESIAN_POINT('',(269.32,69.2326,0.));
#11646=CARTESIAN_POINT('',(267.794,72.4627,0.));
#11647=CARTESIAN_POINT('',(267.794,69.2326,0.));
#11648=CARTESIAN_POINT('',(261.045,72.4627,0.));
#11649=CARTESIAN_POINT('',(267.794,72.4627,0.));
#11650=CARTESIAN_POINT('',(261.045,69.2326,0.));
#11651=CARTESIAN_POINT('',(261.045,72.4627,0.));
#11652=CARTESIAN_POINT('',(260.219,69.2326,0.));
#11653=CARTESIAN_POINT('',(261.045,69.2326,0.));
#11654=CARTESIAN_POINT('',(260.219,66.4337,0.));
#11655=CARTESIAN_POINT('',(260.219,69.2326,0.));
#11656=CARTESIAN_POINT('',(261.045,66.4337,0.));
#11657=CARTESIAN_POINT('',(260.219,66.4337,0.));
#11658=CARTESIAN_POINT('',(261.045,60.1638,0.));
#11659=CARTESIAN_POINT('',(261.045,66.4337,0.));
#11660=CARTESIAN_POINT('',(262.77,60.1638,0.));
#11661=CARTESIAN_POINT('',(261.045,60.1638,0.));
#11662=CARTESIAN_POINT('',(262.77,58.9636,0.));
#11663=CARTESIAN_POINT('',(262.77,60.1638,0.));
#11664=CARTESIAN_POINT('',(266.069,58.9636,0.));
#11665=CARTESIAN_POINT('',(262.77,58.9636,0.));
#11666=CARTESIAN_POINT('',(266.069,60.1638,0.));
#11667=CARTESIAN_POINT('',(266.069,58.9636,0.));
#11668=CARTESIAN_POINT('',(267.794,60.1638,0.));
#11669=CARTESIAN_POINT('',(266.069,60.1638,0.));
#11670=CARTESIAN_POINT('',(267.794,64.6328,0.));
#11671=CARTESIAN_POINT('',(267.794,60.1638,0.));
#11672=CARTESIAN_POINT('',(269.32,64.6328,0.));
#11673=CARTESIAN_POINT('',(267.794,64.6328,0.));
#11674=CARTESIAN_POINT('',(269.32,59.9338,0.));
#11675=CARTESIAN_POINT('',(269.32,64.6328,0.));
#11676=CARTESIAN_POINT('',(283.319,59.9338,0.));
#11677=CARTESIAN_POINT('',(269.32,59.9338,0.));
#11678=CARTESIAN_POINT('',(283.319,64.6328,0.));
#11679=CARTESIAN_POINT('',(283.319,59.9338,0.));
#11680=CARTESIAN_POINT('',(284.845,64.6328,0.));
#11681=CARTESIAN_POINT('',(283.319,64.6328,0.));
#11682=CARTESIAN_POINT('',(284.845,60.1638,0.));
#11683=CARTESIAN_POINT('',(284.845,64.6328,0.));
#11684=CARTESIAN_POINT('',(286.57,60.1638,0.));
#11685=CARTESIAN_POINT('',(284.845,60.1638,0.));
#11686=CARTESIAN_POINT('',(286.57,58.9636,0.));
#11687=CARTESIAN_POINT('',(286.57,60.1638,0.));
#11688=CARTESIAN_POINT('',(289.869,58.9636,0.));
#11689=CARTESIAN_POINT('',(286.57,58.9636,0.));
#11690=CARTESIAN_POINT('',(289.869,60.1638,0.));
#11691=CARTESIAN_POINT('',(289.869,58.9636,0.));
#11692=CARTESIAN_POINT('',(291.594,60.1638,0.));
#11693=CARTESIAN_POINT('',(289.869,60.1638,0.));
#11694=CARTESIAN_POINT('',(291.594,66.4337,0.));
#11695=CARTESIAN_POINT('',(291.594,60.1638,0.));
#11696=CARTESIAN_POINT('',(292.42,66.4337,0.));
#11697=CARTESIAN_POINT('',(291.594,66.4337,0.));
#11698=CARTESIAN_POINT('',(292.42,69.2326,0.));
#11699=CARTESIAN_POINT('',(292.42,66.4337,0.));
#11700=CARTESIAN_POINT('',(291.594,69.2326,0.));
#11701=CARTESIAN_POINT('',(292.42,69.2326,0.));
#11702=CARTESIAN_POINT('',(291.594,72.4627,0.));
#11703=CARTESIAN_POINT('',(291.594,69.2326,0.));
#11704=CARTESIAN_POINT('',(284.845,72.4627,0.));
#11705=CARTESIAN_POINT('',(291.594,72.4627,0.));
#11706=CARTESIAN_POINT('',(284.845,69.2326,0.));
#11707=CARTESIAN_POINT('',(284.845,72.4627,0.));
#11708=CARTESIAN_POINT('',(283.319,69.2326,0.));
#11709=CARTESIAN_POINT('',(284.845,69.2326,0.));
#11710=CARTESIAN_POINT('',(283.319,69.2326,0.));
#11711=CARTESIAN_POINT('',(245.219,2.78364,0.));
#11712=CARTESIAN_POINT('',(231.22,2.78364,0.));
#11713=CARTESIAN_POINT('',(245.219,2.78364,0.));
#11714=CARTESIAN_POINT('',(245.219,16.7845,0.));
#11715=CARTESIAN_POINT('',(245.219,16.7845,0.));
#11716=CARTESIAN_POINT('',(231.22,16.7845,0.));
#11717=CARTESIAN_POINT('',(231.22,16.7845,0.));
#11718=CARTESIAN_POINT('',(231.22,2.78364,0.));
#11719=CARTESIAN_POINT('',(35.669,78.9838,0.));
#11720=CARTESIAN_POINT('',(21.6697,78.9838,0.));
#11721=CARTESIAN_POINT('',(35.669,78.9838,0.));
#11722=CARTESIAN_POINT('',(35.669,92.9831,0.));
#11723=CARTESIAN_POINT('',(35.669,92.9831,0.));
#11724=CARTESIAN_POINT('',(21.6697,92.9831,0.));
#11725=CARTESIAN_POINT('',(21.6697,92.9831,0.));
#11726=CARTESIAN_POINT('',(21.6697,78.9838,0.));
#11727=CARTESIAN_POINT('',(73.769,78.9838,0.));
#11728=CARTESIAN_POINT('',(59.7697,78.9838,0.));
#11729=CARTESIAN_POINT('',(73.769,78.9838,0.));
#11730=CARTESIAN_POINT('',(73.769,92.9831,0.));
#11731=CARTESIAN_POINT('',(73.769,92.9831,0.));
#11732=CARTESIAN_POINT('',(59.7697,92.9831,0.));
#11733=CARTESIAN_POINT('',(59.7697,92.9831,0.));
#11734=CARTESIAN_POINT('',(59.7697,78.9838,0.));
#11735=CARTESIAN_POINT('',(307.132,40.8838,0.));
#11736=CARTESIAN_POINT('',(293.132,40.8838,0.));
#11737=CARTESIAN_POINT('',(307.132,40.8838,0.));
#11738=CARTESIAN_POINT('',(307.132,54.8831,0.));
#11739=CARTESIAN_POINT('',(307.132,54.8831,0.));
#11740=CARTESIAN_POINT('',(293.132,54.8831,0.));
#11741=CARTESIAN_POINT('',(293.132,54.8831,0.));
#11742=CARTESIAN_POINT('',(293.132,40.8838,0.));
#11743=CARTESIAN_POINT('',(264.269,78.9838,0.));
#11744=CARTESIAN_POINT('',(250.27,78.9838,0.));
#11745=CARTESIAN_POINT('',(264.269,78.9838,0.));
#11746=CARTESIAN_POINT('',(264.269,92.9831,0.));
#11747=CARTESIAN_POINT('',(264.269,92.9831,0.));
#11748=CARTESIAN_POINT('',(250.27,92.9831,0.));
#11749=CARTESIAN_POINT('',(250.27,92.9831,0.));
#11750=CARTESIAN_POINT('',(250.27,78.9838,0.));
#11751=CARTESIAN_POINT('',(140.444,59.9338,0.));
#11752=CARTESIAN_POINT('',(126.445,59.9338,0.));
#11753=CARTESIAN_POINT('',(140.444,59.9338,0.));
#11754=CARTESIAN_POINT('',(140.444,73.9331,0.));
#11755=CARTESIAN_POINT('',(140.444,73.9331,0.));
#11756=CARTESIAN_POINT('',(126.445,73.9331,0.));
#11757=CARTESIAN_POINT('',(126.445,73.9331,0.));
#11758=CARTESIAN_POINT('',(126.445,59.9338,0.));
#11759=CARTESIAN_POINT('',(211.882,21.8336,0.));
#11760=CARTESIAN_POINT('',(197.882,21.8336,0.));
#11761=CARTESIAN_POINT('',(211.882,21.8336,0.));
#11762=CARTESIAN_POINT('',(211.882,35.833,0.));
#11763=CARTESIAN_POINT('',(211.882,35.833,0.));
#11764=CARTESIAN_POINT('',(197.882,35.833,0.));
#11765=CARTESIAN_POINT('',(197.882,35.833,0.));
#11766=CARTESIAN_POINT('',(197.882,21.8336,0.));
#11767=CARTESIAN_POINT('',(230.932,21.8336,0.));
#11768=CARTESIAN_POINT('',(216.932,21.8336,0.));
#11769=CARTESIAN_POINT('',(230.932,21.8336,0.));
#11770=CARTESIAN_POINT('',(230.932,35.833,0.));
#11771=CARTESIAN_POINT('',(230.932,35.833,0.));
#11772=CARTESIAN_POINT('',(216.932,35.833,0.));
#11773=CARTESIAN_POINT('',(216.932,35.833,0.));
#11774=CARTESIAN_POINT('',(216.932,21.8336,0.));
#11775=CARTESIAN_POINT('',(264.269,2.78364,0.));
#11776=CARTESIAN_POINT('',(250.27,2.78364,0.));
#11777=CARTESIAN_POINT('',(264.269,2.78364,0.));
#11778=CARTESIAN_POINT('',(264.269,16.7845,0.));
#11779=CARTESIAN_POINT('',(264.269,16.7845,0.));
#11780=CARTESIAN_POINT('',(250.27,16.7845,0.));
#11781=CARTESIAN_POINT('',(250.27,16.7845,0.));
#11782=CARTESIAN_POINT('',(250.27,2.78364,0.));
#11783=CARTESIAN_POINT('',(64.244,59.9338,0.));
#11784=CARTESIAN_POINT('',(50.2447,59.9338,0.));
#11785=CARTESIAN_POINT('',(64.244,59.9338,0.));
#11786=CARTESIAN_POINT('',(64.244,73.9331,0.));
#11787=CARTESIAN_POINT('',(64.244,73.9331,0.));
#11788=CARTESIAN_POINT('',(50.2447,73.9331,0.));
#11789=CARTESIAN_POINT('',(50.2447,73.9331,0.));
#11790=CARTESIAN_POINT('',(50.2447,59.9338,0.));
#11791=CARTESIAN_POINT('',(188.069,78.9838,0.));
#11792=CARTESIAN_POINT('',(174.07,78.9838,0.));
#11793=CARTESIAN_POINT('',(188.069,78.9838,0.));
#11794=CARTESIAN_POINT('',(188.069,92.9831,0.));
#11795=CARTESIAN_POINT('',(188.069,92.9831,0.));
#11796=CARTESIAN_POINT('',(174.07,92.9831,0.));
#11797=CARTESIAN_POINT('',(174.07,92.9831,0.));
#11798=CARTESIAN_POINT('',(174.07,78.9838,0.));
#11799=CARTESIAN_POINT('',(202.357,40.8838,0.));
#11800=CARTESIAN_POINT('',(188.357,40.8838,0.));
#11801=CARTESIAN_POINT('',(202.357,40.8838,0.));
#11802=CARTESIAN_POINT('',(202.357,54.8831,0.));
#11803=CARTESIAN_POINT('',(202.357,54.8831,0.));
#11804=CARTESIAN_POINT('',(188.357,54.8831,0.));
#11805=CARTESIAN_POINT('',(188.357,54.8831,0.));
#11806=CARTESIAN_POINT('',(188.357,40.8838,0.));
#11807=CARTESIAN_POINT('',(245.219,78.9838,0.));
#11808=CARTESIAN_POINT('',(231.22,78.9838,0.));
#11809=CARTESIAN_POINT('',(245.219,78.9838,0.));
#11810=CARTESIAN_POINT('',(245.219,92.9831,0.));
#11811=CARTESIAN_POINT('',(245.219,92.9831,0.));
#11812=CARTESIAN_POINT('',(231.22,92.9831,0.));
#11813=CARTESIAN_POINT('',(231.22,92.9831,0.));
#11814=CARTESIAN_POINT('',(231.22,78.9838,0.));
#11815=CARTESIAN_POINT('',(45.194,59.9338,0.));
#11816=CARTESIAN_POINT('',(31.1947,59.9338,0.));
#11817=CARTESIAN_POINT('',(45.194,59.9338,0.));
#11818=CARTESIAN_POINT('',(45.194,73.9331,0.));
#11819=CARTESIAN_POINT('',(45.194,73.9331,0.));
#11820=CARTESIAN_POINT('',(31.1947,73.9331,0.));
#11821=CARTESIAN_POINT('',(31.1947,73.9331,0.));
#11822=CARTESIAN_POINT('',(31.1947,59.9338,0.));
#11823=CARTESIAN_POINT('',(107.107,40.8838,0.));
#11824=CARTESIAN_POINT('',(93.1072,40.8838,0.));
#11825=CARTESIAN_POINT('',(107.107,40.8838,0.));
#11826=CARTESIAN_POINT('',(107.107,54.8831,0.));
#11827=CARTESIAN_POINT('',(107.107,54.8831,0.));
#11828=CARTESIAN_POINT('',(93.1072,54.8831,0.));
#11829=CARTESIAN_POINT('',(93.1072,54.8831,0.));
#11830=CARTESIAN_POINT('',(93.1072,40.8838,0.));
#11831=CARTESIAN_POINT('',(173.782,21.8336,0.));
#11832=CARTESIAN_POINT('',(159.782,21.8336,0.));
#11833=CARTESIAN_POINT('',(173.782,21.8336,0.));
#11834=CARTESIAN_POINT('',(173.782,35.833,0.));
#11835=CARTESIAN_POINT('',(173.782,35.833,0.));
#11836=CARTESIAN_POINT('',(159.782,35.833,0.));
#11837=CARTESIAN_POINT('',(159.782,35.833,0.));
#11838=CARTESIAN_POINT('',(159.782,21.8336,0.));
#11839=CARTESIAN_POINT('',(14.5259,35.833,0.));
#11840=CARTESIAN_POINT('',(28.5254,35.833,0.));
#11841=CARTESIAN_POINT('',(28.5254,35.833,0.));
#11842=CARTESIAN_POINT('',(14.5259,31.1326,0.));
#11843=CARTESIAN_POINT('',(14.5259,35.833,0.));
#11844=CARTESIAN_POINT('',(13.0004,31.1326,0.));
#11845=CARTESIAN_POINT('',(14.5259,31.1326,0.));
#11846=CARTESIAN_POINT('',(13.0004,34.3628,0.));
#11847=CARTESIAN_POINT('',(13.0004,31.1326,0.));
#11848=CARTESIAN_POINT('',(6.2508,34.3628,0.));
#11849=CARTESIAN_POINT('',(13.0004,34.3628,0.));
#11850=CARTESIAN_POINT('',(6.2508,31.1326,0.));
#11851=CARTESIAN_POINT('',(6.2508,34.3628,0.));
#11852=CARTESIAN_POINT('',(5.42533,31.1326,0.));
#11853=CARTESIAN_POINT('',(6.2508,31.1326,0.));
#11854=CARTESIAN_POINT('',(5.42533,28.3338,0.));
#11855=CARTESIAN_POINT('',(5.42533,31.1326,0.));
#11856=CARTESIAN_POINT('',(6.2508,28.3338,0.));
#11857=CARTESIAN_POINT('',(5.42533,28.3338,0.));
#11858=CARTESIAN_POINT('',(6.2508,22.0638,0.));
#11859=CARTESIAN_POINT('',(6.2508,28.3338,0.));
#11860=CARTESIAN_POINT('',(7.97609,22.0638,0.));
#11861=CARTESIAN_POINT('',(6.2508,22.0638,0.));
#11862=CARTESIAN_POINT('',(7.97609,20.8635,0.));
#11863=CARTESIAN_POINT('',(7.97609,22.0638,0.));
#11864=CARTESIAN_POINT('',(11.2751,20.8635,0.));
#11865=CARTESIAN_POINT('',(7.97609,20.8635,0.));
#11866=CARTESIAN_POINT('',(11.2751,22.0638,0.));
#11867=CARTESIAN_POINT('',(11.2751,20.8635,0.));
#11868=CARTESIAN_POINT('',(13.0004,22.0638,0.));
#11869=CARTESIAN_POINT('',(11.2751,22.0638,0.));
#11870=CARTESIAN_POINT('',(13.0004,26.5341,0.));
#11871=CARTESIAN_POINT('',(13.0004,22.0638,0.));
#11872=CARTESIAN_POINT('',(14.5259,26.5341,0.));
#11873=CARTESIAN_POINT('',(13.0004,26.5341,0.));
#11874=CARTESIAN_POINT('',(14.5259,21.8336,0.));
#11875=CARTESIAN_POINT('',(14.5259,26.5341,0.));
#11876=CARTESIAN_POINT('',(28.5254,21.8336,0.));
#11877=CARTESIAN_POINT('',(14.5259,21.8336,0.));
#11878=CARTESIAN_POINT('',(28.5254,26.5341,0.));
#11879=CARTESIAN_POINT('',(28.5254,21.8336,0.));
#11880=CARTESIAN_POINT('',(30.0509,26.5341,0.));
#11881=CARTESIAN_POINT('',(28.5254,26.5341,0.));
#11882=CARTESIAN_POINT('',(30.0509,22.0638,0.));
#11883=CARTESIAN_POINT('',(30.0509,26.5341,0.));
#11884=CARTESIAN_POINT('',(31.7748,22.0638,0.));
#11885=CARTESIAN_POINT('',(30.0509,22.0638,0.));
#11886=CARTESIAN_POINT('',(31.7748,20.8635,0.));
#11887=CARTESIAN_POINT('',(31.7748,22.0638,0.));
#11888=CARTESIAN_POINT('',(35.0752,20.8635,0.));
#11889=CARTESIAN_POINT('',(31.7748,20.8635,0.));
#11890=CARTESIAN_POINT('',(35.0752,22.0638,0.));
#11891=CARTESIAN_POINT('',(35.0752,20.8635,0.));
#11892=CARTESIAN_POINT('',(36.8004,22.0638,0.));
#11893=CARTESIAN_POINT('',(35.0752,22.0638,0.));
#11894=CARTESIAN_POINT('',(36.8004,28.3338,0.));
#11895=CARTESIAN_POINT('',(36.8004,22.0638,0.));
#11896=CARTESIAN_POINT('',(37.6259,28.3338,0.));
#11897=CARTESIAN_POINT('',(36.8004,28.3338,0.));
#11898=CARTESIAN_POINT('',(37.6259,31.1326,0.));
#11899=CARTESIAN_POINT('',(37.6259,28.3338,0.));
#11900=CARTESIAN_POINT('',(36.8004,31.1326,0.));
#11901=CARTESIAN_POINT('',(37.6259,31.1326,0.));
#11902=CARTESIAN_POINT('',(36.8004,34.3628,0.));
#11903=CARTESIAN_POINT('',(36.8004,31.1326,0.));
#11904=CARTESIAN_POINT('',(30.0509,34.3628,0.));
#11905=CARTESIAN_POINT('',(36.8004,34.3628,0.));
#11906=CARTESIAN_POINT('',(30.0509,31.1326,0.));
#11907=CARTESIAN_POINT('',(30.0509,34.3628,0.));
#11908=CARTESIAN_POINT('',(28.5254,31.1326,0.));
#11909=CARTESIAN_POINT('',(30.0509,31.1326,0.));
#11910=CARTESIAN_POINT('',(28.5254,31.1326,0.));
#11911=CARTESIAN_POINT('',(69.0065,40.8838,0.));
#11912=CARTESIAN_POINT('',(55.0072,40.8838,0.));
#11913=CARTESIAN_POINT('',(69.0065,40.8838,0.));
#11914=CARTESIAN_POINT('',(69.0065,54.8831,0.));
#11915=CARTESIAN_POINT('',(69.0065,54.8831,0.));
#11916=CARTESIAN_POINT('',(55.0072,54.8831,0.));
#11917=CARTESIAN_POINT('',(55.0072,54.8831,0.));
#11918=CARTESIAN_POINT('',(55.0072,40.8838,0.));
#11919=CARTESIAN_POINT('',(42.8128,2.78364,0.));
#11920=CARTESIAN_POINT('',(28.812,2.78364,0.));
#11921=CARTESIAN_POINT('',(42.8128,2.78364,0.));
#11922=CARTESIAN_POINT('',(42.8128,16.7845,0.));
#11923=CARTESIAN_POINT('',(42.8128,16.7845,0.));
#11924=CARTESIAN_POINT('',(28.812,16.7845,0.));
#11925=CARTESIAN_POINT('',(28.812,16.7845,0.));
#11926=CARTESIAN_POINT('',(28.812,2.78364,0.));
#11927=CARTESIAN_POINT('',(178.544,59.9338,0.));
#11928=CARTESIAN_POINT('',(164.545,59.9338,0.));
#11929=CARTESIAN_POINT('',(178.544,59.9338,0.));
#11930=CARTESIAN_POINT('',(178.544,73.9331,0.));
#11931=CARTESIAN_POINT('',(178.544,73.9331,0.));
#11932=CARTESIAN_POINT('',(164.545,73.9331,0.));
#11933=CARTESIAN_POINT('',(164.545,73.9331,0.));
#11934=CARTESIAN_POINT('',(164.545,59.9338,0.));
#11935=CARTESIAN_POINT('',(240.457,40.8838,0.));
#11936=CARTESIAN_POINT('',(226.457,40.8838,0.));
#11937=CARTESIAN_POINT('',(240.457,40.8838,0.));
#11938=CARTESIAN_POINT('',(240.457,54.8831,0.));
#11939=CARTESIAN_POINT('',(240.457,54.8831,0.));
#11940=CARTESIAN_POINT('',(226.457,54.8831,0.));
#11941=CARTESIAN_POINT('',(226.457,54.8831,0.));
#11942=CARTESIAN_POINT('',(226.457,40.8838,0.));
#11943=CARTESIAN_POINT('',(121.394,59.9338,0.));
#11944=CARTESIAN_POINT('',(107.395,59.9338,0.));
#11945=CARTESIAN_POINT('',(121.394,59.9338,0.));
#11946=CARTESIAN_POINT('',(121.394,73.9331,0.));
#11947=CARTESIAN_POINT('',(121.394,73.9331,0.));
#11948=CARTESIAN_POINT('',(107.395,73.9331,0.));
#11949=CARTESIAN_POINT('',(107.395,73.9331,0.));
#11950=CARTESIAN_POINT('',(107.395,59.9338,0.));
#11951=CARTESIAN_POINT('',(197.594,59.9338,0.));
#11952=CARTESIAN_POINT('',(183.595,59.9338,0.));
#11953=CARTESIAN_POINT('',(197.594,59.9338,0.));
#11954=CARTESIAN_POINT('',(197.594,73.9331,0.));
#11955=CARTESIAN_POINT('',(197.594,73.9331,0.));
#11956=CARTESIAN_POINT('',(183.595,73.9331,0.));
#11957=CARTESIAN_POINT('',(183.595,73.9331,0.));
#11958=CARTESIAN_POINT('',(183.595,59.9338,0.));
#11959=CARTESIAN_POINT('',(207.119,78.9838,0.));
#11960=CARTESIAN_POINT('',(193.12,78.9838,0.));
#11961=CARTESIAN_POINT('',(207.119,78.9838,0.));
#11962=CARTESIAN_POINT('',(207.119,92.9831,0.));
#11963=CARTESIAN_POINT('',(207.119,92.9831,0.));
#11964=CARTESIAN_POINT('',(193.12,92.9831,0.));
#11965=CARTESIAN_POINT('',(193.12,92.9831,0.));
#11966=CARTESIAN_POINT('',(193.12,78.9838,0.));
#11967=CARTESIAN_POINT('',(111.869,78.9838,0.));
#11968=CARTESIAN_POINT('',(97.8683,78.9838,0.));
#11969=CARTESIAN_POINT('',(111.869,78.9838,0.));
#11970=CARTESIAN_POINT('',(111.869,92.9831,0.));
#11971=CARTESIAN_POINT('',(111.869,92.9831,0.));
#11972=CARTESIAN_POINT('',(97.8683,92.9831,0.));
#11973=CARTESIAN_POINT('',(97.8683,92.9831,0.));
#11974=CARTESIAN_POINT('',(97.8683,78.9838,0.));
#11975=CARTESIAN_POINT('',(221.407,40.8838,0.));
#11976=CARTESIAN_POINT('',(207.407,40.8838,0.));
#11977=CARTESIAN_POINT('',(221.407,40.8838,0.));
#11978=CARTESIAN_POINT('',(221.407,54.8831,0.));
#11979=CARTESIAN_POINT('',(221.407,54.8831,0.));
#11980=CARTESIAN_POINT('',(207.407,54.8831,0.));
#11981=CARTESIAN_POINT('',(207.407,54.8831,0.));
#11982=CARTESIAN_POINT('',(207.407,40.8838,0.));
#11983=CARTESIAN_POINT('',(283.319,21.8336,0.));
#11984=CARTESIAN_POINT('',(269.32,21.8336,0.));
#11985=CARTESIAN_POINT('',(283.319,21.8336,0.));
#11986=CARTESIAN_POINT('',(283.319,35.833,0.));
#11987=CARTESIAN_POINT('',(283.319,35.833,0.));
#11988=CARTESIAN_POINT('',(269.32,35.833,0.));
#11989=CARTESIAN_POINT('',(269.32,35.833,0.));
#11990=CARTESIAN_POINT('',(269.32,21.8336,0.));
#11991=CARTESIAN_POINT('',(164.257,40.8838,0.));
#11992=CARTESIAN_POINT('',(150.257,40.8838,0.));
#11993=CARTESIAN_POINT('',(164.257,40.8838,0.));
#11994=CARTESIAN_POINT('',(164.257,54.8831,0.));
#11995=CARTESIAN_POINT('',(164.257,54.8831,0.));
#11996=CARTESIAN_POINT('',(150.257,54.8831,0.));
#11997=CARTESIAN_POINT('',(150.257,54.8831,0.));
#11998=CARTESIAN_POINT('',(150.257,40.8838,0.));
#11999=CARTESIAN_POINT('',(54.719,78.9838,0.));
#12000=CARTESIAN_POINT('',(40.7197,78.9838,0.));
#12001=CARTESIAN_POINT('',(54.719,78.9838,0.));
#12002=CARTESIAN_POINT('',(54.719,92.9831,0.));
#12003=CARTESIAN_POINT('',(54.719,92.9831,0.));
#12004=CARTESIAN_POINT('',(40.7197,92.9831,0.));
#12005=CARTESIAN_POINT('',(40.7197,92.9831,0.));
#12006=CARTESIAN_POINT('',(40.7197,78.9838,0.));
#12007=CARTESIAN_POINT('',(207.119,2.78364,0.));
#12008=CARTESIAN_POINT('',(193.12,2.78364,0.));
#12009=CARTESIAN_POINT('',(207.119,2.78364,0.));
#12010=CARTESIAN_POINT('',(207.119,16.7845,0.));
#12011=CARTESIAN_POINT('',(207.119,16.7845,0.));
#12012=CARTESIAN_POINT('',(193.12,16.7845,0.));
#12013=CARTESIAN_POINT('',(193.12,16.7845,0.));
#12014=CARTESIAN_POINT('',(193.12,2.78364,0.));
#12015=CARTESIAN_POINT('',(88.0565,40.8838,0.));
#12016=CARTESIAN_POINT('',(74.0572,40.8838,0.));
#12017=CARTESIAN_POINT('',(88.0565,40.8838,0.));
#12018=CARTESIAN_POINT('',(88.0565,54.8831,0.));
#12019=CARTESIAN_POINT('',(88.0565,54.8831,0.));
#12020=CARTESIAN_POINT('',(74.0572,54.8831,0.));
#12021=CARTESIAN_POINT('',(74.0572,54.8831,0.));
#12022=CARTESIAN_POINT('',(74.0572,40.8838,0.));
#12023=CARTESIAN_POINT('',(97.5815,21.8336,0.));
#12024=CARTESIAN_POINT('',(83.5822,21.8336,0.));
#12025=CARTESIAN_POINT('',(97.5815,21.8336,0.));
#12026=CARTESIAN_POINT('',(97.5815,35.833,0.));
#12027=CARTESIAN_POINT('',(97.5815,35.833,0.));
#12028=CARTESIAN_POINT('',(83.5822,35.833,0.));
#12029=CARTESIAN_POINT('',(83.5822,35.833,0.));
#12030=CARTESIAN_POINT('',(83.5822,21.8336,0.));
#12031=CARTESIAN_POINT('',(226.169,78.9838,0.));
#12032=CARTESIAN_POINT('',(212.17,78.9838,0.));
#12033=CARTESIAN_POINT('',(226.169,78.9838,0.));
#12034=CARTESIAN_POINT('',(226.169,92.9831,0.));
#12035=CARTESIAN_POINT('',(226.169,92.9831,0.));
#12036=CARTESIAN_POINT('',(212.17,92.9831,0.));
#12037=CARTESIAN_POINT('',(212.17,92.9831,0.));
#12038=CARTESIAN_POINT('',(212.17,78.9838,0.));
#12039=CARTESIAN_POINT('',(159.494,59.9338,0.));
#12040=CARTESIAN_POINT('',(145.495,59.9338,0.));
#12041=CARTESIAN_POINT('',(159.494,59.9338,0.));
#12042=CARTESIAN_POINT('',(159.494,73.9331,0.));
#12043=CARTESIAN_POINT('',(159.494,73.9331,0.));
#12044=CARTESIAN_POINT('',(145.495,73.9331,0.));
#12045=CARTESIAN_POINT('',(145.495,73.9331,0.));
#12046=CARTESIAN_POINT('',(145.495,59.9338,0.));
#12047=CARTESIAN_POINT('',(116.632,21.8336,0.));
#12048=CARTESIAN_POINT('',(102.632,21.8336,0.));
#12049=CARTESIAN_POINT('',(116.632,21.8336,0.));
#12050=CARTESIAN_POINT('',(116.632,35.833,0.));
#12051=CARTESIAN_POINT('',(116.632,35.833,0.));
#12052=CARTESIAN_POINT('',(102.632,35.833,0.));
#12053=CARTESIAN_POINT('',(102.632,35.833,0.));
#12054=CARTESIAN_POINT('',(102.632,21.8336,0.));
#12055=CARTESIAN_POINT('',(102.344,59.9338,0.));
#12056=CARTESIAN_POINT('',(88.3447,59.9338,0.));
#12057=CARTESIAN_POINT('',(102.344,59.9338,0.));
#12058=CARTESIAN_POINT('',(102.344,73.9331,0.));
#12059=CARTESIAN_POINT('',(102.344,73.9331,0.));
#12060=CARTESIAN_POINT('',(88.3447,73.9331,0.));
#12061=CARTESIAN_POINT('',(88.3447,73.9331,0.));
#12062=CARTESIAN_POINT('',(88.3447,59.9338,0.));
#12063=CARTESIAN_POINT('',(83.294,59.9338,0.));
#12064=CARTESIAN_POINT('',(69.2947,59.9338,0.));
#12065=CARTESIAN_POINT('',(83.294,59.9338,0.));
#12066=CARTESIAN_POINT('',(83.294,73.9331,0.));
#12067=CARTESIAN_POINT('',(83.294,73.9331,0.));
#12068=CARTESIAN_POINT('',(69.2947,73.9331,0.));
#12069=CARTESIAN_POINT('',(69.2947,73.9331,0.));
#12070=CARTESIAN_POINT('',(69.2947,59.9338,0.));
#12071=CARTESIAN_POINT('',(30.1786094767915,101.605922672337,0.));
#12072=CARTESIAN_POINT('',(30.1786094767915,130.394077327663,0.));
#12073=CARTESIAN_POINT('Origin',(30.1786094767915,116.,0.));
#12074=CARTESIAN_POINT('',(268.90115931003,101.605922672337,0.));
#12075=CARTESIAN_POINT('',(30.1786094767915,101.605922672337,0.));
#12076=CARTESIAN_POINT('',(268.90115931003,130.394077327663,0.));
#12077=CARTESIAN_POINT('Origin',(268.90115931003,116.,0.));
#12078=CARTESIAN_POINT('',(268.90115931003,130.394077327663,0.));
#12079=CARTESIAN_POINT('',(130.919,78.9838,0.));
#12080=CARTESIAN_POINT('',(116.918,78.9838,0.));
#12081=CARTESIAN_POINT('',(130.919,78.9838,0.));
#12082=CARTESIAN_POINT('',(130.919,92.9831,0.));
#12083=CARTESIAN_POINT('',(130.919,92.9831,0.));
#12084=CARTESIAN_POINT('',(116.918,92.9831,0.));
#12085=CARTESIAN_POINT('',(116.918,92.9831,0.));
#12086=CARTESIAN_POINT('',(116.918,78.9838,0.));
#12087=CARTESIAN_POINT('',(216.644,59.9338,0.));
#12088=CARTESIAN_POINT('',(202.645,59.9338,0.));
#12089=CARTESIAN_POINT('',(216.644,59.9338,0.));
#12090=CARTESIAN_POINT('',(216.644,73.9331,0.));
#12091=CARTESIAN_POINT('',(216.644,73.9331,0.));
#12092=CARTESIAN_POINT('',(202.645,73.9331,0.));
#12093=CARTESIAN_POINT('',(202.645,73.9331,0.));
#12094=CARTESIAN_POINT('',(202.645,59.9338,0.));
#12095=CARTESIAN_POINT('',(254.744,59.9338,0.));
#12096=CARTESIAN_POINT('',(240.745,59.9338,0.));
#12097=CARTESIAN_POINT('',(254.744,59.9338,0.));
#12098=CARTESIAN_POINT('',(254.744,73.9331,0.));
#12099=CARTESIAN_POINT('',(254.744,73.9331,0.));
#12100=CARTESIAN_POINT('',(240.745,73.9331,0.));
#12101=CARTESIAN_POINT('',(240.745,73.9331,0.));
#12102=CARTESIAN_POINT('',(240.745,59.9338,0.));
#12103=CARTESIAN_POINT('',(135.682,21.8336,0.));
#12104=CARTESIAN_POINT('',(121.682,21.8336,0.));
#12105=CARTESIAN_POINT('',(135.682,21.8336,0.));
#12106=CARTESIAN_POINT('',(135.682,35.833,0.));
#12107=CARTESIAN_POINT('',(135.682,35.833,0.));
#12108=CARTESIAN_POINT('',(121.682,35.833,0.));
#12109=CARTESIAN_POINT('',(121.682,35.833,0.));
#12110=CARTESIAN_POINT('',(121.682,21.8336,0.));
#12111=CARTESIAN_POINT('',(257.125,21.8336,0.));
#12112=CARTESIAN_POINT('',(243.126,21.8336,0.));
#12113=CARTESIAN_POINT('',(257.125,21.8336,0.));
#12114=CARTESIAN_POINT('',(257.125,35.833,0.));
#12115=CARTESIAN_POINT('',(257.125,35.833,0.));
#12116=CARTESIAN_POINT('',(243.126,35.833,0.));
#12117=CARTESIAN_POINT('',(243.126,35.833,0.));
#12118=CARTESIAN_POINT('',(243.126,21.8336,0.));
#12119=CARTESIAN_POINT('',(226.169,2.78364,0.));
#12120=CARTESIAN_POINT('',(212.17,2.78364,0.));
#12121=CARTESIAN_POINT('',(226.169,2.78364,0.));
#12122=CARTESIAN_POINT('',(226.169,16.7845,0.));
#12123=CARTESIAN_POINT('',(226.169,16.7845,0.));
#12124=CARTESIAN_POINT('',(212.17,16.7845,0.));
#12125=CARTESIAN_POINT('',(212.17,16.7845,0.));
#12126=CARTESIAN_POINT('',(212.17,2.78364,0.));
#12127=CARTESIAN_POINT('',(49.9565,40.8838,0.));
#12128=CARTESIAN_POINT('',(35.9572,40.8838,0.));
#12129=CARTESIAN_POINT('',(49.9565,40.8838,0.));
#12130=CARTESIAN_POINT('',(49.9565,54.8831,0.));
#12131=CARTESIAN_POINT('',(49.9565,54.8831,0.));
#12132=CARTESIAN_POINT('',(35.9572,54.8831,0.));
#12133=CARTESIAN_POINT('',(35.9572,54.8831,0.));
#12134=CARTESIAN_POINT('',(35.9572,40.8838,0.));
#12135=CARTESIAN_POINT('',(149.969,78.9838,0.));
#12136=CARTESIAN_POINT('',(135.97,78.9838,0.));
#12137=CARTESIAN_POINT('',(149.969,78.9838,0.));
#12138=CARTESIAN_POINT('',(149.969,92.9831,0.));
#12139=CARTESIAN_POINT('',(149.969,92.9831,0.));
#12140=CARTESIAN_POINT('',(135.97,92.9831,0.));
#12141=CARTESIAN_POINT('',(135.97,92.9831,0.));
#12142=CARTESIAN_POINT('',(135.97,78.9838,0.));
#12143=CARTESIAN_POINT('',(235.694,59.9338,0.));
#12144=CARTESIAN_POINT('',(221.695,59.9338,0.));
#12145=CARTESIAN_POINT('',(235.694,59.9338,0.));
#12146=CARTESIAN_POINT('',(235.694,73.9331,0.));
#12147=CARTESIAN_POINT('',(235.694,73.9331,0.));
#12148=CARTESIAN_POINT('',(221.695,73.9331,0.));
#12149=CARTESIAN_POINT('',(221.695,73.9331,0.));
#12150=CARTESIAN_POINT('',(221.695,59.9338,0.));
#12151=CARTESIAN_POINT('',(183.307,40.8838,0.));
#12152=CARTESIAN_POINT('',(169.307,40.8838,0.));
#12153=CARTESIAN_POINT('',(183.307,40.8838,0.));
#12154=CARTESIAN_POINT('',(183.307,54.8831,0.));
#12155=CARTESIAN_POINT('',(183.307,54.8831,0.));
#12156=CARTESIAN_POINT('',(169.307,54.8831,0.));
#12157=CARTESIAN_POINT('',(169.307,54.8831,0.));
#12158=CARTESIAN_POINT('',(169.307,40.8838,0.));
#12159=CARTESIAN_POINT('',(21.3817,59.9338,0.));
#12160=CARTESIAN_POINT('',(7.38216,59.9338,0.));
#12161=CARTESIAN_POINT('',(21.3817,59.9338,0.));
#12162=CARTESIAN_POINT('',(21.3817,73.9331,0.));
#12163=CARTESIAN_POINT('',(21.3817,73.9331,0.));
#12164=CARTESIAN_POINT('',(7.38216,73.9331,0.));
#12165=CARTESIAN_POINT('',(7.38216,73.9331,0.));
#12166=CARTESIAN_POINT('',(7.38216,59.9338,0.));
#12167=CARTESIAN_POINT('',(192.832,21.8336,0.));
#12168=CARTESIAN_POINT('',(178.832,21.8336,0.));
#12169=CARTESIAN_POINT('',(192.832,21.8336,0.));
#12170=CARTESIAN_POINT('',(192.832,35.833,0.));
#12171=CARTESIAN_POINT('',(192.832,35.833,0.));
#12172=CARTESIAN_POINT('',(178.832,35.833,0.));
#12173=CARTESIAN_POINT('',(178.832,35.833,0.));
#12174=CARTESIAN_POINT('',(178.832,21.8336,0.));
#12175=CARTESIAN_POINT('',(169.019,78.9838,0.));
#12176=CARTESIAN_POINT('',(155.02,78.9838,0.));
#12177=CARTESIAN_POINT('',(169.019,78.9838,0.));
#12178=CARTESIAN_POINT('',(169.019,92.9831,0.));
#12179=CARTESIAN_POINT('',(169.019,92.9831,0.));
#12180=CARTESIAN_POINT('',(155.02,92.9831,0.));
#12181=CARTESIAN_POINT('',(155.02,92.9831,0.));
#12182=CARTESIAN_POINT('',(155.02,78.9838,0.));
#12183=CARTESIAN_POINT('',(325.145506523707,-16.263242819093,4.77395900588817E-14));
#12184=CARTESIAN_POINT('Origin',(323.545506523707,-16.263242819093,0.));
#12185=CARTESIAN_POINT('',(-4.9383739843849,138.97001438762,-1.11022302462516E-15));
#12186=CARTESIAN_POINT('Origin',(-6.5383739843849,138.97001438762,0.));
#12187=CARTESIAN_POINT('',(325.145506523707,138.97001438762,4.77395900588817E-14));
#12188=CARTESIAN_POINT('Origin',(323.545506523707,138.97001438762,0.));
#12189=CARTESIAN_POINT('',(-4.9383739843849,-16.263242819093,-1.11022302462516E-15));
#12190=CARTESIAN_POINT('Origin',(-6.5383739843849,-16.263242819093,0.));
#12191=CARTESIAN_POINT('Origin',(330.390253005311,100.449215613115,0.743317874335438));
#12192=CARTESIAN_POINT('',(330.390253005311,100.449215613115,0.371658937167719));
#12193=CARTESIAN_POINT('Origin',(330.3901676576,87.9536852534978,-2.68220912147399E-7));
#12194=CARTESIAN_POINT('',(330.3901676576,87.9536852534978,0.743317874335438));
#12195=CARTESIAN_POINT('',(330.3901676576,87.9536852534978,-1.34110456073649E-7));
#12196=CARTESIAN_POINT('',(322.390167657787,87.9537398955711,0.735412720903149));
#12197=CARTESIAN_POINT('',(330.3901676576,87.9536852534978,0.735412720903174));
#12198=CARTESIAN_POINT('',(322.390167655745,87.9534409598763,0.743296624688446));
#12199=CARTESIAN_POINT('Ctrl Pts',(322.390167655745,87.9534409598763,0.743296624688446));
#12200=CARTESIAN_POINT('Ctrl Pts',(322.390167656425,87.9535406051079,0.740668656760013));
#12201=CARTESIAN_POINT('Ctrl Pts',(322.390167657106,87.9536402503395,0.738040688831581));
#12202=CARTESIAN_POINT('Ctrl Pts',(322.390167657786,87.9537398955711,0.735412720903149));
#12203=CARTESIAN_POINT('',(330.3901676576,87.9536852534978,0.743317874335438));
#12204=CARTESIAN_POINT('Origin',(330.389495949624,-10.389285136109,0.));
#12205=CARTESIAN_POINT('',(330.390337030166,112.751070206757,3.00000020116567));
#12206=CARTESIAN_POINT('Origin',(330.390337030166,112.751070206757,1.50000020116567));
#12207=CARTESIAN_POINT('',(330.389495949624,-10.389285136109,3.));
#12208=CARTESIAN_POINT('',(330.390406404605,122.907996475613,3.));
#12209=CARTESIAN_POINT('',(330.389495949624,-10.389285136109,0.));
#12210=CARTESIAN_POINT('',(330.39017310397,88.751073798497,1.5999996960163));
#12211=CARTESIAN_POINT('Origin',(330.39017310397,88.751073798497,0.799999713897694));
#12212=CARTESIAN_POINT('',(330.389834526797,39.180894331194,1.5999996960163));
#12213=CARTESIAN_POINT('Origin',(330.39017310397,88.751073798497,0.799999713897694));
#12214=CARTESIAN_POINT('',(330.39017310397,88.751073798497,1.5999996960163));
#12215=CARTESIAN_POINT('Origin',(330.39017310397,88.751073798497,1.5999996960163));
#12216=CARTESIAN_POINT('Origin',(317.390381427154,119.251159096833,1.50000020116564));
#12217=CARTESIAN_POINT('',(317.390337047716,112.753684127267,3.00000020116567));
#12218=CARTESIAN_POINT('',(317.390337047716,112.753684127267,2.75000010058284));
#12219=CARTESIAN_POINT('',(317.390337030469,112.751159000127,3.00000020116567));
#12220=CARTESIAN_POINT('',(317.39018350329,90.2736548549374,3.));
#12221=CARTESIAN_POINT('Origin',(317.390337030469,112.751159000127,1.50000020116567));
#12222=CARTESIAN_POINT('Origin',(317.390381427154,119.251159096833,1.50000020116564));
#12223=CARTESIAN_POINT('',(317.390425841087,125.753684320982,2.99999807574125));
#12224=CARTESIAN_POINT('',(317.390425841087,125.753684320982,2.75000010058284));
#12225=CARTESIAN_POINT('Origin',(317.39042582384,125.751159193538,1.50000020116562));
#12226=CARTESIAN_POINT('Origin',(330.390425823536,125.751070400169,1.50000020116562));
#12227=CARTESIAN_POINT('',(330.390425823536,125.751070400169,3.00000020116562));
#12228=CARTESIAN_POINT('Origin',(330.390425438954,125.751070400172,1.50000020116562));
#12229=CARTESIAN_POINT('',(318.794163397938,125.751149605647,3.00000020116562));
#12230=CARTESIAN_POINT('',(330.390425823536,125.751070400169,3.));
#12231=CARTESIAN_POINT('',(318.693503393178,125.753684320982,3.));
#12232=CARTESIAN_POINT('Origin',(318.693503393178,123.753684320982,3.));
#12233=CARTESIAN_POINT('',(237.630547449078,125.753684320982,3.));
#12234=CARTESIAN_POINT('Origin',(330.390337030166,112.751070206757,1.50000020116567));
#12235=CARTESIAN_POINT('',(330.390337030166,112.751070206757,3.));
#12236=CARTESIAN_POINT('Origin',(316.693503303771,125.753684320982,4.00000000000004));
#12237=CARTESIAN_POINT('',(316.693503303771,125.753684320982,3.));
#12238=CARTESIAN_POINT('',(237.630547449078,125.753684320982,3.));
#12239=CARTESIAN_POINT('',(316.693503303771,125.753684320982,4.00000000000004));
#12240=CARTESIAN_POINT('Origin',(158.567591594385,61.297235411156,3.));
#12241=CARTESIAN_POINT('',(316.693503303771,112.753684127267,3.));
#12242=CARTESIAN_POINT('',(238.630547493782,112.753684127267,3.));
#12243=CARTESIAN_POINT('',(314.693503303771,114.753684127267,3.));
#12244=CARTESIAN_POINT('Origin',(316.693503303771,114.753684127267,3.));
#12245=CARTESIAN_POINT('',(314.693503303771,123.753684320982,3.));
#12246=CARTESIAN_POINT('',(314.693503303771,88.0254597692114,3.));
#12247=CARTESIAN_POINT('Origin',(316.693503303771,123.753684320982,3.));
#12248=CARTESIAN_POINT('',(330.390475288643,133.196890984363,3.));
#12249=CARTESIAN_POINT('',(330.390475288643,133.196890984363,3.));
#12250=CARTESIAN_POINT('',(315.390576372786,148.196994848405,3.));
#12251=CARTESIAN_POINT('Origin',(315.390473898693,133.196993458455,3.));
#12252=CARTESIAN_POINT('',(311.275230830408,148.197022962973,3.));
#12253=CARTESIAN_POINT('',(311.275230830408,148.197022962973,3.));
#12254=CARTESIAN_POINT('',(7.87315173349555,148.197000087296,3.));
#12255=CARTESIAN_POINT('',(7.87315173349555,148.197000087296,3.));
#12256=CARTESIAN_POINT('',(1.74857937044489,148.19700018511,3.));
#12257=CARTESIAN_POINT('',(7.87315173349555,148.197000087296,3.));
#12258=CARTESIAN_POINT('',(-13.2513196770313,133.141902516023,3.));
#12259=CARTESIAN_POINT('Origin',(1.74857913088344,133.197000185083,3.));
#12260=CARTESIAN_POINT('',(-13.2552920944991,-10.6021377533009,3.));
#12261=CARTESIAN_POINT('',(-13.2513196770313,133.141902516023,3.));
#12262=CARTESIAN_POINT('',(1.75256599804733,-25.6025500823369,3.));
#12263=CARTESIAN_POINT('Origin',(1.74470789978984,-10.6025521406478,3.));
#12264=CARTESIAN_POINT('',(303.697466775836,-25.4443692140477,3.));
#12265=CARTESIAN_POINT('',(303.697466775836,-25.4443692140477,3.));
#12266=CARTESIAN_POINT('',(315.394070123576,-25.4408715660082,3.));
#12267=CARTESIAN_POINT('',(315.394070123576,-25.4408715660082,3.));
#12268=CARTESIAN_POINT('Origin',(315.389584657438,-10.4408722365754,3.));
#12269=CARTESIAN_POINT('',(317.299382112935,-7.69677578978303,3.));
#12270=CARTESIAN_POINT('Origin',(315.711920112935,-7.69677578978303,3.));
#12271=CARTESIAN_POINT('',(4.2993821129361,132.303224210217,3.));
#12272=CARTESIAN_POINT('Origin',(2.7119201129361,132.303224210217,3.));
#12273=CARTESIAN_POINT('',(4.2993821129361,-7.69677578978303,3.));
#12274=CARTESIAN_POINT('Origin',(2.7119201129361,-7.69677578978303,3.));
#12275=CARTESIAN_POINT('',(317.299382112935,132.303224210217,3.));
#12276=CARTESIAN_POINT('Origin',(315.711920112935,132.303224210217,3.));
#12277=CARTESIAN_POINT('',(16.6192,78.9838,3.));
#12278=CARTESIAN_POINT('',(2.61965,78.9838,3.));
#12279=CARTESIAN_POINT('',(16.6192,78.9838,3.));
#12280=CARTESIAN_POINT('',(2.61965,92.9831,3.));
#12281=CARTESIAN_POINT('',(2.61965,78.9838,3.));
#12282=CARTESIAN_POINT('',(16.6192,92.9831,3.));
#12283=CARTESIAN_POINT('',(2.61965,92.9831,3.));
#12284=CARTESIAN_POINT('',(16.6192,92.9831,3.));
#12285=CARTESIAN_POINT('',(126.157,40.8838,3.));
#12286=CARTESIAN_POINT('',(112.157,40.8838,3.));
#12287=CARTESIAN_POINT('',(126.157,40.8838,3.));
#12288=CARTESIAN_POINT('',(112.157,54.8831,3.));
#12289=CARTESIAN_POINT('',(112.157,40.8838,3.));
#12290=CARTESIAN_POINT('',(126.157,54.8831,3.));
#12291=CARTESIAN_POINT('',(112.157,54.8831,3.));
#12292=CARTESIAN_POINT('',(126.157,54.8831,3.));
#12293=CARTESIAN_POINT('',(23.7629,40.8838,3.));
#12294=CARTESIAN_POINT('',(9.76203,40.8838,3.));
#12295=CARTESIAN_POINT('',(23.7629,40.8838,3.));
#12296=CARTESIAN_POINT('',(9.76203,54.8831,3.));
#12297=CARTESIAN_POINT('',(9.76203,40.8838,3.));
#12298=CARTESIAN_POINT('',(23.7629,54.8831,3.));
#12299=CARTESIAN_POINT('',(9.76203,54.8831,3.));
#12300=CARTESIAN_POINT('',(23.7629,54.8831,3.));
#12301=CARTESIAN_POINT('',(92.819,78.9838,3.));
#12302=CARTESIAN_POINT('',(78.8197,78.9838,3.));
#12303=CARTESIAN_POINT('',(92.819,78.9838,3.));
#12304=CARTESIAN_POINT('',(78.8197,92.9831,3.));
#12305=CARTESIAN_POINT('',(78.8197,78.9838,3.));
#12306=CARTESIAN_POINT('',(92.819,92.9831,3.));
#12307=CARTESIAN_POINT('',(78.8197,92.9831,3.));
#12308=CARTESIAN_POINT('',(92.819,92.9831,3.));
#12309=CARTESIAN_POINT('',(78.5315,21.8336,3.));
#12310=CARTESIAN_POINT('',(64.5322,21.8336,3.));
#12311=CARTESIAN_POINT('',(78.5315,21.8336,3.));
#12312=CARTESIAN_POINT('',(64.5322,35.833,3.));
#12313=CARTESIAN_POINT('',(64.5322,21.8336,3.));
#12314=CARTESIAN_POINT('',(78.5315,35.833,3.));
#12315=CARTESIAN_POINT('',(64.5322,35.833,3.));
#12316=CARTESIAN_POINT('',(78.5315,35.833,3.));
#12317=CARTESIAN_POINT('',(124.062,16.7845,3.));
#12318=CARTESIAN_POINT('',(138.063,16.7845,3.));
#12319=CARTESIAN_POINT('',(138.063,16.7845,3.));
#12320=CARTESIAN_POINT('',(138.063,12.0826,3.));
#12321=CARTESIAN_POINT('',(138.063,12.0826,3.));
#12322=CARTESIAN_POINT('',(177.687,12.0826,3.));
#12323=CARTESIAN_POINT('',(177.687,12.0826,3.));
#12324=CARTESIAN_POINT('',(177.687,15.3142,3.));
#12325=CARTESIAN_POINT('',(177.687,15.3142,3.));
#12326=CARTESIAN_POINT('',(184.438,15.3142,3.));
#12327=CARTESIAN_POINT('',(184.438,15.3142,3.));
#12328=CARTESIAN_POINT('',(184.438,12.0826,3.));
#12329=CARTESIAN_POINT('',(184.438,12.0826,3.));
#12330=CARTESIAN_POINT('',(185.262,12.0826,3.));
#12331=CARTESIAN_POINT('',(185.262,12.0826,3.));
#12332=CARTESIAN_POINT('',(185.262,9.28384,3.));
#12333=CARTESIAN_POINT('',(185.262,9.28384,3.));
#12334=CARTESIAN_POINT('',(184.438,9.28384,3.));
#12335=CARTESIAN_POINT('',(184.438,9.28384,3.));
#12336=CARTESIAN_POINT('',(184.438,3.01377,3.));
#12337=CARTESIAN_POINT('',(184.438,3.01377,3.));
#12338=CARTESIAN_POINT('',(182.713,3.01377,3.));
#12339=CARTESIAN_POINT('',(182.713,3.01377,3.));
#12340=CARTESIAN_POINT('',(182.713,1.81488,3.));
#12341=CARTESIAN_POINT('',(182.713,1.81488,3.));
#12342=CARTESIAN_POINT('',(179.412,1.81488,3.));
#12343=CARTESIAN_POINT('',(179.412,1.81488,3.));
#12344=CARTESIAN_POINT('',(179.412,3.01377,3.));
#12345=CARTESIAN_POINT('',(179.412,3.01377,3.));
#12346=CARTESIAN_POINT('',(177.687,3.01377,3.));
#12347=CARTESIAN_POINT('',(177.687,3.01377,3.));
#12348=CARTESIAN_POINT('',(177.687,7.48411,3.));
#12349=CARTESIAN_POINT('',(177.687,7.48411,3.));
#12350=CARTESIAN_POINT('',(138.063,7.48411,3.));
#12351=CARTESIAN_POINT('',(138.063,7.48411,3.));
#12352=CARTESIAN_POINT('',(138.063,2.78364,3.));
#12353=CARTESIAN_POINT('',(138.063,2.78364,3.));
#12354=CARTESIAN_POINT('',(124.062,2.78364,3.));
#12355=CARTESIAN_POINT('',(124.062,2.78364,3.));
#12356=CARTESIAN_POINT('',(124.062,7.48411,3.));
#12357=CARTESIAN_POINT('',(124.062,7.48411,3.));
#12358=CARTESIAN_POINT('',(84.4381,7.48411,3.));
#12359=CARTESIAN_POINT('',(84.4381,7.48411,3.));
#12360=CARTESIAN_POINT('',(84.4381,3.01377,3.));
#12361=CARTESIAN_POINT('',(84.4381,3.01377,3.));
#12362=CARTESIAN_POINT('',(82.7126,3.01377,3.));
#12363=CARTESIAN_POINT('',(82.7126,3.01377,3.));
#12364=CARTESIAN_POINT('',(82.7126,1.81488,3.));
#12365=CARTESIAN_POINT('',(82.7126,1.81488,3.));
#12366=CARTESIAN_POINT('',(79.412,1.81488,3.));
#12367=CARTESIAN_POINT('',(79.412,1.81488,3.));
#12368=CARTESIAN_POINT('',(79.412,3.01377,3.));
#12369=CARTESIAN_POINT('',(79.412,3.01377,3.));
#12370=CARTESIAN_POINT('',(77.687,3.01377,3.));
#12371=CARTESIAN_POINT('',(77.687,3.01377,3.));
#12372=CARTESIAN_POINT('',(77.687,9.28384,3.));
#12373=CARTESIAN_POINT('',(77.687,9.28384,3.));
#12374=CARTESIAN_POINT('',(76.8629,9.28384,3.));
#12375=CARTESIAN_POINT('',(76.8629,9.28384,3.));
#12376=CARTESIAN_POINT('',(76.8629,12.0826,3.));
#12377=CARTESIAN_POINT('',(76.8629,12.0826,3.));
#12378=CARTESIAN_POINT('',(77.687,12.0826,3.));
#12379=CARTESIAN_POINT('',(77.687,12.0826,3.));
#12380=CARTESIAN_POINT('',(77.687,15.3142,3.));
#12381=CARTESIAN_POINT('',(77.687,15.3142,3.));
#12382=CARTESIAN_POINT('',(84.4381,15.3142,3.));
#12383=CARTESIAN_POINT('',(84.4381,15.3142,3.));
#12384=CARTESIAN_POINT('',(84.4381,12.0826,3.));
#12385=CARTESIAN_POINT('',(84.4381,12.0826,3.));
#12386=CARTESIAN_POINT('',(124.062,12.0826,3.));
#12387=CARTESIAN_POINT('',(124.062,12.0826,3.));
#12388=CARTESIAN_POINT('',(124.062,16.7845,3.));
#12389=CARTESIAN_POINT('',(257.412,54.8831,3.));
#12390=CARTESIAN_POINT('',(271.413,54.8831,3.));
#12391=CARTESIAN_POINT('',(271.413,54.8831,3.));
#12392=CARTESIAN_POINT('',(271.413,40.8838,3.));
#12393=CARTESIAN_POINT('',(271.413,40.8838,3.));
#12394=CARTESIAN_POINT('',(257.412,40.8838,3.));
#12395=CARTESIAN_POINT('',(257.412,40.8838,3.));
#12396=CARTESIAN_POINT('',(257.412,54.8831,3.));
#12397=CARTESIAN_POINT('',(302.369,2.78364,3.));
#12398=CARTESIAN_POINT('',(288.37,2.78364,3.));
#12399=CARTESIAN_POINT('',(302.369,2.78364,3.));
#12400=CARTESIAN_POINT('',(288.37,16.7845,3.));
#12401=CARTESIAN_POINT('',(288.37,2.78364,3.));
#12402=CARTESIAN_POINT('',(302.369,16.7845,3.));
#12403=CARTESIAN_POINT('',(288.37,16.7845,3.));
#12404=CARTESIAN_POINT('',(302.369,16.7845,3.));
#12405=CARTESIAN_POINT('',(59.4815,21.8336,3.));
#12406=CARTESIAN_POINT('',(45.4822,21.8336,3.));
#12407=CARTESIAN_POINT('',(59.4815,21.8336,3.));
#12408=CARTESIAN_POINT('',(45.4822,35.833,3.));
#12409=CARTESIAN_POINT('',(45.4822,21.8336,3.));
#12410=CARTESIAN_POINT('',(59.4815,35.833,3.));
#12411=CARTESIAN_POINT('',(45.4822,35.833,3.));
#12412=CARTESIAN_POINT('',(59.4815,35.833,3.));
#12413=CARTESIAN_POINT('',(145.207,40.8838,3.));
#12414=CARTESIAN_POINT('',(131.207,40.8838,3.));
#12415=CARTESIAN_POINT('',(145.207,40.8838,3.));
#12416=CARTESIAN_POINT('',(131.207,54.8831,3.));
#12417=CARTESIAN_POINT('',(131.207,40.8838,3.));
#12418=CARTESIAN_POINT('',(145.207,54.8831,3.));
#12419=CARTESIAN_POINT('',(131.207,54.8831,3.));
#12420=CARTESIAN_POINT('',(145.207,54.8831,3.));
#12421=CARTESIAN_POINT('',(66.6253,2.78364,3.));
#12422=CARTESIAN_POINT('',(52.626,2.78364,3.));
#12423=CARTESIAN_POINT('',(66.6253,2.78364,3.));
#12424=CARTESIAN_POINT('',(52.626,16.7845,3.));
#12425=CARTESIAN_POINT('',(52.626,2.78364,3.));
#12426=CARTESIAN_POINT('',(66.6253,16.7845,3.));
#12427=CARTESIAN_POINT('',(52.626,16.7845,3.));
#12428=CARTESIAN_POINT('',(66.6253,16.7845,3.));
#12429=CARTESIAN_POINT('',(19.0004,2.78364,3.));
#12430=CARTESIAN_POINT('',(5.00091000000001,2.78364,3.));
#12431=CARTESIAN_POINT('',(19.0004,2.78364,3.));
#12432=CARTESIAN_POINT('',(5.00091000000001,16.7845,3.));
#12433=CARTESIAN_POINT('',(5.00091,2.78364,3.));
#12434=CARTESIAN_POINT('',(19.0004,16.7845,3.));
#12435=CARTESIAN_POINT('',(5.00091,16.7845,3.));
#12436=CARTESIAN_POINT('',(19.0004,16.7845,3.));
#12437=CARTESIAN_POINT('',(283.319,2.78364,3.));
#12438=CARTESIAN_POINT('',(269.32,2.78364,3.));
#12439=CARTESIAN_POINT('',(283.319,2.78364,3.));
#12440=CARTESIAN_POINT('',(269.32,16.7845,3.));
#12441=CARTESIAN_POINT('',(269.32,2.78364,3.));
#12442=CARTESIAN_POINT('',(283.319,16.7845,3.));
#12443=CARTESIAN_POINT('',(269.32,16.7845,3.));
#12444=CARTESIAN_POINT('',(283.319,16.7845,3.));
#12445=CARTESIAN_POINT('',(154.732,21.8336,3.));
#12446=CARTESIAN_POINT('',(140.732,21.8336,3.));
#12447=CARTESIAN_POINT('',(154.732,21.8336,3.));
#12448=CARTESIAN_POINT('',(140.732,35.833,3.));
#12449=CARTESIAN_POINT('',(140.732,21.8336,3.));
#12450=CARTESIAN_POINT('',(154.732,35.833,3.));
#12451=CARTESIAN_POINT('',(140.732,35.833,3.));
#12452=CARTESIAN_POINT('',(154.732,35.833,3.));
#12453=CARTESIAN_POINT('',(269.32,73.9331,3.));
#12454=CARTESIAN_POINT('',(283.319,73.9331,3.));
#12455=CARTESIAN_POINT('',(283.319,73.9331,3.));
#12456=CARTESIAN_POINT('',(283.319,69.2326,3.));
#12457=CARTESIAN_POINT('',(283.319,69.2326,3.));
#12458=CARTESIAN_POINT('',(284.845,69.2326,3.));
#12459=CARTESIAN_POINT('',(284.845,69.2326,3.));
#12460=CARTESIAN_POINT('',(284.845,72.4627,3.));
#12461=CARTESIAN_POINT('',(284.845,72.4627,3.));
#12462=CARTESIAN_POINT('',(291.594,72.4627,3.));
#12463=CARTESIAN_POINT('',(291.594,72.4627,3.));
#12464=CARTESIAN_POINT('',(291.594,69.2326,3.));
#12465=CARTESIAN_POINT('',(291.594,69.2326,3.));
#12466=CARTESIAN_POINT('',(292.42,69.2326,3.));
#12467=CARTESIAN_POINT('',(292.42,69.2326,3.));
#12468=CARTESIAN_POINT('',(292.42,66.4337,3.));
#12469=CARTESIAN_POINT('',(292.42,66.4337,3.));
#12470=CARTESIAN_POINT('',(291.594,66.4337,3.));
#12471=CARTESIAN_POINT('',(291.594,66.4337,3.));
#12472=CARTESIAN_POINT('',(291.594,60.1638,3.));
#12473=CARTESIAN_POINT('',(291.594,60.1638,3.));
#12474=CARTESIAN_POINT('',(289.869,60.1638,3.));
#12475=CARTESIAN_POINT('',(289.869,60.1638,3.));
#12476=CARTESIAN_POINT('',(289.869,58.9636,3.));
#12477=CARTESIAN_POINT('',(289.869,58.9636,3.));
#12478=CARTESIAN_POINT('',(286.57,58.9636,3.));
#12479=CARTESIAN_POINT('',(286.57,58.9636,3.));
#12480=CARTESIAN_POINT('',(286.57,60.1638,3.));
#12481=CARTESIAN_POINT('',(286.57,60.1638,3.));
#12482=CARTESIAN_POINT('',(284.845,60.1638,3.));
#12483=CARTESIAN_POINT('',(284.845,60.1638,3.));
#12484=CARTESIAN_POINT('',(284.845,64.6328,3.));
#12485=CARTESIAN_POINT('',(284.845,64.6328,3.));
#12486=CARTESIAN_POINT('',(283.319,64.6328,3.));
#12487=CARTESIAN_POINT('',(283.319,64.6328,3.));
#12488=CARTESIAN_POINT('',(283.319,59.9338,3.));
#12489=CARTESIAN_POINT('',(283.319,59.9338,3.));
#12490=CARTESIAN_POINT('',(269.32,59.9338,3.));
#12491=CARTESIAN_POINT('',(269.32,59.9338,3.));
#12492=CARTESIAN_POINT('',(269.32,64.6328,3.));
#12493=CARTESIAN_POINT('',(269.32,64.6328,3.));
#12494=CARTESIAN_POINT('',(267.794,64.6328,3.));
#12495=CARTESIAN_POINT('',(267.794,64.6328,3.));
#12496=CARTESIAN_POINT('',(267.794,60.1638,3.));
#12497=CARTESIAN_POINT('',(267.794,60.1638,3.));
#12498=CARTESIAN_POINT('',(266.069,60.1638,3.));
#12499=CARTESIAN_POINT('',(266.069,60.1638,3.));
#12500=CARTESIAN_POINT('',(266.069,58.9636,3.));
#12501=CARTESIAN_POINT('',(266.069,58.9636,3.));
#12502=CARTESIAN_POINT('',(262.77,58.9636,3.));
#12503=CARTESIAN_POINT('',(262.77,58.9636,3.));
#12504=CARTESIAN_POINT('',(262.77,60.1638,3.));
#12505=CARTESIAN_POINT('',(262.77,60.1638,3.));
#12506=CARTESIAN_POINT('',(261.045,60.1638,3.));
#12507=CARTESIAN_POINT('',(261.045,60.1638,3.));
#12508=CARTESIAN_POINT('',(261.045,66.4337,3.));
#12509=CARTESIAN_POINT('',(261.045,66.4337,3.));
#12510=CARTESIAN_POINT('',(260.219,66.4337,3.));
#12511=CARTESIAN_POINT('',(260.219,66.4337,3.));
#12512=CARTESIAN_POINT('',(260.219,69.2326,3.));
#12513=CARTESIAN_POINT('',(260.219,69.2326,3.));
#12514=CARTESIAN_POINT('',(261.045,69.2326,3.));
#12515=CARTESIAN_POINT('',(261.045,69.2326,3.));
#12516=CARTESIAN_POINT('',(261.045,72.4627,3.));
#12517=CARTESIAN_POINT('',(261.045,72.4627,3.));
#12518=CARTESIAN_POINT('',(267.794,72.4627,3.));
#12519=CARTESIAN_POINT('',(267.794,72.4627,3.));
#12520=CARTESIAN_POINT('',(267.794,69.2326,3.));
#12521=CARTESIAN_POINT('',(267.794,69.2326,3.));
#12522=CARTESIAN_POINT('',(269.32,69.2326,3.));
#12523=CARTESIAN_POINT('',(269.32,69.2326,3.));
#12524=CARTESIAN_POINT('',(269.32,73.9331,3.));
#12525=CARTESIAN_POINT('',(245.219,2.78364,3.));
#12526=CARTESIAN_POINT('',(231.22,2.78364,3.));
#12527=CARTESIAN_POINT('',(245.219,2.78364,3.));
#12528=CARTESIAN_POINT('',(231.22,16.7845,3.));
#12529=CARTESIAN_POINT('',(231.22,2.78364,3.));
#12530=CARTESIAN_POINT('',(245.219,16.7845,3.));
#12531=CARTESIAN_POINT('',(231.22,16.7845,3.));
#12532=CARTESIAN_POINT('',(245.219,16.7845,3.));
#12533=CARTESIAN_POINT('',(35.669,78.9838,3.));
#12534=CARTESIAN_POINT('',(21.6697,78.9838,3.));
#12535=CARTESIAN_POINT('',(35.669,78.9838,3.));
#12536=CARTESIAN_POINT('',(21.6697,92.9831,3.));
#12537=CARTESIAN_POINT('',(21.6697,78.9838,3.));
#12538=CARTESIAN_POINT('',(35.669,92.9831,3.));
#12539=CARTESIAN_POINT('',(21.6697,92.9831,3.));
#12540=CARTESIAN_POINT('',(35.669,92.9831,3.));
#12541=CARTESIAN_POINT('',(73.769,78.9838,3.));
#12542=CARTESIAN_POINT('',(59.7697,78.9838,3.));
#12543=CARTESIAN_POINT('',(73.769,78.9838,3.));
#12544=CARTESIAN_POINT('',(59.7697,92.9831,3.));
#12545=CARTESIAN_POINT('',(59.7697,78.9838,3.));
#12546=CARTESIAN_POINT('',(73.769,92.9831,3.));
#12547=CARTESIAN_POINT('',(59.7697,92.9831,3.));
#12548=CARTESIAN_POINT('',(73.769,92.9831,3.));
#12549=CARTESIAN_POINT('',(307.132,40.8838,3.));
#12550=CARTESIAN_POINT('',(293.132,40.8838,3.));
#12551=CARTESIAN_POINT('',(307.132,40.8838,3.));
#12552=CARTESIAN_POINT('',(293.132,54.8831,3.));
#12553=CARTESIAN_POINT('',(293.132,40.8838,3.));
#12554=CARTESIAN_POINT('',(307.132,54.8831,3.));
#12555=CARTESIAN_POINT('',(293.132,54.8831,3.));
#12556=CARTESIAN_POINT('',(307.132,54.8831,3.));
#12557=CARTESIAN_POINT('',(264.269,78.9838,3.));
#12558=CARTESIAN_POINT('',(250.27,78.9838,3.));
#12559=CARTESIAN_POINT('',(264.269,78.9838,3.));
#12560=CARTESIAN_POINT('',(250.27,92.9831,3.));
#12561=CARTESIAN_POINT('',(250.27,78.9838,3.));
#12562=CARTESIAN_POINT('',(264.269,92.9831,3.));
#12563=CARTESIAN_POINT('',(250.27,92.9831,3.));
#12564=CARTESIAN_POINT('',(264.269,92.9831,3.));
#12565=CARTESIAN_POINT('',(140.444,59.9338,3.));
#12566=CARTESIAN_POINT('',(126.445,59.9338,3.));
#12567=CARTESIAN_POINT('',(140.444,59.9338,3.));
#12568=CARTESIAN_POINT('',(126.445,73.9331,3.));
#12569=CARTESIAN_POINT('',(126.445,59.9338,3.));
#12570=CARTESIAN_POINT('',(140.444,73.9331,3.));
#12571=CARTESIAN_POINT('',(126.445,73.9331,3.));
#12572=CARTESIAN_POINT('',(140.444,73.9331,3.));
#12573=CARTESIAN_POINT('',(211.882,21.8336,3.));
#12574=CARTESIAN_POINT('',(197.882,21.8336,3.));
#12575=CARTESIAN_POINT('',(211.882,21.8336,3.));
#12576=CARTESIAN_POINT('',(197.882,35.833,3.));
#12577=CARTESIAN_POINT('',(197.882,21.8336,3.));
#12578=CARTESIAN_POINT('',(211.882,35.833,3.));
#12579=CARTESIAN_POINT('',(197.882,35.833,3.));
#12580=CARTESIAN_POINT('',(211.882,35.833,3.));
#12581=CARTESIAN_POINT('',(230.932,21.8336,3.));
#12582=CARTESIAN_POINT('',(216.932,21.8336,3.));
#12583=CARTESIAN_POINT('',(230.932,21.8336,3.));
#12584=CARTESIAN_POINT('',(216.932,35.833,3.));
#12585=CARTESIAN_POINT('',(216.932,21.8336,3.));
#12586=CARTESIAN_POINT('',(230.932,35.833,3.));
#12587=CARTESIAN_POINT('',(216.932,35.833,3.));
#12588=CARTESIAN_POINT('',(230.932,35.833,3.));
#12589=CARTESIAN_POINT('',(264.269,2.78364,3.));
#12590=CARTESIAN_POINT('',(250.27,2.78364,3.));
#12591=CARTESIAN_POINT('',(264.269,2.78364,3.));
#12592=CARTESIAN_POINT('',(250.27,16.7845,3.));
#12593=CARTESIAN_POINT('',(250.27,2.78364,3.));
#12594=CARTESIAN_POINT('',(264.269,16.7845,3.));
#12595=CARTESIAN_POINT('',(250.27,16.7845,3.));
#12596=CARTESIAN_POINT('',(264.269,16.7845,3.));
#12597=CARTESIAN_POINT('',(64.244,59.9338,3.));
#12598=CARTESIAN_POINT('',(50.2447,59.9338,3.));
#12599=CARTESIAN_POINT('',(64.244,59.9338,3.));
#12600=CARTESIAN_POINT('',(50.2447,73.9331,3.));
#12601=CARTESIAN_POINT('',(50.2447,59.9338,3.));
#12602=CARTESIAN_POINT('',(64.244,73.9331,3.));
#12603=CARTESIAN_POINT('',(50.2447,73.9331,3.));
#12604=CARTESIAN_POINT('',(64.244,73.9331,3.));
#12605=CARTESIAN_POINT('',(188.069,78.9838,3.));
#12606=CARTESIAN_POINT('',(174.07,78.9838,3.));
#12607=CARTESIAN_POINT('',(188.069,78.9838,3.));
#12608=CARTESIAN_POINT('',(174.07,92.9831,3.));
#12609=CARTESIAN_POINT('',(174.07,78.9838,3.));
#12610=CARTESIAN_POINT('',(188.069,92.9831,3.));
#12611=CARTESIAN_POINT('',(174.07,92.9831,3.));
#12612=CARTESIAN_POINT('',(188.069,92.9831,3.));
#12613=CARTESIAN_POINT('',(202.357,40.8838,3.));
#12614=CARTESIAN_POINT('',(188.357,40.8838,3.));
#12615=CARTESIAN_POINT('',(202.357,40.8838,3.));
#12616=CARTESIAN_POINT('',(188.357,54.8831,3.));
#12617=CARTESIAN_POINT('',(188.357,40.8838,3.));
#12618=CARTESIAN_POINT('',(202.357,54.8831,3.));
#12619=CARTESIAN_POINT('',(188.357,54.8831,3.));
#12620=CARTESIAN_POINT('',(202.357,54.8831,3.));
#12621=CARTESIAN_POINT('',(245.219,78.9838,3.));
#12622=CARTESIAN_POINT('',(231.22,78.9838,3.));
#12623=CARTESIAN_POINT('',(245.219,78.9838,3.));
#12624=CARTESIAN_POINT('',(231.22,92.9831,3.));
#12625=CARTESIAN_POINT('',(231.22,78.9838,3.));
#12626=CARTESIAN_POINT('',(245.219,92.9831,3.));
#12627=CARTESIAN_POINT('',(231.22,92.9831,3.));
#12628=CARTESIAN_POINT('',(245.219,92.9831,3.));
#12629=CARTESIAN_POINT('',(45.194,59.9338,3.));
#12630=CARTESIAN_POINT('',(31.1947,59.9338,3.));
#12631=CARTESIAN_POINT('',(45.194,59.9338,3.));
#12632=CARTESIAN_POINT('',(31.1947,73.9331,3.));
#12633=CARTESIAN_POINT('',(31.1947,59.9338,3.));
#12634=CARTESIAN_POINT('',(45.194,73.9331,3.));
#12635=CARTESIAN_POINT('',(31.1947,73.9331,3.));
#12636=CARTESIAN_POINT('',(45.194,73.9331,3.));
#12637=CARTESIAN_POINT('',(107.107,40.8838,3.));
#12638=CARTESIAN_POINT('',(93.1072,40.8838,3.));
#12639=CARTESIAN_POINT('',(107.107,40.8838,3.));
#12640=CARTESIAN_POINT('',(93.1072,54.8831,3.));
#12641=CARTESIAN_POINT('',(93.1072,40.8838,3.));
#12642=CARTESIAN_POINT('',(107.107,54.8831,3.));
#12643=CARTESIAN_POINT('',(93.1072,54.8831,3.));
#12644=CARTESIAN_POINT('',(107.107,54.8831,3.));
#12645=CARTESIAN_POINT('',(173.782,21.8336,3.));
#12646=CARTESIAN_POINT('',(159.782,21.8336,3.));
#12647=CARTESIAN_POINT('',(173.782,21.8336,3.));
#12648=CARTESIAN_POINT('',(159.782,35.833,3.));
#12649=CARTESIAN_POINT('',(159.782,21.8336,3.));
#12650=CARTESIAN_POINT('',(173.782,35.833,3.));
#12651=CARTESIAN_POINT('',(159.782,35.833,3.));
#12652=CARTESIAN_POINT('',(173.782,35.833,3.));
#12653=CARTESIAN_POINT('',(14.5259,35.833,3.));
#12654=CARTESIAN_POINT('',(28.5254,35.833,3.));
#12655=CARTESIAN_POINT('',(28.5254,35.833,3.));
#12656=CARTESIAN_POINT('',(28.5254,31.1326,3.));
#12657=CARTESIAN_POINT('',(28.5254,31.1326,3.));
#12658=CARTESIAN_POINT('',(30.0509,31.1326,3.));
#12659=CARTESIAN_POINT('',(30.0509,31.1326,3.));
#12660=CARTESIAN_POINT('',(30.0509,34.3628,3.));
#12661=CARTESIAN_POINT('',(30.0509,34.3628,3.));
#12662=CARTESIAN_POINT('',(36.8004,34.3628,3.));
#12663=CARTESIAN_POINT('',(36.8004,34.3628,3.));
#12664=CARTESIAN_POINT('',(36.8004,31.1326,3.));
#12665=CARTESIAN_POINT('',(36.8004,31.1326,3.));
#12666=CARTESIAN_POINT('',(37.6259,31.1326,3.));
#12667=CARTESIAN_POINT('',(37.6259,31.1326,3.));
#12668=CARTESIAN_POINT('',(37.6259,28.3338,3.));
#12669=CARTESIAN_POINT('',(37.6259,28.3338,3.));
#12670=CARTESIAN_POINT('',(36.8004,28.3338,3.));
#12671=CARTESIAN_POINT('',(36.8004,28.3338,3.));
#12672=CARTESIAN_POINT('',(36.8004,22.0638,3.));
#12673=CARTESIAN_POINT('',(36.8004,22.0638,3.));
#12674=CARTESIAN_POINT('',(35.0752,22.0638,3.));
#12675=CARTESIAN_POINT('',(35.0752,22.0638,3.));
#12676=CARTESIAN_POINT('',(35.0752,20.8635,3.));
#12677=CARTESIAN_POINT('',(35.0752,20.8635,3.));
#12678=CARTESIAN_POINT('',(31.7748,20.8635,3.));
#12679=CARTESIAN_POINT('',(31.7748,20.8635,3.));
#12680=CARTESIAN_POINT('',(31.7748,22.0638,3.));
#12681=CARTESIAN_POINT('',(31.7748,22.0638,3.));
#12682=CARTESIAN_POINT('',(30.0509,22.0638,3.));
#12683=CARTESIAN_POINT('',(30.0509,22.0638,3.));
#12684=CARTESIAN_POINT('',(30.0509,26.5341,3.));
#12685=CARTESIAN_POINT('',(30.0509,26.5341,3.));
#12686=CARTESIAN_POINT('',(28.5254,26.5341,3.));
#12687=CARTESIAN_POINT('',(28.5254,26.5341,3.));
#12688=CARTESIAN_POINT('',(28.5254,21.8336,3.));
#12689=CARTESIAN_POINT('',(28.5254,21.8336,3.));
#12690=CARTESIAN_POINT('',(14.5259,21.8336,3.));
#12691=CARTESIAN_POINT('',(14.5259,21.8336,3.));
#12692=CARTESIAN_POINT('',(14.5259,26.5341,3.));
#12693=CARTESIAN_POINT('',(14.5259,26.5341,3.));
#12694=CARTESIAN_POINT('',(13.0004,26.5341,3.));
#12695=CARTESIAN_POINT('',(13.0004,26.5341,3.));
#12696=CARTESIAN_POINT('',(13.0004,22.0638,3.));
#12697=CARTESIAN_POINT('',(13.0004,22.0638,3.));
#12698=CARTESIAN_POINT('',(11.2751,22.0638,3.));
#12699=CARTESIAN_POINT('',(11.2751,22.0638,3.));
#12700=CARTESIAN_POINT('',(11.2751,20.8635,3.));
#12701=CARTESIAN_POINT('',(11.2751,20.8635,3.));
#12702=CARTESIAN_POINT('',(7.97609000000001,20.8635,3.));
#12703=CARTESIAN_POINT('',(7.97609,20.8635,3.));
#12704=CARTESIAN_POINT('',(7.97609000000001,22.0638,3.));
#12705=CARTESIAN_POINT('',(7.97609,22.0638,3.));
#12706=CARTESIAN_POINT('',(6.25080000000001,22.0638,3.));
#12707=CARTESIAN_POINT('',(6.2508,22.0638,3.));
#12708=CARTESIAN_POINT('',(6.25080000000001,28.3338,3.));
#12709=CARTESIAN_POINT('',(6.2508,28.3338,3.));
#12710=CARTESIAN_POINT('',(5.42532999999999,28.3338,3.));
#12711=CARTESIAN_POINT('',(5.42533,28.3338,3.));
#12712=CARTESIAN_POINT('',(5.42532999999999,31.1326,3.));
#12713=CARTESIAN_POINT('',(5.42533,31.1326,3.));
#12714=CARTESIAN_POINT('',(6.25080000000001,31.1326,3.));
#12715=CARTESIAN_POINT('',(6.2508,31.1326,3.));
#12716=CARTESIAN_POINT('',(6.25080000000001,34.3628,3.));
#12717=CARTESIAN_POINT('',(6.2508,34.3628,3.));
#12718=CARTESIAN_POINT('',(13.0004,34.3628,3.));
#12719=CARTESIAN_POINT('',(13.0004,34.3628,3.));
#12720=CARTESIAN_POINT('',(13.0004,31.1326,3.));
#12721=CARTESIAN_POINT('',(13.0004,31.1326,3.));
#12722=CARTESIAN_POINT('',(14.5259,31.1326,3.));
#12723=CARTESIAN_POINT('',(14.5259,31.1326,3.));
#12724=CARTESIAN_POINT('',(14.5259,35.833,3.));
#12725=CARTESIAN_POINT('',(69.0065,40.8838,3.));
#12726=CARTESIAN_POINT('',(55.0072,40.8838,3.));
#12727=CARTESIAN_POINT('',(69.0065,40.8838,3.));
#12728=CARTESIAN_POINT('',(55.0072,54.8831,3.));
#12729=CARTESIAN_POINT('',(55.0072,40.8838,3.));
#12730=CARTESIAN_POINT('',(69.0065,54.8831,3.));
#12731=CARTESIAN_POINT('',(55.0072,54.8831,3.));
#12732=CARTESIAN_POINT('',(69.0065,54.8831,3.));
#12733=CARTESIAN_POINT('',(42.8128,2.78364,3.));
#12734=CARTESIAN_POINT('',(28.812,2.78364,3.));
#12735=CARTESIAN_POINT('',(42.8128,2.78364,3.));
#12736=CARTESIAN_POINT('',(28.812,16.7845,3.));
#12737=CARTESIAN_POINT('',(28.812,2.78364,3.));
#12738=CARTESIAN_POINT('',(42.8128,16.7845,3.));
#12739=CARTESIAN_POINT('',(28.812,16.7845,3.));
#12740=CARTESIAN_POINT('',(42.8128,16.7845,3.));
#12741=CARTESIAN_POINT('',(178.544,59.9338,3.));
#12742=CARTESIAN_POINT('',(164.545,59.9338,3.));
#12743=CARTESIAN_POINT('',(178.544,59.9338,3.));
#12744=CARTESIAN_POINT('',(164.545,73.9331,3.));
#12745=CARTESIAN_POINT('',(164.545,59.9338,3.));
#12746=CARTESIAN_POINT('',(178.544,73.9331,3.));
#12747=CARTESIAN_POINT('',(164.545,73.9331,3.));
#12748=CARTESIAN_POINT('',(178.544,73.9331,3.));
#12749=CARTESIAN_POINT('',(240.457,40.8838,3.));
#12750=CARTESIAN_POINT('',(226.457,40.8838,3.));
#12751=CARTESIAN_POINT('',(240.457,40.8838,3.));
#12752=CARTESIAN_POINT('',(226.457,54.8831,3.));
#12753=CARTESIAN_POINT('',(226.457,40.8838,3.));
#12754=CARTESIAN_POINT('',(240.457,54.8831,3.));
#12755=CARTESIAN_POINT('',(226.457,54.8831,3.));
#12756=CARTESIAN_POINT('',(240.457,54.8831,3.));
#12757=CARTESIAN_POINT('',(121.394,59.9338,3.));
#12758=CARTESIAN_POINT('',(107.395,59.9338,3.));
#12759=CARTESIAN_POINT('',(121.394,59.9338,3.));
#12760=CARTESIAN_POINT('',(107.395,73.9331,3.));
#12761=CARTESIAN_POINT('',(107.395,59.9338,3.));
#12762=CARTESIAN_POINT('',(121.394,73.9331,3.));
#12763=CARTESIAN_POINT('',(107.395,73.9331,3.));
#12764=CARTESIAN_POINT('',(121.394,73.9331,3.));
#12765=CARTESIAN_POINT('',(197.594,59.9338,3.));
#12766=CARTESIAN_POINT('',(183.595,59.9338,3.));
#12767=CARTESIAN_POINT('',(197.594,59.9338,3.));
#12768=CARTESIAN_POINT('',(183.595,73.9331,3.));
#12769=CARTESIAN_POINT('',(183.595,59.9338,3.));
#12770=CARTESIAN_POINT('',(197.594,73.9331,3.));
#12771=CARTESIAN_POINT('',(183.595,73.9331,3.));
#12772=CARTESIAN_POINT('',(197.594,73.9331,3.));
#12773=CARTESIAN_POINT('',(207.119,78.9838,3.));
#12774=CARTESIAN_POINT('',(193.12,78.9838,3.));
#12775=CARTESIAN_POINT('',(207.119,78.9838,3.));
#12776=CARTESIAN_POINT('',(193.12,92.9831,3.));
#12777=CARTESIAN_POINT('',(193.12,78.9838,3.));
#12778=CARTESIAN_POINT('',(207.119,92.9831,3.));
#12779=CARTESIAN_POINT('',(193.12,92.9831,3.));
#12780=CARTESIAN_POINT('',(207.119,92.9831,3.));
#12781=CARTESIAN_POINT('',(111.869,78.9838,3.));
#12782=CARTESIAN_POINT('',(97.8683,78.9838,3.));
#12783=CARTESIAN_POINT('',(111.869,78.9838,3.));
#12784=CARTESIAN_POINT('',(97.8683,92.9831,3.));
#12785=CARTESIAN_POINT('',(97.8683,78.9838,3.));
#12786=CARTESIAN_POINT('',(111.869,92.9831,3.));
#12787=CARTESIAN_POINT('',(97.8683,92.9831,3.));
#12788=CARTESIAN_POINT('',(111.869,92.9831,3.));
#12789=CARTESIAN_POINT('',(221.407,40.8838,3.));
#12790=CARTESIAN_POINT('',(207.407,40.8838,3.));
#12791=CARTESIAN_POINT('',(221.407,40.8838,3.));
#12792=CARTESIAN_POINT('',(207.407,54.8831,3.));
#12793=CARTESIAN_POINT('',(207.407,40.8838,3.));
#12794=CARTESIAN_POINT('',(221.407,54.8831,3.));
#12795=CARTESIAN_POINT('',(207.407,54.8831,3.));
#12796=CARTESIAN_POINT('',(221.407,54.8831,3.));
#12797=CARTESIAN_POINT('',(283.319,21.8336,3.));
#12798=CARTESIAN_POINT('',(269.32,21.8336,3.));
#12799=CARTESIAN_POINT('',(283.319,21.8336,3.));
#12800=CARTESIAN_POINT('',(269.32,35.833,3.));
#12801=CARTESIAN_POINT('',(269.32,21.8336,3.));
#12802=CARTESIAN_POINT('',(283.319,35.833,3.));
#12803=CARTESIAN_POINT('',(269.32,35.833,3.));
#12804=CARTESIAN_POINT('',(283.319,35.833,3.));
#12805=CARTESIAN_POINT('',(164.257,40.8838,3.));
#12806=CARTESIAN_POINT('',(150.257,40.8838,3.));
#12807=CARTESIAN_POINT('',(164.257,40.8838,3.));
#12808=CARTESIAN_POINT('',(150.257,54.8831,3.));
#12809=CARTESIAN_POINT('',(150.257,40.8838,3.));
#12810=CARTESIAN_POINT('',(164.257,54.8831,3.));
#12811=CARTESIAN_POINT('',(150.257,54.8831,3.));
#12812=CARTESIAN_POINT('',(164.257,54.8831,3.));
#12813=CARTESIAN_POINT('',(54.719,78.9838,3.));
#12814=CARTESIAN_POINT('',(40.7197,78.9838,3.));
#12815=CARTESIAN_POINT('',(54.719,78.9838,3.));
#12816=CARTESIAN_POINT('',(40.7197,92.9831,3.));
#12817=CARTESIAN_POINT('',(40.7197,78.9838,3.));
#12818=CARTESIAN_POINT('',(54.719,92.9831,3.));
#12819=CARTESIAN_POINT('',(40.7197,92.9831,3.));
#12820=CARTESIAN_POINT('',(54.719,92.9831,3.));
#12821=CARTESIAN_POINT('',(207.119,2.78364,3.));
#12822=CARTESIAN_POINT('',(193.12,2.78364,3.));
#12823=CARTESIAN_POINT('',(207.119,2.78364,3.));
#12824=CARTESIAN_POINT('',(193.12,16.7845,3.));
#12825=CARTESIAN_POINT('',(193.12,2.78364,3.));
#12826=CARTESIAN_POINT('',(207.119,16.7845,3.));
#12827=CARTESIAN_POINT('',(193.12,16.7845,3.));
#12828=CARTESIAN_POINT('',(207.119,16.7845,3.));
#12829=CARTESIAN_POINT('',(88.0565,40.8838,3.));
#12830=CARTESIAN_POINT('',(74.0572,40.8838,3.));
#12831=CARTESIAN_POINT('',(88.0565,40.8838,3.));
#12832=CARTESIAN_POINT('',(74.0572,54.8831,3.));
#12833=CARTESIAN_POINT('',(74.0572,40.8838,3.));
#12834=CARTESIAN_POINT('',(88.0565,54.8831,3.));
#12835=CARTESIAN_POINT('',(74.0572,54.8831,3.));
#12836=CARTESIAN_POINT('',(88.0565,54.8831,3.));
#12837=CARTESIAN_POINT('',(97.5815,21.8336,3.));
#12838=CARTESIAN_POINT('',(83.5822,21.8336,3.));
#12839=CARTESIAN_POINT('',(97.5815,21.8336,3.));
#12840=CARTESIAN_POINT('',(83.5822,35.833,3.));
#12841=CARTESIAN_POINT('',(83.5822,21.8336,3.));
#12842=CARTESIAN_POINT('',(97.5815,35.833,3.));
#12843=CARTESIAN_POINT('',(83.5822,35.833,3.));
#12844=CARTESIAN_POINT('',(97.5815,35.833,3.));
#12845=CARTESIAN_POINT('',(226.169,78.9838,3.));
#12846=CARTESIAN_POINT('',(212.17,78.9838,3.));
#12847=CARTESIAN_POINT('',(226.169,78.9838,3.));
#12848=CARTESIAN_POINT('',(212.17,92.9831,3.));
#12849=CARTESIAN_POINT('',(212.17,78.9838,3.));
#12850=CARTESIAN_POINT('',(226.169,92.9831,3.));
#12851=CARTESIAN_POINT('',(212.17,92.9831,3.));
#12852=CARTESIAN_POINT('',(226.169,92.9831,3.));
#12853=CARTESIAN_POINT('',(159.494,59.9338,3.));
#12854=CARTESIAN_POINT('',(145.495,59.9338,3.));
#12855=CARTESIAN_POINT('',(159.494,59.9338,3.));
#12856=CARTESIAN_POINT('',(145.495,73.9331,3.));
#12857=CARTESIAN_POINT('',(145.495,59.9338,3.));
#12858=CARTESIAN_POINT('',(159.494,73.9331,3.));
#12859=CARTESIAN_POINT('',(145.495,73.9331,3.));
#12860=CARTESIAN_POINT('',(159.494,73.9331,3.));
#12861=CARTESIAN_POINT('',(116.632,21.8336,3.));
#12862=CARTESIAN_POINT('',(102.632,21.8336,3.));
#12863=CARTESIAN_POINT('',(116.632,21.8336,3.));
#12864=CARTESIAN_POINT('',(102.632,35.833,3.));
#12865=CARTESIAN_POINT('',(102.632,21.8336,3.));
#12866=CARTESIAN_POINT('',(116.632,35.833,3.));
#12867=CARTESIAN_POINT('',(102.632,35.833,3.));
#12868=CARTESIAN_POINT('',(116.632,35.833,3.));
#12869=CARTESIAN_POINT('',(102.344,59.9338,3.));
#12870=CARTESIAN_POINT('',(88.3447,59.9338,3.));
#12871=CARTESIAN_POINT('',(102.344,59.9338,3.));
#12872=CARTESIAN_POINT('',(88.3447,73.9331,3.));
#12873=CARTESIAN_POINT('',(88.3447,59.9338,3.));
#12874=CARTESIAN_POINT('',(102.344,73.9331,3.));
#12875=CARTESIAN_POINT('',(88.3447,73.9331,3.));
#12876=CARTESIAN_POINT('',(102.344,73.9331,3.));
#12877=CARTESIAN_POINT('',(83.294,59.9338,3.));
#12878=CARTESIAN_POINT('',(69.2947,59.9338,3.));
#12879=CARTESIAN_POINT('',(83.294,59.9338,3.));
#12880=CARTESIAN_POINT('',(69.2947,73.9331,3.));
#12881=CARTESIAN_POINT('',(69.2947,59.9338,3.));
#12882=CARTESIAN_POINT('',(83.294,73.9331,3.));
#12883=CARTESIAN_POINT('',(69.2947,73.9331,3.));
#12884=CARTESIAN_POINT('',(83.294,73.9331,3.));
#12885=CARTESIAN_POINT('',(30.1786094767915,101.605922672337,3.));
#12886=CARTESIAN_POINT('',(30.1786094767915,130.394077327663,3.));
#12887=CARTESIAN_POINT('Origin',(30.1786094767915,116.,3.));
#12888=CARTESIAN_POINT('',(268.90115931003,130.394077327663,3.));
#12889=CARTESIAN_POINT('',(268.90115931003,130.394077327663,3.));
#12890=CARTESIAN_POINT('',(268.90115931003,101.605922672337,3.));
#12891=CARTESIAN_POINT('Origin',(268.90115931003,116.,3.));
#12892=CARTESIAN_POINT('',(30.1786094767915,101.605922672337,3.));
#12893=CARTESIAN_POINT('',(130.919,78.9838,3.));
#12894=CARTESIAN_POINT('',(116.918,78.9838,3.));
#12895=CARTESIAN_POINT('',(130.919,78.9838,3.));
#12896=CARTESIAN_POINT('',(116.918,92.9831,3.));
#12897=CARTESIAN_POINT('',(116.918,78.9838,3.));
#12898=CARTESIAN_POINT('',(130.919,92.9831,3.));
#12899=CARTESIAN_POINT('',(116.918,92.9831,3.));
#12900=CARTESIAN_POINT('',(130.919,92.9831,3.));
#12901=CARTESIAN_POINT('',(216.644,59.9338,3.));
#12902=CARTESIAN_POINT('',(202.645,59.9338,3.));
#12903=CARTESIAN_POINT('',(216.644,59.9338,3.));
#12904=CARTESIAN_POINT('',(202.645,73.9331,3.));
#12905=CARTESIAN_POINT('',(202.645,59.9338,3.));
#12906=CARTESIAN_POINT('',(216.644,73.9331,3.));
#12907=CARTESIAN_POINT('',(202.645,73.9331,3.));
#12908=CARTESIAN_POINT('',(216.644,73.9331,3.));
#12909=CARTESIAN_POINT('',(254.744,59.9338,3.));
#12910=CARTESIAN_POINT('',(240.745,59.9338,3.));
#12911=CARTESIAN_POINT('',(254.744,59.9338,3.));
#12912=CARTESIAN_POINT('',(240.745,73.9331,3.));
#12913=CARTESIAN_POINT('',(240.745,59.9338,3.));
#12914=CARTESIAN_POINT('',(254.744,73.9331,3.));
#12915=CARTESIAN_POINT('',(240.745,73.9331,3.));
#12916=CARTESIAN_POINT('',(254.744,73.9331,3.));
#12917=CARTESIAN_POINT('',(135.682,21.8336,3.));
#12918=CARTESIAN_POINT('',(121.682,21.8336,3.));
#12919=CARTESIAN_POINT('',(135.682,21.8336,3.));
#12920=CARTESIAN_POINT('',(121.682,35.833,3.));
#12921=CARTESIAN_POINT('',(121.682,21.8336,3.));
#12922=CARTESIAN_POINT('',(135.682,35.833,3.));
#12923=CARTESIAN_POINT('',(121.682,35.833,3.));
#12924=CARTESIAN_POINT('',(135.682,35.833,3.));
#12925=CARTESIAN_POINT('',(257.125,21.8336,3.));
#12926=CARTESIAN_POINT('',(243.126,21.8336,3.));
#12927=CARTESIAN_POINT('',(257.125,21.8336,3.));
#12928=CARTESIAN_POINT('',(243.126,35.833,3.));
#12929=CARTESIAN_POINT('',(243.126,21.8336,3.));
#12930=CARTESIAN_POINT('',(257.125,35.833,3.));
#12931=CARTESIAN_POINT('',(243.126,35.833,3.));
#12932=CARTESIAN_POINT('',(257.125,35.833,3.));
#12933=CARTESIAN_POINT('',(226.169,2.78364,3.));
#12934=CARTESIAN_POINT('',(212.17,2.78364,3.));
#12935=CARTESIAN_POINT('',(226.169,2.78364,3.));
#12936=CARTESIAN_POINT('',(212.17,16.7845,3.));
#12937=CARTESIAN_POINT('',(212.17,2.78364,3.));
#12938=CARTESIAN_POINT('',(226.169,16.7845,3.));
#12939=CARTESIAN_POINT('',(212.17,16.7845,3.));
#12940=CARTESIAN_POINT('',(226.169,16.7845,3.));
#12941=CARTESIAN_POINT('',(49.9565,40.8838,3.));
#12942=CARTESIAN_POINT('',(35.9572,40.8838,3.));
#12943=CARTESIAN_POINT('',(49.9565,40.8838,3.));
#12944=CARTESIAN_POINT('',(35.9572,54.8831,3.));
#12945=CARTESIAN_POINT('',(35.9572,40.8838,3.));
#12946=CARTESIAN_POINT('',(49.9565,54.8831,3.));
#12947=CARTESIAN_POINT('',(35.9572,54.8831,3.));
#12948=CARTESIAN_POINT('',(49.9565,54.8831,3.));
#12949=CARTESIAN_POINT('',(149.969,78.9838,3.));
#12950=CARTESIAN_POINT('',(135.97,78.9838,3.));
#12951=CARTESIAN_POINT('',(149.969,78.9838,3.));
#12952=CARTESIAN_POINT('',(135.97,92.9831,3.));
#12953=CARTESIAN_POINT('',(135.97,78.9838,3.));
#12954=CARTESIAN_POINT('',(149.969,92.9831,3.));
#12955=CARTESIAN_POINT('',(135.97,92.9831,3.));
#12956=CARTESIAN_POINT('',(149.969,92.9831,3.));
#12957=CARTESIAN_POINT('',(235.694,59.9338,3.));
#12958=CARTESIAN_POINT('',(221.695,59.9338,3.));
#12959=CARTESIAN_POINT('',(235.694,59.9338,3.));
#12960=CARTESIAN_POINT('',(221.695,73.9331,3.));
#12961=CARTESIAN_POINT('',(221.695,59.9338,3.));
#12962=CARTESIAN_POINT('',(235.694,73.9331,3.));
#12963=CARTESIAN_POINT('',(221.695,73.9331,3.));
#12964=CARTESIAN_POINT('',(235.694,73.9331,3.));
#12965=CARTESIAN_POINT('',(183.307,40.8838,3.));
#12966=CARTESIAN_POINT('',(169.307,40.8838,3.));
#12967=CARTESIAN_POINT('',(183.307,40.8838,3.));
#12968=CARTESIAN_POINT('',(169.307,54.8831,3.));
#12969=CARTESIAN_POINT('',(169.307,40.8838,3.));
#12970=CARTESIAN_POINT('',(183.307,54.8831,3.));
#12971=CARTESIAN_POINT('',(169.307,54.8831,3.));
#12972=CARTESIAN_POINT('',(183.307,54.8831,3.));
#12973=CARTESIAN_POINT('',(21.3817,59.9338,3.));
#12974=CARTESIAN_POINT('',(7.38216000000001,59.9338,3.));
#12975=CARTESIAN_POINT('',(21.3817,59.9338,3.));
#12976=CARTESIAN_POINT('',(7.38216000000001,73.9331,3.));
#12977=CARTESIAN_POINT('',(7.38216,59.9338,3.));
#12978=CARTESIAN_POINT('',(21.3817,73.9331,3.));
#12979=CARTESIAN_POINT('',(7.38216,73.9331,3.));
#12980=CARTESIAN_POINT('',(21.3817,73.9331,3.));
#12981=CARTESIAN_POINT('',(192.832,21.8336,3.));
#12982=CARTESIAN_POINT('',(178.832,21.8336,3.));
#12983=CARTESIAN_POINT('',(192.832,21.8336,3.));
#12984=CARTESIAN_POINT('',(178.832,35.833,3.));
#12985=CARTESIAN_POINT('',(178.832,21.8336,3.));
#12986=CARTESIAN_POINT('',(192.832,35.833,3.));
#12987=CARTESIAN_POINT('',(178.832,35.833,3.));
#12988=CARTESIAN_POINT('',(192.832,35.833,3.));
#12989=CARTESIAN_POINT('',(169.019,78.9838,3.));
#12990=CARTESIAN_POINT('',(155.02,78.9838,3.));
#12991=CARTESIAN_POINT('',(169.019,78.9838,3.));
#12992=CARTESIAN_POINT('',(155.02,92.9831,3.));
#12993=CARTESIAN_POINT('',(155.02,78.9838,3.));
#12994=CARTESIAN_POINT('',(169.019,92.9831,3.));
#12995=CARTESIAN_POINT('',(155.02,92.9831,3.));
#12996=CARTESIAN_POINT('',(169.019,92.9831,3.));
#12997=CARTESIAN_POINT('',(319.789867432298,84.259633528666,3.));
#12998=CARTESIAN_POINT('',(287.693502871637,84.259633528666,3.));
#12999=CARTESIAN_POINT('',(239.178729513342,84.259633528666,3.));
#13000=CARTESIAN_POINT('',(285.693502871637,86.259633528666,3.));
#13001=CARTESIAN_POINT('Origin',(287.693502871637,86.259633528666,3.));
#13002=CARTESIAN_POINT('',(285.693502871637,102.753684008057,3.));
#13003=CARTESIAN_POINT('',(285.693502871637,73.778434469911,3.));
#13004=CARTESIAN_POINT('',(287.693502871637,104.753684008058,3.));
#13005=CARTESIAN_POINT('Origin',(287.693502871637,102.753684008057,3.));
#13006=CARTESIAN_POINT('',(319.60549811641,104.753684008058,3.));
#13007=CARTESIAN_POINT('',(223.130547233011,104.753684008058,3.));
#13008=CARTESIAN_POINT('Origin',(319.60549811641,102.753684008057,3.));
#13009=CARTESIAN_POINT('',(320.365154372062,84.344158408249,3.));
#13010=CARTESIAN_POINT('Origin',(319.60549811641,86.194272559659,3.));
#13011=CARTESIAN_POINT('Origin',(319.789867432298,86.259633528666,3.));
#13012=CARTESIAN_POINT('',(325.145506523707,-16.263242819093,3.));
#13013=CARTESIAN_POINT('Origin',(323.545506523707,-16.263242819093,3.));
#13014=CARTESIAN_POINT('',(-4.93837398438491,138.97001438762,3.));
#13015=CARTESIAN_POINT('Origin',(-6.5383739843849,138.97001438762,3.));
#13016=CARTESIAN_POINT('',(325.145506523707,138.97001438762,3.));
#13017=CARTESIAN_POINT('Origin',(323.545506523707,138.97001438762,3.));
#13018=CARTESIAN_POINT('',(-4.9383739843849,-16.263242819093,3.));
#13019=CARTESIAN_POINT('Origin',(-6.5383739843849,-16.263242819093,3.));
#13020=CARTESIAN_POINT('Origin',(330.390406404605,122.907996475613,0.));
#13021=CARTESIAN_POINT('',(330.390475288643,133.196890984363,0.));
#13022=CARTESIAN_POINT('Origin',(315.711920112935,-7.69677578978303,4.00000000000004));
#13023=CARTESIAN_POINT('',(317.299382112935,-7.69677578978303,4.00000000000004));
#13024=CARTESIAN_POINT('Origin',(2.7119201129361,132.303224210217,4.));
#13025=CARTESIAN_POINT('',(4.2993821129361,132.303224210217,4.));
#13026=CARTESIAN_POINT('Origin',(2.7119201129361,-7.69677578978303,4.));
#13027=CARTESIAN_POINT('',(4.2993821129361,-7.69677578978303,4.));
#13028=CARTESIAN_POINT('Origin',(315.711920112935,132.303224210217,4.00000000000004));
#13029=CARTESIAN_POINT('',(317.299382112935,132.303224210217,4.00000000000004));
#13030=CARTESIAN_POINT('Origin',(-6.5383739843849,-16.263242819093,4.));
#13031=CARTESIAN_POINT('',(-4.9383739843849,-16.263242819093,4.));
#13032=CARTESIAN_POINT('Origin',(323.545506523707,138.97001438762,4.00000000000005));
#13033=CARTESIAN_POINT('',(325.145506523707,138.97001438762,4.00000000000005));
#13034=CARTESIAN_POINT('Origin',(-6.5383739843849,138.97001438762,4.));
#13035=CARTESIAN_POINT('',(-4.93837398438491,138.97001438762,4.));
#13036=CARTESIAN_POINT('Origin',(323.545506523707,-16.263242819093,4.00000000000005));
#13037=CARTESIAN_POINT('',(325.145506523707,-16.263242819093,4.00000000000005));
#13038=CARTESIAN_POINT('Origin',(318.693503393178,112.753684127267,4.00000000000004));
#13039=CARTESIAN_POINT('',(316.693503303771,112.753684127267,4.00000000000004));
#13040=CARTESIAN_POINT('Origin',(316.693503303771,114.753684127267,4.00000000000004));
#13041=CARTESIAN_POINT('',(314.693503303771,114.753684127267,4.00000000000004));
#13042=CARTESIAN_POINT('Origin',(314.693503303771,114.753684127267,4.00000000000004));
#13043=CARTESIAN_POINT('',(314.693503303771,123.753684320982,4.00000000000004));
#13044=CARTESIAN_POINT('Origin',(316.693503303771,123.753684320982,4.00000000000004));
#13045=CARTESIAN_POINT('Origin',(319.60549811641,102.753684008057,4.00000000000004));
#13046=CARTESIAN_POINT('',(319.60549811641,104.753684008058,4.00000000000004));
#13047=CARTESIAN_POINT('Origin',(319.60549811641,86.194272559659,4.00000000000004));
#13048=CARTESIAN_POINT('',(320.365154372062,84.344158408249,4.00000000000005));
#13049=CARTESIAN_POINT('Origin',(319.789867432298,86.259633528666,4.00000000000005));
#13050=CARTESIAN_POINT('',(319.789867432298,84.259633528666,4.00000000000005));
#13051=CARTESIAN_POINT('Origin',(319.789867432298,84.259633528666,4.00000000000005));
#13052=CARTESIAN_POINT('',(287.693502871637,84.259633528666,4.00000000000004));
#13053=CARTESIAN_POINT('Origin',(287.693502871637,104.753684008058,4.00000000000004));
#13054=CARTESIAN_POINT('',(287.693502871637,104.753684008058,4.00000000000004));
#13055=CARTESIAN_POINT('Origin',(287.693502871637,102.753684008057,4.00000000000004));
#13056=CARTESIAN_POINT('',(285.693502871637,102.753684008057,4.00000000000004));
#13057=CARTESIAN_POINT('Origin',(285.693502871637,86.259633528666,4.00000000000004));
#13058=CARTESIAN_POINT('',(285.693502871637,86.259633528666,4.00000000000004));
#13059=CARTESIAN_POINT('Origin',(287.693502871637,86.259633528666,4.00000000000004));
#13060=CARTESIAN_POINT('Origin',(16.6192,92.9831,0.));
#13061=CARTESIAN_POINT('',(16.6192,78.9838,0.));
#13062=CARTESIAN_POINT('',(16.6192,92.9831,0.));
#13063=CARTESIAN_POINT('Origin',(2.61965,92.9831,0.));
#13064=CARTESIAN_POINT('',(2.61965,92.9831,0.));
#13065=CARTESIAN_POINT('Origin',(2.61965,78.9838,0.));
#13066=CARTESIAN_POINT('',(2.61965,78.9838,0.));
#13067=CARTESIAN_POINT('Origin',(16.6192,78.9838,0.));
#13068=CARTESIAN_POINT('Origin',(126.157,54.8831,0.));
#13069=CARTESIAN_POINT('',(126.157,40.8838,0.));
#13070=CARTESIAN_POINT('',(126.157,54.8831,0.));
#13071=CARTESIAN_POINT('Origin',(112.157,54.8831,0.));
#13072=CARTESIAN_POINT('',(112.157,54.8831,0.));
#13073=CARTESIAN_POINT('Origin',(112.157,40.8838,0.));
#13074=CARTESIAN_POINT('',(112.157,40.8838,0.));
#13075=CARTESIAN_POINT('Origin',(126.157,40.8838,0.));
#13076=CARTESIAN_POINT('Origin',(23.7629,54.8831,0.));
#13077=CARTESIAN_POINT('',(23.7629,40.8838,0.));
#13078=CARTESIAN_POINT('',(23.7629,54.8831,0.));
#13079=CARTESIAN_POINT('Origin',(9.76203,54.8831,0.));
#13080=CARTESIAN_POINT('',(9.76203,54.8831,0.));
#13081=CARTESIAN_POINT('Origin',(9.76203,40.8838,0.));
#13082=CARTESIAN_POINT('',(9.76203,40.8838,0.));
#13083=CARTESIAN_POINT('Origin',(23.7629,40.8838,0.));
#13084=CARTESIAN_POINT('Origin',(92.819,92.9831,0.));
#13085=CARTESIAN_POINT('',(92.819,78.9838,0.));
#13086=CARTESIAN_POINT('',(92.819,92.9831,0.));
#13087=CARTESIAN_POINT('Origin',(78.8197,92.9831,0.));
#13088=CARTESIAN_POINT('',(78.8197,92.9831,0.));
#13089=CARTESIAN_POINT('Origin',(78.8197,78.9838,0.));
#13090=CARTESIAN_POINT('',(78.8197,78.9838,0.));
#13091=CARTESIAN_POINT('Origin',(92.819,78.9838,0.));
#13092=CARTESIAN_POINT('Origin',(78.5315,35.833,0.));
#13093=CARTESIAN_POINT('',(78.5315,21.8336,0.));
#13094=CARTESIAN_POINT('',(78.5315,35.833,0.));
#13095=CARTESIAN_POINT('Origin',(64.5322,35.833,0.));
#13096=CARTESIAN_POINT('',(64.5322,35.833,0.));
#13097=CARTESIAN_POINT('Origin',(64.5322,21.8336,0.));
#13098=CARTESIAN_POINT('',(64.5322,21.8336,0.));
#13099=CARTESIAN_POINT('Origin',(78.5315,21.8336,0.));
#13100=CARTESIAN_POINT('Origin',(124.062,12.0826,0.));
#13101=CARTESIAN_POINT('',(124.062,16.7845,0.));
#13102=CARTESIAN_POINT('',(124.062,12.0826,0.));
#13103=CARTESIAN_POINT('Origin',(84.4381,12.0826,0.));
#13104=CARTESIAN_POINT('',(84.4381,12.0826,0.));
#13105=CARTESIAN_POINT('Origin',(84.4381,15.3142,0.));
#13106=CARTESIAN_POINT('',(84.4381,15.3142,0.));
#13107=CARTESIAN_POINT('Origin',(77.687,15.3142,0.));
#13108=CARTESIAN_POINT('',(77.687,15.3142,0.));
#13109=CARTESIAN_POINT('Origin',(77.687,12.0826,0.));
#13110=CARTESIAN_POINT('',(77.687,12.0826,0.));
#13111=CARTESIAN_POINT('Origin',(76.8629,12.0826,0.));
#13112=CARTESIAN_POINT('',(76.8629,12.0826,0.));
#13113=CARTESIAN_POINT('Origin',(76.8629,9.28384,0.));
#13114=CARTESIAN_POINT('',(76.8629,9.28384,0.));
#13115=CARTESIAN_POINT('Origin',(77.687,9.28384,0.));
#13116=CARTESIAN_POINT('',(77.687,9.28384,0.));
#13117=CARTESIAN_POINT('Origin',(77.687,3.01377,0.));
#13118=CARTESIAN_POINT('',(77.687,3.01377,0.));
#13119=CARTESIAN_POINT('Origin',(79.412,3.01377,0.));
#13120=CARTESIAN_POINT('',(79.412,3.01377,0.));
#13121=CARTESIAN_POINT('Origin',(79.412,1.81488,0.));
#13122=CARTESIAN_POINT('',(79.412,1.81488,0.));
#13123=CARTESIAN_POINT('Origin',(82.7126,1.81488,0.));
#13124=CARTESIAN_POINT('',(82.7126,1.81488,0.));
#13125=CARTESIAN_POINT('Origin',(82.7126,3.01377,0.));
#13126=CARTESIAN_POINT('',(82.7126,3.01377,0.));
#13127=CARTESIAN_POINT('Origin',(84.4381,3.01377,0.));
#13128=CARTESIAN_POINT('',(84.4381,3.01377,0.));
#13129=CARTESIAN_POINT('Origin',(84.4381,7.48411,0.));
#13130=CARTESIAN_POINT('',(84.4381,7.48411,0.));
#13131=CARTESIAN_POINT('Origin',(124.062,7.48411,0.));
#13132=CARTESIAN_POINT('',(124.062,7.48411,0.));
#13133=CARTESIAN_POINT('Origin',(124.062,2.78364,0.));
#13134=CARTESIAN_POINT('',(124.062,2.78364,0.));
#13135=CARTESIAN_POINT('Origin',(138.063,2.78364,0.));
#13136=CARTESIAN_POINT('',(138.063,2.78364,0.));
#13137=CARTESIAN_POINT('Origin',(138.063,7.48411,0.));
#13138=CARTESIAN_POINT('',(138.063,7.48411,0.));
#13139=CARTESIAN_POINT('Origin',(177.687,7.48411,0.));
#13140=CARTESIAN_POINT('',(177.687,7.48411,0.));
#13141=CARTESIAN_POINT('Origin',(177.687,3.01377,0.));
#13142=CARTESIAN_POINT('',(177.687,3.01377,0.));
#13143=CARTESIAN_POINT('Origin',(179.412,3.01377,0.));
#13144=CARTESIAN_POINT('',(179.412,3.01377,0.));
#13145=CARTESIAN_POINT('Origin',(179.412,1.81488,0.));
#13146=CARTESIAN_POINT('',(179.412,1.81488,0.));
#13147=CARTESIAN_POINT('Origin',(182.713,1.81488,0.));
#13148=CARTESIAN_POINT('',(182.713,1.81488,0.));
#13149=CARTESIAN_POINT('Origin',(182.713,3.01377,0.));
#13150=CARTESIAN_POINT('',(182.713,3.01377,0.));
#13151=CARTESIAN_POINT('Origin',(184.438,3.01377,0.));
#13152=CARTESIAN_POINT('',(184.438,3.01377,0.));
#13153=CARTESIAN_POINT('Origin',(184.438,9.28384,0.));
#13154=CARTESIAN_POINT('',(184.438,9.28384,0.));
#13155=CARTESIAN_POINT('Origin',(185.262,9.28384,0.));
#13156=CARTESIAN_POINT('',(185.262,9.28384,0.));
#13157=CARTESIAN_POINT('Origin',(185.262,12.0826,0.));
#13158=CARTESIAN_POINT('',(185.262,12.0826,0.));
#13159=CARTESIAN_POINT('Origin',(184.438,12.0826,0.));
#13160=CARTESIAN_POINT('',(184.438,12.0826,0.));
#13161=CARTESIAN_POINT('Origin',(184.438,15.3142,0.));
#13162=CARTESIAN_POINT('',(184.438,15.3142,0.));
#13163=CARTESIAN_POINT('Origin',(177.687,15.3142,0.));
#13164=CARTESIAN_POINT('',(177.687,15.3142,0.));
#13165=CARTESIAN_POINT('Origin',(177.687,12.0826,0.));
#13166=CARTESIAN_POINT('',(177.687,12.0826,0.));
#13167=CARTESIAN_POINT('Origin',(138.063,12.0826,0.));
#13168=CARTESIAN_POINT('',(138.063,12.0826,0.));
#13169=CARTESIAN_POINT('Origin',(138.063,16.7845,0.));
#13170=CARTESIAN_POINT('',(138.063,16.7845,0.));
#13171=CARTESIAN_POINT('Origin',(124.062,16.7845,0.));
#13172=CARTESIAN_POINT('Origin',(257.412,40.8838,0.));
#13173=CARTESIAN_POINT('',(257.412,54.8831,0.));
#13174=CARTESIAN_POINT('',(257.412,40.8838,0.));
#13175=CARTESIAN_POINT('Origin',(271.413,40.8838,0.));
#13176=CARTESIAN_POINT('',(271.413,40.8838,0.));
#13177=CARTESIAN_POINT('Origin',(271.413,54.8831,0.));
#13178=CARTESIAN_POINT('',(271.413,54.8831,0.));
#13179=CARTESIAN_POINT('Origin',(257.412,54.8831,0.));
#13180=CARTESIAN_POINT('Origin',(302.369,16.7845,0.));
#13181=CARTESIAN_POINT('',(302.369,2.78364,0.));
#13182=CARTESIAN_POINT('',(302.369,16.7845,0.));
#13183=CARTESIAN_POINT('Origin',(288.37,16.7845,0.));
#13184=CARTESIAN_POINT('',(288.37,16.7845,0.));
#13185=CARTESIAN_POINT('Origin',(288.37,2.78364,0.));
#13186=CARTESIAN_POINT('',(288.37,2.78364,0.));
#13187=CARTESIAN_POINT('Origin',(302.369,2.78364,0.));
#13188=CARTESIAN_POINT('Origin',(59.4815,35.833,0.));
#13189=CARTESIAN_POINT('',(59.4815,21.8336,0.));
#13190=CARTESIAN_POINT('',(59.4815,35.833,0.));
#13191=CARTESIAN_POINT('Origin',(45.4822,35.833,0.));
#13192=CARTESIAN_POINT('',(45.4822,35.833,0.));
#13193=CARTESIAN_POINT('Origin',(45.4822,21.8336,0.));
#13194=CARTESIAN_POINT('',(45.4822,21.8336,0.));
#13195=CARTESIAN_POINT('Origin',(59.4815,21.8336,0.));
#13196=CARTESIAN_POINT('Origin',(145.207,54.8831,0.));
#13197=CARTESIAN_POINT('',(145.207,40.8838,0.));
#13198=CARTESIAN_POINT('',(145.207,54.8831,0.));
#13199=CARTESIAN_POINT('Origin',(131.207,54.8831,0.));
#13200=CARTESIAN_POINT('',(131.207,54.8831,0.));
#13201=CARTESIAN_POINT('Origin',(131.207,40.8838,0.));
#13202=CARTESIAN_POINT('',(131.207,40.8838,0.));
#13203=CARTESIAN_POINT('Origin',(145.207,40.8838,0.));
#13204=CARTESIAN_POINT('Origin',(66.6253,16.7845,0.));
#13205=CARTESIAN_POINT('',(66.6253,2.78364,0.));
#13206=CARTESIAN_POINT('',(66.6253,16.7845,0.));
#13207=CARTESIAN_POINT('Origin',(52.626,16.7845,0.));
#13208=CARTESIAN_POINT('',(52.626,16.7845,0.));
#13209=CARTESIAN_POINT('Origin',(52.626,2.78364,0.));
#13210=CARTESIAN_POINT('',(52.626,2.78364,0.));
#13211=CARTESIAN_POINT('Origin',(66.6253,2.78364,0.));
#13212=CARTESIAN_POINT('Origin',(19.0004,16.7845,0.));
#13213=CARTESIAN_POINT('',(19.0004,2.78364,0.));
#13214=CARTESIAN_POINT('',(19.0004,16.7845,0.));
#13215=CARTESIAN_POINT('Origin',(5.00091,16.7845,0.));
#13216=CARTESIAN_POINT('',(5.00091,16.7845,0.));
#13217=CARTESIAN_POINT('Origin',(5.00091,2.78364,0.));
#13218=CARTESIAN_POINT('',(5.00091,2.78364,0.));
#13219=CARTESIAN_POINT('Origin',(19.0004,2.78364,0.));
#13220=CARTESIAN_POINT('Origin',(283.319,16.7845,0.));
#13221=CARTESIAN_POINT('',(283.319,2.78364,0.));
#13222=CARTESIAN_POINT('',(283.319,16.7845,0.));
#13223=CARTESIAN_POINT('Origin',(269.32,16.7845,0.));
#13224=CARTESIAN_POINT('',(269.32,16.7845,0.));
#13225=CARTESIAN_POINT('Origin',(269.32,2.78364,0.));
#13226=CARTESIAN_POINT('',(269.32,2.78364,0.));
#13227=CARTESIAN_POINT('Origin',(283.319,2.78364,0.));
#13228=CARTESIAN_POINT('Origin',(154.732,35.833,0.));
#13229=CARTESIAN_POINT('',(154.732,21.8336,0.));
#13230=CARTESIAN_POINT('',(154.732,35.833,0.));
#13231=CARTESIAN_POINT('Origin',(140.732,35.833,0.));
#13232=CARTESIAN_POINT('',(140.732,35.833,0.));
#13233=CARTESIAN_POINT('Origin',(140.732,21.8336,0.));
#13234=CARTESIAN_POINT('',(140.732,21.8336,0.));
#13235=CARTESIAN_POINT('Origin',(154.732,21.8336,0.));
#13236=CARTESIAN_POINT('Origin',(269.32,69.2326,0.));
#13237=CARTESIAN_POINT('',(269.32,73.9331,0.));
#13238=CARTESIAN_POINT('',(269.32,69.2326,0.));
#13239=CARTESIAN_POINT('Origin',(267.794,69.2326,0.));
#13240=CARTESIAN_POINT('',(267.794,69.2326,0.));
#13241=CARTESIAN_POINT('Origin',(267.794,72.4627,0.));
#13242=CARTESIAN_POINT('',(267.794,72.4627,0.));
#13243=CARTESIAN_POINT('Origin',(261.045,72.4627,0.));
#13244=CARTESIAN_POINT('',(261.045,72.4627,0.));
#13245=CARTESIAN_POINT('Origin',(261.045,69.2326,0.));
#13246=CARTESIAN_POINT('',(261.045,69.2326,0.));
#13247=CARTESIAN_POINT('Origin',(260.219,69.2326,0.));
#13248=CARTESIAN_POINT('',(260.219,69.2326,0.));
#13249=CARTESIAN_POINT('Origin',(260.219,66.4337,0.));
#13250=CARTESIAN_POINT('',(260.219,66.4337,0.));
#13251=CARTESIAN_POINT('Origin',(261.045,66.4337,0.));
#13252=CARTESIAN_POINT('',(261.045,66.4337,0.));
#13253=CARTESIAN_POINT('Origin',(261.045,60.1638,0.));
#13254=CARTESIAN_POINT('',(261.045,60.1638,0.));
#13255=CARTESIAN_POINT('Origin',(262.77,60.1638,0.));
#13256=CARTESIAN_POINT('',(262.77,60.1638,0.));
#13257=CARTESIAN_POINT('Origin',(262.77,58.9636,0.));
#13258=CARTESIAN_POINT('',(262.77,58.9636,0.));
#13259=CARTESIAN_POINT('Origin',(266.069,58.9636,0.));
#13260=CARTESIAN_POINT('',(266.069,58.9636,0.));
#13261=CARTESIAN_POINT('Origin',(266.069,60.1638,0.));
#13262=CARTESIAN_POINT('',(266.069,60.1638,0.));
#13263=CARTESIAN_POINT('Origin',(267.794,60.1638,0.));
#13264=CARTESIAN_POINT('',(267.794,60.1638,0.));
#13265=CARTESIAN_POINT('Origin',(267.794,64.6328,0.));
#13266=CARTESIAN_POINT('',(267.794,64.6328,0.));
#13267=CARTESIAN_POINT('Origin',(269.32,64.6328,0.));
#13268=CARTESIAN_POINT('',(269.32,64.6328,0.));
#13269=CARTESIAN_POINT('Origin',(269.32,59.9338,0.));
#13270=CARTESIAN_POINT('',(269.32,59.9338,0.));
#13271=CARTESIAN_POINT('Origin',(283.319,59.9338,0.));
#13272=CARTESIAN_POINT('',(283.319,59.9338,0.));
#13273=CARTESIAN_POINT('Origin',(283.319,64.6328,0.));
#13274=CARTESIAN_POINT('',(283.319,64.6328,0.));
#13275=CARTESIAN_POINT('Origin',(284.845,64.6328,0.));
#13276=CARTESIAN_POINT('',(284.845,64.6328,0.));
#13277=CARTESIAN_POINT('Origin',(284.845,60.1638,0.));
#13278=CARTESIAN_POINT('',(284.845,60.1638,0.));
#13279=CARTESIAN_POINT('Origin',(286.57,60.1638,0.));
#13280=CARTESIAN_POINT('',(286.57,60.1638,0.));
#13281=CARTESIAN_POINT('Origin',(286.57,58.9636,0.));
#13282=CARTESIAN_POINT('',(286.57,58.9636,0.));
#13283=CARTESIAN_POINT('Origin',(289.869,58.9636,0.));
#13284=CARTESIAN_POINT('',(289.869,58.9636,0.));
#13285=CARTESIAN_POINT('Origin',(289.869,60.1638,0.));
#13286=CARTESIAN_POINT('',(289.869,60.1638,0.));
#13287=CARTESIAN_POINT('Origin',(291.594,60.1638,0.));
#13288=CARTESIAN_POINT('',(291.594,60.1638,0.));
#13289=CARTESIAN_POINT('Origin',(291.594,66.4337,0.));
#13290=CARTESIAN_POINT('',(291.594,66.4337,0.));
#13291=CARTESIAN_POINT('Origin',(292.42,66.4337,0.));
#13292=CARTESIAN_POINT('',(292.42,66.4337,0.));
#13293=CARTESIAN_POINT('Origin',(292.42,69.2326,0.));
#13294=CARTESIAN_POINT('',(292.42,69.2326,0.));
#13295=CARTESIAN_POINT('Origin',(291.594,69.2326,0.));
#13296=CARTESIAN_POINT('',(291.594,69.2326,0.));
#13297=CARTESIAN_POINT('Origin',(291.594,72.4627,0.));
#13298=CARTESIAN_POINT('',(291.594,72.4627,0.));
#13299=CARTESIAN_POINT('Origin',(284.845,72.4627,0.));
#13300=CARTESIAN_POINT('',(284.845,72.4627,0.));
#13301=CARTESIAN_POINT('Origin',(284.845,69.2326,0.));
#13302=CARTESIAN_POINT('',(284.845,69.2326,0.));
#13303=CARTESIAN_POINT('Origin',(283.319,69.2326,0.));
#13304=CARTESIAN_POINT('',(283.319,69.2326,0.));
#13305=CARTESIAN_POINT('Origin',(283.319,73.9331,0.));
#13306=CARTESIAN_POINT('',(283.319,73.9331,0.));
#13307=CARTESIAN_POINT('Origin',(269.32,73.9331,0.));
#13308=CARTESIAN_POINT('Origin',(245.219,16.7845,0.));
#13309=CARTESIAN_POINT('',(245.219,2.78364,0.));
#13310=CARTESIAN_POINT('',(245.219,16.7845,0.));
#13311=CARTESIAN_POINT('Origin',(231.22,16.7845,0.));
#13312=CARTESIAN_POINT('',(231.22,16.7845,0.));
#13313=CARTESIAN_POINT('Origin',(231.22,2.78364,0.));
#13314=CARTESIAN_POINT('',(231.22,2.78364,0.));
#13315=CARTESIAN_POINT('Origin',(245.219,2.78364,0.));
#13316=CARTESIAN_POINT('Origin',(35.669,92.9831,0.));
#13317=CARTESIAN_POINT('',(35.669,78.9838,0.));
#13318=CARTESIAN_POINT('',(35.669,92.9831,0.));
#13319=CARTESIAN_POINT('Origin',(21.6697,92.9831,0.));
#13320=CARTESIAN_POINT('',(21.6697,92.9831,0.));
#13321=CARTESIAN_POINT('Origin',(21.6697,78.9838,0.));
#13322=CARTESIAN_POINT('',(21.6697,78.9838,0.));
#13323=CARTESIAN_POINT('Origin',(35.669,78.9838,0.));
#13324=CARTESIAN_POINT('Origin',(73.769,92.9831,0.));
#13325=CARTESIAN_POINT('',(73.769,78.9838,0.));
#13326=CARTESIAN_POINT('',(73.769,92.9831,0.));
#13327=CARTESIAN_POINT('Origin',(59.7697,92.9831,0.));
#13328=CARTESIAN_POINT('',(59.7697,92.9831,0.));
#13329=CARTESIAN_POINT('Origin',(59.7697,78.9838,0.));
#13330=CARTESIAN_POINT('',(59.7697,78.9838,0.));
#13331=CARTESIAN_POINT('Origin',(73.769,78.9838,0.));
#13332=CARTESIAN_POINT('Origin',(307.132,54.8831,0.));
#13333=CARTESIAN_POINT('',(307.132,40.8838,0.));
#13334=CARTESIAN_POINT('',(307.132,54.8831,0.));
#13335=CARTESIAN_POINT('Origin',(293.132,54.8831,0.));
#13336=CARTESIAN_POINT('',(293.132,54.8831,0.));
#13337=CARTESIAN_POINT('Origin',(293.132,40.8838,0.));
#13338=CARTESIAN_POINT('',(293.132,40.8838,0.));
#13339=CARTESIAN_POINT('Origin',(307.132,40.8838,0.));
#13340=CARTESIAN_POINT('Origin',(264.269,92.9831,0.));
#13341=CARTESIAN_POINT('',(264.269,78.9838,0.));
#13342=CARTESIAN_POINT('',(264.269,92.9831,0.));
#13343=CARTESIAN_POINT('Origin',(250.27,92.9831,0.));
#13344=CARTESIAN_POINT('',(250.27,92.9831,0.));
#13345=CARTESIAN_POINT('Origin',(250.27,78.9838,0.));
#13346=CARTESIAN_POINT('',(250.27,78.9838,0.));
#13347=CARTESIAN_POINT('Origin',(264.269,78.9838,0.));
#13348=CARTESIAN_POINT('Origin',(140.444,73.9331,0.));
#13349=CARTESIAN_POINT('',(140.444,59.9338,0.));
#13350=CARTESIAN_POINT('',(140.444,73.9331,0.));
#13351=CARTESIAN_POINT('Origin',(126.445,73.9331,0.));
#13352=CARTESIAN_POINT('',(126.445,73.9331,0.));
#13353=CARTESIAN_POINT('Origin',(126.445,59.9338,0.));
#13354=CARTESIAN_POINT('',(126.445,59.9338,0.));
#13355=CARTESIAN_POINT('Origin',(140.444,59.9338,0.));
#13356=CARTESIAN_POINT('Origin',(211.882,35.833,0.));
#13357=CARTESIAN_POINT('',(211.882,21.8336,0.));
#13358=CARTESIAN_POINT('',(211.882,35.833,0.));
#13359=CARTESIAN_POINT('Origin',(197.882,35.833,0.));
#13360=CARTESIAN_POINT('',(197.882,35.833,0.));
#13361=CARTESIAN_POINT('Origin',(197.882,21.8336,0.));
#13362=CARTESIAN_POINT('',(197.882,21.8336,0.));
#13363=CARTESIAN_POINT('Origin',(211.882,21.8336,0.));
#13364=CARTESIAN_POINT('Origin',(230.932,35.833,0.));
#13365=CARTESIAN_POINT('',(230.932,21.8336,0.));
#13366=CARTESIAN_POINT('',(230.932,35.833,0.));
#13367=CARTESIAN_POINT('Origin',(216.932,35.833,0.));
#13368=CARTESIAN_POINT('',(216.932,35.833,0.));
#13369=CARTESIAN_POINT('Origin',(216.932,21.8336,0.));
#13370=CARTESIAN_POINT('',(216.932,21.8336,0.));
#13371=CARTESIAN_POINT('Origin',(230.932,21.8336,0.));
#13372=CARTESIAN_POINT('Origin',(264.269,16.7845,0.));
#13373=CARTESIAN_POINT('',(264.269,2.78364,0.));
#13374=CARTESIAN_POINT('',(264.269,16.7845,0.));
#13375=CARTESIAN_POINT('Origin',(250.27,16.7845,0.));
#13376=CARTESIAN_POINT('',(250.27,16.7845,0.));
#13377=CARTESIAN_POINT('Origin',(250.27,2.78364,0.));
#13378=CARTESIAN_POINT('',(250.27,2.78364,0.));
#13379=CARTESIAN_POINT('Origin',(264.269,2.78364,0.));
#13380=CARTESIAN_POINT('Origin',(64.244,73.9331,0.));
#13381=CARTESIAN_POINT('',(64.244,59.9338,0.));
#13382=CARTESIAN_POINT('',(64.244,73.9331,0.));
#13383=CARTESIAN_POINT('Origin',(50.2447,73.9331,0.));
#13384=CARTESIAN_POINT('',(50.2447,73.9331,0.));
#13385=CARTESIAN_POINT('Origin',(50.2447,59.9338,0.));
#13386=CARTESIAN_POINT('',(50.2447,59.9338,0.));
#13387=CARTESIAN_POINT('Origin',(64.244,59.9338,0.));
#13388=CARTESIAN_POINT('Origin',(188.069,92.9831,0.));
#13389=CARTESIAN_POINT('',(188.069,78.9838,0.));
#13390=CARTESIAN_POINT('',(188.069,92.9831,0.));
#13391=CARTESIAN_POINT('Origin',(174.07,92.9831,0.));
#13392=CARTESIAN_POINT('',(174.07,92.9831,0.));
#13393=CARTESIAN_POINT('Origin',(174.07,78.9838,0.));
#13394=CARTESIAN_POINT('',(174.07,78.9838,0.));
#13395=CARTESIAN_POINT('Origin',(188.069,78.9838,0.));
#13396=CARTESIAN_POINT('Origin',(202.357,54.8831,0.));
#13397=CARTESIAN_POINT('',(202.357,40.8838,0.));
#13398=CARTESIAN_POINT('',(202.357,54.8831,0.));
#13399=CARTESIAN_POINT('Origin',(188.357,54.8831,0.));
#13400=CARTESIAN_POINT('',(188.357,54.8831,0.));
#13401=CARTESIAN_POINT('Origin',(188.357,40.8838,0.));
#13402=CARTESIAN_POINT('',(188.357,40.8838,0.));
#13403=CARTESIAN_POINT('Origin',(202.357,40.8838,0.));
#13404=CARTESIAN_POINT('Origin',(245.219,92.9831,0.));
#13405=CARTESIAN_POINT('',(245.219,78.9838,0.));
#13406=CARTESIAN_POINT('',(245.219,92.9831,0.));
#13407=CARTESIAN_POINT('Origin',(231.22,92.9831,0.));
#13408=CARTESIAN_POINT('',(231.22,92.9831,0.));
#13409=CARTESIAN_POINT('Origin',(231.22,78.9838,0.));
#13410=CARTESIAN_POINT('',(231.22,78.9838,0.));
#13411=CARTESIAN_POINT('Origin',(245.219,78.9838,0.));
#13412=CARTESIAN_POINT('Origin',(45.194,73.9331,0.));
#13413=CARTESIAN_POINT('',(45.194,59.9338,0.));
#13414=CARTESIAN_POINT('',(45.194,73.9331,0.));
#13415=CARTESIAN_POINT('Origin',(31.1947,73.9331,0.));
#13416=CARTESIAN_POINT('',(31.1947,73.9331,0.));
#13417=CARTESIAN_POINT('Origin',(31.1947,59.9338,0.));
#13418=CARTESIAN_POINT('',(31.1947,59.9338,0.));
#13419=CARTESIAN_POINT('Origin',(45.194,59.9338,0.));
#13420=CARTESIAN_POINT('Origin',(107.107,54.8831,0.));
#13421=CARTESIAN_POINT('',(107.107,40.8838,0.));
#13422=CARTESIAN_POINT('',(107.107,54.8831,0.));
#13423=CARTESIAN_POINT('Origin',(93.1072,54.8831,0.));
#13424=CARTESIAN_POINT('',(93.1072,54.8831,0.));
#13425=CARTESIAN_POINT('Origin',(93.1072,40.8838,0.));
#13426=CARTESIAN_POINT('',(93.1072,40.8838,0.));
#13427=CARTESIAN_POINT('Origin',(107.107,40.8838,0.));
#13428=CARTESIAN_POINT('Origin',(173.782,35.833,0.));
#13429=CARTESIAN_POINT('',(173.782,21.8336,0.));
#13430=CARTESIAN_POINT('',(173.782,35.833,0.));
#13431=CARTESIAN_POINT('Origin',(159.782,35.833,0.));
#13432=CARTESIAN_POINT('',(159.782,35.833,0.));
#13433=CARTESIAN_POINT('Origin',(159.782,21.8336,0.));
#13434=CARTESIAN_POINT('',(159.782,21.8336,0.));
#13435=CARTESIAN_POINT('Origin',(173.782,21.8336,0.));
#13436=CARTESIAN_POINT('Origin',(14.5259,31.1326,0.));
#13437=CARTESIAN_POINT('',(14.5259,35.833,0.));
#13438=CARTESIAN_POINT('',(14.5259,31.1326,0.));
#13439=CARTESIAN_POINT('Origin',(13.0004,31.1326,0.));
#13440=CARTESIAN_POINT('',(13.0004,31.1326,0.));
#13441=CARTESIAN_POINT('Origin',(13.0004,34.3628,0.));
#13442=CARTESIAN_POINT('',(13.0004,34.3628,0.));
#13443=CARTESIAN_POINT('Origin',(6.2508,34.3628,0.));
#13444=CARTESIAN_POINT('',(6.2508,34.3628,0.));
#13445=CARTESIAN_POINT('Origin',(6.2508,31.1326,0.));
#13446=CARTESIAN_POINT('',(6.2508,31.1326,0.));
#13447=CARTESIAN_POINT('Origin',(5.42533,31.1326,0.));
#13448=CARTESIAN_POINT('',(5.42533,31.1326,0.));
#13449=CARTESIAN_POINT('Origin',(5.42533,28.3338,0.));
#13450=CARTESIAN_POINT('',(5.42533,28.3338,0.));
#13451=CARTESIAN_POINT('Origin',(6.2508,28.3338,0.));
#13452=CARTESIAN_POINT('',(6.2508,28.3338,0.));
#13453=CARTESIAN_POINT('Origin',(6.2508,22.0638,0.));
#13454=CARTESIAN_POINT('',(6.2508,22.0638,0.));
#13455=CARTESIAN_POINT('Origin',(7.97609,22.0638,0.));
#13456=CARTESIAN_POINT('',(7.97609,22.0638,0.));
#13457=CARTESIAN_POINT('Origin',(7.97609,20.8635,0.));
#13458=CARTESIAN_POINT('',(7.97609,20.8635,0.));
#13459=CARTESIAN_POINT('Origin',(11.2751,20.8635,0.));
#13460=CARTESIAN_POINT('',(11.2751,20.8635,0.));
#13461=CARTESIAN_POINT('Origin',(11.2751,22.0638,0.));
#13462=CARTESIAN_POINT('',(11.2751,22.0638,0.));
#13463=CARTESIAN_POINT('Origin',(13.0004,22.0638,0.));
#13464=CARTESIAN_POINT('',(13.0004,22.0638,0.));
#13465=CARTESIAN_POINT('Origin',(13.0004,26.5341,0.));
#13466=CARTESIAN_POINT('',(13.0004,26.5341,0.));
#13467=CARTESIAN_POINT('Origin',(14.5259,26.5341,0.));
#13468=CARTESIAN_POINT('',(14.5259,26.5341,0.));
#13469=CARTESIAN_POINT('Origin',(14.5259,21.8336,0.));
#13470=CARTESIAN_POINT('',(14.5259,21.8336,0.));
#13471=CARTESIAN_POINT('Origin',(28.5254,21.8336,0.));
#13472=CARTESIAN_POINT('',(28.5254,21.8336,0.));
#13473=CARTESIAN_POINT('Origin',(28.5254,26.5341,0.));
#13474=CARTESIAN_POINT('',(28.5254,26.5341,0.));
#13475=CARTESIAN_POINT('Origin',(30.0509,26.5341,0.));
#13476=CARTESIAN_POINT('',(30.0509,26.5341,0.));
#13477=CARTESIAN_POINT('Origin',(30.0509,22.0638,0.));
#13478=CARTESIAN_POINT('',(30.0509,22.0638,0.));
#13479=CARTESIAN_POINT('Origin',(31.7748,22.0638,0.));
#13480=CARTESIAN_POINT('',(31.7748,22.0638,0.));
#13481=CARTESIAN_POINT('Origin',(31.7748,20.8635,0.));
#13482=CARTESIAN_POINT('',(31.7748,20.8635,0.));
#13483=CARTESIAN_POINT('Origin',(35.0752,20.8635,0.));
#13484=CARTESIAN_POINT('',(35.0752,20.8635,0.));
#13485=CARTESIAN_POINT('Origin',(35.0752,22.0638,0.));
#13486=CARTESIAN_POINT('',(35.0752,22.0638,0.));
#13487=CARTESIAN_POINT('Origin',(36.8004,22.0638,0.));
#13488=CARTESIAN_POINT('',(36.8004,22.0638,0.));
#13489=CARTESIAN_POINT('Origin',(36.8004,28.3338,0.));
#13490=CARTESIAN_POINT('',(36.8004,28.3338,0.));
#13491=CARTESIAN_POINT('Origin',(37.6259,28.3338,0.));
#13492=CARTESIAN_POINT('',(37.6259,28.3338,0.));
#13493=CARTESIAN_POINT('Origin',(37.6259,31.1326,0.));
#13494=CARTESIAN_POINT('',(37.6259,31.1326,0.));
#13495=CARTESIAN_POINT('Origin',(36.8004,31.1326,0.));
#13496=CARTESIAN_POINT('',(36.8004,31.1326,0.));
#13497=CARTESIAN_POINT('Origin',(36.8004,34.3628,0.));
#13498=CARTESIAN_POINT('',(36.8004,34.3628,0.));
#13499=CARTESIAN_POINT('Origin',(30.0509,34.3628,0.));
#13500=CARTESIAN_POINT('',(30.0509,34.3628,0.));
#13501=CARTESIAN_POINT('Origin',(30.0509,31.1326,0.));
#13502=CARTESIAN_POINT('',(30.0509,31.1326,0.));
#13503=CARTESIAN_POINT('Origin',(28.5254,31.1326,0.));
#13504=CARTESIAN_POINT('',(28.5254,31.1326,0.));
#13505=CARTESIAN_POINT('Origin',(28.5254,35.833,0.));
#13506=CARTESIAN_POINT('',(28.5254,35.833,0.));
#13507=CARTESIAN_POINT('Origin',(14.5259,35.833,0.));
#13508=CARTESIAN_POINT('Origin',(69.0065,54.8831,0.));
#13509=CARTESIAN_POINT('',(69.0065,40.8838,0.));
#13510=CARTESIAN_POINT('',(69.0065,54.8831,0.));
#13511=CARTESIAN_POINT('Origin',(55.0072,54.8831,0.));
#13512=CARTESIAN_POINT('',(55.0072,54.8831,0.));
#13513=CARTESIAN_POINT('Origin',(55.0072,40.8838,0.));
#13514=CARTESIAN_POINT('',(55.0072,40.8838,0.));
#13515=CARTESIAN_POINT('Origin',(69.0065,40.8838,0.));
#13516=CARTESIAN_POINT('Origin',(42.8128,16.7845,0.));
#13517=CARTESIAN_POINT('',(42.8128,2.78364,0.));
#13518=CARTESIAN_POINT('',(42.8128,16.7845,0.));
#13519=CARTESIAN_POINT('Origin',(28.812,16.7845,0.));
#13520=CARTESIAN_POINT('',(28.812,16.7845,0.));
#13521=CARTESIAN_POINT('Origin',(28.812,2.78364,0.));
#13522=CARTESIAN_POINT('',(28.812,2.78364,0.));
#13523=CARTESIAN_POINT('Origin',(42.8128,2.78364,0.));
#13524=CARTESIAN_POINT('Origin',(178.544,73.9331,0.));
#13525=CARTESIAN_POINT('',(178.544,59.9338,0.));
#13526=CARTESIAN_POINT('',(178.544,73.9331,0.));
#13527=CARTESIAN_POINT('Origin',(164.545,73.9331,0.));
#13528=CARTESIAN_POINT('',(164.545,73.9331,0.));
#13529=CARTESIAN_POINT('Origin',(164.545,59.9338,0.));
#13530=CARTESIAN_POINT('',(164.545,59.9338,0.));
#13531=CARTESIAN_POINT('Origin',(178.544,59.9338,0.));
#13532=CARTESIAN_POINT('Origin',(240.457,54.8831,0.));
#13533=CARTESIAN_POINT('',(240.457,40.8838,0.));
#13534=CARTESIAN_POINT('',(240.457,54.8831,0.));
#13535=CARTESIAN_POINT('Origin',(226.457,54.8831,0.));
#13536=CARTESIAN_POINT('',(226.457,54.8831,0.));
#13537=CARTESIAN_POINT('Origin',(226.457,40.8838,0.));
#13538=CARTESIAN_POINT('',(226.457,40.8838,0.));
#13539=CARTESIAN_POINT('Origin',(240.457,40.8838,0.));
#13540=CARTESIAN_POINT('Origin',(121.394,73.9331,0.));
#13541=CARTESIAN_POINT('',(121.394,59.9338,0.));
#13542=CARTESIAN_POINT('',(121.394,73.9331,0.));
#13543=CARTESIAN_POINT('Origin',(107.395,73.9331,0.));
#13544=CARTESIAN_POINT('',(107.395,73.9331,0.));
#13545=CARTESIAN_POINT('Origin',(107.395,59.9338,0.));
#13546=CARTESIAN_POINT('',(107.395,59.9338,0.));
#13547=CARTESIAN_POINT('Origin',(121.394,59.9338,0.));
#13548=CARTESIAN_POINT('Origin',(197.594,73.9331,0.));
#13549=CARTESIAN_POINT('',(197.594,59.9338,0.));
#13550=CARTESIAN_POINT('',(197.594,73.9331,0.));
#13551=CARTESIAN_POINT('Origin',(183.595,73.9331,0.));
#13552=CARTESIAN_POINT('',(183.595,73.9331,0.));
#13553=CARTESIAN_POINT('Origin',(183.595,59.9338,0.));
#13554=CARTESIAN_POINT('',(183.595,59.9338,0.));
#13555=CARTESIAN_POINT('Origin',(197.594,59.9338,0.));
#13556=CARTESIAN_POINT('Origin',(207.119,92.9831,0.));
#13557=CARTESIAN_POINT('',(207.119,78.9838,0.));
#13558=CARTESIAN_POINT('',(207.119,92.9831,0.));
#13559=CARTESIAN_POINT('Origin',(193.12,92.9831,0.));
#13560=CARTESIAN_POINT('',(193.12,92.9831,0.));
#13561=CARTESIAN_POINT('Origin',(193.12,78.9838,0.));
#13562=CARTESIAN_POINT('',(193.12,78.9838,0.));
#13563=CARTESIAN_POINT('Origin',(207.119,78.9838,0.));
#13564=CARTESIAN_POINT('Origin',(111.869,92.9831,0.));
#13565=CARTESIAN_POINT('',(111.869,78.9838,0.));
#13566=CARTESIAN_POINT('',(111.869,92.9831,0.));
#13567=CARTESIAN_POINT('Origin',(97.8683,92.9831,0.));
#13568=CARTESIAN_POINT('',(97.8683,92.9831,0.));
#13569=CARTESIAN_POINT('Origin',(97.8683,78.9838,0.));
#13570=CARTESIAN_POINT('',(97.8683,78.9838,0.));
#13571=CARTESIAN_POINT('Origin',(111.869,78.9838,0.));
#13572=CARTESIAN_POINT('Origin',(221.407,54.8831,0.));
#13573=CARTESIAN_POINT('',(221.407,40.8838,0.));
#13574=CARTESIAN_POINT('',(221.407,54.8831,0.));
#13575=CARTESIAN_POINT('Origin',(207.407,54.8831,0.));
#13576=CARTESIAN_POINT('',(207.407,54.8831,0.));
#13577=CARTESIAN_POINT('Origin',(207.407,40.8838,0.));
#13578=CARTESIAN_POINT('',(207.407,40.8838,0.));
#13579=CARTESIAN_POINT('Origin',(221.407,40.8838,0.));
#13580=CARTESIAN_POINT('Origin',(283.319,35.833,0.));
#13581=CARTESIAN_POINT('',(283.319,21.8336,0.));
#13582=CARTESIAN_POINT('',(283.319,35.833,0.));
#13583=CARTESIAN_POINT('Origin',(269.32,35.833,0.));
#13584=CARTESIAN_POINT('',(269.32,35.833,0.));
#13585=CARTESIAN_POINT('Origin',(269.32,21.8336,0.));
#13586=CARTESIAN_POINT('',(269.32,21.8336,0.));
#13587=CARTESIAN_POINT('Origin',(283.319,21.8336,0.));
#13588=CARTESIAN_POINT('Origin',(164.257,54.8831,0.));
#13589=CARTESIAN_POINT('',(164.257,40.8838,0.));
#13590=CARTESIAN_POINT('',(164.257,54.8831,0.));
#13591=CARTESIAN_POINT('Origin',(150.257,54.8831,0.));
#13592=CARTESIAN_POINT('',(150.257,54.8831,0.));
#13593=CARTESIAN_POINT('Origin',(150.257,40.8838,0.));
#13594=CARTESIAN_POINT('',(150.257,40.8838,0.));
#13595=CARTESIAN_POINT('Origin',(164.257,40.8838,0.));
#13596=CARTESIAN_POINT('Origin',(54.719,92.9831,0.));
#13597=CARTESIAN_POINT('',(54.719,78.9838,0.));
#13598=CARTESIAN_POINT('',(54.719,92.9831,0.));
#13599=CARTESIAN_POINT('Origin',(40.7197,92.9831,0.));
#13600=CARTESIAN_POINT('',(40.7197,92.9831,0.));
#13601=CARTESIAN_POINT('Origin',(40.7197,78.9838,0.));
#13602=CARTESIAN_POINT('',(40.7197,78.9838,0.));
#13603=CARTESIAN_POINT('Origin',(54.719,78.9838,0.));
#13604=CARTESIAN_POINT('Origin',(207.119,16.7845,0.));
#13605=CARTESIAN_POINT('',(207.119,2.78364,0.));
#13606=CARTESIAN_POINT('',(207.119,16.7845,0.));
#13607=CARTESIAN_POINT('Origin',(193.12,16.7845,0.));
#13608=CARTESIAN_POINT('',(193.12,16.7845,0.));
#13609=CARTESIAN_POINT('Origin',(193.12,2.78364,0.));
#13610=CARTESIAN_POINT('',(193.12,2.78364,0.));
#13611=CARTESIAN_POINT('Origin',(207.119,2.78364,0.));
#13612=CARTESIAN_POINT('Origin',(88.0565,54.8831,0.));
#13613=CARTESIAN_POINT('',(88.0565,40.8838,0.));
#13614=CARTESIAN_POINT('',(88.0565,54.8831,0.));
#13615=CARTESIAN_POINT('Origin',(74.0572,54.8831,0.));
#13616=CARTESIAN_POINT('',(74.0572,54.8831,0.));
#13617=CARTESIAN_POINT('Origin',(74.0572,40.8838,0.));
#13618=CARTESIAN_POINT('',(74.0572,40.8838,0.));
#13619=CARTESIAN_POINT('Origin',(88.0565,40.8838,0.));
#13620=CARTESIAN_POINT('Origin',(97.5815,35.833,0.));
#13621=CARTESIAN_POINT('',(97.5815,21.8336,0.));
#13622=CARTESIAN_POINT('',(97.5815,35.833,0.));
#13623=CARTESIAN_POINT('Origin',(83.5822,35.833,0.));
#13624=CARTESIAN_POINT('',(83.5822,35.833,0.));
#13625=CARTESIAN_POINT('Origin',(83.5822,21.8336,0.));
#13626=CARTESIAN_POINT('',(83.5822,21.8336,0.));
#13627=CARTESIAN_POINT('Origin',(97.5815,21.8336,0.));
#13628=CARTESIAN_POINT('Origin',(226.169,92.9831,0.));
#13629=CARTESIAN_POINT('',(226.169,78.9838,0.));
#13630=CARTESIAN_POINT('',(226.169,92.9831,0.));
#13631=CARTESIAN_POINT('Origin',(212.17,92.9831,0.));
#13632=CARTESIAN_POINT('',(212.17,92.9831,0.));
#13633=CARTESIAN_POINT('Origin',(212.17,78.9838,0.));
#13634=CARTESIAN_POINT('',(212.17,78.9838,0.));
#13635=CARTESIAN_POINT('Origin',(226.169,78.9838,0.));
#13636=CARTESIAN_POINT('Origin',(159.494,73.9331,0.));
#13637=CARTESIAN_POINT('',(159.494,59.9338,0.));
#13638=CARTESIAN_POINT('',(159.494,73.9331,0.));
#13639=CARTESIAN_POINT('Origin',(145.495,73.9331,0.));
#13640=CARTESIAN_POINT('',(145.495,73.9331,0.));
#13641=CARTESIAN_POINT('Origin',(145.495,59.9338,0.));
#13642=CARTESIAN_POINT('',(145.495,59.9338,0.));
#13643=CARTESIAN_POINT('Origin',(159.494,59.9338,0.));
#13644=CARTESIAN_POINT('Origin',(116.632,35.833,0.));
#13645=CARTESIAN_POINT('',(116.632,21.8336,0.));
#13646=CARTESIAN_POINT('',(116.632,35.833,0.));
#13647=CARTESIAN_POINT('Origin',(102.632,35.833,0.));
#13648=CARTESIAN_POINT('',(102.632,35.833,0.));
#13649=CARTESIAN_POINT('Origin',(102.632,21.8336,0.));
#13650=CARTESIAN_POINT('',(102.632,21.8336,0.));
#13651=CARTESIAN_POINT('Origin',(116.632,21.8336,0.));
#13652=CARTESIAN_POINT('Origin',(102.344,73.9331,0.));
#13653=CARTESIAN_POINT('',(102.344,59.9338,0.));
#13654=CARTESIAN_POINT('',(102.344,73.9331,0.));
#13655=CARTESIAN_POINT('Origin',(88.3447,73.9331,0.));
#13656=CARTESIAN_POINT('',(88.3447,73.9331,0.));
#13657=CARTESIAN_POINT('Origin',(88.3447,59.9338,0.));
#13658=CARTESIAN_POINT('',(88.3447,59.9338,0.));
#13659=CARTESIAN_POINT('Origin',(102.344,59.9338,0.));
#13660=CARTESIAN_POINT('Origin',(83.294,73.9331,0.));
#13661=CARTESIAN_POINT('',(83.294,59.9338,0.));
#13662=CARTESIAN_POINT('',(83.294,73.9331,0.));
#13663=CARTESIAN_POINT('Origin',(69.2947,73.9331,0.));
#13664=CARTESIAN_POINT('',(69.2947,73.9331,0.));
#13665=CARTESIAN_POINT('Origin',(69.2947,59.9338,0.));
#13666=CARTESIAN_POINT('',(69.2947,59.9338,0.));
#13667=CARTESIAN_POINT('Origin',(83.294,59.9338,0.));
#13668=CARTESIAN_POINT('Origin',(268.90115931003,101.605922672337,0.));
#13669=CARTESIAN_POINT('',(30.1786094767915,101.605922672337,0.));
#13670=CARTESIAN_POINT('',(268.90115931003,101.605922672337,0.));
#13671=CARTESIAN_POINT('Origin',(268.90115931003,116.,0.));
#13672=CARTESIAN_POINT('',(268.90115931003,130.394077327663,0.));
#13673=CARTESIAN_POINT('Origin',(30.1786094767915,130.394077327663,0.));
#13674=CARTESIAN_POINT('',(30.1786094767915,130.394077327663,0.));
#13675=CARTESIAN_POINT('Origin',(30.1786094767915,116.,0.));
#13676=CARTESIAN_POINT('Origin',(130.919,92.9831,0.));
#13677=CARTESIAN_POINT('',(130.919,78.9838,0.));
#13678=CARTESIAN_POINT('',(130.919,92.9831,0.));
#13679=CARTESIAN_POINT('Origin',(116.918,92.9831,0.));
#13680=CARTESIAN_POINT('',(116.918,92.9831,0.));
#13681=CARTESIAN_POINT('Origin',(116.918,78.9838,0.));
#13682=CARTESIAN_POINT('',(116.918,78.9838,0.));
#13683=CARTESIAN_POINT('Origin',(130.919,78.9838,0.));
#13684=CARTESIAN_POINT('Origin',(216.644,73.9331,0.));
#13685=CARTESIAN_POINT('',(216.644,59.9338,0.));
#13686=CARTESIAN_POINT('',(216.644,73.9331,0.));
#13687=CARTESIAN_POINT('Origin',(202.645,73.9331,0.));
#13688=CARTESIAN_POINT('',(202.645,73.9331,0.));
#13689=CARTESIAN_POINT('Origin',(202.645,59.9338,0.));
#13690=CARTESIAN_POINT('',(202.645,59.9338,0.));
#13691=CARTESIAN_POINT('Origin',(216.644,59.9338,0.));
#13692=CARTESIAN_POINT('Origin',(254.744,73.9331,0.));
#13693=CARTESIAN_POINT('',(254.744,59.9338,0.));
#13694=CARTESIAN_POINT('',(254.744,73.9331,0.));
#13695=CARTESIAN_POINT('Origin',(240.745,73.9331,0.));
#13696=CARTESIAN_POINT('',(240.745,73.9331,0.));
#13697=CARTESIAN_POINT('Origin',(240.745,59.9338,0.));
#13698=CARTESIAN_POINT('',(240.745,59.9338,0.));
#13699=CARTESIAN_POINT('Origin',(254.744,59.9338,0.));
#13700=CARTESIAN_POINT('Origin',(135.682,35.833,0.));
#13701=CARTESIAN_POINT('',(135.682,21.8336,0.));
#13702=CARTESIAN_POINT('',(135.682,35.833,0.));
#13703=CARTESIAN_POINT('Origin',(121.682,35.833,0.));
#13704=CARTESIAN_POINT('',(121.682,35.833,0.));
#13705=CARTESIAN_POINT('Origin',(121.682,21.8336,0.));
#13706=CARTESIAN_POINT('',(121.682,21.8336,0.));
#13707=CARTESIAN_POINT('Origin',(135.682,21.8336,0.));
#13708=CARTESIAN_POINT('Origin',(257.125,35.833,0.));
#13709=CARTESIAN_POINT('',(257.125,21.8336,0.));
#13710=CARTESIAN_POINT('',(257.125,35.833,0.));
#13711=CARTESIAN_POINT('Origin',(243.126,35.833,0.));
#13712=CARTESIAN_POINT('',(243.126,35.833,0.));
#13713=CARTESIAN_POINT('Origin',(243.126,21.8336,0.));
#13714=CARTESIAN_POINT('',(243.126,21.8336,0.));
#13715=CARTESIAN_POINT('Origin',(257.125,21.8336,0.));
#13716=CARTESIAN_POINT('Origin',(226.169,16.7845,0.));
#13717=CARTESIAN_POINT('',(226.169,2.78364,0.));
#13718=CARTESIAN_POINT('',(226.169,16.7845,0.));
#13719=CARTESIAN_POINT('Origin',(212.17,16.7845,0.));
#13720=CARTESIAN_POINT('',(212.17,16.7845,0.));
#13721=CARTESIAN_POINT('Origin',(212.17,2.78364,0.));
#13722=CARTESIAN_POINT('',(212.17,2.78364,0.));
#13723=CARTESIAN_POINT('Origin',(226.169,2.78364,0.));
#13724=CARTESIAN_POINT('Origin',(49.9565,54.8831,0.));
#13725=CARTESIAN_POINT('',(49.9565,40.8838,0.));
#13726=CARTESIAN_POINT('',(49.9565,54.8831,0.));
#13727=CARTESIAN_POINT('Origin',(35.9572,54.8831,0.));
#13728=CARTESIAN_POINT('',(35.9572,54.8831,0.));
#13729=CARTESIAN_POINT('Origin',(35.9572,40.8838,0.));
#13730=CARTESIAN_POINT('',(35.9572,40.8838,0.));
#13731=CARTESIAN_POINT('Origin',(49.9565,40.8838,0.));
#13732=CARTESIAN_POINT('Origin',(149.969,92.9831,0.));
#13733=CARTESIAN_POINT('',(149.969,78.9838,0.));
#13734=CARTESIAN_POINT('',(149.969,92.9831,0.));
#13735=CARTESIAN_POINT('Origin',(135.97,92.9831,0.));
#13736=CARTESIAN_POINT('',(135.97,92.9831,0.));
#13737=CARTESIAN_POINT('Origin',(135.97,78.9838,0.));
#13738=CARTESIAN_POINT('',(135.97,78.9838,0.));
#13739=CARTESIAN_POINT('Origin',(149.969,78.9838,0.));
#13740=CARTESIAN_POINT('Origin',(235.694,73.9331,0.));
#13741=CARTESIAN_POINT('',(235.694,59.9338,0.));
#13742=CARTESIAN_POINT('',(235.694,73.9331,0.));
#13743=CARTESIAN_POINT('Origin',(221.695,73.9331,0.));
#13744=CARTESIAN_POINT('',(221.695,73.9331,0.));
#13745=CARTESIAN_POINT('Origin',(221.695,59.9338,0.));
#13746=CARTESIAN_POINT('',(221.695,59.9338,0.));
#13747=CARTESIAN_POINT('Origin',(235.694,59.9338,0.));
#13748=CARTESIAN_POINT('Origin',(183.307,54.8831,0.));
#13749=CARTESIAN_POINT('',(183.307,40.8838,0.));
#13750=CARTESIAN_POINT('',(183.307,54.8831,0.));
#13751=CARTESIAN_POINT('Origin',(169.307,54.8831,0.));
#13752=CARTESIAN_POINT('',(169.307,54.8831,0.));
#13753=CARTESIAN_POINT('Origin',(169.307,40.8838,0.));
#13754=CARTESIAN_POINT('',(169.307,40.8838,0.));
#13755=CARTESIAN_POINT('Origin',(183.307,40.8838,0.));
#13756=CARTESIAN_POINT('Origin',(21.3817,73.9331,0.));
#13757=CARTESIAN_POINT('',(21.3817,59.9338,0.));
#13758=CARTESIAN_POINT('',(21.3817,73.9331,0.));
#13759=CARTESIAN_POINT('Origin',(7.38216,73.9331,0.));
#13760=CARTESIAN_POINT('',(7.38216,73.9331,0.));
#13761=CARTESIAN_POINT('Origin',(7.38216,59.9338,0.));
#13762=CARTESIAN_POINT('',(7.38216,59.9338,0.));
#13763=CARTESIAN_POINT('Origin',(21.3817,59.9338,0.));
#13764=CARTESIAN_POINT('Origin',(192.832,35.833,0.));
#13765=CARTESIAN_POINT('',(192.832,21.8336,0.));
#13766=CARTESIAN_POINT('',(192.832,35.833,0.));
#13767=CARTESIAN_POINT('Origin',(178.832,35.833,0.));
#13768=CARTESIAN_POINT('',(178.832,35.833,0.));
#13769=CARTESIAN_POINT('Origin',(178.832,21.8336,0.));
#13770=CARTESIAN_POINT('',(178.832,21.8336,0.));
#13771=CARTESIAN_POINT('Origin',(192.832,21.8336,0.));
#13772=CARTESIAN_POINT('Origin',(169.019,92.9831,0.));
#13773=CARTESIAN_POINT('',(169.019,78.9838,0.));
#13774=CARTESIAN_POINT('',(169.019,92.9831,0.));
#13775=CARTESIAN_POINT('Origin',(155.02,92.9831,0.));
#13776=CARTESIAN_POINT('',(155.02,92.9831,0.));
#13777=CARTESIAN_POINT('Origin',(155.02,78.9838,0.));
#13778=CARTESIAN_POINT('',(155.02,78.9838,0.));
#13779=CARTESIAN_POINT('Origin',(169.019,78.9838,0.));
#13780=CARTESIAN_POINT('Origin',(311.275230830408,148.197022962973,0.));
#13781=CARTESIAN_POINT('',(7.87315173349555,148.197000087296,0.));
#13782=CARTESIAN_POINT('',(311.275230830408,148.197022962973,0.));
#13783=CARTESIAN_POINT('Origin',(315.390576372786,148.19699484848,0.));
#13784=CARTESIAN_POINT('',(315.390576372786,148.196994848405,0.));
#13785=CARTESIAN_POINT('Origin',(315.390473898693,133.196993458455,0.));
#13786=CARTESIAN_POINT('Origin',(315.389584657438,-10.4408722365754,0.));
#13787=CARTESIAN_POINT('',(315.394070123576,-25.4408715660082,0.));
#13788=CARTESIAN_POINT('Origin',(303.697466775836,-25.4443692140477,0.));
#13789=CARTESIAN_POINT('',(303.697466775836,-25.4443692140477,0.));
#13790=CARTESIAN_POINT('Origin',(1.75256599804733,-25.6025500823324,0.));
#13791=CARTESIAN_POINT('',(1.75256599804735,-25.6025500823369,0.));
#13792=CARTESIAN_POINT('Origin',(1.74470789978984,-10.6025521406478,0.));
#13793=CARTESIAN_POINT('',(-13.2552920944991,-10.6021377533009,0.));
#13794=CARTESIAN_POINT('Origin',(-13.2513196770313,133.141902516023,0.));
#13795=CARTESIAN_POINT('',(-13.2513196770313,133.141902516023,0.));
#13796=CARTESIAN_POINT('Origin',(1.74857913088344,133.197000185083,0.));
#13797=CARTESIAN_POINT('',(1.74857937044491,148.19700018511,0.));
#13798=CARTESIAN_POINT('Origin',(7.87315173349555,148.197000087296,0.));
#13799=CARTESIAN_POINT('',(52.3065021649546,-194.753685349162,16.));
#13800=CARTESIAN_POINT('',(7.105427357601E-14,-2.8421709430404E-13,-4.));
#13801=UNCERTAINTY_MEASURE_WITH_UNIT(LENGTH_MEASURE(0.01),#13809,
'DISTANCE_ACCURACY_VALUE',
'Maximum model space distance between geometric entities at asserted c
onnectivities');
#13802=UNCERTAINTY_MEASURE_WITH_UNIT(LENGTH_MEASURE(0.01),#13809,
'DISTANCE_ACCURACY_VALUE',
'Maximum model space distance between geometric entities at asserted c
onnectivities');
#13803=UNCERTAINTY_MEASURE_WITH_UNIT(LENGTH_MEASURE(0.01),#13809,
'DISTANCE_ACCURACY_VALUE',
'Maximum model space distance between geometric entities at asserted c
onnectivities');
#13804=UNCERTAINTY_MEASURE_WITH_UNIT(LENGTH_MEASURE(0.01),#13809,
'DISTANCE_ACCURACY_VALUE',
'Maximum model space distance between geometric entities at asserted c
onnectivities');
#13805=(
GEOMETRIC_REPRESENTATION_CONTEXT(3)
GLOBAL_UNCERTAINTY_ASSIGNED_CONTEXT((#13801))
GLOBAL_UNIT_ASSIGNED_CONTEXT((#13809,#13811,#13812))
REPRESENTATION_CONTEXT('','3D')
);
#13806=(
GEOMETRIC_REPRESENTATION_CONTEXT(3)
GLOBAL_UNCERTAINTY_ASSIGNED_CONTEXT((#13802))
GLOBAL_UNIT_ASSIGNED_CONTEXT((#13809,#13811,#13812))
REPRESENTATION_CONTEXT('','3D')
);
#13807=(
GEOMETRIC_REPRESENTATION_CONTEXT(3)
GLOBAL_UNCERTAINTY_ASSIGNED_CONTEXT((#13803))
GLOBAL_UNIT_ASSIGNED_CONTEXT((#13809,#13811,#13812))
REPRESENTATION_CONTEXT('','3D')
);
#13808=(
GEOMETRIC_REPRESENTATION_CONTEXT(3)
GLOBAL_UNCERTAINTY_ASSIGNED_CONTEXT((#13804))
GLOBAL_UNIT_ASSIGNED_CONTEXT((#13809,#13811,#13812))
REPRESENTATION_CONTEXT('','3D')
);
#13809=(
LENGTH_UNIT()
NAMED_UNIT(*)
SI_UNIT(.MILLI.,.METRE.)
);
#13810=(
LENGTH_UNIT()
NAMED_UNIT(*)
SI_UNIT($,.METRE.)
);
#13811=(
NAMED_UNIT(*)
PLANE_ANGLE_UNIT()
SI_UNIT($,.RADIAN.)
);
#13812=(
NAMED_UNIT(*)
SI_UNIT($,.STERADIAN.)
SOLID_ANGLE_UNIT()
);
#13813=SHAPE_DEFINITION_REPRESENTATION(#13816,#13821);
#13814=SHAPE_DEFINITION_REPRESENTATION(#13817,#13822);
#13815=SHAPE_DEFINITION_REPRESENTATION(#13818,#13823);
#13816=PRODUCT_DEFINITION_SHAPE('',$,#13825);
#13817=PRODUCT_DEFINITION_SHAPE('',$,#13826);
#13818=PRODUCT_DEFINITION_SHAPE('',$,#13827);
#13819=PRODUCT_DEFINITION_SHAPE($,$,#17);
#13820=PRODUCT_DEFINITION_SHAPE($,$,#18);
#13821=SHAPE_REPRESENTATION('',(#8805,#9266),#13805);
#13822=SHAPE_REPRESENTATION('',(#8806,#9265),#13806);
#13823=SHAPE_REPRESENTATION('',(#8807),#13807);
#13824=PRODUCT_DEFINITION_CONTEXT('part definition',#13835,'design');
#13825=PRODUCT_DEFINITION('2026-06-17-03-43-50-280','Plate (1)',#13828,
#13824);
#13826=PRODUCT_DEFINITION('2026-06-17-03-43-50-280_1','plate',#13829,#13824);
#13827=PRODUCT_DEFINITION('2026-06-15-15-32-18-980','Plate',#13830,#13824);
#13828=PRODUCT_DEFINITION_FORMATION('',$,#13837);
#13829=PRODUCT_DEFINITION_FORMATION('',$,#13838);
#13830=PRODUCT_DEFINITION_FORMATION('',$,#13839);
#13831=PRODUCT_RELATED_PRODUCT_CATEGORY('Plate (1)','Plate (1)',(#13837));
#13832=PRODUCT_RELATED_PRODUCT_CATEGORY('plate','plate',(#13838));
#13833=PRODUCT_RELATED_PRODUCT_CATEGORY('Plate','Plate',(#13839));
#13834=APPLICATION_PROTOCOL_DEFINITION('international standard',
'automotive_design',2009,#13835);
#13835=APPLICATION_CONTEXT(
'Core Data for Automotive Mechanical Design Process');
#13836=PRODUCT_CONTEXT('part definition',#13835,'mechanical');
#13837=PRODUCT('2026-06-17-03-43-50-280','Plate (1)',$,(#13836));
#13838=PRODUCT('2026-06-17-03-43-50-280_1','plate',$,(#13836));
#13839=PRODUCT('2026-06-15-15-32-18-980','Plate',$,(#13836));
#13840=PRESENTATION_STYLE_ASSIGNMENT((#13842));
#13841=PRESENTATION_STYLE_ASSIGNMENT((#13843));
#13842=SURFACE_STYLE_USAGE(.BOTH.,#13844);
#13843=SURFACE_STYLE_USAGE(.BOTH.,#13845);
#13844=SURFACE_SIDE_STYLE('',(#13846));
#13845=SURFACE_SIDE_STYLE('',(#13847));
#13846=SURFACE_STYLE_FILL_AREA(#13848);
#13847=SURFACE_STYLE_FILL_AREA(#13849);
#13848=FILL_AREA_STYLE('Steel - Satin',(#13850));
#13849=FILL_AREA_STYLE('Opaque(160,160,160)',(#13851));
#13850=FILL_AREA_STYLE_COLOUR('Steel - Satin',#13852);
#13851=FILL_AREA_STYLE_COLOUR('Opaque(160,160,160)',#13853);
#13852=COLOUR_RGB('Steel - Satin',0.627450980392157,0.627450980392157,0.627450980392157);
#13853=COLOUR_RGB('Opaque(160,160,160)',0.627450980392157,0.627450980392157,
0.627450980392157);
ENDSEC;
END-ISO-10303-21;
